lexicon_family	value_group	Level_1	Level_2	Level_3	Level_4	canonical_term	lexicon_parent	observed_forms	source_categories	source_subcategories	val_gold_answer_rows	val_yes_support_rows	val_no_judgement_target_rows	val_mcq_option_rows	val_images	test_gold_answer_rows	test_yes_support_rows	test_no_judgement_target_rows	test_mcq_option_rows	test_images	test_1of3_gold_answer_rows	test_1of3_yes_support_rows	test_1of3_no_judgement_target_rows	test_1of3_mcq_option_rows	test_1of3_images	mapping_status
Anatomical_field_other	Unmapped_or_mixed_value_from_Anatomical_Distribution	Anatomical_field_other	Bám sợi lông			Bám sợi lông	Unmapped_or_mixed_value_from_Anatomical_Distribution	Bám sợi lông	Anatomical_Distribution	Distribution	0	0	0	0	0	1	1	0	1	1	0	0	0	0	0	unmapped_or_mixed_anatomical_distribution_value
Anatomical_field_other	Unmapped_or_mixed_value_from_Anatomical_Distribution	Anatomical_field_other	Bất			Bất	Unmapped_or_mixed_value_from_Anatomical_Distribution	Bất	Anatomical_Distribution	Distribution	0	0	0	0	0	1	1	0	1	1	1	1	0	1	1	unmapped_or_mixed_anatomical_distribution_value
Anatomical_field_other	Unmapped_or_mixed_value_from_Anatomical_Distribution	Anatomical_field_other	Bờ bên			Bờ bên	Unmapped_or_mixed_value_from_Anatomical_Distribution	Bờ bên	Anatomical_Distribution	Distribution	0	0	0	0	0	5	6	0	3	6	1	1	0	1	1	unmapped_or_mixed_anatomical_distribution_value
Anatomical_field_other	Unmapped_or_mixed_value_from_Anatomical_Distribution	Anatomical_field_other	bờ ngoài			bờ ngoài	Unmapped_or_mixed_value_from_Anatomical_Distribution	bờ ngoài || Bờ ngoài	Anatomical_Distribution	Distribution	1	1	0	1	1	2	2	0	1	2	1	1	0	1	1	unmapped_or_mixed_anatomical_distribution_value
Anatomical_field_other	Unmapped_or_mixed_value_from_Anatomical_Distribution	Anatomical_field_other	Bờ xa			Bờ xa	Unmapped_or_mixed_value_from_Anatomical_Distribution	Bờ xa	Anatomical_Distribution	Distribution	0	0	0	0	0	3	3	0	3	3	1	1	0	1	1	unmapped_or_mixed_anatomical_distribution_value
Anatomical_field_other	Unmapped_or_mixed_value_from_Anatomical_Distribution	Anatomical_field_other	Bờ xa bên			Bờ xa bên	Unmapped_or_mixed_value_from_Anatomical_Distribution	Bờ xa bên	Anatomical_Distribution	Distribution	0	0	0	0	0	1	1	0	0	1	0	0	0	0	0	unmapped_or_mixed_anatomical_distribution_value
Anatomical_field_other	Unmapped_or_mixed_value_from_Anatomical_Distribution	Anatomical_field_other	chéo			chéo	Unmapped_or_mixed_value_from_Anatomical_Distribution	chéo	Anatomical_Distribution	Distribution	0	0	0	0	0	1	1	0	1	1	0	0	0	0	0	unmapped_or_mixed_anatomical_distribution_value
Anatomical_field_other	Unmapped_or_mixed_value_from_Anatomical_Distribution	Anatomical_field_other	cong			cong	Unmapped_or_mixed_value_from_Anatomical_Distribution	cong	Anatomical_Distribution	Distribution	0	0	0	0	0	1	1	0	1	1	1	1	0	1	1	unmapped_or_mixed_anatomical_distribution_value
Anatomical_field_other	Unmapped_or_mixed_value_from_Anatomical_Distribution	Anatomical_field_other	cấy			cấy	Unmapped_or_mixed_value_from_Anatomical_Distribution	cấy	Anatomical_Distribution	Distribution	0	0	0	0	0	1	1	0	1	1	0	0	0	0	0	unmapped_or_mixed_anatomical_distribution_value
Anatomical_field_other	Unmapped_or_mixed_value_from_Anatomical_Distribution	Anatomical_field_other	Da dày sừng			Da dày sừng	Unmapped_or_mixed_value_from_Anatomical_Distribution	Da dày sừng	Anatomical_Distribution	Distribution	0	0	0	0	0	1	1	0	0	1	1	1	0	0	1	unmapped_or_mixed_anatomical_distribution_value
Anatomical_field_other	Unmapped_or_mixed_value_from_Anatomical_Distribution	Anatomical_field_other	Da không xác định			Da không xác định	Unmapped_or_mixed_value_from_Anatomical_Distribution	Da không xác định	Anatomical_Distribution	Distribution	0	0	0	0	0	2	2	0	0	2	1	1	0	0	1	unmapped_or_mixed_anatomical_distribution_value
Anatomical_field_other	Unmapped_or_mixed_value_from_Anatomical_Distribution	Anatomical_field_other	dày			dày	Unmapped_or_mixed_value_from_Anatomical_Distribution	dày	Anatomical_Distribution	Distribution	0	0	0	0	0	1	1	0	0	1	0	0	0	0	0	unmapped_or_mixed_anatomical_distribution_value
Anatomical_field_other	Unmapped_or_mixed_value_from_Anatomical_Distribution	Anatomical_field_other	dưới			dưới	Unmapped_or_mixed_value_from_Anatomical_Distribution	dưới	Anatomical_Distribution	Distribution	0	0	0	0	0	0	1	0	0	1	0	0	0	0	0	unmapped_or_mixed_anatomical_distribution_value
Anatomical_field_other	Unmapped_or_mixed_value_from_Anatomical_Distribution	Anatomical_field_other	Dưới da			Dưới da	Unmapped_or_mixed_value_from_Anatomical_Distribution	Dưới da	Anatomical_Distribution	Distribution	0	0	0	0	0	1	1	0	0	1	0	0	0	0	0	unmapped_or_mixed_anatomical_distribution_value
Anatomical_field_other	Unmapped_or_mixed_value_from_Anatomical_Distribution	Anatomical_field_other	Giữa			Giữa	Unmapped_or_mixed_value_from_Anatomical_Distribution	Giữa	Anatomical_Distribution	Distribution	0	0	0	0	0	1	1	0	1	1	1	1	0	1	1	unmapped_or_mixed_anatomical_distribution_value
Anatomical_field_other	Unmapped_or_mixed_value_from_Anatomical_Distribution	Anatomical_field_other	gần			gần	Unmapped_or_mixed_value_from_Anatomical_Distribution	gần || Gần	Anatomical_Distribution	Distribution	1	1	0	1	1	1	1	0	0	1	1	1	0	0	1	unmapped_or_mixed_anatomical_distribution_value
Anatomical_field_other	Unmapped_or_mixed_value_from_Anatomical_Distribution	Anatomical_field_other	Hai ổ			Hai ổ	Unmapped_or_mixed_value_from_Anatomical_Distribution	Hai ổ	Anatomical_Distribution	Distribution	0	0	0	0	0	1	1	0	0	1	1	1	0	0	1	unmapped_or_mixed_anatomical_distribution_value
Anatomical_field_other	Unmapped_or_mixed_value_from_Anatomical_Distribution	Anatomical_field_other	hàng			hàng	Unmapped_or_mixed_value_from_Anatomical_Distribution	hàng	Anatomical_Distribution	Distribution	1	1	0	1	1	0	0	0	0	0	0	0	0	0	0	unmapped_or_mixed_anatomical_distribution_value
Anatomical_field_other	Unmapped_or_mixed_value_from_Anatomical_Distribution	Anatomical_field_other	Hợp			Hợp	Unmapped_or_mixed_value_from_Anatomical_Distribution	Hợp	Anatomical_Distribution	Distribution	0	0	0	0	0	1	1	0	1	1	1	1	0	1	1	unmapped_or_mixed_anatomical_distribution_value
Anatomical_field_other	Unmapped_or_mixed_value_from_Anatomical_Distribution	Anatomical_field_other	Không xác định được vị trí giải phẫu			Không xác định được vị trí giải phẫu	Unmapped_or_mixed_value_from_Anatomical_Distribution	Không xác định được vị trí giải phẫu	Anatomical_Distribution	Distribution	0	0	0	0	0	1	1	0	0	1	1	1	0	0	1	unmapped_or_mixed_anatomical_distribution_value
Anatomical_field_other	Unmapped_or_mixed_value_from_Anatomical_Distribution	Anatomical_field_other	Khớp			Khớp	Unmapped_or_mixed_value_from_Anatomical_Distribution	Khớp	Anatomical_Distribution	Distribution	0	0	0	0	0	1	1	0	0	1	1	1	0	0	1	unmapped_or_mixed_anatomical_distribution_value
Anatomical_field_other	Unmapped_or_mixed_value_from_Anatomical_Distribution	Anatomical_field_other	Khớp liên đốt			Khớp liên đốt	Unmapped_or_mixed_value_from_Anatomical_Distribution	Khớp liên đốt	Anatomical_Distribution	Distribution	1	1	0	0	1	0	0	0	0	0	0	0	0	0	0	unmapped_or_mixed_anatomical_distribution_value
Anatomical_field_other	Unmapped_or_mixed_value_from_Anatomical_Distribution	Anatomical_field_other	Kế cận			Kế cận	Unmapped_or_mixed_value_from_Anatomical_Distribution	Kế cận	Anatomical_Distribution	Distribution	1	1	0	0	1	0	0	0	0	0	0	0	0	0	0	unmapped_or_mixed_anatomical_distribution_value
Anatomical_field_other	Unmapped_or_mixed_value_from_Anatomical_Distribution	Anatomical_field_other	Kết			Kết	Unmapped_or_mixed_value_from_Anatomical_Distribution	Kết	Anatomical_Distribution	Distribution	0	0	0	0	0	1	1	0	1	1	0	0	0	0	0	unmapped_or_mixed_anatomical_distribution_value
Anatomical_field_other	Unmapped_or_mixed_value_from_Anatomical_Distribution	Anatomical_field_other	kết tụ			kết tụ	Unmapped_or_mixed_value_from_Anatomical_Distribution	kết tụ	Anatomical_Distribution	Distribution	0	0	0	0	0	1	1	0	1	1	0	0	0	0	0	unmapped_or_mixed_anatomical_distribution_value
Anatomical_field_other	Unmapped_or_mixed_value_from_Anatomical_Distribution	Anatomical_field_other	kề cận			kề cận	Unmapped_or_mixed_value_from_Anatomical_Distribution	kề cận	Anatomical_Distribution	Distribution	0	0	0	0	0	1	1	0	1	1	0	0	0	0	0	unmapped_or_mixed_anatomical_distribution_value
Anatomical_field_other	Unmapped_or_mixed_value_from_Anatomical_Distribution	Anatomical_field_other	Kề nhau			Kề nhau	Unmapped_or_mixed_value_from_Anatomical_Distribution	Kề nhau	Anatomical_Distribution	Distribution	0	0	0	0	0	1	1	0	0	1	0	0	0	0	0	unmapped_or_mixed_anatomical_distribution_value
Anatomical_field_other	Unmapped_or_mixed_value_from_Anatomical_Distribution	Anatomical_field_other	Liền kề			Liền kề	Unmapped_or_mixed_value_from_Anatomical_Distribution	Liền kề	Anatomical_Distribution	Distribution	0	0	0	0	0	1	1	0	0	1	0	0	0	0	0	unmapped_or_mixed_anatomical_distribution_value
Anatomical_field_other	Unmapped_or_mixed_value_from_Anatomical_Distribution	Anatomical_field_other	loang lổ			loang lổ	Unmapped_or_mixed_value_from_Anatomical_Distribution	loang lổ	Anatomical_Distribution	Distribution	1	1	0	1	1	0	0	0	0	0	0	0	0	0	0	unmapped_or_mixed_anatomical_distribution_value
Anatomical_field_other	Unmapped_or_mixed_value_from_Anatomical_Distribution	Anatomical_field_other	lệch phải			lệch phải	Unmapped_or_mixed_value_from_Anatomical_Distribution	lệch phải	Anatomical_Distribution	Distribution	0	0	0	0	0	1	1	0	1	1	1	1	0	1	1	unmapped_or_mixed_anatomical_distribution_value
Anatomical_field_other	Unmapped_or_mixed_value_from_Anatomical_Distribution	Anatomical_field_other	Mu			Mu	Unmapped_or_mixed_value_from_Anatomical_Distribution	Mu	Anatomical_Distribution	Distribution	0	0	0	0	0	1	1	0	0	1	1	1	0	0	1	unmapped_or_mixed_anatomical_distribution_value
Anatomical_field_other	Unmapped_or_mixed_value_from_Anatomical_Distribution	Anatomical_field_other	Màu da			Màu da	Unmapped_or_mixed_value_from_Anatomical_Distribution	Màu da	Anatomical_Distribution	Distribution	0	0	0	0	0	1	1	0	1	1	0	0	0	0	0	unmapped_or_mixed_anatomical_distribution_value
Anatomical_field_other	Unmapped_or_mixed_value_from_Anatomical_Distribution	Anatomical_field_other	mép			mép	Unmapped_or_mixed_value_from_Anatomical_Distribution	mép	Anatomical_Distribution	Distribution	0	0	0	0	0	2	2	0	1	2	1	1	0	0	1	unmapped_or_mixed_anatomical_distribution_value
Anatomical_field_other	Unmapped_or_mixed_value_from_Anatomical_Distribution	Anatomical_field_other	mép trên			mép trên	Unmapped_or_mixed_value_from_Anatomical_Distribution	mép trên	Anatomical_Distribution	Distribution	1	1	0	1	1	0	0	0	0	0	0	0	0	0	0	unmapped_or_mixed_anatomical_distribution_value
Anatomical_field_other	Unmapped_or_mixed_value_from_Anatomical_Distribution	Anatomical_field_other	Mô dưới da			Mô dưới da	Unmapped_or_mixed_value_from_Anatomical_Distribution	Mô dưới da	Anatomical_Distribution	Distribution	0	0	0	0	0	1	1	0	1	1	1	1	0	1	1	unmapped_or_mixed_anatomical_distribution_value
Anatomical_field_other	Unmapped_or_mixed_value_from_Anatomical_Distribution	Anatomical_field_other	Mảng chính			Mảng chính	Unmapped_or_mixed_value_from_Anatomical_Distribution	Mảng chính	Anatomical_Distribution	Distribution	0	0	0	0	0	1	1	0	1	1	0	0	0	0	0	unmapped_or_mixed_anatomical_distribution_value
Anatomical_field_other	Unmapped_or_mixed_value_from_Anatomical_Distribution	Anatomical_field_other	mảng lớn			mảng lớn	Unmapped_or_mixed_value_from_Anatomical_Distribution	mảng lớn	Anatomical_Distribution	Distribution	0	0	0	0	0	1	2	0	1	2	0	0	0	0	0	unmapped_or_mixed_anatomical_distribution_value
Anatomical_field_other	Unmapped_or_mixed_value_from_Anatomical_Distribution	Anatomical_field_other	nang lông			nang lông	Unmapped_or_mixed_value_from_Anatomical_Distribution	nang lông	Anatomical_Distribution	Distribution	0	0	0	0	0	1	1	0	0	1	0	0	0	0	0	unmapped_or_mixed_anatomical_distribution_value
Anatomical_field_other	Unmapped_or_mixed_value_from_Anatomical_Distribution	Anatomical_field_other	ngoài da			ngoài da	Unmapped_or_mixed_value_from_Anatomical_Distribution	ngoài da	Anatomical_Distribution	Distribution	0	0	0	0	0	0	1	0	0	1	0	0	0	0	0	unmapped_or_mixed_anatomical_distribution_value
Anatomical_field_other	Unmapped_or_mixed_value_from_Anatomical_Distribution	Anatomical_field_other	nhẹ			nhẹ	Unmapped_or_mixed_value_from_Anatomical_Distribution	nhẹ	Anatomical_Distribution	Distribution	0	0	0	0	0	1	1	0	0	1	0	0	0	0	0	unmapped_or_mixed_anatomical_distribution_value
Anatomical_field_other	Unmapped_or_mixed_value_from_Anatomical_Distribution	Anatomical_field_other	nhỏ			nhỏ	Unmapped_or_mixed_value_from_Anatomical_Distribution	nhỏ	Anatomical_Distribution	Distribution	0	0	0	0	0	1	2	0	0	2	1	1	0	0	1	unmapped_or_mixed_anatomical_distribution_value
Anatomical_field_other	Unmapped_or_mixed_value_from_Anatomical_Distribution	Anatomical_field_other	nếp			nếp	Unmapped_or_mixed_value_from_Anatomical_Distribution	nếp	Anatomical_Distribution	Distribution	0	0	0	0	0	5	6	0	0	6	1	1	0	0	1	unmapped_or_mixed_anatomical_distribution_value
Anatomical_field_other	Unmapped_or_mixed_value_from_Anatomical_Distribution	Anatomical_field_other	Nốt			Nốt	Unmapped_or_mixed_value_from_Anatomical_Distribution	Nốt	Anatomical_Distribution	Distribution	0	0	0	0	0	1	1	0	1	1	1	1	0	1	1	unmapped_or_mixed_anatomical_distribution_value
Anatomical_field_other	Unmapped_or_mixed_value_from_Anatomical_Distribution	Anatomical_field_other	Quanh cạp quần			Quanh cạp quần	Unmapped_or_mixed_value_from_Anatomical_Distribution	Quanh cạp quần	Anatomical_Distribution	Distribution	0	0	0	0	0	1	1	0	0	1	0	0	0	0	0	unmapped_or_mixed_anatomical_distribution_value
Anatomical_field_other	Unmapped_or_mixed_value_from_Anatomical_Distribution	Anatomical_field_other	Quanh gai thị			Quanh gai thị	Unmapped_or_mixed_value_from_Anatomical_Distribution	Quanh gai thị	Anatomical_Distribution	Distribution	0	0	0	0	0	1	1	0	1	1	0	0	0	0	0	unmapped_or_mixed_anatomical_distribution_value
Anatomical_field_other	Unmapped_or_mixed_value_from_Anatomical_Distribution	Anatomical_field_other	Quanh lỗ mở			Quanh lỗ mở	Unmapped_or_mixed_value_from_Anatomical_Distribution	Quanh lỗ mở	Anatomical_Distribution	Distribution	0	0	0	0	0	1	1	0	0	1	0	0	0	0	0	unmapped_or_mixed_anatomical_distribution_value
Anatomical_field_other	Unmapped_or_mixed_value_from_Anatomical_Distribution	Anatomical_field_other	Quanh nang tóc			Quanh nang tóc	Unmapped_or_mixed_value_from_Anatomical_Distribution	Quanh nang tóc	Anatomical_Distribution	Distribution	0	0	0	0	0	1	1	0	0	1	1	1	0	0	1	unmapped_or_mixed_anatomical_distribution_value
Anatomical_field_other	Unmapped_or_mixed_value_from_Anatomical_Distribution	Anatomical_field_other	quanh nếp			quanh nếp	Unmapped_or_mixed_value_from_Anatomical_Distribution	quanh nếp	Anatomical_Distribution	Distribution	0	0	0	0	0	1	1	0	1	1	0	0	0	0	0	unmapped_or_mixed_anatomical_distribution_value
Anatomical_field_other	Unmapped_or_mixed_value_from_Anatomical_Distribution	Anatomical_field_other	Quanh sợi tóc			Quanh sợi tóc	Unmapped_or_mixed_value_from_Anatomical_Distribution	Quanh sợi tóc	Anatomical_Distribution	Distribution	0	0	0	0	0	0	1	0	0	1	0	1	0	0	1	unmapped_or_mixed_anatomical_distribution_value
Anatomical_field_other	Unmapped_or_mixed_value_from_Anatomical_Distribution	Anatomical_field_other	Quanh tiền đình			Quanh tiền đình	Unmapped_or_mixed_value_from_Anatomical_Distribution	Quanh tiền đình	Anatomical_Distribution	Distribution	0	0	0	0	0	1	1	0	1	1	0	0	0	0	0	unmapped_or_mixed_anatomical_distribution_value
Anatomical_field_other	Unmapped_or_mixed_value_from_Anatomical_Distribution	Anatomical_field_other	Quanh vết mổ			Quanh vết mổ	Unmapped_or_mixed_value_from_Anatomical_Distribution	Quanh vết mổ	Anatomical_Distribution	Distribution	0	0	0	0	0	1	1	0	1	1	1	1	0	1	1	unmapped_or_mixed_anatomical_distribution_value
Anatomical_field_other	Unmapped_or_mixed_value_from_Anatomical_Distribution	Anatomical_field_other	Quanh đường khâu			Quanh đường khâu	Unmapped_or_mixed_value_from_Anatomical_Distribution	Quanh đường khâu	Anatomical_Distribution	Distribution	0	0	0	0	0	1	1	0	1	1	0	0	0	0	0	unmapped_or_mixed_anatomical_distribution_value
Anatomical_field_other	Unmapped_or_mixed_value_from_Anatomical_Distribution	Anatomical_field_other	Quanh đầu			Quanh đầu	Unmapped_or_mixed_value_from_Anatomical_Distribution	Quanh đầu	Anatomical_Distribution	Distribution	0	0	0	0	0	0	1	0	0	1	0	0	0	0	0	unmapped_or_mixed_anatomical_distribution_value
Anatomical_field_other	Unmapped_or_mixed_value_from_Anatomical_Distribution	Anatomical_field_other	rãnh			rãnh	Unmapped_or_mixed_value_from_Anatomical_Distribution	rãnh	Anatomical_Distribution	Distribution	0	0	0	0	0	1	1	0	1	1	1	1	0	1	1	unmapped_or_mixed_anatomical_distribution_value
Anatomical_field_other	Unmapped_or_mixed_value_from_Anatomical_Distribution	Anatomical_field_other	Rãnh kẽ			Rãnh kẽ	Unmapped_or_mixed_value_from_Anatomical_Distribution	Rãnh kẽ	Anatomical_Distribution	Distribution	0	0	0	0	0	1	1	0	0	1	1	1	0	0	1	unmapped_or_mixed_anatomical_distribution_value
Anatomical_field_other	Unmapped_or_mixed_value_from_Anatomical_Distribution	Anatomical_field_other	sát nhau			sát nhau	Unmapped_or_mixed_value_from_Anatomical_Distribution	sát nhau	Anatomical_Distribution	Distribution	0	0	0	0	0	0	1	0	0	1	0	0	0	0	0	unmapped_or_mixed_anatomical_distribution_value
Anatomical_field_other	Unmapped_or_mixed_value_from_Anatomical_Distribution	Anatomical_field_other	Sắp xếp			Sắp xếp	Unmapped_or_mixed_value_from_Anatomical_Distribution	Sắp xếp	Anatomical_Distribution	Distribution	0	0	0	0	0	1	1	0	1	1	0	0	0	0	0	unmapped_or_mixed_anatomical_distribution_value
Anatomical_field_other	Unmapped_or_mixed_value_from_Anatomical_Distribution	Anatomical_field_other	Sợi tóc			Sợi tóc	Unmapped_or_mixed_value_from_Anatomical_Distribution	Sợi tóc	Anatomical_Distribution	Distribution	0	0	0	0	0	2	2	0	1	2	1	1	0	0	1	unmapped_or_mixed_anatomical_distribution_value
Anatomical_field_other	Unmapped_or_mixed_value_from_Anatomical_Distribution	Anatomical_field_other	theo nếp			theo nếp	Unmapped_or_mixed_value_from_Anatomical_Distribution	theo nếp	Anatomical_Distribution	Distribution	0	0	0	0	0	1	1	0	1	1	0	0	0	0	0	unmapped_or_mixed_anatomical_distribution_value
Anatomical_field_other	Unmapped_or_mixed_value_from_Anatomical_Distribution	Anatomical_field_other	thành bó			thành bó	Unmapped_or_mixed_value_from_Anatomical_Distribution	thành bó	Anatomical_Distribution	Distribution	0	0	0	0	0	0	1	0	0	1	0	0	0	0	0	unmapped_or_mixed_anatomical_distribution_value
Anatomical_field_other	Unmapped_or_mixed_value_from_Anatomical_Distribution	Anatomical_field_other	Thân tóc			Thân tóc	Unmapped_or_mixed_value_from_Anatomical_Distribution	Thân tóc || thân tóc	Anatomical_Distribution	Distribution	0	0	0	0	0	2	2	0	0	2	1	1	0	0	1	unmapped_or_mixed_anatomical_distribution_value
Anatomical_field_other	Unmapped_or_mixed_value_from_Anatomical_Distribution	Anatomical_field_other	tương đối			tương đối	Unmapped_or_mixed_value_from_Anatomical_Distribution	tương đối	Anatomical_Distribution	Distribution	1	1	0	1	1	2	3	0	0	3	1	2	0	0	2	unmapped_or_mixed_anatomical_distribution_value
Anatomical_field_other	Unmapped_or_mixed_value_from_Anatomical_Distribution	Anatomical_field_other	Tổn thương lớn			Tổn thương lớn	Unmapped_or_mixed_value_from_Anatomical_Distribution	Tổn thương lớn	Anatomical_Distribution	Distribution	0	0	0	0	0	1	1	0	0	1	0	0	0	0	0	unmapped_or_mixed_anatomical_distribution_value
Anatomical_field_other	Unmapped_or_mixed_value_from_Anatomical_Distribution	Anatomical_field_other	Tụ			Tụ	Unmapped_or_mixed_value_from_Anatomical_Distribution	Tụ	Anatomical_Distribution	Distribution	0	0	0	0	0	1	1	0	0	1	0	0	0	0	0	unmapped_or_mixed_anatomical_distribution_value
Anatomical_field_other	Unmapped_or_mixed_value_from_Anatomical_Distribution	Anatomical_field_other	Tụ tập			Tụ tập	Unmapped_or_mixed_value_from_Anatomical_Distribution	Tụ tập	Anatomical_Distribution	Distribution	0	0	0	0	0	1	1	0	0	1	0	0	0	0	0	unmapped_or_mixed_anatomical_distribution_value
Anatomical_field_other	Unmapped_or_mixed_value_from_Anatomical_Distribution	Anatomical_field_other	vách			vách	Unmapped_or_mixed_value_from_Anatomical_Distribution	vách	Anatomical_Distribution	Distribution	0	0	0	0	0	1	1	0	0	1	0	0	0	0	0	unmapped_or_mixed_anatomical_distribution_value
Anatomical_field_other	Unmapped_or_mixed_value_from_Anatomical_Distribution	Anatomical_field_other	Vách mô mỡ			Vách mô mỡ	Unmapped_or_mixed_value_from_Anatomical_Distribution	Vách mô mỡ	Anatomical_Distribution	Distribution	0	0	0	0	0	1	1	0	1	1	1	1	0	1	1	unmapped_or_mixed_anatomical_distribution_value
Anatomical_field_other	Unmapped_or_mixed_value_from_Anatomical_Distribution	Anatomical_field_other	Võng mạc			Võng mạc	Unmapped_or_mixed_value_from_Anatomical_Distribution	Võng mạc	Anatomical_Distribution	Distribution	1	1	0	0	1	1	1	0	1	1	0	0	0	0	0	unmapped_or_mixed_anatomical_distribution_value
Anatomical_field_other	Unmapped_or_mixed_value_from_Anatomical_Distribution	Anatomical_field_other	Vùng			Vùng	Unmapped_or_mixed_value_from_Anatomical_Distribution	Vùng	Anatomical_Distribution	Distribution	0	0	0	0	0	2	2	0	0	2	1	1	0	0	1	unmapped_or_mixed_anatomical_distribution_value
Anatomical_field_other	Unmapped_or_mixed_value_from_Anatomical_Distribution	Anatomical_field_other	Vùng chữ V			Vùng chữ V	Unmapped_or_mixed_value_from_Anatomical_Distribution	Vùng chữ V	Anatomical_Distribution	Distribution	0	0	0	0	0	1	1	0	0	1	0	0	0	0	0	unmapped_or_mixed_anatomical_distribution_value
Anatomical_field_other	Unmapped_or_mixed_value_from_Anatomical_Distribution	Anatomical_field_other	Vùng da không rõ			Vùng da không rõ	Unmapped_or_mixed_value_from_Anatomical_Distribution	Vùng da không rõ	Anatomical_Distribution	Distribution	0	0	0	0	0	1	1	0	0	1	0	0	0	0	0	unmapped_or_mixed_anatomical_distribution_value
Anatomical_field_other	Unmapped_or_mixed_value_from_Anatomical_Distribution	Anatomical_field_other	vùng da phẳng			vùng da phẳng	Unmapped_or_mixed_value_from_Anatomical_Distribution	vùng da phẳng	Anatomical_Distribution	Distribution	0	1	0	0	1	0	0	0	0	0	0	0	0	0	0	unmapped_or_mixed_anatomical_distribution_value
Anatomical_field_other	Unmapped_or_mixed_value_from_Anatomical_Distribution	Anatomical_field_other	Vùng da quan sát			Vùng da quan sát	Unmapped_or_mixed_value_from_Anatomical_Distribution	Vùng da quan sát	Anatomical_Distribution	Distribution	0	0	0	0	0	1	1	0	0	1	0	0	0	0	0	unmapped_or_mixed_anatomical_distribution_value
Anatomical_field_other	Unmapped_or_mixed_value_from_Anatomical_Distribution	Anatomical_field_other	Vùng da rộng			Vùng da rộng	Unmapped_or_mixed_value_from_Anatomical_Distribution	Vùng da rộng	Anatomical_Distribution	Distribution	0	0	0	0	0	2	2	0	0	2	0	0	0	0	0	unmapped_or_mixed_anatomical_distribution_value
Anatomical_field_other	Unmapped_or_mixed_value_from_Anatomical_Distribution	Anatomical_field_other	Vùng da sẹo			Vùng da sẹo	Unmapped_or_mixed_value_from_Anatomical_Distribution	Vùng da sẹo	Anatomical_Distribution	Distribution	0	0	0	0	0	1	1	0	0	1	0	0	0	0	0	unmapped_or_mixed_anatomical_distribution_value
Anatomical_field_other	Unmapped_or_mixed_value_from_Anatomical_Distribution	Anatomical_field_other	Vùng da xăm			Vùng da xăm	Unmapped_or_mixed_value_from_Anatomical_Distribution	Vùng da xăm	Anatomical_Distribution	Distribution	0	0	0	0	0	1	1	0	0	1	1	1	0	0	1	unmapped_or_mixed_anatomical_distribution_value
Anatomical_field_other	Unmapped_or_mixed_value_from_Anatomical_Distribution	Anatomical_field_other	Vùng lông			Vùng lông	Unmapped_or_mixed_value_from_Anatomical_Distribution	Vùng lông || vùng lông	Anatomical_Distribution	Distribution	0	0	0	0	0	2	3	0	0	3	0	0	0	0	0	unmapped_or_mixed_anatomical_distribution_value
Anatomical_field_other	Unmapped_or_mixed_value_from_Anatomical_Distribution	Anatomical_field_other	Vùng mu			Vùng mu	Unmapped_or_mixed_value_from_Anatomical_Distribution	Vùng mu	Anatomical_Distribution	Distribution	0	0	0	0	0	2	2	0	0	2	0	0	0	0	0	unmapped_or_mixed_anatomical_distribution_value
Anatomical_field_other	Unmapped_or_mixed_value_from_Anatomical_Distribution	Anatomical_field_other	Vùng rốn phổi			Vùng rốn phổi	Unmapped_or_mixed_value_from_Anatomical_Distribution	Vùng rốn phổi	Anatomical_Distribution	Distribution	0	0	0	0	0	1	1	0	1	1	0	0	0	0	0	unmapped_or_mixed_anatomical_distribution_value
Anatomical_field_other	Unmapped_or_mixed_value_from_Anatomical_Distribution	Anatomical_field_other	Vùng thấp			Vùng thấp	Unmapped_or_mixed_value_from_Anatomical_Distribution	Vùng thấp	Anatomical_Distribution	Distribution	0	0	0	0	0	1	1	0	0	1	0	0	0	0	0	unmapped_or_mixed_anatomical_distribution_value
Anatomical_field_other	Unmapped_or_mixed_value_from_Anatomical_Distribution	Anatomical_field_other	Vùng tì đè			Vùng tì đè	Unmapped_or_mixed_value_from_Anatomical_Distribution	Vùng tì đè	Anatomical_Distribution	Distribution	0	0	0	0	0	1	2	0	0	2	1	1	0	0	1	unmapped_or_mixed_anatomical_distribution_value
Anatomical_field_other	Unmapped_or_mixed_value_from_Anatomical_Distribution	Anatomical_field_other	vùng vòm			vùng vòm	Unmapped_or_mixed_value_from_Anatomical_Distribution	vùng vòm	Anatomical_Distribution	Distribution	1	1	0	1	1	0	0	0	0	0	0	0	0	0	0	unmapped_or_mixed_anatomical_distribution_value
Anatomical_field_other	Unmapped_or_mixed_value_from_Anatomical_Distribution	Anatomical_field_other	vùng xăm			vùng xăm	Unmapped_or_mixed_value_from_Anatomical_Distribution	vùng xăm	Anatomical_Distribution	Distribution	0	0	0	0	0	1	1	0	1	1	1	1	0	1	1	unmapped_or_mixed_anatomical_distribution_value
Anatomical_field_other	Unmapped_or_mixed_value_from_Anatomical_Distribution	Anatomical_field_other	Vùng đỉnh			Vùng đỉnh	Unmapped_or_mixed_value_from_Anatomical_Distribution	Vùng đỉnh || vùng đỉnh	Anatomical_Distribution	Distribution	0	0	0	0	0	3	4	0	0	4	1	1	0	0	1	unmapped_or_mixed_anatomical_distribution_value
Anatomical_field_other	Unmapped_or_mixed_value_from_Anatomical_Distribution	Anatomical_field_other	vết mổ			vết mổ	Unmapped_or_mixed_value_from_Anatomical_Distribution	vết mổ	Anatomical_Distribution	Distribution	0	0	0	0	0	1	1	0	1	1	0	0	0	0	0	unmapped_or_mixed_anatomical_distribution_value
Anatomical_field_other	Unmapped_or_mixed_value_from_Anatomical_Distribution	Anatomical_field_other	Xếp			Xếp	Unmapped_or_mixed_value_from_Anatomical_Distribution	Xếp	Anatomical_Distribution	Distribution	1	1	0	0	1	0	0	0	0	0	0	0	0	0	0	unmapped_or_mixed_anatomical_distribution_value
Anatomical_field_other	Unmapped_or_mixed_value_from_Anatomical_Distribution	Anatomical_field_other	đoạn xa			đoạn xa	Unmapped_or_mixed_value_from_Anatomical_Distribution	đoạn xa	Anatomical_Distribution	Distribution	0	0	0	0	0	2	2	0	2	2	1	1	0	1	1	unmapped_or_mixed_anatomical_distribution_value
Anatomical_field_other	Unmapped_or_mixed_value_from_Anatomical_Distribution	Anatomical_field_other	Đĩa thạch			Đĩa thạch	Unmapped_or_mixed_value_from_Anatomical_Distribution	Đĩa thạch	Anatomical_Distribution	Distribution	0	0	0	0	0	1	1	0	1	1	0	0	0	0	0	unmapped_or_mixed_anatomical_distribution_value
Anatomical_field_other	Unmapped_or_mixed_value_from_Anatomical_Distribution	Anatomical_field_other	đường thẳng			đường thẳng	Unmapped_or_mixed_value_from_Anatomical_Distribution	đường thẳng	Anatomical_Distribution	Distribution	0	0	0	0	0	1	1	0	0	1	0	0	0	0	0	unmapped_or_mixed_anatomical_distribution_value
Anatomical_field_other	Unmapped_or_mixed_value_from_Anatomical_Distribution	Anatomical_field_other	Đầu xa			Đầu xa	Unmapped_or_mixed_value_from_Anatomical_Distribution	Đầu xa	Anatomical_Distribution	Distribution	0	0	0	0	0	5	6	0	0	6	2	2	0	0	2	unmapped_or_mixed_anatomical_distribution_value
Anatomical_field_other	Unmapped_or_mixed_value_from_Anatomical_Distribution	Anatomical_field_other	Đối diện			Đối diện	Unmapped_or_mixed_value_from_Anatomical_Distribution	Đối diện	Anatomical_Distribution	Distribution	0	0	0	0	0	1	1	0	0	1	0	0	0	0	0	unmapped_or_mixed_anatomical_distribution_value
Attribute_value_list	Color	Attributes	Ban đỏ đầu ngón			Ban đỏ đầu ngón	Color	Ban đỏ đầu ngón	Attribute_Color	Color	0	0	0	0	0	1	1	0	0	1	0	0	0	0	0	observed_term_no_disease_translation
Attribute_value_list	Color	Attributes	Bình thường			Bình thường	Color	Bình thường	Attribute_Color	Color	0	0	0	0	0	1	1	0	0	1	0	0	0	0	0	observed_term_no_disease_translation
Attribute_value_list	Color	Attributes	Bạc			Bạc	Color	Bạc	Attribute_Color	Color	0	0	0	0	0	1	1	0	1	1	1	1	0	1	1	observed_term_no_disease_translation
Attribute_value_list	Color	Attributes	Cam			Cam	Color	Cam	Attribute_Color	Color	0	0	0	0	0	1	1	0	0	1	0	0	0	0	0	observed_term_no_disease_translation
Attribute_value_list	Color	Attributes	Da			Da	Color	Da	Attribute_Color	Color	0	0	0	0	0	1	1	0	0	1	0	0	0	0	0	observed_term_no_disease_translation
Attribute_value_list	Color	Attributes	Da bình thường			Da bình thường	Color	Da bình thường	Attribute_Color	Color	1	1	0	1	1	1	1	0	0	1	0	0	0	0	0	observed_term_no_disease_translation
Attribute_value_list	Color	Attributes	Da cam			Da cam	Color	Da cam	Attribute_Color	Color	0	0	0	0	0	1	1	0	0	1	0	0	0	0	0	observed_term_no_disease_translation
Attribute_value_list	Color	Attributes	da hồng nhạt			da hồng nhạt	Color	da hồng nhạt	Attribute_Color	Color	0	1	0	0	1	0	0	0	0	0	0	0	0	0	0	observed_term_no_disease_translation
Attribute_value_list	Color	Attributes	Da màu			Da màu	Color	Da màu	Attribute_Color	Color	0	0	0	0	0	1	2	0	0	2	0	1	0	0	1	observed_term_no_disease_translation
Attribute_value_list	Color	Attributes	Da màu hồng			Da màu hồng	Color	Da màu hồng	Attribute_Color	Color	0	0	0	0	0	2	2	0	2	2	1	1	0	1	1	observed_term_no_disease_translation
Attribute_value_list	Color	Attributes	Da nhạt màu			Da nhạt màu	Color	Da nhạt màu	Attribute_Color	Color	1	1	0	1	1	0	1	0	0	1	0	0	0	0	0	observed_term_no_disease_translation
Attribute_value_list	Color	Attributes	Da nâu			Da nâu	Color	Da nâu	Attribute_Color	Color	0	0	0	0	0	0	1	0	0	1	0	0	0	0	0	observed_term_no_disease_translation
Attribute_value_list	Color	Attributes	Da sẫm			Da sẫm	Color	Da sẫm	Attribute_Color	Color	0	0	0	0	0	1	1	0	0	1	0	0	0	0	0	observed_term_no_disease_translation
Attribute_value_list	Color	Attributes	Da sẫm màu			Da sẫm màu	Color	Da sẫm màu	Attribute_Color	Color	0	0	0	0	0	1	1	0	0	1	1	1	0	0	1	observed_term_no_disease_translation
Attribute_value_list	Color	Attributes	da đầu			da đầu	Color	da đầu	Attribute_Color	Color	0	0	0	0	0	0	2	0	0	2	0	0	0	0	0	observed_term_no_disease_translation
Attribute_value_list	Color	Attributes	Giảm sắc tố			Giảm sắc tố	Color	Giảm sắc tố	Attribute_Color	Color || Pigmentation	0	0	0	0	0	6	6	0	1	6	0	0	0	0	0	observed_term_no_disease_translation
Attribute_value_list	Color	Attributes	Hơi đỏ			Hơi đỏ	Color	Hơi đỏ	Attribute_Color	Color	0	0	0	0	0	1	1	0	0	1	0	0	0	0	0	observed_term_no_disease_translation
Attribute_value_list	Color	Attributes	Hồng			Hồng	Color	Hồng || hồng	Attribute_Color	Color	59	67	1	44	95	561	643	62	506	1030	177	204	17	157	333	observed_term_no_disease_translation
Attribute_value_list	Color	Attributes	Hồng ban			Hồng ban	Color	Hồng ban || hồng ban	Attribute_Color	Color	0	0	0	0	0	2	4	0	1	4	1	1	0	1	1	observed_term_no_disease_translation
Attribute_value_list	Color	Attributes	Hồng bóng			Hồng bóng	Color	Hồng bóng	Attribute_Color	Color	2	2	0	0	2	3	3	0	2	3	1	1	0	1	1	observed_term_no_disease_translation
Attribute_value_list	Color	Attributes	Hồng cam			Hồng cam	Color	Hồng cam	Attribute_Color	Color	0	0	0	0	0	2	2	0	0	2	0	0	0	0	0	observed_term_no_disease_translation
Attribute_value_list	Color	Attributes	Hồng cam nhạt			Hồng cam nhạt	Color	Hồng cam nhạt	Attribute_Color	Color	0	0	0	0	0	2	2	0	0	2	0	0	0	0	0	observed_term_no_disease_translation
Attribute_value_list	Color	Attributes	Hồng da			Hồng da	Color	Hồng da	Attribute_Color	Color	1	1	0	0	1	14	14	0	3	14	7	7	0	1	7	observed_term_no_disease_translation
Attribute_value_list	Color	Attributes	Hồng ngọc			Hồng ngọc	Color	Hồng ngọc	Attribute_Color	Color	1	1	0	1	1	0	0	0	0	0	0	0	0	0	0	observed_term_no_disease_translation
Attribute_value_list	Color	Attributes	hồng nhạt			hồng nhạt	Color	hồng nhạt || Hồng nhạt	Attribute_Color	Color	63	72	0	14	72	480	555	0	163	555	155	177	0	55	177	observed_term_no_disease_translation
Attribute_value_list	Color	Attributes	Hồng nâu			Hồng nâu	Color	Hồng nâu	Attribute_Color	Color	1	1	0	0	1	12	14	0	3	14	8	9	0	2	9	observed_term_no_disease_translation
Attribute_value_list	Color	Attributes	Hồng trắng			Hồng trắng	Color	Hồng trắng	Attribute_Color	Color	0	0	0	0	0	1	1	0	1	1	1	1	0	1	1	observed_term_no_disease_translation
Attribute_value_list	Color	Attributes	Hồng tím			Hồng tím	Color	Hồng tím	Attribute_Color	Color	6	6	0	1	6	46	49	0	18	49	16	18	0	3	18	observed_term_no_disease_translation
Attribute_value_list	Color	Attributes	Hồng tím nhạt			Hồng tím nhạt	Color	Hồng tím nhạt	Attribute_Color	Color	1	1	0	0	1	0	0	0	0	0	0	0	0	0	0	observed_term_no_disease_translation
Attribute_value_list	Color	Attributes	Không đồng nhất			Không đồng nhất	Color	Không đồng nhất	Attribute_Color	Color	0	0	0	0	0	1	1	0	0	1	0	0	0	0	0	observed_term_no_disease_translation
Attribute_value_list	Color	Attributes	màu da			màu da	Color	màu da || Màu da	Attribute_Color	Color	23	27	3	26	48	167	192	51	272	463	66	76	24	85	164	observed_term_no_disease_translation
Attribute_value_list	Color	Attributes	Màu da bình thường			Màu da bình thường	Color	Màu da bình thường	Attribute_Color	Color	1	1	0	1	1	1	1	0	1	1	0	0	0	0	0	observed_term_no_disease_translation
Attribute_value_list	Color	Attributes	Màu da nhạt			Màu da nhạt	Color	Màu da nhạt	Attribute_Color	Color	0	0	0	0	0	1	1	0	1	1	0	0	0	0	0	observed_term_no_disease_translation
Attribute_value_list	Color	Attributes	Mất sắc tố			Mất sắc tố	Color	Mất sắc tố	Attribute_Color	Pigmentation	0	0	0	0	0	1	1	0	0	1	0	0	0	0	0	observed_term_no_disease_translation
Attribute_value_list	Color	Attributes	Nhạt màu			Nhạt màu	Color	Nhạt màu	Attribute_Color	Color	1	1	0	0	1	2	3	0	0	3	0	0	0	0	0	observed_term_no_disease_translation
Attribute_value_list	Color	Attributes	Nâu			Nâu	Color	Nâu || nâu	Attribute_Color	Color	20	25	8	34	60	210	245	77	291	542	70	80	27	99	186	observed_term_no_disease_translation
Attribute_value_list	Color	Attributes	Nâu cam			Nâu cam	Color	Nâu cam	Attribute_Color	Color	0	0	0	0	0	1	1	0	0	1	0	0	0	0	0	observed_term_no_disease_translation
Attribute_value_list	Color	Attributes	Nâu da			Nâu da	Color	Nâu da	Attribute_Color	Color	0	0	0	0	0	15	20	0	5	20	0	2	0	0	2	observed_term_no_disease_translation
Attribute_value_list	Color	Attributes	Nâu hồng			Nâu hồng	Color	Nâu hồng || nâu hồng	Attribute_Color	Color	2	3	0	1	3	14	15	0	2	15	3	3	0	0	3	observed_term_no_disease_translation
Attribute_value_list	Color	Attributes	Nâu hồng nhạt			Nâu hồng nhạt	Color	Nâu hồng nhạt	Attribute_Color	Color	0	0	0	0	0	1	1	0	1	1	0	0	0	0	0	observed_term_no_disease_translation
Attribute_value_list	Color	Attributes	nâu hổ phách			nâu hổ phách	Color	nâu hổ phách	Attribute_Color	Color	0	1	0	0	1	0	0	0	0	0	0	0	0	0	0	observed_term_no_disease_translation
Attribute_value_list	Color	Attributes	Nâu nhạt			Nâu nhạt	Color	Nâu nhạt || nâu nhạt	Attribute_Color	Color	24	30	0	6	30	305	340	0	107	340	109	124	0	37	124	observed_term_no_disease_translation
Attribute_value_list	Color	Attributes	Nâu nền			Nâu nền	Color	Nâu nền	Attribute_Color	Color	1	1	0	0	1	0	0	0	0	0	0	0	0	0	0	observed_term_no_disease_translation
Attribute_value_list	Color	Attributes	Nâu sẫm			Nâu sẫm	Color	Nâu sẫm || nâu sẫm	Attribute_Color	Color	28	32	0	11	32	248	277	0	79	277	77	87	0	23	87	observed_term_no_disease_translation
Attribute_value_list	Color	Attributes	Nâu tím			Nâu tím	Color	Nâu tím || nâu tím	Attribute_Color	Color	5	5	0	3	5	54	63	0	13	63	15	17	0	3	17	observed_term_no_disease_translation
Attribute_value_list	Color	Attributes	Nâu xám			Nâu xám	Color	Nâu xám || nâu xám	Attribute_Color	Color	5	7	0	2	7	55	60	0	20	60	18	19	0	7	19	observed_term_no_disease_translation
Attribute_value_list	Color	Attributes	Nâu đen			Nâu đen	Color	Nâu đen || nâu đen	Attribute_Color	Color	15	17	0	5	17	177	195	0	50	195	56	60	0	17	60	observed_term_no_disease_translation
Attribute_value_list	Color	Attributes	Nâu đậm			Nâu đậm	Color	Nâu đậm || nâu đậm	Attribute_Color	Color	2	4	0	1	4	23	24	0	9	24	7	7	0	2	7	observed_term_no_disease_translation
Attribute_value_list	Color	Attributes	Nâu đồng			Nâu đồng	Color	Nâu đồng	Attribute_Color	Color	1	1	0	0	1	6	6	0	1	6	3	3	0	0	3	observed_term_no_disease_translation
Attribute_value_list	Color	Attributes	Nâu đồng đều			Nâu đồng đều	Color	Nâu đồng đều	Attribute_Color	Color	0	0	0	0	0	1	1	0	1	1	0	0	0	0	0	observed_term_no_disease_translation
Attribute_value_list	Color	Attributes	Nền hồng nhẹ			Nền hồng nhẹ	Color	Nền hồng nhẹ	Attribute_Color	Color	0	0	0	0	0	0	1	0	0	1	0	0	0	0	0	observed_term_no_disease_translation
Attribute_value_list	Color	Attributes	Trong			Trong	Color	Trong	Attribute_Color	Color	0	0	0	0	0	11	12	0	4	12	4	4	0	0	4	observed_term_no_disease_translation
Attribute_value_list	Color	Attributes	Trong bóng			Trong bóng	Color	Trong bóng	Attribute_Color	Color	0	0	0	0	0	2	2	0	2	2	1	1	0	1	1	observed_term_no_disease_translation
Attribute_value_list	Color	Attributes	Trong mờ			Trong mờ	Color	Trong mờ	Attribute_Color	Color	0	0	0	0	0	5	5	0	0	5	0	0	0	0	0	observed_term_no_disease_translation
Attribute_value_list	Color	Attributes	Trung tâm nhạt			Trung tâm nhạt	Color	Trung tâm nhạt	Attribute_Color	Color	1	1	0	0	1	4	7	0	3	7	2	2	0	1	2	observed_term_no_disease_translation
Attribute_value_list	Color	Attributes	trung tâm nhạt màu			trung tâm nhạt màu	Color	trung tâm nhạt màu	Attribute_Color	Color	0	0	0	0	0	0	1	0	0	1	0	1	0	0	1	observed_term_no_disease_translation
Attribute_value_list	Color	Attributes	Trung tâm sẫm			Trung tâm sẫm	Color	Trung tâm sẫm	Attribute_Color	Color	1	1	0	0	1	5	5	0	0	5	3	3	0	0	3	observed_term_no_disease_translation
Attribute_value_list	Color	Attributes	Trung tâm tím sẫm			Trung tâm tím sẫm	Color	Trung tâm tím sẫm	Attribute_Color	Color	0	0	0	0	0	1	1	0	0	1	0	0	0	0	0	observed_term_no_disease_translation
Attribute_value_list	Color	Attributes	Trung tâm đỏ sẫm			Trung tâm đỏ sẫm	Color	Trung tâm đỏ sẫm	Attribute_Color	Color	1	1	0	0	1	1	1	0	0	1	0	0	0	0	0	observed_term_no_disease_translation
Attribute_value_list	Color	Attributes	Trắng			Trắng	Color	Trắng || trắng	Attribute_Color	Color	22	25	11	30	58	236	273	62	309	566	86	95	24	97	194	observed_term_no_disease_translation
Attribute_value_list	Color	Attributes	Trắng bóng			Trắng bóng	Color	Trắng bóng || trắng bóng	Attribute_Color	Color	1	2	0	1	2	9	9	0	3	9	0	0	0	0	0	observed_term_no_disease_translation
Attribute_value_list	Color	Attributes	Trắng bạc			Trắng bạc	Color	Trắng bạc || trắng bạc	Attribute_Color	Color	3	3	0	0	3	27	30	0	11	30	10	10	0	4	10	observed_term_no_disease_translation
Attribute_value_list	Color	Attributes	Trắng da			Trắng da	Color	Trắng da	Attribute_Color	Color	0	0	0	0	0	1	1	0	1	1	0	0	0	0	0	observed_term_no_disease_translation
Attribute_value_list	Color	Attributes	Trắng hồng			Trắng hồng	Color	Trắng hồng	Attribute_Color	Color	4	4	0	1	4	30	38	0	6	38	9	12	0	1	12	observed_term_no_disease_translation
Attribute_value_list	Color	Attributes	Trắng kem			Trắng kem	Color	Trắng kem	Attribute_Color	Color	0	0	0	0	0	3	3	0	3	3	0	0	0	0	0	observed_term_no_disease_translation
Attribute_value_list	Color	Attributes	Trắng ngà			Trắng ngà	Color	Trắng ngà || trắng ngà	Attribute_Color	Color	29	30	0	7	30	191	224	0	71	224	62	73	0	25	73	observed_term_no_disease_translation
Attribute_value_list	Color	Attributes	Trắng ngọc			Trắng ngọc	Color	Trắng ngọc	Attribute_Color	Color	0	0	0	0	0	4	4	0	2	4	1	1	0	0	1	observed_term_no_disease_translation
Attribute_value_list	Color	Attributes	Trắng ngọc trai			Trắng ngọc trai	Color	Trắng ngọc trai	Attribute_Color	Color	0	0	0	0	0	1	1	0	0	1	1	1	0	0	1	observed_term_no_disease_translation
Attribute_value_list	Color	Attributes	Trắng nhạt			Trắng nhạt	Color	Trắng nhạt || trắng nhạt	Attribute_Color	Color	14	19	0	5	19	113	138	0	41	138	37	44	0	14	44	observed_term_no_disease_translation
Attribute_value_list	Color	Attributes	Trắng nhợt			Trắng nhợt	Color	Trắng nhợt	Attribute_Color	Color	0	0	0	0	0	1	1	0	1	1	0	0	0	0	0	observed_term_no_disease_translation
Attribute_value_list	Color	Attributes	Trắng sữa			Trắng sữa	Color	Trắng sữa	Attribute_Color	Color	1	1	0	0	1	20	24	0	2	24	3	4	0	1	4	observed_term_no_disease_translation
Attribute_value_list	Color	Attributes	Trắng trong			Trắng trong	Color	Trắng trong	Attribute_Color	Color	3	3	0	0	3	9	11	0	4	11	1	1	0	0	1	observed_term_no_disease_translation
Attribute_value_list	Color	Attributes	Trắng vàng			Trắng vàng	Color	Trắng vàng || trắng vàng	Attribute_Color	Color	14	17	0	5	17	135	168	0	43	168	50	66	0	19	66	observed_term_no_disease_translation
Attribute_value_list	Color	Attributes	Trắng vàng nhạt			Trắng vàng nhạt	Color	Trắng vàng nhạt	Attribute_Color	Color	0	0	0	0	0	2	2	0	0	2	1	1	0	0	1	observed_term_no_disease_translation
Attribute_value_list	Color	Attributes	Trắng vàng trung tâm			Trắng vàng trung tâm	Color	Trắng vàng trung tâm	Attribute_Color	Color	0	0	0	0	0	1	1	0	0	1	0	0	0	0	0	observed_term_no_disease_translation
Attribute_value_list	Color	Attributes	Trắng xanh			Trắng xanh	Color	Trắng xanh	Attribute_Color	Color	1	1	0	0	1	2	3	0	2	3	0	0	0	0	0	observed_term_no_disease_translation
Attribute_value_list	Color	Attributes	Trắng xám			Trắng xám	Color	Trắng xám || trắng xám	Attribute_Color	Color	32	36	0	10	36	231	254	0	66	254	77	84	0	16	84	observed_term_no_disease_translation
Attribute_value_list	Color	Attributes	Trắng đục			Trắng đục	Color	Trắng đục || trắng đục	Attribute_Color	Color	9	10	0	2	10	79	90	0	26	90	24	29	0	6	29	observed_term_no_disease_translation
Attribute_value_list	Color	Attributes	Trắng ẩm			Trắng ẩm	Color	Trắng ẩm	Attribute_Color	Color	0	0	0	0	0	1	1	0	0	1	0	0	0	0	0	observed_term_no_disease_translation
Attribute_value_list	Color	Attributes	Tím			Tím	Color	Tím || tím	Attribute_Color	Color	4	4	6	26	36	57	68	82	255	388	21	24	25	82	124	observed_term_no_disease_translation
Attribute_value_list	Color	Attributes	Tím bầm			Tím bầm	Color	Tím bầm	Attribute_Color	Color	0	0	0	0	0	6	6	0	1	6	1	1	0	0	1	observed_term_no_disease_translation
Attribute_value_list	Color	Attributes	tím hồng			tím hồng	Color	tím hồng || Tím hồng	Attribute_Color	Color	4	5	0	1	5	27	32	0	8	32	10	12	0	4	12	observed_term_no_disease_translation
Attribute_value_list	Color	Attributes	tím nhạt			tím nhạt	Color	tím nhạt || Tím nhạt	Attribute_Color	Color	6	8	0	2	8	30	34	0	9	34	10	13	0	3	13	observed_term_no_disease_translation
Attribute_value_list	Color	Attributes	Tím nâu			Tím nâu	Color	Tím nâu || tím nâu	Attribute_Color	Color	2	3	0	1	3	38	42	0	12	42	10	10	0	2	10	observed_term_no_disease_translation
Attribute_value_list	Color	Attributes	Tím sẫm			Tím sẫm	Color	Tím sẫm	Attribute_Color	Color	1	1	0	0	1	18	19	0	7	19	5	6	0	2	6	observed_term_no_disease_translation
Attribute_value_list	Color	Attributes	Tím xanh			Tím xanh	Color	Tím xanh	Attribute_Color	Color	2	2	0	0	2	11	14	0	5	14	4	4	0	1	4	observed_term_no_disease_translation
Attribute_value_list	Color	Attributes	Tím xám			Tím xám	Color	Tím xám	Attribute_Color	Color	0	0	0	0	0	11	14	0	3	14	1	2	0	0	2	observed_term_no_disease_translation
Attribute_value_list	Color	Attributes	Tím đen			Tím đen	Color	Tím đen || tím đen	Attribute_Color	Color	2	2	0	1	2	15	18	0	3	18	5	7	0	1	7	observed_term_no_disease_translation
Attribute_value_list	Color	Attributes	Tím đỏ			Tím đỏ	Color	Tím đỏ || tím đỏ	Attribute_Color	Color	3	5	0	2	5	46	55	0	12	55	11	12	0	5	12	observed_term_no_disease_translation
Attribute_value_list	Color	Attributes	Tóc trắng xám			Tóc trắng xám	Color	Tóc trắng xám	Attribute_Color	Color	0	0	0	0	0	1	1	0	0	1	0	0	0	0	0	observed_term_no_disease_translation
Attribute_value_list	Color	Attributes	Tăng sắc tố			Tăng sắc tố	Color	Tăng sắc tố	Attribute_Color	Color	0	0	0	0	0	5	6	0	0	6	1	1	0	0	1	observed_term_no_disease_translation
Attribute_value_list	Color	Attributes	Vàng			Vàng	Color	Vàng || vàng	Attribute_Color	Color	9	11	12	29	50	96	115	73	254	419	30	40	23	81	138	observed_term_no_disease_translation
Attribute_value_list	Color	Attributes	Vàng cam			Vàng cam	Color	Vàng cam	Attribute_Color	Color	3	3	0	3	3	12	13	0	3	13	3	3	0	0	3	observed_term_no_disease_translation
Attribute_value_list	Color	Attributes	Vàng da			Vàng da	Color	Vàng da	Attribute_Color	Color	0	0	0	0	0	1	1	0	1	1	1	1	0	1	1	observed_term_no_disease_translation
Attribute_value_list	Color	Attributes	Vàng hồng			Vàng hồng	Color	Vàng hồng	Attribute_Color	Color	0	0	0	0	0	1	1	0	0	1	1	1	0	0	1	observed_term_no_disease_translation
Attribute_value_list	Color	Attributes	vàng kem			vàng kem	Color	vàng kem	Attribute_Color	Color	0	1	0	0	1	0	0	0	0	0	0	0	0	0	0	observed_term_no_disease_translation
Attribute_value_list	Color	Attributes	Vàng mật ong			Vàng mật ong	Color	Vàng mật ong || vàng mật ong	Attribute_Color	Color	1	1	0	1	1	24	27	0	8	27	4	6	0	2	6	observed_term_no_disease_translation
Attribute_value_list	Color	Attributes	Vàng mủ			Vàng mủ	Color	Vàng mủ	Attribute_Color	Color	0	0	0	0	0	0	1	0	0	1	0	0	0	0	0	observed_term_no_disease_translation
Attribute_value_list	Color	Attributes	Vàng ngà			Vàng ngà	Color	Vàng ngà	Attribute_Color	Color	0	0	0	0	0	0	1	0	0	1	0	0	0	0	0	observed_term_no_disease_translation
Attribute_value_list	Color	Attributes	Vàng nhạt			Vàng nhạt	Color	Vàng nhạt || vàng nhạt	Attribute_Color	Color	19	21	0	6	21	227	265	0	66	265	74	86	0	17	86	observed_term_no_disease_translation
Attribute_value_list	Color	Attributes	Vàng nâu			Vàng nâu	Color	Vàng nâu || vàng nâu	Attribute_Color	Color	47	51	0	18	51	392	442	0	120	442	124	140	0	44	140	observed_term_no_disease_translation
Attribute_value_list	Color	Attributes	Vàng trong			Vàng trong	Color	Vàng trong	Attribute_Color	Color	0	0	0	0	0	10	10	0	4	10	5	5	0	3	5	observed_term_no_disease_translation
Attribute_value_list	Color	Attributes	Vàng xanh			Vàng xanh	Color	Vàng xanh || vàng xanh	Attribute_Color	Color	2	2	0	0	2	8	10	0	1	10	1	2	0	0	2	observed_term_no_disease_translation
Attribute_value_list	Color	Attributes	Vàng xám			Vàng xám	Color	Vàng xám	Attribute_Color	Color	1	1	0	1	1	12	13	0	1	13	5	6	0	1	6	observed_term_no_disease_translation
Attribute_value_list	Color	Attributes	Vàng đục			Vàng đục	Color	Vàng đục	Attribute_Color	Color	0	0	0	0	0	1	1	0	1	1	1	1	0	1	1	observed_term_no_disease_translation
Attribute_value_list	Color	Attributes	Xanh lam			Xanh lam	Color	Xanh lam	Attribute_Color	Color	0	0	0	0	0	1	1	0	1	1	0	0	0	0	0	observed_term_no_disease_translation
Attribute_value_list	Color	Attributes	Xanh lục			Xanh lục	Color	Xanh lục	Attribute_Color	Color	0	0	0	0	0	6	8	0	2	8	3	3	0	0	3	observed_term_no_disease_translation
Attribute_value_list	Color	Attributes	Xanh lục nhạt			Xanh lục nhạt	Color	Xanh lục nhạt	Attribute_Color	Color	0	0	0	0	0	1	1	0	1	1	0	0	0	0	0	observed_term_no_disease_translation
Attribute_value_list	Color	Attributes	Xanh lục sáng			Xanh lục sáng	Color	Xanh lục sáng	Attribute_Color	Color	0	0	0	0	0	1	1	0	0	1	1	1	0	0	1	observed_term_no_disease_translation
Attribute_value_list	Color	Attributes	Xanh lục đậm			Xanh lục đậm	Color	Xanh lục đậm	Attribute_Color	Color	0	0	0	0	0	1	1	0	0	1	1	1	0	0	1	observed_term_no_disease_translation
Attribute_value_list	Color	Attributes	Xanh nâu			Xanh nâu	Color	Xanh nâu	Attribute_Color	Color	0	0	0	0	0	1	1	0	0	1	0	0	0	0	0	observed_term_no_disease_translation
Attribute_value_list	Color	Attributes	xanh tím			xanh tím	Color	xanh tím || Xanh tím	Attribute_Color	Color	0	0	9	18	27	6	7	61	236	300	3	3	22	74	97	observed_term_no_disease_translation
Attribute_value_list	Color	Attributes	Xanh xám			Xanh xám	Color	Xanh xám	Attribute_Color	Color	0	0	0	0	0	8	9	0	4	9	1	1	0	0	1	observed_term_no_disease_translation
Attribute_value_list	Color	Attributes	Xanh đen			Xanh đen	Color	Xanh đen	Attribute_Color	Color	1	1	0	0	1	10	13	0	1	13	2	3	0	0	3	observed_term_no_disease_translation
Attribute_value_list	Color	Attributes	Xám			Xám	Color	Xám || xám	Attribute_Color	Color	3	3	3	2	6	10	10	14	2	24	1	1	6	0	7	observed_term_no_disease_translation
Attribute_value_list	Color	Attributes	Xám nhạt			Xám nhạt	Color	Xám nhạt	Attribute_Color	Color	0	0	0	0	0	1	1	0	0	1	0	0	0	0	0	observed_term_no_disease_translation
Attribute_value_list	Color	Attributes	Xám nâu			Xám nâu	Color	Xám nâu || xám nâu	Attribute_Color	Color	2	4	0	1	4	16	18	0	5	18	7	9	0	2	9	observed_term_no_disease_translation
Attribute_value_list	Color	Attributes	Xám vàng			Xám vàng	Color	Xám vàng	Attribute_Color	Color	0	0	0	0	0	0	1	0	0	1	0	0	0	0	0	observed_term_no_disease_translation
Attribute_value_list	Color	Attributes	Xám xanh			Xám xanh	Color	Xám xanh	Attribute_Color	Color	0	0	0	0	0	8	9	0	2	9	2	3	0	0	3	observed_term_no_disease_translation
Attribute_value_list	Color	Attributes	Xám đen			Xám đen	Color	Xám đen || xám đen	Attribute_Color	Color	0	0	0	0	0	9	11	0	3	11	3	4	0	1	4	observed_term_no_disease_translation
Attribute_value_list	Color	Attributes	Xám đục			Xám đục	Color	Xám đục	Attribute_Color	Color	0	0	0	0	0	1	1	0	1	1	1	1	0	1	1	observed_term_no_disease_translation
Attribute_value_list	Color	Attributes	Đen			Đen	Color	Đen || đen	Attribute_Color	Color	12	15	15	34	61	100	115	84	278	445	24	30	24	85	132	observed_term_no_disease_translation
Attribute_value_list	Color	Attributes	Đen nâu			Đen nâu	Color	Đen nâu	Attribute_Color	Color	1	1	0	0	1	32	34	0	10	34	9	11	0	5	11	observed_term_no_disease_translation
Attribute_value_list	Color	Attributes	Đen sẫm			Đen sẫm	Color	Đen sẫm	Attribute_Color	Color	0	0	0	0	0	1	1	0	1	1	1	1	0	1	1	observed_term_no_disease_translation
Attribute_value_list	Color	Attributes	Đen trung tâm			Đen trung tâm	Color	Đen trung tâm	Attribute_Color	Color	0	0	0	0	0	2	2	0	0	2	1	1	0	0	1	observed_term_no_disease_translation
Attribute_value_list	Color	Attributes	Đen tím			Đen tím	Color	Đen tím	Attribute_Color	Color	0	0	0	0	0	5	6	0	0	6	1	1	0	0	1	observed_term_no_disease_translation
Attribute_value_list	Color	Attributes	Đen xanh			Đen xanh	Color	Đen xanh	Attribute_Color	Color	0	0	0	0	0	2	4	0	0	4	1	1	0	0	1	observed_term_no_disease_translation
Attribute_value_list	Color	Attributes	đen xám			đen xám	Color	đen xám || Đen xám	Attribute_Color	Color	0	1	0	0	1	17	17	0	3	17	7	7	0	1	7	observed_term_no_disease_translation
Attribute_value_list	Color	Attributes	Đỏ			Đỏ	Color	Đỏ || đỏ	Attribute_Color	Color	45	52	3	54	93	401	477	65	547	968	127	154	23	180	322	observed_term_no_disease_translation
Attribute_value_list	Color	Attributes	Đỏ bóng			Đỏ bóng	Color	Đỏ bóng	Attribute_Color	Color	0	0	0	0	0	4	4	0	3	4	2	2	0	2	2	observed_term_no_disease_translation
Attribute_value_list	Color	Attributes	Đỏ cam			Đỏ cam	Color	Đỏ cam	Attribute_Color	Color	2	2	0	0	2	23	23	0	9	23	8	8	0	6	8	observed_term_no_disease_translation
Attribute_value_list	Color	Attributes	Đỏ hồng			Đỏ hồng	Color	Đỏ hồng || đỏ hồng	Attribute_Color	Color	193	216	0	67	216	1669	1905	0	587	1905	547	626	0	194	626	observed_term_no_disease_translation
Attribute_value_list	Color	Attributes	Đỏ hồng nhạt			Đỏ hồng nhạt	Color	Đỏ hồng nhạt	Attribute_Color	Color	2	2	0	0	2	18	19	0	8	19	6	6	0	4	6	observed_term_no_disease_translation
Attribute_value_list	Color	Attributes	Đỏ hồng nhẹ			Đỏ hồng nhẹ	Color	Đỏ hồng nhẹ	Attribute_Color	Color	0	0	0	0	0	0	1	0	0	1	0	1	0	0	1	observed_term_no_disease_translation
Attribute_value_list	Color	Attributes	Đỏ nhạt			Đỏ nhạt	Color	Đỏ nhạt || đỏ nhạt	Attribute_Color	Color	36	38	0	12	38	283	320	0	101	320	91	101	0	34	101	observed_term_no_disease_translation
Attribute_value_list	Color	Attributes	Đỏ nhẹ			Đỏ nhẹ	Color	Đỏ nhẹ	Attribute_Color	Color	0	0	0	0	0	1	1	0	1	1	0	0	0	0	0	observed_term_no_disease_translation
Attribute_value_list	Color	Attributes	đỏ nâu			đỏ nâu	Color	đỏ nâu || Đỏ nâu	Attribute_Color	Color	47	55	0	10	55	410	473	0	139	473	138	164	0	48	164	observed_term_no_disease_translation
Attribute_value_list	Color	Attributes	Đỏ nâu nhạt			Đỏ nâu nhạt	Color	Đỏ nâu nhạt	Attribute_Color	Color	0	0	0	0	0	6	6	0	3	6	3	3	0	2	3	observed_term_no_disease_translation
Attribute_value_list	Color	Attributes	Đỏ quanh gốc			Đỏ quanh gốc	Color	Đỏ quanh gốc	Attribute_Color	Color	0	0	0	0	0	1	1	0	0	1	0	0	0	0	0	observed_term_no_disease_translation
Attribute_value_list	Color	Attributes	Đỏ sẫm			Đỏ sẫm	Color	Đỏ sẫm || đỏ sẫm	Attribute_Color	Color	23	23	0	7	23	132	150	0	31	150	44	49	0	12	49	observed_term_no_disease_translation
Attribute_value_list	Color	Attributes	Đỏ tía			Đỏ tía	Color	Đỏ tía	Attribute_Color	Color	0	0	0	0	0	1	1	0	0	1	0	0	0	0	0	observed_term_no_disease_translation
Attribute_value_list	Color	Attributes	Đỏ tím			Đỏ tím	Color	Đỏ tím || đỏ tím	Attribute_Color	Color	28	32	0	12	32	203	234	0	61	234	71	82	0	20	82	observed_term_no_disease_translation
Attribute_value_list	Color	Attributes	Đỏ tím nhạt			Đỏ tím nhạt	Color	Đỏ tím nhạt	Attribute_Color	Color	0	0	0	0	0	4	4	0	3	4	1	1	0	1	1	observed_term_no_disease_translation
Attribute_value_list	Color	Attributes	Đỏ tươi			Đỏ tươi	Color	Đỏ tươi || đỏ tươi	Attribute_Color	Color	43	48	0	15	48	358	405	0	116	405	116	135	0	36	135	observed_term_no_disease_translation
Attribute_value_list	Color	Attributes	Đỏ đậm			Đỏ đậm	Color	Đỏ đậm	Attribute_Color	Color	0	0	0	0	0	1	1	0	1	1	0	0	0	0	0	observed_term_no_disease_translation
Attribute_value_list	Hair_and_Surface_Characteristics	Attributes	Biến dạng mũi			Biến dạng mũi	Hair_and_Surface_Characteristics	Biến dạng mũi	Attribute_Characteristics	Hair_and_Surface_Characteristics	0	0	0	0	0	1	1	0	0	1	0	0	0	0	0	observed_term_no_disease_translation
Attribute_value_list	Hair_and_Surface_Characteristics	Attributes	Bong vảy			Bong vảy	Hair_and_Surface_Characteristics	Bong vảy	Attribute_Characteristics	Hair_and_Surface_Characteristics	0	0	0	0	0	10	10	0	4	10	7	7	0	3	7	observed_term_no_disease_translation
Attribute_value_list	Hair_and_Surface_Characteristics	Attributes	Bong vảy mịn			Bong vảy mịn	Hair_and_Surface_Characteristics	Bong vảy mịn	Attribute_Characteristics	Hair_and_Surface_Characteristics	0	0	0	0	0	3	3	0	2	3	1	1	0	1	1	observed_term_no_disease_translation
Attribute_value_list	Hair_and_Surface_Characteristics	Attributes	Bám dính tóc			Bám dính tóc	Hair_and_Surface_Characteristics	Bám dính tóc	Attribute_Characteristics	Hair_and_Surface_Characteristics	0	0	0	0	0	1	1	0	0	1	1	1	0	0	1	observed_term_no_disease_translation
Attribute_value_list	Hair_and_Surface_Characteristics	Attributes	Bám sợi tóc			Bám sợi tóc	Hair_and_Surface_Characteristics	Bám sợi tóc	Attribute_Characteristics	Hair_and_Surface_Characteristics	0	0	0	0	0	1	1	0	1	1	1	1	0	1	1	observed_term_no_disease_translation
Attribute_value_list	Hair_and_Surface_Characteristics	Attributes	Bám thân lông			Bám thân lông	Hair_and_Surface_Characteristics	Bám thân lông	Attribute_Characteristics	Hair_and_Surface_Characteristics	0	0	0	0	0	1	1	0	0	1	0	0	0	0	0	observed_term_no_disease_translation
Attribute_value_list	Hair_and_Surface_Characteristics	Attributes	Bám thân tóc			Bám thân tóc	Hair_and_Surface_Characteristics	Bám thân tóc	Attribute_Characteristics	Hair_and_Surface_Characteristics	0	0	0	0	0	1	1	0	1	1	0	0	0	0	0	observed_term_no_disease_translation
Attribute_value_list	Hair_and_Surface_Characteristics	Attributes	Bóng nhờn			Bóng nhờn	Hair_and_Surface_Characteristics	Bóng nhờn	Attribute_Characteristics	Hair_and_Surface_Characteristics	0	0	0	0	0	4	4	0	0	4	1	1	0	0	1	observed_term_no_disease_translation
Attribute_value_list	Hair_and_Surface_Characteristics	Attributes	Bề mặt bóng			Bề mặt bóng	Hair_and_Surface_Characteristics	Bề mặt bóng	Attribute_Characteristics	Hair_and_Surface_Characteristics	0	0	0	0	0	14	14	0	6	15	5	5	0	4	6	observed_term_no_disease_translation
Attribute_value_list	Hair_and_Surface_Characteristics	Attributes	Bề mặt bóng nhờn			Bề mặt bóng nhờn	Hair_and_Surface_Characteristics	Bề mặt bóng nhờn	Attribute_Characteristics	Hair_and_Surface_Characteristics	0	0	0	0	0	1	1	0	1	1	0	0	0	0	0	observed_term_no_disease_translation
Attribute_value_list	Hair_and_Surface_Characteristics	Attributes	Bề mặt gồ nhẹ			Bề mặt gồ nhẹ	Hair_and_Surface_Characteristics	Bề mặt gồ nhẹ	Attribute_Characteristics	Hair_and_Surface_Characteristics	0	0	0	0	0	1	1	0	0	1	1	1	0	0	1	observed_term_no_disease_translation
Attribute_value_list	Hair_and_Surface_Characteristics	Attributes	Bề mặt nhăn			Bề mặt nhăn	Hair_and_Surface_Characteristics	Bề mặt nhăn	Attribute_Characteristics	Hair_and_Surface_Characteristics	0	0	0	0	0	1	1	0	1	1	0	0	0	0	0	observed_term_no_disease_translation
Attribute_value_list	Hair_and_Surface_Characteristics	Attributes	Bề mặt nhẵn			Bề mặt nhẵn	Hair_and_Surface_Characteristics	Bề mặt nhẵn	Attribute_Characteristics	Hair_and_Surface_Characteristics	3	3	0	2	3	11	11	0	4	11	2	2	0	2	2	observed_term_no_disease_translation
Attribute_value_list	Hair_and_Surface_Characteristics	Attributes	Bề mặt phẳng			Bề mặt phẳng	Hair_and_Surface_Characteristics	Bề mặt phẳng	Attribute_Characteristics	Hair_and_Surface_Characteristics	0	0	0	0	0	3	3	0	0	3	0	0	0	0	0	observed_term_no_disease_translation
Attribute_value_list	Hair_and_Surface_Characteristics	Attributes	Bề mặt sần			Bề mặt sần	Hair_and_Surface_Characteristics	Bề mặt sần	Attribute_Characteristics	Hair_and_Surface_Characteristics	0	0	0	0	0	6	6	0	2	6	1	1	0	0	1	observed_term_no_disease_translation
Attribute_value_list	Hair_and_Surface_Characteristics	Attributes	Bề mặt sần sùi			Bề mặt sần sùi	Hair_and_Surface_Characteristics	Bề mặt sần sùi	Attribute_Characteristics	Hair_and_Surface_Characteristics	0	0	0	0	0	1	1	0	0	1	0	0	0	0	0	observed_term_no_disease_translation
Attribute_value_list	Hair_and_Surface_Characteristics	Attributes	Bề mặt trơn láng			Bề mặt trơn láng	Hair_and_Surface_Characteristics	Bề mặt trơn láng	Attribute_Characteristics	Hair_and_Surface_Characteristics	0	0	0	0	0	1	1	0	0	1	0	0	0	0	0	observed_term_no_disease_translation
Attribute_value_list	Hair_and_Surface_Characteristics	Attributes	Bờ không đều			Bờ không đều	Hair_and_Surface_Characteristics	Bờ không đều	Attribute_Characteristics	Hair_and_Surface_Characteristics	1	1	0	1	1	0	0	0	0	0	0	0	0	0	0	observed_term_no_disease_translation
Attribute_value_list	Hair_and_Surface_Characteristics	Attributes	Bờ mờ			Bờ mờ	Hair_and_Surface_Characteristics	Bờ mờ	Attribute_Characteristics	Hair_and_Surface_Characteristics	0	0	0	0	0	1	1	0	1	1	0	0	0	0	0	observed_term_no_disease_translation
Attribute_value_list	Hair_and_Surface_Characteristics	Attributes	Chân lông giãn			Chân lông giãn	Hair_and_Surface_Characteristics	Chân lông giãn	Attribute_Characteristics	Hair_and_Surface_Characteristics	0	0	0	0	0	1	1	0	0	1	1	1	0	0	1	observed_term_no_disease_translation
Attribute_value_list	Hair_and_Surface_Characteristics	Attributes	Chân lông rõ			Chân lông rõ	Hair_and_Surface_Characteristics	Chân lông rõ	Attribute_Characteristics	Hair_and_Surface_Characteristics	1	1	0	0	1	1	1	0	1	1	1	1	0	1	1	observed_term_no_disease_translation
Attribute_value_list	Hair_and_Surface_Characteristics	Attributes	Chấm nang lông			Chấm nang lông	Hair_and_Surface_Characteristics	Chấm nang lông	Attribute_Characteristics	Hair_and_Surface_Characteristics	0	0	0	0	0	2	2	0	1	2	1	1	0	0	1	observed_term_no_disease_translation
Attribute_value_list	Hair_and_Surface_Characteristics	Attributes	Chấm nâu nhỏ			Chấm nâu nhỏ	Hair_and_Surface_Characteristics	Chấm nâu nhỏ	Attribute_Characteristics	Hair_and_Surface_Characteristics	0	0	0	0	0	1	1	0	0	1	0	0	0	0	0	observed_term_no_disease_translation
Attribute_value_list	Hair_and_Surface_Characteristics	Attributes	Chấm tăng sắc tố			Chấm tăng sắc tố	Hair_and_Surface_Characteristics	Chấm tăng sắc tố	Attribute_Characteristics	Hair_and_Surface_Characteristics	0	0	0	0	0	1	1	0	0	1	1	1	0	0	1	observed_term_no_disease_translation
Attribute_value_list	Hair_and_Surface_Characteristics	Attributes	Chấm đen			Chấm đen	Hair_and_Surface_Characteristics	Chấm đen	Attribute_Characteristics	Hair_and_Surface_Characteristics	0	0	0	0	0	2	2	0	0	2	1	1	0	0	1	observed_term_no_disease_translation
Attribute_value_list	Hair_and_Surface_Characteristics	Attributes	Chấm đỏ			Chấm đỏ	Hair_and_Surface_Characteristics	Chấm đỏ	Attribute_Characteristics	Hair_and_Surface_Characteristics	0	0	0	0	0	1	1	0	0	1	1	1	0	0	1	observed_term_no_disease_translation
Attribute_value_list	Hair_and_Surface_Characteristics	Attributes	Có lông			Có lông	Hair_and_Surface_Characteristics	Có lông	Attribute_Characteristics	Hair_and_Surface_Characteristics	1	1	0	1	1	1	1	0	1	1	1	1	0	1	1	observed_term_no_disease_translation
Attribute_value_list	Hair_and_Surface_Characteristics	Attributes	Có vảy			Có vảy	Hair_and_Surface_Characteristics	Có vảy	Attribute_Characteristics	Hair_and_Surface_Characteristics	0	0	0	1	1	0	0	0	8	8	0	0	0	2	2	observed_term_no_disease_translation
Attribute_value_list	Hair_and_Surface_Characteristics	Attributes	Da bóng			Da bóng	Hair_and_Surface_Characteristics	Da bóng	Attribute_Characteristics	Hair_and_Surface_Characteristics	0	0	0	0	0	5	5	0	1	5	3	3	0	1	3	observed_term_no_disease_translation
Attribute_value_list	Hair_and_Surface_Characteristics	Attributes	Da bóng nhờn			Da bóng nhờn	Hair_and_Surface_Characteristics	Da bóng nhờn	Attribute_Characteristics	Hair_and_Surface_Characteristics	0	0	0	0	0	1	1	0	1	1	0	0	0	0	0	observed_term_no_disease_translation
Attribute_value_list	Hair_and_Surface_Characteristics	Attributes	Da dày			Da dày	Hair_and_Surface_Characteristics	Da dày	Attribute_Characteristics	Hair_and_Surface_Characteristics	1	1	0	0	1	4	4	0	1	4	1	1	0	0	1	observed_term_no_disease_translation
Attribute_value_list	Hair_and_Surface_Characteristics	Attributes	Da khô			Da khô	Hair_and_Surface_Characteristics	Da khô	Attribute_Characteristics	Hair_and_Surface_Characteristics	0	0	0	0	0	3	3	0	1	3	2	2	0	1	2	observed_term_no_disease_translation
Attribute_value_list	Hair_and_Surface_Characteristics	Attributes	Da mỏng			Da mỏng	Hair_and_Surface_Characteristics	Da mỏng	Attribute_Characteristics	Hair_and_Surface_Characteristics	0	0	0	0	0	1	1	0	0	1	0	0	0	0	0	observed_term_no_disease_translation
Attribute_value_list	Hair_and_Surface_Characteristics	Attributes	Da nhăn			Da nhăn	Hair_and_Surface_Characteristics	Da nhăn	Attribute_Characteristics	Hair_and_Surface_Characteristics	0	0	0	0	0	1	1	0	0	1	0	0	0	0	0	observed_term_no_disease_translation
Attribute_value_list	Hair_and_Surface_Characteristics	Attributes	Da nhẵn			Da nhẵn	Hair_and_Surface_Characteristics	Da nhẵn	Attribute_Characteristics	Hair_and_Surface_Characteristics	1	1	0	0	1	9	9	0	2	9	2	2	0	1	2	observed_term_no_disease_translation
Attribute_value_list	Hair_and_Surface_Characteristics	Attributes	Da sần			Da sần	Hair_and_Surface_Characteristics	Da sần	Attribute_Characteristics	Hair_and_Surface_Characteristics	0	0	0	0	0	2	2	0	1	2	1	1	0	0	1	observed_term_no_disease_translation
Attribute_value_list	Hair_and_Surface_Characteristics	Attributes	Da sần nhẹ			Da sần nhẹ	Hair_and_Surface_Characteristics	Da sần nhẹ	Attribute_Characteristics	Hair_and_Surface_Characteristics	0	0	0	0	0	1	1	0	0	1	1	1	0	0	1	observed_term_no_disease_translation
Attribute_value_list	Hair_and_Surface_Characteristics	Attributes	Da trơn			Da trơn	Hair_and_Surface_Characteristics	Da trơn	Attribute_Characteristics	Hair_and_Surface_Characteristics	1	1	0	0	1	2	2	0	0	2	2	2	0	0	2	observed_term_no_disease_translation
Attribute_value_list	Hair_and_Surface_Characteristics	Attributes	Da trơn láng			Da trơn láng	Hair_and_Surface_Characteristics	Da trơn láng	Attribute_Characteristics	Hair_and_Surface_Characteristics	0	0	0	0	0	1	1	0	0	1	0	0	0	0	0	observed_term_no_disease_translation
Attribute_value_list	Hair_and_Surface_Characteristics	Attributes	Da đầu bóng			Da đầu bóng	Hair_and_Surface_Characteristics	Da đầu bóng	Attribute_Characteristics	Hair_and_Surface_Characteristics	0	0	0	0	0	1	1	0	0	1	1	1	0	0	1	observed_term_no_disease_translation
Attribute_value_list	Hair_and_Surface_Characteristics	Attributes	Da đầu nhẵn			Da đầu nhẵn	Hair_and_Surface_Characteristics	Da đầu nhẵn	Attribute_Characteristics	Hair_and_Surface_Characteristics	0	0	0	0	0	2	2	0	2	2	1	1	0	1	1	observed_term_no_disease_translation
Attribute_value_list	Hair_and_Surface_Characteristics	Attributes	Da đỏ nhẹ			Da đỏ nhẹ	Hair_and_Surface_Characteristics	Da đỏ nhẹ	Attribute_Characteristics	Hair_and_Surface_Characteristics	1	1	0	0	1	0	0	0	0	0	0	0	0	0	0	observed_term_no_disease_translation
Attribute_value_list	Hair_and_Surface_Characteristics	Attributes	Dày da			Dày da	Hair_and_Surface_Characteristics	Dày da	Attribute_Characteristics	Hair_and_Surface_Characteristics	0	0	0	0	0	1	1	0	1	1	0	0	0	0	0	observed_term_no_disease_translation
Attribute_value_list	Hair_and_Surface_Characteristics	Attributes	Dày da nhẹ			Dày da nhẹ	Hair_and_Surface_Characteristics	Dày da nhẹ	Attribute_Characteristics	Hair_and_Surface_Characteristics	0	0	0	0	0	1	1	0	1	1	0	0	0	0	0	observed_term_no_disease_translation
Attribute_value_list	Hair_and_Surface_Characteristics	Attributes	Dịch mủ			Dịch mủ	Hair_and_Surface_Characteristics	Dịch mủ	Attribute_Characteristics	Hair_and_Surface_Characteristics	0	0	0	0	0	1	1	0	0	1	1	1	0	0	1	observed_term_no_disease_translation
Attribute_value_list	Hair_and_Surface_Characteristics	Attributes	Dịch tiết			Dịch tiết	Hair_and_Surface_Characteristics	Dịch tiết	Attribute_Characteristics	Hair_and_Surface_Characteristics	0	0	0	0	0	1	1	0	0	1	0	0	0	0	0	observed_term_no_disease_translation
Attribute_value_list	Hair_and_Surface_Characteristics	Attributes	Giãn mao mạch			Giãn mao mạch	Hair_and_Surface_Characteristics	Giãn mao mạch	Attribute_Characteristics	Hair_and_Surface_Characteristics	0	0	0	0	0	1	1	0	0	1	0	0	0	0	0	observed_term_no_disease_translation
Attribute_value_list	Hair_and_Surface_Characteristics	Attributes	Giãn mạch			Giãn mạch	Hair_and_Surface_Characteristics	Giãn mạch	Attribute_Characteristics	Hair_and_Surface_Characteristics	2	2	0	1	2	6	6	0	3	8	2	2	0	1	2	observed_term_no_disease_translation
Attribute_value_list	Hair_and_Surface_Characteristics	Attributes	Giãn mạch mảnh			Giãn mạch mảnh	Hair_and_Surface_Characteristics	Giãn mạch mảnh	Attribute_Characteristics	Hair_and_Surface_Characteristics	0	0	0	0	0	2	2	0	0	2	2	2	0	0	2	observed_term_no_disease_translation
Attribute_value_list	Hair_and_Surface_Characteristics	Attributes	Giãn mạch nhẹ			Giãn mạch nhẹ	Hair_and_Surface_Characteristics	Giãn mạch nhẹ	Attribute_Characteristics	Hair_and_Surface_Characteristics	0	0	0	0	0	1	1	0	0	1	0	0	0	0	0	observed_term_no_disease_translation
Attribute_value_list	Hair_and_Surface_Characteristics	Attributes	Giãn mạch nhỏ			Giãn mạch nhỏ	Hair_and_Surface_Characteristics	Giãn mạch nhỏ	Attribute_Characteristics	Hair_and_Surface_Characteristics	0	0	0	0	0	3	3	0	3	3	3	3	0	3	3	observed_term_no_disease_translation
Attribute_value_list	Hair_and_Surface_Characteristics	Attributes	Giảm lông mày			Giảm lông mày	Hair_and_Surface_Characteristics	Giảm lông mày	Attribute_Characteristics	Hair_and_Surface_Characteristics	0	0	0	0	0	1	1	0	0	1	1	1	0	0	1	observed_term_no_disease_translation
Attribute_value_list	Hair_and_Surface_Characteristics	Attributes	Giảm mật độ			Giảm mật độ	Hair_and_Surface_Characteristics	Giảm mật độ	Attribute_Characteristics	Hair_and_Surface_Characteristics	1	1	0	0	1	3	3	0	1	3	0	0	0	0	0	observed_term_no_disease_translation
Attribute_value_list	Hair_and_Surface_Characteristics	Attributes	Giảm mật độ tóc			Giảm mật độ tóc	Hair_and_Surface_Characteristics	Giảm mật độ tóc	Attribute_Characteristics	Hair_and_Surface_Characteristics	0	0	0	0	0	2	2	0	0	2	2	2	0	0	2	observed_term_no_disease_translation
Attribute_value_list	Hair_and_Surface_Characteristics	Attributes	Giảm tóc			Giảm tóc	Hair_and_Surface_Characteristics	Giảm tóc	Attribute_Characteristics	Hair_and_Surface_Characteristics	1	1	0	0	1	1	1	0	1	1	1	1	0	1	1	observed_term_no_disease_translation
Attribute_value_list	Hair_and_Surface_Characteristics	Attributes	Giới hạn rõ			Giới hạn rõ	Hair_and_Surface_Characteristics	Giới hạn rõ	Attribute_Characteristics	Hair_and_Surface_Characteristics	0	0	0	0	0	1	1	0	0	1	1	1	0	0	1	observed_term_no_disease_translation
Attribute_value_list	Hair_and_Surface_Characteristics	Attributes	Gãy sát da			Gãy sát da	Hair_and_Surface_Characteristics	Gãy sát da	Attribute_Characteristics	Hair_and_Surface_Characteristics	0	0	0	0	0	1	1	0	0	1	0	0	0	0	0	observed_term_no_disease_translation
Attribute_value_list	Hair_and_Surface_Characteristics	Attributes	Gồ cao			Gồ cao	Hair_and_Surface_Characteristics	Gồ cao	Attribute_Characteristics	Hair_and_Surface_Characteristics	0	0	0	0	0	0	0	0	6	6	0	0	0	3	3	observed_term_no_disease_translation
Attribute_value_list	Hair_and_Surface_Characteristics	Attributes	Gồ ghề			Gồ ghề	Hair_and_Surface_Characteristics	Gồ ghề	Attribute_Characteristics	Hair_and_Surface_Characteristics	1	1	0	1	1	0	0	0	0	0	0	0	0	0	0	observed_term_no_disease_translation
Attribute_value_list	Hair_and_Surface_Characteristics	Attributes	Hoại tử			Hoại tử	Hair_and_Surface_Characteristics	Hoại tử	Attribute_Characteristics	Hair_and_Surface_Characteristics	0	0	0	2	2	0	0	0	6	6	0	0	0	0	0	observed_term_no_disease_translation
Attribute_value_list	Hair_and_Surface_Characteristics	Attributes	Hồng ban nhẹ			Hồng ban nhẹ	Hair_and_Surface_Characteristics	Hồng ban nhẹ	Attribute_Characteristics	Hair_and_Surface_Characteristics	0	0	0	0	0	1	1	0	0	1	0	0	0	0	0	observed_term_no_disease_translation
Attribute_value_list	Hair_and_Surface_Characteristics	Attributes	Khô			Khô	Hair_and_Surface_Characteristics	Khô	Attribute_Characteristics	Hair_and_Surface_Characteristics	0	0	0	0	0	1	1	0	1	1	1	1	0	1	1	observed_term_no_disease_translation
Attribute_value_list	Hair_and_Surface_Characteristics	Attributes	Khô da			Khô da	Hair_and_Surface_Characteristics	Khô da	Attribute_Characteristics	Hair_and_Surface_Characteristics	1	1	0	0	1	2	2	0	0	2	0	0	0	0	0	observed_term_no_disease_translation
Attribute_value_list	Hair_and_Surface_Characteristics	Attributes	Lichen hóa nhẹ			Lichen hóa nhẹ	Hair_and_Surface_Characteristics	Lichen hóa nhẹ	Attribute_Characteristics	Hair_and_Surface_Characteristics	0	0	0	0	0	1	1	0	1	1	1	1	0	1	1	observed_term_no_disease_translation
Attribute_value_list	Hair_and_Surface_Characteristics	Attributes	Loang lổ			Loang lổ	Hair_and_Surface_Characteristics	Loang lổ	Attribute_Characteristics	Hair_and_Surface_Characteristics	0	0	0	0	0	1	1	0	0	1	0	0	0	0	0	observed_term_no_disease_translation
Attribute_value_list	Hair_and_Surface_Characteristics	Attributes	Loét			Loét	Hair_and_Surface_Characteristics	Loét	Attribute_Characteristics	Hair_and_Surface_Characteristics	0	0	0	0	0	0	0	0	3	3	0	0	0	1	1	observed_term_no_disease_translation
Attribute_value_list	Hair_and_Surface_Characteristics	Attributes	Loét trợt			Loét trợt	Hair_and_Surface_Characteristics	Loét trợt	Attribute_Characteristics	Hair_and_Surface_Characteristics	0	0	0	0	0	1	1	0	1	1	0	0	0	0	0	observed_term_no_disease_translation
Attribute_value_list	Hair_and_Surface_Characteristics	Attributes	Lông bạc màu			Lông bạc màu	Hair_and_Surface_Characteristics	Lông bạc màu	Attribute_Characteristics	Hair_and_Surface_Characteristics	1	1	0	0	1	0	0	0	0	0	0	0	0	0	0	observed_term_no_disease_translation
Attribute_value_list	Hair_and_Surface_Characteristics	Attributes	Lông cạo ngắn			Lông cạo ngắn	Hair_and_Surface_Characteristics	Lông cạo ngắn	Attribute_Characteristics	Hair_and_Surface_Characteristics	0	0	0	0	0	2	2	0	0	2	1	1	0	0	1	observed_term_no_disease_translation
Attribute_value_list	Hair_and_Surface_Characteristics	Attributes	Lông da rõ			Lông da rõ	Hair_and_Surface_Characteristics	Lông da rõ	Attribute_Characteristics	Hair_and_Surface_Characteristics	0	0	0	0	0	1	1	0	0	1	0	0	0	0	0	observed_term_no_disease_translation
Attribute_value_list	Hair_and_Surface_Characteristics	Attributes	Lông dày			Lông dày	Hair_and_Surface_Characteristics	Lông dày	Attribute_Characteristics	Hair_and_Surface_Characteristics	0	0	0	0	0	1	1	0	0	1	0	0	0	0	0	observed_term_no_disease_translation
Attribute_value_list	Hair_and_Surface_Characteristics	Attributes	Lông gãy			Lông gãy	Hair_and_Surface_Characteristics	Lông gãy	Attribute_Characteristics	Hair_and_Surface_Characteristics	0	0	0	0	0	2	2	0	0	2	0	0	0	0	0	observed_term_no_disease_translation
Attribute_value_list	Hair_and_Surface_Characteristics	Attributes	Lông lởm chởm			Lông lởm chởm	Hair_and_Surface_Characteristics	Lông lởm chởm	Attribute_Characteristics	Hair_and_Surface_Characteristics	0	0	0	0	0	1	1	0	0	1	1	1	0	0	1	observed_term_no_disease_translation
Attribute_value_list	Hair_and_Surface_Characteristics	Attributes	Lông mảnh			Lông mảnh	Hair_and_Surface_Characteristics	Lông mảnh	Attribute_Characteristics	Hair_and_Surface_Characteristics	0	0	0	0	0	1	1	0	0	1	1	1	0	0	1	observed_term_no_disease_translation
Attribute_value_list	Hair_and_Surface_Characteristics	Attributes	Lông mọc			Lông mọc	Hair_and_Surface_Characteristics	Lông mọc	Attribute_Characteristics	Hair_and_Surface_Characteristics	0	0	0	0	0	1	1	0	0	1	0	0	0	0	0	observed_term_no_disease_translation
Attribute_value_list	Hair_and_Surface_Characteristics	Attributes	Lông mọc ngược			Lông mọc ngược	Hair_and_Surface_Characteristics	Lông mọc ngược	Attribute_Characteristics	Hair_and_Surface_Characteristics	0	0	0	0	0	2	2	0	1	2	1	1	0	0	1	observed_term_no_disease_translation
Attribute_value_list	Hair_and_Surface_Characteristics	Attributes	Lông râu			Lông râu	Hair_and_Surface_Characteristics	Lông râu	Attribute_Characteristics	Hair_and_Surface_Characteristics	0	0	0	0	0	1	1	0	1	1	1	1	0	1	1	observed_term_no_disease_translation
Attribute_value_list	Hair_and_Surface_Characteristics	Attributes	Lông rậm			Lông rậm	Hair_and_Surface_Characteristics	Lông rậm	Attribute_Characteristics	Hair_and_Surface_Characteristics	1	1	0	0	1	3	3	0	2	3	1	1	0	1	1	observed_term_no_disease_translation
Attribute_value_list	Hair_and_Surface_Characteristics	Attributes	Lông thưa			Lông thưa	Hair_and_Surface_Characteristics	Lông thưa	Attribute_Characteristics	Hair_and_Surface_Characteristics	0	0	0	0	0	13	13	0	3	13	3	3	0	2	3	observed_term_no_disease_translation
Attribute_value_list	Hair_and_Surface_Characteristics	Attributes	Lông trắng			Lông trắng	Hair_and_Surface_Characteristics	Lông trắng	Attribute_Characteristics	Hair_and_Surface_Characteristics	1	1	0	1	1	2	2	0	0	2	0	0	0	0	0	observed_term_no_disease_translation
Attribute_value_list	Hair_and_Surface_Characteristics	Attributes	Lông tóc thưa			Lông tóc thưa	Hair_and_Surface_Characteristics	Lông tóc thưa	Attribute_Characteristics	Hair_and_Surface_Characteristics	0	0	0	0	0	1	1	0	1	1	0	0	0	0	0	observed_term_no_disease_translation
Attribute_value_list	Hair_and_Surface_Characteristics	Attributes	Lông tóc tơ			Lông tóc tơ	Hair_and_Surface_Characteristics	Lông tóc tơ	Attribute_Characteristics	Hair_and_Surface_Characteristics	0	0	0	0	0	1	1	0	1	1	0	0	0	0	0	observed_term_no_disease_translation
Attribute_value_list	Hair_and_Surface_Characteristics	Attributes	Lông tơ			Lông tơ	Hair_and_Surface_Characteristics	Lông tơ	Attribute_Characteristics	Hair_and_Surface_Characteristics	1	1	0	1	1	2	2	0	1	2	1	1	0	1	1	observed_term_no_disease_translation
Attribute_value_list	Hair_and_Surface_Characteristics	Attributes	Lông tơ mảnh			Lông tơ mảnh	Hair_and_Surface_Characteristics	Lông tơ mảnh	Attribute_Characteristics	Hair_and_Surface_Characteristics	0	0	0	0	0	1	1	0	0	1	0	0	0	0	0	observed_term_no_disease_translation
Attribute_value_list	Hair_and_Surface_Characteristics	Attributes	Lông xen kẽ			Lông xen kẽ	Hair_and_Surface_Characteristics	Lông xen kẽ	Attribute_Characteristics	Hair_and_Surface_Characteristics	0	0	0	0	0	1	1	0	0	1	0	0	0	0	0	observed_term_no_disease_translation
Attribute_value_list	Hair_and_Surface_Characteristics	Attributes	Lông xuyên qua			Lông xuyên qua	Hair_and_Surface_Characteristics	Lông xuyên qua	Attribute_Characteristics	Hair_and_Surface_Characteristics	0	0	0	0	0	5	5	0	1	5	1	1	0	0	1	observed_term_no_disease_translation
Attribute_value_list	Hair_and_Surface_Characteristics	Attributes	Lõm da			Lõm da	Hair_and_Surface_Characteristics	Lõm da	Attribute_Characteristics	Hair_and_Surface_Characteristics	0	0	0	0	0	1	1	0	0	1	1	1	0	0	1	observed_term_no_disease_translation
Attribute_value_list	Hair_and_Surface_Characteristics	Attributes	Lõm giữa			Lõm giữa	Hair_and_Surface_Characteristics	Lõm giữa	Attribute_Characteristics	Hair_and_Surface_Characteristics	0	0	0	0	0	0	0	0	5	5	0	0	0	2	2	observed_term_no_disease_translation
Attribute_value_list	Hair_and_Surface_Characteristics	Attributes	Lỗ chân lông			Lỗ chân lông	Hair_and_Surface_Characteristics	Lỗ chân lông	Attribute_Characteristics	Hair_and_Surface_Characteristics	2	2	0	0	2	11	11	0	3	11	5	5	0	2	5	observed_term_no_disease_translation
Attribute_value_list	Hair_and_Surface_Characteristics	Attributes	Lỗ chân lông giãn			Lỗ chân lông giãn	Hair_and_Surface_Characteristics	Lỗ chân lông giãn	Attribute_Characteristics	Hair_and_Surface_Characteristics	2	2	0	1	2	5	5	0	2	5	1	1	0	1	1	observed_term_no_disease_translation
Attribute_value_list	Hair_and_Surface_Characteristics	Attributes	Lỗ chân lông rõ			Lỗ chân lông rõ	Hair_and_Surface_Characteristics	Lỗ chân lông rõ	Attribute_Characteristics	Hair_and_Surface_Characteristics	0	0	0	0	0	2	2	0	0	2	0	0	0	0	0	observed_term_no_disease_translation
Attribute_value_list	Hair_and_Surface_Characteristics	Attributes	Lỗ chân lông to			Lỗ chân lông to	Hair_and_Surface_Characteristics	Lỗ chân lông to	Attribute_Characteristics	Hair_and_Surface_Characteristics	0	0	0	0	0	3	3	0	1	3	1	1	0	0	1	observed_term_no_disease_translation
Attribute_value_list	Hair_and_Surface_Characteristics	Attributes	Lỗ chân tóc			Lỗ chân tóc	Hair_and_Surface_Characteristics	Lỗ chân tóc	Attribute_Characteristics	Hair_and_Surface_Characteristics	0	0	0	0	0	3	3	0	0	3	1	1	0	0	1	observed_term_no_disease_translation
Attribute_value_list	Hair_and_Surface_Characteristics	Attributes	Lỗ lông giãn			Lỗ lông giãn	Hair_and_Surface_Characteristics	Lỗ lông giãn	Attribute_Characteristics	Hair_and_Surface_Characteristics	0	0	0	0	0	1	1	0	1	1	0	0	0	0	0	observed_term_no_disease_translation
Attribute_value_list	Hair_and_Surface_Characteristics	Attributes	Lỗ mở			Lỗ mở	Hair_and_Surface_Characteristics	Lỗ mở	Attribute_Characteristics	Hair_and_Surface_Characteristics	0	0	0	0	0	1	1	0	1	1	1	1	0	1	1	observed_term_no_disease_translation
Attribute_value_list	Hair_and_Surface_Characteristics	Attributes	Lộ da đầu			Lộ da đầu	Hair_and_Surface_Characteristics	Lộ da đầu	Attribute_Characteristics	Hair_and_Surface_Characteristics	0	0	0	0	0	1	1	0	1	1	0	0	0	0	0	observed_term_no_disease_translation
Attribute_value_list	Hair_and_Surface_Characteristics	Attributes	Màu không đồng nhất			Màu không đồng nhất	Hair_and_Surface_Characteristics	Màu không đồng nhất	Attribute_Characteristics	Hair_and_Surface_Characteristics	0	0	0	0	0	1	1	0	0	1	1	1	0	0	1	observed_term_no_disease_translation
Attribute_value_list	Hair_and_Surface_Characteristics	Attributes	Mạch máu nhỏ			Mạch máu nhỏ	Hair_and_Surface_Characteristics	Mạch máu nhỏ	Attribute_Characteristics	Hair_and_Surface_Characteristics	0	0	0	0	0	1	1	0	1	1	0	0	0	0	0	observed_term_no_disease_translation
Attribute_value_list	Hair_and_Surface_Characteristics	Attributes	Mất lông mày			Mất lông mày	Hair_and_Surface_Characteristics	Mất lông mày	Attribute_Characteristics	Hair_and_Surface_Characteristics	0	0	0	0	0	1	1	0	0	1	0	0	0	0	0	observed_term_no_disease_translation
Attribute_value_list	Hair_and_Surface_Characteristics	Attributes	Mất nang lông			Mất nang lông	Hair_and_Surface_Characteristics	Mất nang lông	Attribute_Characteristics	Hair_and_Surface_Characteristics	0	0	0	0	0	1	1	0	1	1	0	0	0	0	0	observed_term_no_disease_translation
Attribute_value_list	Hair_and_Surface_Characteristics	Attributes	Mất tóc			Mất tóc	Hair_and_Surface_Characteristics	Mất tóc	Attribute_Characteristics	Hair_and_Surface_Characteristics	1	1	0	0	1	5	5	0	2	5	1	1	0	1	1	observed_term_no_disease_translation
Attribute_value_list	Hair_and_Surface_Characteristics	Attributes	Mụn mủ nang lông			Mụn mủ nang lông	Hair_and_Surface_Characteristics	Mụn mủ nang lông	Attribute_Characteristics	Hair_and_Surface_Characteristics	0	0	0	0	0	1	1	0	0	1	1	1	0	0	1	observed_term_no_disease_translation
Attribute_value_list	Hair_and_Surface_Characteristics	Attributes	Mụn mủ nhỏ			Mụn mủ nhỏ	Hair_and_Surface_Characteristics	Mụn mủ nhỏ	Attribute_Characteristics	Hair_and_Surface_Characteristics	0	0	0	0	0	3	3	0	0	3	0	0	0	0	0	observed_term_no_disease_translation
Attribute_value_list	Hair_and_Surface_Characteristics	Attributes	Nang lông			Nang lông	Hair_and_Surface_Characteristics	Nang lông	Attribute_Characteristics	Hair_and_Surface_Characteristics	0	0	0	0	0	1	1	0	0	1	1	1	0	0	1	observed_term_no_disease_translation
Attribute_value_list	Hair_and_Surface_Characteristics	Attributes	Nhiều hạt nhỏ			Nhiều hạt nhỏ	Hair_and_Surface_Characteristics	Nhiều hạt nhỏ	Attribute_Characteristics	Hair_and_Surface_Characteristics	0	0	0	0	0	1	1	0	0	1	1	1	0	0	1	observed_term_no_disease_translation
Attribute_value_list	Hair_and_Surface_Characteristics	Attributes	Nhiều mảng			Nhiều mảng	Hair_and_Surface_Characteristics	Nhiều mảng	Attribute_Characteristics	Hair_and_Surface_Characteristics	0	0	0	0	0	2	2	0	0	2	0	0	0	0	0	observed_term_no_disease_translation
Attribute_value_list	Hair_and_Surface_Characteristics	Attributes	Nhiều nốt nhỏ			Nhiều nốt nhỏ	Hair_and_Surface_Characteristics	Nhiều nốt nhỏ	Attribute_Characteristics	Hair_and_Surface_Characteristics	0	0	0	0	0	1	1	0	1	1	0	0	0	0	0	observed_term_no_disease_translation
Attribute_value_list	Hair_and_Surface_Characteristics	Attributes	Nhân mụn			Nhân mụn	Hair_and_Surface_Characteristics	Nhân mụn	Attribute_Characteristics	Hair_and_Surface_Characteristics	0	0	0	0	0	1	1	0	1	1	0	0	0	0	0	observed_term_no_disease_translation
Attribute_value_list	Hair_and_Surface_Characteristics	Attributes	Nhẵn			Nhẵn	Hair_and_Surface_Characteristics	Nhẵn	Attribute_Characteristics	Hair_and_Surface_Characteristics	3	3	0	1	3	3	3	0	4	7	3	3	0	1	4	observed_term_no_disease_translation
Attribute_value_list	Hair_and_Surface_Characteristics	Attributes	Nếp gấp dọc			Nếp gấp dọc	Hair_and_Surface_Characteristics	Nếp gấp dọc	Attribute_Characteristics	Hair_and_Surface_Characteristics	0	0	0	0	0	1	1	0	1	1	0	0	0	0	0	observed_term_no_disease_translation
Attribute_value_list	Hair_and_Surface_Characteristics	Attributes	Nếp gấp sâu			Nếp gấp sâu	Hair_and_Surface_Characteristics	Nếp gấp sâu	Attribute_Characteristics	Hair_and_Surface_Characteristics	1	1	0	0	1	0	0	0	0	0	0	0	0	0	0	observed_term_no_disease_translation
Attribute_value_list	Hair_and_Surface_Characteristics	Attributes	Nếp nhăn			Nếp nhăn	Hair_and_Surface_Characteristics	Nếp nhăn	Attribute_Characteristics	Hair_and_Surface_Characteristics	0	0	0	0	0	2	2	0	0	2	1	1	0	0	1	observed_term_no_disease_translation
Attribute_value_list	Hair_and_Surface_Characteristics	Attributes	Nền da lông			Nền da lông	Hair_and_Surface_Characteristics	Nền da lông	Attribute_Characteristics	Hair_and_Surface_Characteristics	1	1	0	0	1	0	0	0	0	0	0	0	0	0	0	observed_term_no_disease_translation
Attribute_value_list	Hair_and_Surface_Characteristics	Attributes	Nền hồng ban			Nền hồng ban	Hair_and_Surface_Characteristics	Nền hồng ban	Attribute_Characteristics	Hair_and_Surface_Characteristics	0	0	0	0	0	1	1	0	1	1	1	1	0	1	1	observed_term_no_disease_translation
Attribute_value_list	Hair_and_Surface_Characteristics	Attributes	Phù nề			Phù nề	Hair_and_Surface_Characteristics	Phù nề	Attribute_Characteristics	Hair_and_Surface_Characteristics	0	0	0	2	2	0	0	0	7	7	0	0	0	6	6	observed_term_no_disease_translation
Attribute_value_list	Hair_and_Surface_Characteristics	Attributes	Quầng đỏ			Quầng đỏ	Hair_and_Surface_Characteristics	Quầng đỏ	Attribute_Characteristics	Hair_and_Surface_Characteristics	0	0	0	0	0	2	2	0	1	2	0	0	0	0	0	observed_term_no_disease_translation
Attribute_value_list	Hair_and_Surface_Characteristics	Attributes	Ranh giới rõ			Ranh giới rõ	Hair_and_Surface_Characteristics	Ranh giới rõ	Attribute_Characteristics	Hair_and_Surface_Characteristics	0	0	0	0	0	1	1	0	0	1	0	0	0	0	0	observed_term_no_disease_translation
Attribute_value_list	Hair_and_Surface_Characteristics	Attributes	Rậm lông			Rậm lông	Hair_and_Surface_Characteristics	Rậm lông	Attribute_Characteristics	Hair_and_Surface_Characteristics	0	0	0	0	0	1	1	0	0	1	1	1	0	0	1	observed_term_no_disease_translation
Attribute_value_list	Hair_and_Surface_Characteristics	Attributes	Rụng tóc			Rụng tóc	Hair_and_Surface_Characteristics	Rụng tóc	Attribute_Characteristics	Hair_and_Surface_Characteristics	0	0	0	0	0	14	14	0	5	14	6	6	0	2	6	observed_term_no_disease_translation
Attribute_value_list	Hair_and_Surface_Characteristics	Attributes	Sưng mi mắt			Sưng mi mắt	Hair_and_Surface_Characteristics	Sưng mi mắt	Attribute_Characteristics	Hair_and_Surface_Characteristics	0	0	0	0	0	1	1	0	0	1	0	0	0	0	0	observed_term_no_disease_translation
Attribute_value_list	Hair_and_Surface_Characteristics	Attributes	Sưng nhẹ			Sưng nhẹ	Hair_and_Surface_Characteristics	Sưng nhẹ	Attribute_Characteristics	Hair_and_Surface_Characteristics	0	0	0	0	0	1	1	0	0	1	1	1	0	0	1	observed_term_no_disease_translation
Attribute_value_list	Hair_and_Surface_Characteristics	Attributes	Sưng nề			Sưng nề	Hair_and_Surface_Characteristics	Sưng nề	Attribute_Characteristics	Hair_and_Surface_Characteristics	0	0	0	0	0	1	1	0	1	1	1	1	0	1	1	observed_term_no_disease_translation
Attribute_value_list	Hair_and_Surface_Characteristics	Attributes	Sẩn gồ			Sẩn gồ	Hair_and_Surface_Characteristics	Sẩn gồ	Attribute_Characteristics	Hair_and_Surface_Characteristics	0	0	0	0	0	1	1	0	0	1	1	1	0	0	1	observed_term_no_disease_translation
Attribute_value_list	Hair_and_Surface_Characteristics	Attributes	Sẩn nhỏ			Sẩn nhỏ	Hair_and_Surface_Characteristics	Sẩn nhỏ	Attribute_Characteristics	Hair_and_Surface_Characteristics	0	0	0	0	0	4	4	0	2	4	3	3	0	2	3	observed_term_no_disease_translation
Attribute_value_list	Hair_and_Surface_Characteristics	Attributes	Sẹo co kéo			Sẹo co kéo	Hair_and_Surface_Characteristics	Sẹo co kéo	Attribute_Characteristics	Hair_and_Surface_Characteristics	0	0	0	0	0	1	1	0	1	1	1	1	0	1	1	observed_term_no_disease_translation
Attribute_value_list	Hair_and_Surface_Characteristics	Attributes	Sẹo lõm			Sẹo lõm	Hair_and_Surface_Characteristics	Sẹo lõm	Attribute_Characteristics	Hair_and_Surface_Characteristics	1	1	0	0	1	2	2	0	1	2	0	0	0	0	0	observed_term_no_disease_translation
Attribute_value_list	Hair_and_Surface_Characteristics	Attributes	Sẹo nhỏ			Sẹo nhỏ	Hair_and_Surface_Characteristics	Sẹo nhỏ	Attribute_Characteristics	Hair_and_Surface_Characteristics	0	0	0	0	0	1	1	0	0	1	0	0	0	0	0	observed_term_no_disease_translation
Attribute_value_list	Hair_and_Surface_Characteristics	Attributes	Sẹo teo			Sẹo teo	Hair_and_Surface_Characteristics	Sẹo teo	Attribute_Characteristics	Hair_and_Surface_Characteristics	0	0	0	0	0	1	1	0	1	1	0	0	0	0	0	observed_term_no_disease_translation
Attribute_value_list	Hair_and_Surface_Characteristics	Attributes	Sừng hóa			Sừng hóa	Hair_and_Surface_Characteristics	Sừng hóa	Attribute_Characteristics	Hair_and_Surface_Characteristics	0	0	0	1	1	0	0	0	5	5	0	0	0	3	3	observed_term_no_disease_translation
Attribute_value_list	Hair_and_Surface_Characteristics	Attributes	Teo da			Teo da	Hair_and_Surface_Characteristics	Teo da	Attribute_Characteristics	Hair_and_Surface_Characteristics	0	0	0	0	0	2	2	0	1	2	0	0	0	0	0	observed_term_no_disease_translation
Attribute_value_list	Hair_and_Surface_Characteristics	Attributes	Thâm nâu			Thâm nâu	Hair_and_Surface_Characteristics	Thâm nâu	Attribute_Characteristics	Hair_and_Surface_Characteristics	0	0	0	0	0	1	1	0	0	1	0	0	0	0	0	observed_term_no_disease_translation
Attribute_value_list	Hair_and_Surface_Characteristics	Attributes	Thưa lông			Thưa lông	Hair_and_Surface_Characteristics	Thưa lông	Attribute_Characteristics	Hair_and_Surface_Characteristics	0	0	0	0	0	1	1	0	1	1	0	0	0	0	0	observed_term_no_disease_translation
Attribute_value_list	Hair_and_Surface_Characteristics	Attributes	Thưa tóc			Thưa tóc	Hair_and_Surface_Characteristics	Thưa tóc	Attribute_Characteristics	Hair_and_Surface_Characteristics	1	1	0	0	1	22	22	0	5	22	8	8	0	1	8	observed_term_no_disease_translation
Attribute_value_list	Hair_and_Surface_Characteristics	Attributes	Trung tâm bóng			Trung tâm bóng	Hair_and_Surface_Characteristics	Trung tâm bóng	Attribute_Characteristics	Hair_and_Surface_Characteristics	0	0	0	0	0	1	1	0	1	1	0	0	0	0	0	observed_term_no_disease_translation
Attribute_value_list	Hair_and_Surface_Characteristics	Attributes	Trung tâm lõm			Trung tâm lõm	Hair_and_Surface_Characteristics	Trung tâm lõm	Attribute_Characteristics	Hair_and_Surface_Characteristics	0	0	0	0	0	1	1	0	0	1	0	0	0	0	0	observed_term_no_disease_translation
Attribute_value_list	Hair_and_Surface_Characteristics	Attributes	Trung tâm nang lông			Trung tâm nang lông	Hair_and_Surface_Characteristics	Trung tâm nang lông	Attribute_Characteristics	Hair_and_Surface_Characteristics	0	0	0	0	0	1	1	0	0	1	1	1	0	0	1	observed_term_no_disease_translation
Attribute_value_list	Hair_and_Surface_Characteristics	Attributes	Trung tâm sẫm			Trung tâm sẫm	Hair_and_Surface_Characteristics	Trung tâm sẫm	Attribute_Characteristics	Hair_and_Surface_Characteristics	0	0	0	0	0	1	1	0	1	1	0	0	0	0	0	observed_term_no_disease_translation
Attribute_value_list	Hair_and_Surface_Characteristics	Attributes	Trầy xước			Trầy xước	Hair_and_Surface_Characteristics	Trầy xước	Attribute_Characteristics	Hair_and_Surface_Characteristics	0	0	0	0	0	1	1	0	0	1	0	0	0	0	0	observed_term_no_disease_translation
Attribute_value_list	Hair_and_Surface_Characteristics	Attributes	Trợt			Trợt	Hair_and_Surface_Characteristics	Trợt	Attribute_Characteristics	Hair_and_Surface_Characteristics	0	0	0	0	0	1	1	0	1	1	0	0	0	0	0	observed_term_no_disease_translation
Attribute_value_list	Hair_and_Surface_Characteristics	Attributes	Trợt da			Trợt da	Hair_and_Surface_Characteristics	Trợt da	Attribute_Characteristics	Hair_and_Surface_Characteristics	0	0	0	0	0	3	3	0	0	3	0	0	0	0	0	observed_term_no_disease_translation
Attribute_value_list	Hair_and_Surface_Characteristics	Attributes	Trợt nông			Trợt nông	Hair_and_Surface_Characteristics	Trợt nông	Attribute_Characteristics	Hair_and_Surface_Characteristics	0	0	0	0	0	1	1	0	0	1	0	0	0	0	0	observed_term_no_disease_translation
Attribute_value_list	Hair_and_Surface_Characteristics	Attributes	Tóc bết			Tóc bết	Hair_and_Surface_Characteristics	Tóc bết	Attribute_Characteristics	Hair_and_Surface_Characteristics	0	0	0	0	0	2	2	0	0	2	1	1	0	0	1	observed_term_no_disease_translation
Attribute_value_list	Hair_and_Surface_Characteristics	Attributes	Tóc bết dính			Tóc bết dính	Hair_and_Surface_Characteristics	Tóc bết dính	Attribute_Characteristics	Hair_and_Surface_Characteristics	0	0	0	0	0	1	1	0	1	1	0	0	0	0	0	observed_term_no_disease_translation
Attribute_value_list	Hair_and_Surface_Characteristics	Attributes	Tóc gãy			Tóc gãy	Hair_and_Surface_Characteristics	Tóc gãy	Attribute_Characteristics	Hair_and_Surface_Characteristics	1	1	0	0	1	9	9	0	3	9	5	5	0	1	5	observed_term_no_disease_translation
Attribute_value_list	Hair_and_Surface_Characteristics	Attributes	Tóc mảnh			Tóc mảnh	Hair_and_Surface_Characteristics	Tóc mảnh	Attribute_Characteristics	Hair_and_Surface_Characteristics	1	1	0	0	1	3	3	0	0	3	1	1	0	0	1	observed_term_no_disease_translation
Attribute_value_list	Hair_and_Surface_Characteristics	Attributes	Tóc thưa			Tóc thưa	Hair_and_Surface_Characteristics	Tóc thưa	Attribute_Characteristics	Hair_and_Surface_Characteristics	1	1	0	0	1	17	17	0	6	17	8	8	0	3	8	observed_term_no_disease_translation
Attribute_value_list	Hair_and_Surface_Characteristics	Attributes	Tóc tơ			Tóc tơ	Hair_and_Surface_Characteristics	Tóc tơ	Attribute_Characteristics	Hair_and_Surface_Characteristics	1	1	0	1	1	0	0	0	0	0	0	0	0	0	0	observed_term_no_disease_translation
Attribute_value_list	Hair_and_Surface_Characteristics	Attributes	Tăng lông			Tăng lông	Hair_and_Surface_Characteristics	Tăng lông	Attribute_Characteristics	Hair_and_Surface_Characteristics	1	1	0	1	1	1	1	0	1	1	0	0	0	0	0	observed_term_no_disease_translation
Attribute_value_list	Hair_and_Surface_Characteristics	Attributes	Tăng nếp da			Tăng nếp da	Hair_and_Surface_Characteristics	Tăng nếp da	Attribute_Characteristics	Hair_and_Surface_Characteristics	0	0	0	0	0	1	1	0	0	1	0	0	0	0	0	observed_term_no_disease_translation
Attribute_value_list	Hair_and_Surface_Characteristics	Attributes	Tăng sắc tố			Tăng sắc tố	Hair_and_Surface_Characteristics	Tăng sắc tố	Attribute_Characteristics	Hair_and_Surface_Characteristics	1	1	0	1	1	5	5	0	1	5	1	1	0	0	1	observed_term_no_disease_translation
Attribute_value_list	Hair_and_Surface_Characteristics	Attributes	Tăng sắc tố nền			Tăng sắc tố nền	Hair_and_Surface_Characteristics	Tăng sắc tố nền	Attribute_Characteristics	Hair_and_Surface_Characteristics	0	0	0	0	0	1	1	0	0	1	0	0	0	0	0	observed_term_no_disease_translation
Attribute_value_list	Hair_and_Surface_Characteristics	Attributes	Vảy			Vảy	Hair_and_Surface_Characteristics	Vảy	Attribute_Characteristics	Hair_and_Surface_Characteristics	0	0	0	0	0	4	4	0	1	4	1	1	0	0	1	observed_term_no_disease_translation
Attribute_value_list	Hair_and_Surface_Characteristics	Attributes	Vảy bám dính			Vảy bám dính	Hair_and_Surface_Characteristics	Vảy bám dính	Attribute_Characteristics	Hair_and_Surface_Characteristics	0	0	0	0	0	1	1	0	0	1	1	1	0	0	1	observed_term_no_disease_translation
Attribute_value_list	Hair_and_Surface_Characteristics	Attributes	Vảy dày			Vảy dày	Hair_and_Surface_Characteristics	Vảy dày	Attribute_Characteristics	Hair_and_Surface_Characteristics	0	0	0	0	0	6	6	0	2	6	3	3	0	1	3	observed_term_no_disease_translation
Attribute_value_list	Hair_and_Surface_Characteristics	Attributes	Vảy dính			Vảy dính	Hair_and_Surface_Characteristics	Vảy dính	Attribute_Characteristics	Hair_and_Surface_Characteristics	0	0	0	0	0	1	1	0	0	1	0	0	0	0	0	observed_term_no_disease_translation
Attribute_value_list	Hair_and_Surface_Characteristics	Attributes	Vảy mịn			Vảy mịn	Hair_and_Surface_Characteristics	Vảy mịn	Attribute_Characteristics	Hair_and_Surface_Characteristics	3	3	0	0	3	16	16	0	5	16	8	8	0	1	8	observed_term_no_disease_translation
Attribute_value_list	Hair_and_Surface_Characteristics	Attributes	Vảy mỏng			Vảy mỏng	Hair_and_Surface_Characteristics	Vảy mỏng	Attribute_Characteristics	Hair_and_Surface_Characteristics	0	0	0	0	0	3	3	0	6	8	1	1	0	3	3	observed_term_no_disease_translation
Attribute_value_list	Hair_and_Surface_Characteristics	Attributes	Vảy tiết			Vảy tiết	Hair_and_Surface_Characteristics	Vảy tiết	Attribute_Characteristics	Hair_and_Surface_Characteristics	1	1	0	1	2	15	15	0	4	18	5	5	0	1	6	observed_term_no_disease_translation
Attribute_value_list	Hair_and_Surface_Characteristics	Attributes	Vảy tiết dày			Vảy tiết dày	Hair_and_Surface_Characteristics	Vảy tiết dày	Attribute_Characteristics	Hair_and_Surface_Characteristics	0	0	0	0	0	2	2	0	0	2	0	0	0	0	0	observed_term_no_disease_translation
Attribute_value_list	Hair_and_Surface_Characteristics	Attributes	Vảy tiết mỏng			Vảy tiết mỏng	Hair_and_Surface_Characteristics	Vảy tiết mỏng	Attribute_Characteristics	Hair_and_Surface_Characteristics	0	0	0	0	0	1	1	0	0	1	0	0	0	0	0	observed_term_no_disease_translation
Attribute_value_list	Hair_and_Surface_Characteristics	Attributes	Vảy trắng			Vảy trắng	Hair_and_Surface_Characteristics	Vảy trắng	Attribute_Characteristics	Hair_and_Surface_Characteristics	0	0	0	0	0	1	1	0	1	1	1	1	0	1	1	observed_term_no_disease_translation
Attribute_value_list	Hair_and_Surface_Characteristics	Attributes	Vết cào mảnh			Vết cào mảnh	Hair_and_Surface_Characteristics	Vết cào mảnh	Attribute_Characteristics	Hair_and_Surface_Characteristics	0	0	0	0	0	1	1	0	0	1	1	1	0	0	1	observed_term_no_disease_translation
Attribute_value_list	Hair_and_Surface_Characteristics	Attributes	Ít vảy			Ít vảy	Hair_and_Surface_Characteristics	Ít vảy	Attribute_Characteristics	Hair_and_Surface_Characteristics	0	0	0	0	0	2	2	0	1	2	2	2	0	1	2	observed_term_no_disease_translation
Attribute_value_list	Hair_and_Surface_Characteristics	Attributes	Đa sắc tố			Đa sắc tố	Hair_and_Surface_Characteristics	Đa sắc tố	Attribute_Characteristics	Hair_and_Surface_Characteristics	0	0	0	0	0	1	1	0	0	1	0	0	0	0	0	observed_term_no_disease_translation
Attribute_value_list	Hair_and_Surface_Characteristics	Attributes	Đóng vảy			Đóng vảy	Hair_and_Surface_Characteristics	Đóng vảy	Attribute_Characteristics	Hair_and_Surface_Characteristics	0	0	0	0	0	4	4	0	1	4	1	1	0	0	1	observed_term_no_disease_translation
Attribute_value_list	Hair_and_Surface_Characteristics	Attributes	Đóng vảy tiết			Đóng vảy tiết	Hair_and_Surface_Characteristics	Đóng vảy tiết	Attribute_Characteristics	Hair_and_Surface_Characteristics	0	0	0	0	0	1	1	0	1	1	0	0	0	0	0	observed_term_no_disease_translation
Attribute_value_list	Hair_and_Surface_Characteristics	Attributes	Đốm nâu			Đốm nâu	Hair_and_Surface_Characteristics	Đốm nâu	Attribute_Characteristics	Hair_and_Surface_Characteristics	0	0	0	0	0	1	1	0	0	1	0	0	0	0	0	observed_term_no_disease_translation
Attribute_value_list	Hair_and_Surface_Characteristics	Attributes	Đốm nâu nhỏ			Đốm nâu nhỏ	Hair_and_Surface_Characteristics	Đốm nâu nhỏ	Attribute_Characteristics	Hair_and_Surface_Characteristics	0	0	0	0	0	1	1	0	0	1	0	0	0	0	0	observed_term_no_disease_translation
Attribute_value_list	Hair_Morphology	Attributes	bong vảy			bong vảy	Hair_Morphology	bong vảy	Attribute_Characteristics	Hair_Morphology	0	0	0	0	0	0	1	0	0	1	0	0	0	0	0	observed_term_no_disease_translation
Attribute_value_list	Hair_Morphology	Attributes	Bó tóc			Bó tóc	Hair_Morphology	Bó tóc	Attribute_Characteristics	Hair_Morphology	0	0	0	0	0	1	1	0	0	1	0	0	0	0	0	observed_term_no_disease_translation
Attribute_value_list	Hair_Morphology	Attributes	Bóng nhờn			Bóng nhờn	Hair_Morphology	Bóng nhờn	Attribute_Characteristics	Hair_Morphology	0	0	0	0	0	0	1	0	0	1	0	0	0	0	0	observed_term_no_disease_translation
Attribute_value_list	Hair_Morphology	Attributes	Bề mặt gồ ghề			Bề mặt gồ ghề	Hair_Morphology	Bề mặt gồ ghề	Attribute_Characteristics	Hair_Morphology	0	0	0	0	0	0	1	0	0	1	0	0	0	0	0	observed_term_no_disease_translation
Attribute_value_list	Hair_Morphology	Attributes	bờ khá rõ			bờ khá rõ	Hair_Morphology	bờ khá rõ	Attribute_Characteristics	Hair_Morphology	0	0	0	0	0	0	1	0	0	1	0	1	0	0	1	observed_term_no_disease_translation
Attribute_value_list	Hair_Morphology	Attributes	Bờ mờ			Bờ mờ	Hair_Morphology	Bờ mờ	Attribute_Characteristics	Hair_Morphology	0	0	0	0	0	0	1	0	0	1	0	1	0	0	1	observed_term_no_disease_translation
Attribute_value_list	Hair_Morphology	Attributes	Chân tóc thưa			Chân tóc thưa	Hair_Morphology	Chân tóc thưa	Attribute_Characteristics	Hair_Morphology	0	0	0	0	0	1	1	0	0	1	1	1	0	0	1	observed_term_no_disease_translation
Attribute_value_list	Hair_Morphology	Attributes	Chấm nang lông			Chấm nang lông	Hair_Morphology	Chấm nang lông	Attribute_Characteristics	Hair_Morphology	0	0	0	0	0	0	1	0	0	1	0	0	0	0	0	observed_term_no_disease_translation
Attribute_value_list	Hair_Morphology	Attributes	chấm đen			chấm đen	Hair_Morphology	chấm đen || Chấm đen	Attribute_Characteristics	Hair_Morphology	0	1	0	0	1	0	1	0	0	1	0	0	0	0	0	observed_term_no_disease_translation
Attribute_value_list	Hair_Morphology	Attributes	Chấy trưởng thành			Chấy trưởng thành	Hair_Morphology	Chấy trưởng thành	Attribute_Characteristics	Hair_Morphology	0	0	0	0	0	1	1	0	0	1	0	0	0	0	0	observed_term_no_disease_translation
Attribute_value_list	Hair_Morphology	Attributes	Có vảy			Có vảy	Hair_Morphology	Có vảy	Attribute_Characteristics	Hair_Morphology	0	0	0	2	2	0	0	0	1	1	0	0	0	0	0	observed_term_no_disease_translation
Attribute_value_list	Hair_Morphology	Attributes	Côn trùng nhỏ			Côn trùng nhỏ	Hair_Morphology	Côn trùng nhỏ	Attribute_Characteristics	Hair_Morphology	1	1	0	0	1	0	0	0	0	0	0	0	0	0	0	observed_term_no_disease_translation
Attribute_value_list	Hair_Morphology	Attributes	Da bóng			Da bóng	Hair_Morphology	Da bóng	Attribute_Characteristics	Hair_Morphology	0	0	0	0	0	0	1	0	0	1	0	0	0	0	0	observed_term_no_disease_translation
Attribute_value_list	Hair_Morphology	Attributes	Da đầu nhẵn			Da đầu nhẵn	Hair_Morphology	Da đầu nhẵn	Attribute_Characteristics	Hair_Morphology	0	0	0	0	0	0	1	0	0	1	0	1	0	0	1	observed_term_no_disease_translation
Attribute_value_list	Hair_Morphology	Attributes	Dính tóc			Dính tóc	Hair_Morphology	Dính tóc	Attribute_Characteristics	Hair_Morphology	0	0	0	0	0	0	1	0	0	1	0	0	0	0	0	observed_term_no_disease_translation
Attribute_value_list	Hair_Morphology	Attributes	Giãn mạch nhỏ			Giãn mạch nhỏ	Hair_Morphology	Giãn mạch nhỏ	Attribute_Characteristics	Hair_Morphology	0	0	0	0	0	0	1	0	0	1	0	0	0	0	0	observed_term_no_disease_translation
Attribute_value_list	Hair_Morphology	Attributes	Hoại tử			Hoại tử	Hair_Morphology	Hoại tử	Attribute_Characteristics	Hair_Morphology	0	0	0	1	1	0	0	0	1	1	0	0	0	0	0	observed_term_no_disease_translation
Attribute_value_list	Hair_Morphology	Attributes	Khô da			Khô da	Hair_Morphology	Khô da	Attribute_Characteristics	Hair_Morphology	0	0	0	0	0	0	1	0	0	1	0	0	0	0	0	observed_term_no_disease_translation
Attribute_value_list	Hair_Morphology	Attributes	Ký sinh trùng			Ký sinh trùng	Hair_Morphology	Ký sinh trùng	Attribute_Characteristics	Hair_Morphology	0	0	0	0	0	1	1	0	0	1	0	0	0	0	0	observed_term_no_disease_translation
Attribute_value_list	Hair_Morphology	Attributes	Lông cạo ngắn			Lông cạo ngắn	Hair_Morphology	Lông cạo ngắn	Attribute_Characteristics	Hair_Morphology	0	0	0	0	0	1	1	0	0	1	1	1	0	0	1	observed_term_no_disease_translation
Attribute_value_list	Hair_Morphology	Attributes	Lông rậm			Lông rậm	Hair_Morphology	Lông rậm	Attribute_Characteristics	Hair_Morphology	0	0	0	0	0	1	2	0	0	2	0	0	0	0	0	observed_term_no_disease_translation
Attribute_value_list	Hair_Morphology	Attributes	Lông thưa			Lông thưa	Hair_Morphology	Lông thưa	Attribute_Characteristics	Hair_Morphology	0	0	0	0	0	0	2	0	0	2	0	0	0	0	0	observed_term_no_disease_translation
Attribute_value_list	Hair_Morphology	Attributes	Lông trắng			Lông trắng	Hair_Morphology	Lông trắng	Attribute_Characteristics	Hair_Morphology	0	0	0	0	0	1	1	0	0	1	0	0	0	0	0	observed_term_no_disease_translation
Attribute_value_list	Hair_Morphology	Attributes	Lông tóc trắng			Lông tóc trắng	Hair_Morphology	Lông tóc trắng	Attribute_Characteristics	Hair_Morphology	0	0	0	0	0	1	1	0	0	1	0	0	0	0	0	observed_term_no_disease_translation
Attribute_value_list	Hair_Morphology	Attributes	Lông tơ			Lông tơ	Hair_Morphology	Lông tơ	Attribute_Characteristics	Hair_Morphology	1	1	0	0	1	0	0	0	0	0	0	0	0	0	0	observed_term_no_disease_translation
Attribute_value_list	Hair_Morphology	Attributes	lông ‘Bong vảy			lông ‘Bong vảy	Hair_Morphology	lông ‘Bong vảy	Attribute_Characteristics	Hair_Morphology	0	0	0	0	0	0	2	0	0	2	0	0	0	0	0	observed_term_no_disease_translation
Attribute_value_list	Hair_Morphology	Attributes	lông ‘Bong vảy dày			lông ‘Bong vảy dày	Hair_Morphology	lông ‘Bong vảy dày	Attribute_Characteristics	Hair_Morphology	0	0	0	0	0	0	1	0	0	1	0	1	0	0	1	observed_term_no_disease_translation
Attribute_value_list	Hair_Morphology	Attributes	lông ‘Bề mặt bóng			lông ‘Bề mặt bóng	Hair_Morphology	lông ‘Bề mặt bóng	Attribute_Characteristics	Hair_Morphology	0	0	0	0	0	0	1	0	0	1	0	0	0	0	0	observed_term_no_disease_translation
Attribute_value_list	Hair_Morphology	Attributes	lông ‘có lông			lông ‘có lông	Hair_Morphology	lông ‘có lông	Attribute_Characteristics	Hair_Morphology	0	0	0	0	0	0	1	0	0	1	0	1	0	0	1	observed_term_no_disease_translation
Attribute_value_list	Hair_Morphology	Attributes	lông ‘Da bóng			lông ‘Da bóng	Hair_Morphology	lông ‘Da bóng	Attribute_Characteristics	Hair_Morphology	0	0	0	0	0	0	1	0	0	1	0	0	0	0	0	observed_term_no_disease_translation
Attribute_value_list	Hair_Morphology	Attributes	lông ‘Da dày			lông ‘Da dày	Hair_Morphology	lông ‘Da dày	Attribute_Characteristics	Hair_Morphology	0	0	0	0	0	0	3	0	0	3	0	0	0	0	0	observed_term_no_disease_translation
Attribute_value_list	Hair_Morphology	Attributes	lông ‘Khô da			lông ‘Khô da	Hair_Morphology	lông ‘Khô da	Attribute_Characteristics	Hair_Morphology	0	0	0	0	0	0	1	0	0	1	0	0	0	0	0	observed_term_no_disease_translation
Attribute_value_list	Hair_Morphology	Attributes	lông ‘Lông cạo ngắn			lông ‘Lông cạo ngắn	Hair_Morphology	lông ‘Lông cạo ngắn	Attribute_Characteristics	Hair_Morphology	0	0	0	0	0	0	1	0	0	1	0	0	0	0	0	observed_term_no_disease_translation
Attribute_value_list	Hair_Morphology	Attributes	lông ‘Lông nhiều			lông ‘Lông nhiều	Hair_Morphology	lông ‘Lông nhiều	Attribute_Characteristics	Hair_Morphology	0	0	0	0	0	0	1	0	0	1	0	0	0	0	0	observed_term_no_disease_translation
Attribute_value_list	Hair_Morphology	Attributes	lông ‘Lông thưa			lông ‘Lông thưa	Hair_Morphology	lông ‘Lông thưa	Attribute_Characteristics	Hair_Morphology	0	0	0	0	0	0	1	0	0	1	0	0	0	0	0	observed_term_no_disease_translation
Attribute_value_list	Hair_Morphology	Attributes	lông ‘Lông trắng			lông ‘Lông trắng	Hair_Morphology	lông ‘Lông trắng	Attribute_Characteristics	Hair_Morphology	0	0	0	0	0	0	1	0	0	1	0	0	0	0	0	observed_term_no_disease_translation
Attribute_value_list	Hair_Morphology	Attributes	lông ‘Lông tóc thưa			lông ‘Lông tóc thưa	Hair_Morphology	lông ‘Lông tóc thưa	Attribute_Characteristics	Hair_Morphology	0	0	0	0	0	0	2	0	0	2	0	0	0	0	0	observed_term_no_disease_translation
Attribute_value_list	Hair_Morphology	Attributes	lông ‘Mạch máu giãn			lông ‘Mạch máu giãn	Hair_Morphology	lông ‘Mạch máu giãn	Attribute_Characteristics	Hair_Morphology	0	0	0	0	0	0	1	0	0	1	0	0	0	0	0	observed_term_no_disease_translation
Attribute_value_list	Hair_Morphology	Attributes	lông ‘Mờ			lông ‘Mờ	Hair_Morphology	lông ‘Mờ	Attribute_Characteristics	Hair_Morphology	0	0	0	0	0	0	1	0	0	1	0	1	0	0	1	observed_term_no_disease_translation
Attribute_value_list	Hair_Morphology	Attributes	lông ‘sợi tóc đổi màu			lông ‘sợi tóc đổi màu	Hair_Morphology	lông ‘sợi tóc đổi màu	Attribute_Characteristics	Hair_Morphology	0	1	0	0	1	0	0	0	0	0	0	0	0	0	0	observed_term_no_disease_translation
Attribute_value_list	Hair_Morphology	Attributes	lông ‘Thưa lông			lông ‘Thưa lông	Hair_Morphology	lông ‘Thưa lông	Attribute_Characteristics	Hair_Morphology	0	0	0	0	0	0	1	0	0	1	0	1	0	0	1	observed_term_no_disease_translation
Attribute_value_list	Hair_Morphology	Attributes	lông ‘thưa tóc			lông ‘thưa tóc	Hair_Morphology	lông ‘thưa tóc	Attribute_Characteristics	Hair_Morphology	0	1	0	0	1	0	2	0	0	2	0	0	0	0	0	observed_term_no_disease_translation
Attribute_value_list	Hair_Morphology	Attributes	lông ‘tóc gãy			lông ‘tóc gãy	Hair_Morphology	lông ‘tóc gãy || lông ‘Tóc gãy	Attribute_Characteristics	Hair_Morphology	0	1	0	0	1	0	1	0	0	1	0	0	0	0	0	observed_term_no_disease_translation
Attribute_value_list	Hair_Morphology	Attributes	lông ‘Tóc mảnh			lông ‘Tóc mảnh	Hair_Morphology	lông ‘Tóc mảnh	Attribute_Characteristics	Hair_Morphology	0	0	0	0	0	0	1	0	0	1	0	0	0	0	0	observed_term_no_disease_translation
Attribute_value_list	Hair_Morphology	Attributes	lông ‘Tóc thưa			lông ‘Tóc thưa	Hair_Morphology	lông ‘Tóc thưa	Attribute_Characteristics	Hair_Morphology	0	0	0	0	0	0	1	0	0	1	0	1	0	0	1	observed_term_no_disease_translation
Attribute_value_list	Hair_Morphology	Attributes	lông ‘tăng sắc tố rõ			lông ‘tăng sắc tố rõ	Hair_Morphology	lông ‘tăng sắc tố rõ	Attribute_Characteristics	Hair_Morphology	0	0	0	0	0	0	1	0	0	1	0	0	0	0	0	observed_term_no_disease_translation
Attribute_value_list	Hair_Morphology	Attributes	lông ‘vảy dày			lông ‘vảy dày	Hair_Morphology	lông ‘vảy dày || lông ‘Vảy dày	Attribute_Characteristics	Hair_Morphology	0	0	0	0	0	0	3	0	0	3	0	0	0	0	0	observed_term_no_disease_translation
Attribute_value_list	Hair_Morphology	Attributes	lông ‘Vảy mịn			lông ‘Vảy mịn	Hair_Morphology	lông ‘Vảy mịn	Attribute_Characteristics	Hair_Morphology	0	0	0	0	0	0	1	0	0	1	0	1	0	0	1	observed_term_no_disease_translation
Attribute_value_list	Hair_Morphology	Attributes	lông ‘Vảy tiết			lông ‘Vảy tiết	Hair_Morphology	lông ‘Vảy tiết	Attribute_Characteristics	Hair_Morphology	0	0	0	0	0	0	1	0	0	1	0	0	0	0	0	observed_term_no_disease_translation
Attribute_value_list	Hair_Morphology	Attributes	lông ‘vảy trắng			lông ‘vảy trắng	Hair_Morphology	lông ‘vảy trắng	Attribute_Characteristics	Hair_Morphology	0	1	0	0	1	0	0	0	0	0	0	0	0	0	0	observed_term_no_disease_translation
Attribute_value_list	Hair_Morphology	Attributes	lông ‘Ẩm			lông ‘Ẩm	Hair_Morphology	lông ‘Ẩm	Attribute_Characteristics	Hair_Morphology	0	0	0	0	0	0	1	0	0	1	0	0	0	0	0	observed_term_no_disease_translation
Attribute_value_list	Hair_Morphology	Attributes	Lõm giữa			Lõm giữa	Hair_Morphology	Lõm giữa	Attribute_Characteristics	Hair_Morphology	0	0	0	1	1	0	0	0	1	1	0	0	0	0	0	observed_term_no_disease_translation
Attribute_value_list	Hair_Morphology	Attributes	lỗ chân lông			lỗ chân lông	Hair_Morphology	lỗ chân lông || Lỗ chân lông	Attribute_Characteristics	Hair_Morphology	0	0	0	0	0	0	2	0	0	2	0	0	0	0	0	observed_term_no_disease_translation
Attribute_value_list	Hair_Morphology	Attributes	Lỗ chân lông giãn			Lỗ chân lông giãn	Hair_Morphology	Lỗ chân lông giãn	Attribute_Characteristics	Hair_Morphology	0	0	0	0	0	0	3	0	0	3	0	0	0	0	0	observed_term_no_disease_translation
Attribute_value_list	Hair_Morphology	Attributes	Mật độ tóc giảm			Mật độ tóc giảm	Hair_Morphology	Mật độ tóc giảm	Attribute_Characteristics	Hair_Morphology	0	0	0	0	0	0	1	0	0	1	0	0	0	0	0	observed_term_no_disease_translation
Attribute_value_list	Hair_Morphology	Attributes	Phù nề			Phù nề	Hair_Morphology	Phù nề	Attribute_Characteristics	Hair_Morphology	0	0	0	0	0	0	0	0	1	1	0	0	0	0	0	observed_term_no_disease_translation
Attribute_value_list	Hair_Morphology	Attributes	Rụng tóc			Rụng tóc	Hair_Morphology	Rụng tóc	Attribute_Characteristics	Hair_Morphology	0	0	0	0	0	2	2	0	0	2	0	0	0	0	0	observed_term_no_disease_translation
Attribute_value_list	Hair_Morphology	Attributes	Sưng nề			Sưng nề	Hair_Morphology	Sưng nề	Attribute_Characteristics	Hair_Morphology	0	0	0	0	0	0	1	0	0	1	0	0	0	0	0	observed_term_no_disease_translation
Attribute_value_list	Hair_Morphology	Attributes	Sần sùi			Sần sùi	Hair_Morphology	Sần sùi	Attribute_Characteristics	Hair_Morphology	0	0	0	0	0	0	1	0	0	1	0	0	0	0	0	observed_term_no_disease_translation
Attribute_value_list	Hair_Morphology	Attributes	sẹo xơ			sẹo xơ	Hair_Morphology	sẹo xơ	Attribute_Characteristics	Hair_Morphology	0	0	0	0	0	0	1	0	0	1	0	0	0	0	0	observed_term_no_disease_translation
Attribute_value_list	Hair_Morphology	Attributes	Sợi tóc gãy			Sợi tóc gãy	Hair_Morphology	Sợi tóc gãy	Attribute_Characteristics	Hair_Morphology	0	0	0	0	0	1	1	0	0	1	0	0	0	0	0	observed_term_no_disease_translation
Attribute_value_list	Hair_Morphology	Attributes	sợi tóc sẫm màu			sợi tóc sẫm màu	Hair_Morphology	sợi tóc sẫm màu	Attribute_Characteristics	Hair_Morphology	0	1	0	0	1	0	0	0	0	0	0	0	0	0	0	observed_term_no_disease_translation
Attribute_value_list	Hair_Morphology	Attributes	Sừng hóa			Sừng hóa	Hair_Morphology	Sừng hóa	Attribute_Characteristics	Hair_Morphology	0	0	0	0	0	0	0	0	2	2	0	0	0	0	0	observed_term_no_disease_translation
Attribute_value_list	Hair_Morphology	Attributes	Thưa lông			Thưa lông	Hair_Morphology	Thưa lông	Attribute_Characteristics	Hair_Morphology	0	0	0	0	0	3	3	0	0	3	0	0	0	0	0	observed_term_no_disease_translation
Attribute_value_list	Hair_Morphology	Attributes	Thưa tóc			Thưa tóc	Hair_Morphology	Thưa tóc || thưa tóc	Attribute_Characteristics	Hair_Morphology	3	4	0	1	4	5	10	0	1	10	1	3	0	0	3	observed_term_no_disease_translation
Attribute_value_list	Hair_Morphology	Attributes	Trầy xước			Trầy xước	Hair_Morphology	Trầy xước	Attribute_Characteristics	Hair_Morphology	0	0	0	0	0	0	1	0	0	1	0	0	0	0	0	observed_term_no_disease_translation
Attribute_value_list	Hair_Morphology	Attributes	Trợt nông			Trợt nông	Hair_Morphology	Trợt nông	Attribute_Characteristics	Hair_Morphology	0	0	0	0	0	0	1	0	0	1	0	0	0	0	0	observed_term_no_disease_translation
Attribute_value_list	Hair_Morphology	Attributes	Trứng bám thân lông			Trứng bám thân lông	Hair_Morphology	Trứng bám thân lông	Attribute_Characteristics	Hair_Morphology	1	1	0	0	1	0	0	0	0	0	0	0	0	0	0	observed_term_no_disease_translation
Attribute_value_list	Hair_Morphology	Attributes	Trứng chấy			Trứng chấy	Hair_Morphology	Trứng chấy	Attribute_Characteristics	Hair_Morphology	0	0	0	0	0	1	1	0	0	1	0	0	0	0	0	observed_term_no_disease_translation
Attribute_value_list	Hair_Morphology	Attributes	tóc			tóc	Hair_Morphology	tóc	Attribute_Characteristics	Hair_Morphology	0	4	0	0	4	0	31	0	0	31	0	6	0	0	6	observed_term_no_disease_translation
Attribute_value_list	Hair_Morphology	Attributes	Tóc giảm sắc tố			Tóc giảm sắc tố	Hair_Morphology	Tóc giảm sắc tố	Attribute_Characteristics	Hair_Morphology	0	0	0	0	0	1	1	0	0	1	0	0	0	0	0	observed_term_no_disease_translation
Attribute_value_list	Hair_Morphology	Attributes	tóc gãy			tóc gãy	Hair_Morphology	tóc gãy || Tóc gãy	Attribute_Characteristics	Hair_Morphology	1	2	0	1	2	1	1	0	0	1	1	1	0	0	1	observed_term_no_disease_translation
Attribute_value_list	Hair_Morphology	Attributes	Tóc mảnh			Tóc mảnh	Hair_Morphology	Tóc mảnh	Attribute_Characteristics	Hair_Morphology	1	1	0	0	1	0	0	0	0	0	0	0	0	0	0	observed_term_no_disease_translation
Attribute_value_list	Hair_Morphology	Attributes	Tóc ngắn			Tóc ngắn	Hair_Morphology	Tóc ngắn	Attribute_Characteristics	Hair_Morphology	0	0	0	0	0	0	1	0	0	1	0	0	0	0	0	observed_term_no_disease_translation
Attribute_value_list	Hair_Morphology	Attributes	Tóc ngắn mảnh			Tóc ngắn mảnh	Hair_Morphology	Tóc ngắn mảnh	Attribute_Characteristics	Hair_Morphology	0	0	0	0	0	0	1	0	0	1	0	1	0	0	1	observed_term_no_disease_translation
Attribute_value_list	Hair_Morphology	Attributes	Tóc thưa			Tóc thưa	Hair_Morphology	Tóc thưa	Attribute_Characteristics	Hair_Morphology	1	1	0	1	1	2	5	0	1	5	0	0	0	0	0	observed_term_no_disease_translation
Attribute_value_list	Hair_Morphology	Attributes	Tăng sắc tố			Tăng sắc tố	Hair_Morphology	Tăng sắc tố	Attribute_Characteristics	Hair_Morphology	0	0	0	0	0	0	1	0	0	1	0	0	0	0	0	observed_term_no_disease_translation
Attribute_value_list	Hair_Morphology	Attributes	Vảy bám tóc			Vảy bám tóc	Hair_Morphology	Vảy bám tóc	Attribute_Characteristics	Hair_Morphology	0	0	0	0	0	0	1	0	0	1	0	1	0	0	1	observed_term_no_disease_translation
Attribute_value_list	Hair_Morphology	Attributes	Vảy khô			Vảy khô	Hair_Morphology	Vảy khô	Attribute_Characteristics	Hair_Morphology	0	0	0	0	0	0	1	0	0	1	0	1	0	0	1	observed_term_no_disease_translation
Attribute_value_list	Hair_Morphology	Attributes	Vảy mịn			Vảy mịn	Hair_Morphology	Vảy mịn	Attribute_Characteristics	Hair_Morphology	0	0	0	0	0	0	5	0	0	5	0	0	0	0	0	observed_term_no_disease_translation
Attribute_value_list	Hair_Morphology	Attributes	Vảy nang lông			Vảy nang lông	Hair_Morphology	Vảy nang lông	Attribute_Characteristics	Hair_Morphology	0	0	0	0	0	0	1	0	0	1	0	0	0	0	0	observed_term_no_disease_translation
Attribute_value_list	Hair_Morphology	Attributes	Vảy nhờn			Vảy nhờn	Hair_Morphology	Vảy nhờn	Attribute_Characteristics	Hair_Morphology	0	0	0	0	0	0	1	0	0	1	0	0	0	0	0	observed_term_no_disease_translation
Attribute_value_list	Hair_Morphology	Attributes	Vảy tiết			Vảy tiết	Hair_Morphology	Vảy tiết	Attribute_Characteristics	Hair_Morphology	0	0	0	1	1	0	0	0	0	0	0	0	0	0	0	observed_term_no_disease_translation
Attribute_value_list	Hair_Morphology	Attributes	Vảy tiết nhỏ			Vảy tiết nhỏ	Hair_Morphology	Vảy tiết nhỏ	Attribute_Characteristics	Hair_Morphology	0	0	0	0	0	0	1	0	0	1	0	0	0	0	0	observed_term_no_disease_translation
Attribute_value_list	Hair_Morphology	Attributes	Vảy tiết vàng			Vảy tiết vàng	Hair_Morphology	Vảy tiết vàng	Attribute_Characteristics	Hair_Morphology	0	0	0	0	0	0	1	0	0	1	0	0	0	0	0	observed_term_no_disease_translation
Attribute_value_list	Hair_Morphology	Attributes	Vật thể			Vật thể	Hair_Morphology	Vật thể	Attribute_Characteristics	Hair_Morphology	0	0	0	0	0	1	1	0	0	1	0	0	0	0	0	observed_term_no_disease_translation
Attribute_value_list	Nail_Morphology	Attributes	Biến dạng móng			Biến dạng móng	Nail_Morphology	Biến dạng móng || biến dạng móng	Attribute_Characteristics	Nail_Morphology	2	3	0	0	3	15	17	0	0	17	5	5	0	0	5	observed_term_no_disease_translation
Attribute_value_list	Nail_Morphology	Attributes	Biến đổi móng			Biến đổi móng	Nail_Morphology	Biến đổi móng	Attribute_Characteristics	Nail_Morphology	0	0	0	0	0	2	2	0	0	2	0	0	0	0	0	observed_term_no_disease_translation
Attribute_value_list	Nail_Morphology	Attributes	Băng ngang móng			Băng ngang móng	Nail_Morphology	Băng ngang móng	Attribute_Characteristics	Nail_Morphology	0	0	0	0	0	1	1	0	0	1	0	0	0	0	0	observed_term_no_disease_translation
Attribute_value_list	Nail_Morphology	Attributes	Bản móng			Bản móng	Nail_Morphology	Bản móng	Attribute_Characteristics	Nail_Morphology	0	0	0	0	0	1	1	0	0	1	1	1	0	0	1	observed_term_no_disease_translation
Attribute_value_list	Nail_Morphology	Attributes	Dày móng			Dày móng	Nail_Morphology	Dày móng	Attribute_Characteristics	Nail_Morphology	2	2	0	0	2	18	19	0	0	19	4	5	0	0	5	observed_term_no_disease_translation
Attribute_value_list	Nail_Morphology	Attributes	Dải sắc tố			Dải sắc tố	Nail_Morphology	Dải sắc tố	Attribute_Characteristics	Nail_Morphology	0	0	0	0	0	1	1	0	0	1	0	0	0	0	0	observed_term_no_disease_translation
Attribute_value_list	Nail_Morphology	Attributes	Dải trắng móng			Dải trắng móng	Nail_Morphology	Dải trắng móng	Attribute_Characteristics	Nail_Morphology	0	0	0	0	0	1	1	0	0	1	0	0	0	0	0	observed_term_no_disease_translation
Attribute_value_list	Nail_Morphology	Attributes	Hư móng			Hư móng	Nail_Morphology	Hư móng	Attribute_Characteristics	Nail_Morphology	0	0	0	0	0	1	1	0	0	1	0	0	0	0	0	observed_term_no_disease_translation
Attribute_value_list	Nail_Morphology	Attributes	Hồng ban			Hồng ban	Nail_Morphology	Hồng ban	Attribute_Characteristics	Nail_Morphology	0	0	0	0	0	2	2	0	0	2	1	1	0	0	1	observed_term_no_disease_translation
Attribute_value_list	Nail_Morphology	Attributes	Hồng ban quanh móng			Hồng ban quanh móng	Nail_Morphology	Hồng ban quanh móng	Attribute_Characteristics	Nail_Morphology	0	0	0	0	0	1	1	0	0	1	0	0	0	0	0	observed_term_no_disease_translation
Attribute_value_list	Nail_Morphology	Attributes	Loạn dưỡng móng			Loạn dưỡng móng	Nail_Morphology	Loạn dưỡng móng	Attribute_Characteristics	Nail_Morphology	0	0	0	0	0	13	14	0	0	14	4	4	0	0	4	observed_term_no_disease_translation
Attribute_value_list	Nail_Morphology	Attributes	Ly móng			Ly móng	Nail_Morphology	Ly móng	Attribute_Characteristics	Nail_Morphology	0	0	0	0	0	3	3	0	0	3	2	2	0	0	2	observed_term_no_disease_translation
Attribute_value_list	Nail_Morphology	Attributes	Móng biến dạng			Móng biến dạng	Nail_Morphology	Móng biến dạng	Attribute_Characteristics	Nail_Morphology	0	0	0	0	0	1	1	0	0	1	0	0	0	0	0	observed_term_no_disease_translation
Attribute_value_list	Nail_Morphology	Attributes	Móng dày			Móng dày	Nail_Morphology	Móng dày	Attribute_Characteristics	Nail_Morphology	1	1	0	0	1	0	0	0	0	0	0	0	0	0	0	observed_term_no_disease_translation
Attribute_value_list	Nail_Morphology	Attributes	Móng giòn			Móng giòn	Nail_Morphology	Móng giòn	Attribute_Characteristics	Nail_Morphology	0	0	0	0	0	1	1	0	0	1	0	0	0	0	0	observed_term_no_disease_translation
Attribute_value_list	Nail_Morphology	Attributes	Móng loạn dưỡng			Móng loạn dưỡng	Nail_Morphology	Móng loạn dưỡng	Attribute_Characteristics	Nail_Morphology	0	0	0	0	0	1	1	0	0	1	1	1	0	0	1	observed_term_no_disease_translation
Attribute_value_list	Nail_Morphology	Attributes	Móng lồi vòm			Móng lồi vòm	Nail_Morphology	Móng lồi vòm	Attribute_Characteristics	Nail_Morphology	0	0	0	0	0	1	1	0	0	1	0	0	0	0	0	observed_term_no_disease_translation
Attribute_value_list	Nail_Morphology	Attributes	móng ‘Biến dạng móng			móng ‘Biến dạng móng	Nail_Morphology	móng ‘Biến dạng móng	Attribute_Characteristics	Nail_Morphology	0	0	0	0	0	0	1	0	0	1	0	0	0	0	0	observed_term_no_disease_translation
Attribute_value_list	Nail_Morphology	Attributes	móng ‘dày móng			móng ‘dày móng	Nail_Morphology	móng ‘dày móng || móng ‘Dày móng	Attribute_Characteristics	Nail_Morphology	0	2	0	0	2	0	2	0	0	2	0	0	0	0	0	observed_term_no_disease_translation
Attribute_value_list	Nail_Morphology	Attributes	móng ‘Hồng ban			móng ‘Hồng ban	Nail_Morphology	móng ‘Hồng ban	Attribute_Characteristics	Nail_Morphology	0	0	0	0	0	0	1	0	0	1	0	0	0	0	0	observed_term_no_disease_translation
Attribute_value_list	Nail_Morphology	Attributes	móng ‘Loạn dưỡng móng			móng ‘Loạn dưỡng móng	Nail_Morphology	móng ‘Loạn dưỡng móng	Attribute_Characteristics	Nail_Morphology	0	0	0	0	0	0	1	0	0	1	0	1	0	0	1	observed_term_no_disease_translation
Attribute_value_list	Nail_Morphology	Attributes	móng ‘Móng dày			móng ‘Móng dày	Nail_Morphology	móng ‘Móng dày	Attribute_Characteristics	Nail_Morphology	0	0	0	0	0	0	1	0	0	1	0	0	0	0	0	observed_term_no_disease_translation
Attribute_value_list	Nail_Morphology	Attributes	móng ‘Móng loạn dưỡng			móng ‘Móng loạn dưỡng	Nail_Morphology	móng ‘Móng loạn dưỡng	Attribute_Characteristics	Nail_Morphology	0	0	0	0	0	0	1	0	0	1	0	0	0	0	0	observed_term_no_disease_translation
Attribute_value_list	Nail_Morphology	Attributes	móng ‘Móng tay khum			móng ‘Móng tay khum	Nail_Morphology	móng ‘Móng tay khum	Attribute_Characteristics	Nail_Morphology	0	0	0	0	0	0	1	0	0	1	0	1	0	0	1	observed_term_no_disease_translation
Attribute_value_list	Nail_Morphology	Attributes	móng ‘Đổi màu móng			móng ‘Đổi màu móng	Nail_Morphology	móng ‘Đổi màu móng	Attribute_Characteristics	Nail_Morphology	0	0	0	0	0	0	1	0	0	1	0	0	0	0	0	observed_term_no_disease_translation
Attribute_value_list	Nail_Morphology	Attributes	Mô hạt			Mô hạt	Nail_Morphology	Mô hạt	Attribute_Characteristics	Nail_Morphology	1	1	0	0	1	0	0	0	0	0	0	0	0	0	0	observed_term_no_disease_translation
Attribute_value_list	Nail_Morphology	Attributes	Rãnh dọc móng			Rãnh dọc móng	Nail_Morphology	Rãnh dọc móng	Attribute_Characteristics	Nail_Morphology	0	0	0	0	0	5	5	0	0	5	2	2	0	0	2	observed_term_no_disease_translation
Attribute_value_list	Nail_Morphology	Attributes	Rãnh móng			Rãnh móng	Nail_Morphology	Rãnh móng	Attribute_Characteristics	Nail_Morphology	0	0	0	0	0	1	1	0	0	1	0	0	0	0	0	observed_term_no_disease_translation
Attribute_value_list	Nail_Morphology	Attributes	Rãnh móng dọc			Rãnh móng dọc	Nail_Morphology	Rãnh móng dọc	Attribute_Characteristics	Nail_Morphology	0	0	0	0	0	1	1	0	0	1	1	1	0	0	1	observed_term_no_disease_translation
Attribute_value_list	Nail_Morphology	Attributes	Sưng nề			Sưng nề	Nail_Morphology	Sưng nề	Attribute_Characteristics	Nail_Morphology	0	0	0	0	0	0	1	0	0	1	0	0	0	0	0	observed_term_no_disease_translation
Attribute_value_list	Nail_Morphology	Attributes	Sưng nề ngón tay			Sưng nề ngón tay	Nail_Morphology	Sưng nề ngón tay	Attribute_Characteristics	Nail_Morphology	0	0	0	0	0	1	1	0	0	1	1	1	0	0	1	observed_term_no_disease_translation
Attribute_value_list	Nail_Morphology	Attributes	Sưng quanh móng			Sưng quanh móng	Nail_Morphology	Sưng quanh móng	Attribute_Characteristics	Nail_Morphology	1	1	0	0	1	0	0	0	0	0	0	0	0	0	0	observed_term_no_disease_translation
Attribute_value_list	Nail_Morphology	Attributes	sừng dưới móng			sừng dưới móng	Nail_Morphology	sừng dưới móng	Attribute_Characteristics	Nail_Morphology	0	1	0	0	1	0	0	0	0	0	0	0	0	0	0	observed_term_no_disease_translation
Attribute_value_list	Nail_Morphology	Attributes	Tách bản móng			Tách bản móng	Nail_Morphology	Tách bản móng	Attribute_Characteristics	Nail_Morphology	0	0	0	0	0	1	1	0	0	1	0	0	0	0	0	observed_term_no_disease_translation
Attribute_value_list	Nail_Morphology	Attributes	tách móng			tách móng	Nail_Morphology	tách móng || Tách móng	Attribute_Characteristics	Nail_Morphology	0	2	0	0	2	15	16	0	0	16	5	5	0	0	5	observed_term_no_disease_translation
Attribute_value_list	Nail_Morphology	Attributes	Tăng sừng			Tăng sừng	Nail_Morphology	Tăng sừng	Attribute_Characteristics	Nail_Morphology	2	2	0	0	2	3	3	0	0	3	1	1	0	0	1	observed_term_no_disease_translation
Attribute_value_list	Nail_Morphology	Attributes	Tổn thương			Tổn thương	Nail_Morphology	Tổn thương	Attribute_Characteristics	Nail_Morphology	0	0	0	0	0	1	1	0	0	1	0	0	0	0	0	observed_term_no_disease_translation
Attribute_value_list	Nail_Morphology	Attributes	Tổn thương phiến móng			Tổn thương phiến móng	Nail_Morphology	Tổn thương phiến móng	Attribute_Characteristics	Nail_Morphology	0	0	0	0	0	1	1	0	0	1	0	0	0	0	0	observed_term_no_disease_translation
Attribute_value_list	Nail_Morphology	Attributes	Vệt dưới móng			Vệt dưới móng	Nail_Morphology	Vệt dưới móng	Attribute_Characteristics	Nail_Morphology	1	1	0	0	1	0	0	0	0	0	0	0	0	0	0	observed_term_no_disease_translation
Attribute_value_list	Nail_Morphology	Attributes	Xuất huyết dằm			Xuất huyết dằm	Nail_Morphology	Xuất huyết dằm	Attribute_Characteristics	Nail_Morphology	1	1	0	0	1	0	0	0	0	0	0	0	0	0	0	observed_term_no_disease_translation
Attribute_value_list	Nail_Morphology	Attributes	Đầu ngón phình			Đầu ngón phình	Nail_Morphology	Đầu ngón phình	Attribute_Characteristics	Nail_Morphology	0	0	0	0	0	0	1	0	0	1	0	1	0	0	1	observed_term_no_disease_translation
Attribute_value_list	Nail_Morphology	Attributes	Đổi màu móng			Đổi màu móng	Nail_Morphology	Đổi màu móng	Attribute_Characteristics	Nail_Morphology	1	1	0	0	1	12	13	0	0	13	5	6	0	0	6	observed_term_no_disease_translation
Attribute_value_list	Secondary_Change	Attributes	Bong da			Bong da	Secondary_Change	Bong da	Attribute_Characteristics	Secondary_Change	0	0	0	0	0	2	2	0	0	2	0	0	0	0	0	observed_term_no_disease_translation
Attribute_value_list	Secondary_Change	Attributes	Bong tróc			Bong tróc	Secondary_Change	Bong tróc || bong tróc	Attribute_Characteristics	Secondary_Change	1	1	0	0	1	0	1	0	0	1	0	1	0	0	1	observed_term_no_disease_translation
Attribute_value_list	Secondary_Change	Attributes	bong vảy			bong vảy	Secondary_Change	bong vảy || Bong vảy	Attribute_Characteristics	Secondary_Change	0	0	0	0	0	2	3	0	0	3	2	3	0	0	3	observed_term_no_disease_translation
Attribute_value_list	Secondary_Change	Attributes	Bong vảy mỏng			Bong vảy mỏng	Secondary_Change	Bong vảy mỏng || bong vảy mỏng	Attribute_Characteristics	Secondary_Change	1	2	0	0	2	0	0	0	0	0	0	0	0	0	0	observed_term_no_disease_translation
Attribute_value_list	Secondary_Change	Attributes	Co rút sẹo			Co rút sẹo	Secondary_Change	Co rút sẹo	Attribute_Characteristics	Secondary_Change	1	1	0	0	1	1	1	0	0	1	1	1	0	0	1	observed_term_no_disease_translation
Attribute_value_list	Secondary_Change	Attributes	da khô			da khô	Secondary_Change	da khô	Attribute_Characteristics	Secondary_Change	0	0	0	0	0	0	1	0	0	1	0	1	0	0	1	observed_term_no_disease_translation
Attribute_value_list	Secondary_Change	Attributes	Dải sắc tố			Dải sắc tố	Secondary_Change	Dải sắc tố	Attribute_Characteristics	Secondary_Change	0	0	0	0	0	0	1	0	0	1	0	1	0	0	1	observed_term_no_disease_translation
Attribute_value_list	Secondary_Change	Attributes	Dải teo da			Dải teo da	Secondary_Change	Dải teo da	Attribute_Characteristics	Secondary_Change	0	0	0	0	0	0	1	0	0	1	0	0	0	0	0	observed_term_no_disease_translation
Attribute_value_list	Secondary_Change	Attributes	Giảm sắc tố			Giảm sắc tố	Secondary_Change	Giảm sắc tố	Attribute_Characteristics	Secondary_Change	0	0	0	0	0	0	1	0	0	1	0	0	0	0	0	observed_term_no_disease_translation
Attribute_value_list	Secondary_Change	Attributes	Hoại tử			Hoại tử	Secondary_Change	Hoại tử	Attribute_Characteristics	Secondary_Change	0	0	0	0	0	1	1	0	0	1	1	1	0	0	1	observed_term_no_disease_translation
Attribute_value_list	Secondary_Change	Attributes	Khe nứt			Khe nứt	Secondary_Change	Khe nứt || khe nứt	Attribute_Characteristics	Secondary_Change	0	0	0	0	0	0	2	0	0	2	0	1	0	0	1	observed_term_no_disease_translation
Attribute_value_list	Secondary_Change	Attributes	Khối sẹo			Khối sẹo	Secondary_Change	Khối sẹo	Attribute_Characteristics	Secondary_Change	1	1	0	0	1	0	0	0	0	0	0	0	0	0	0	observed_term_no_disease_translation
Attribute_value_list	Secondary_Change	Attributes	loét			loét	Secondary_Change	loét || Loét	Attribute_Characteristics	Secondary_Change	0	0	3	0	3	10	11	14	0	25	4	4	7	0	11	observed_term_no_disease_translation
Attribute_value_list	Secondary_Change	Attributes	Loét niêm mạc			Loét niêm mạc	Secondary_Change	Loét niêm mạc	Attribute_Characteristics	Secondary_Change	0	0	0	0	0	1	1	0	0	1	0	0	0	0	0	observed_term_no_disease_translation
Attribute_value_list	Secondary_Change	Attributes	Loét nông			Loét nông	Secondary_Change	Loét nông || loét nông	Attribute_Characteristics	Secondary_Change	2	2	0	0	2	5	7	0	0	7	1	1	0	0	1	observed_term_no_disease_translation
Attribute_value_list	Secondary_Change	Attributes	loạn dưỡng móng			loạn dưỡng móng	Secondary_Change	loạn dưỡng móng	Attribute_Characteristics	Secondary_Change	0	0	0	0	0	0	1	0	0	1	0	1	0	0	1	observed_term_no_disease_translation
Attribute_value_list	Secondary_Change	Attributes	Nứt da			Nứt da	Secondary_Change	Nứt da || nứt da	Attribute_Characteristics	Secondary_Change	0	0	0	0	0	3	4	0	0	4	1	1	0	0	1	observed_term_no_disease_translation
Attribute_value_list	Secondary_Change	Attributes	Nứt kẽ			Nứt kẽ	Secondary_Change	Nứt kẽ || nứt kẽ	Attribute_Characteristics	Secondary_Change	2	3	0	0	3	0	0	0	0	0	0	0	0	0	0	observed_term_no_disease_translation
Attribute_value_list	Secondary_Change	Attributes	Nứt kẽ nhỏ			Nứt kẽ nhỏ	Secondary_Change	Nứt kẽ nhỏ	Attribute_Characteristics	Secondary_Change	1	1	0	0	1	0	0	0	0	0	0	0	0	0	0	observed_term_no_disease_translation
Attribute_value_list	Secondary_Change	Attributes	Nứt móng			Nứt móng	Secondary_Change	Nứt móng	Attribute_Characteristics	Secondary_Change	0	0	0	0	0	0	1	0	0	1	0	1	0	0	1	observed_term_no_disease_translation
Attribute_value_list	Secondary_Change	Attributes	nứt nẻ			nứt nẻ	Secondary_Change	nứt nẻ	Attribute_Characteristics	Secondary_Change	0	0	0	0	0	0	1	0	0	1	0	1	0	0	1	observed_term_no_disease_translation
Attribute_value_list	Secondary_Change	Attributes	rãnh			rãnh	Secondary_Change	rãnh	Attribute_Characteristics	Secondary_Change	0	0	0	0	0	0	1	0	0	1	0	0	0	0	0	observed_term_no_disease_translation
Attribute_value_list	Secondary_Change	Attributes	Rãnh nứt			Rãnh nứt	Secondary_Change	Rãnh nứt	Attribute_Characteristics	Secondary_Change	1	1	0	0	1	2	4	0	0	4	0	2	0	0	2	observed_term_no_disease_translation
Attribute_value_list	Secondary_Change	Attributes	Sẹo gồ			Sẹo gồ	Secondary_Change	Sẹo gồ	Attribute_Characteristics	Secondary_Change	0	0	0	0	0	2	2	0	0	2	1	1	0	0	1	observed_term_no_disease_translation
Attribute_value_list	Secondary_Change	Attributes	Sẹo lõm			Sẹo lõm	Secondary_Change	Sẹo lõm	Attribute_Characteristics	Secondary_Change	0	0	0	0	0	2	2	0	0	2	1	1	0	0	1	observed_term_no_disease_translation
Attribute_value_list	Secondary_Change	Attributes	Sẹo phẳng			Sẹo phẳng	Secondary_Change	Sẹo phẳng	Attribute_Characteristics	Secondary_Change	0	0	0	0	0	1	1	0	0	1	1	1	0	0	1	observed_term_no_disease_translation
Attribute_value_list	Secondary_Change	Attributes	Sẹo đường			Sẹo đường	Secondary_Change	Sẹo đường	Attribute_Characteristics	Secondary_Change	0	0	0	0	0	1	2	0	0	2	0	0	0	0	0	observed_term_no_disease_translation
Attribute_value_list	Secondary_Change	Attributes	Trợt			Trợt	Secondary_Change	Trợt || trợt	Attribute_Characteristics	Secondary_Change	2	2	0	0	2	11	14	0	0	14	3	3	0	0	3	observed_term_no_disease_translation
Attribute_value_list	Secondary_Change	Attributes	trợt da			trợt da	Secondary_Change	trợt da || Trợt da	Attribute_Characteristics	Secondary_Change	0	0	0	0	0	7	9	0	0	9	2	3	0	0	3	observed_term_no_disease_translation
Attribute_value_list	Secondary_Change	Attributes	Trợt loét			Trợt loét	Secondary_Change	Trợt loét	Attribute_Characteristics	Secondary_Change	0	0	0	0	0	3	4	0	0	4	2	2	0	0	2	observed_term_no_disease_translation
Attribute_value_list	Secondary_Change	Attributes	Trợt niêm mạc			Trợt niêm mạc	Secondary_Change	Trợt niêm mạc	Attribute_Characteristics	Secondary_Change	0	0	0	0	0	3	3	0	0	3	0	0	0	0	0	observed_term_no_disease_translation
Attribute_value_list	Secondary_Change	Attributes	Trợt nông			Trợt nông	Secondary_Change	Trợt nông	Attribute_Characteristics	Secondary_Change	1	1	0	0	1	2	2	0	0	2	1	1	0	0	1	observed_term_no_disease_translation
Attribute_value_list	Secondary_Change	Attributes	Tách móng			Tách móng	Secondary_Change	Tách móng	Attribute_Characteristics	Secondary_Change	0	0	0	0	0	0	1	0	0	1	0	1	0	0	1	observed_term_no_disease_translation
Attribute_value_list	Secondary_Change	Attributes	Tăng sắc tố			Tăng sắc tố	Secondary_Change	Tăng sắc tố	Attribute_Characteristics	Secondary_Change	0	0	0	0	0	0	1	0	0	1	0	0	0	0	0	observed_term_no_disease_translation
Attribute_value_list	Secondary_Change	Attributes	Vảy			Vảy	Secondary_Change	Vảy || vảy	Attribute_Characteristics	Secondary_Change	1	1	0	0	1	1	3	0	0	3	0	2	0	0	2	observed_term_no_disease_translation
Attribute_value_list	Secondary_Change	Attributes	vảy dày			vảy dày	Secondary_Change	vảy dày || Vảy dày	Attribute_Characteristics	Secondary_Change	0	0	0	0	0	1	2	0	0	2	0	1	0	0	1	observed_term_no_disease_translation
Attribute_value_list	Secondary_Change	Attributes	Vảy khô			Vảy khô	Secondary_Change	Vảy khô	Attribute_Characteristics	Secondary_Change	0	0	0	0	0	1	1	0	0	1	0	0	0	0	0	observed_term_no_disease_translation
Attribute_value_list	Secondary_Change	Attributes	Vảy mịn			Vảy mịn	Secondary_Change	Vảy mịn || vảy mịn	Attribute_Characteristics	Secondary_Change	0	0	0	0	0	1	2	0	0	2	1	1	0	0	1	observed_term_no_disease_translation
Attribute_value_list	Secondary_Change	Attributes	vảy tiết			vảy tiết	Secondary_Change	vảy tiết || Vảy tiết	Attribute_Characteristics	Secondary_Change	0	0	3	0	3	12	15	10	0	25	3	4	1	0	5	observed_term_no_disease_translation
Attribute_value_list	Secondary_Change	Attributes	Vảy tiết hoại tử			Vảy tiết hoại tử	Secondary_Change	Vảy tiết hoại tử	Attribute_Characteristics	Secondary_Change	0	0	0	0	0	1	1	0	0	1	0	0	0	0	0	observed_term_no_disease_translation
Attribute_value_list	Secondary_Change	Attributes	Vảy tiết xuất huyết			Vảy tiết xuất huyết	Secondary_Change	Vảy tiết xuất huyết	Attribute_Characteristics	Secondary_Change	0	0	0	0	0	1	1	0	0	1	0	0	0	0	0	observed_term_no_disease_translation
Attribute_value_list	Secondary_Change	Attributes	vết loét			vết loét	Secondary_Change	vết loét || Vết loét	Attribute_Characteristics	Secondary_Change	0	0	9	0	9	1	2	55	0	57	0	1	26	0	27	observed_term_no_disease_translation
Attribute_value_list	Secondary_Change	Attributes	Vết loét nông			Vết loét nông	Secondary_Change	Vết loét nông	Attribute_Characteristics	Secondary_Change	0	0	0	0	0	1	1	0	0	1	1	1	0	0	1	observed_term_no_disease_translation
Attribute_value_list	Secondary_Change	Attributes	Vết nứt			Vết nứt	Secondary_Change	Vết nứt	Attribute_Characteristics	Secondary_Change	0	0	0	0	0	5	6	0	0	6	2	2	0	0	2	observed_term_no_disease_translation
Attribute_value_list	Secondary_Change	Attributes	Vết trợt			Vết trợt	Secondary_Change	Vết trợt	Attribute_Characteristics	Secondary_Change	0	0	0	0	0	1	4	0	0	4	0	0	0	0	0	observed_term_no_disease_translation
Attribute_value_list	Secondary_Change	Attributes	Ổ loét			Ổ loét	Secondary_Change	Ổ loét	Attribute_Characteristics	Secondary_Change	0	0	0	0	0	1	1	0	0	1	0	0	0	0	0	observed_term_no_disease_translation
Attribute_value_list	Shape	Attributes	Bia bắn			Bia bắn	Shape	Bia bắn || bia bắn	Attribute_Shape	Shape	0	0	0	0	0	2	3	0	0	3	1	2	0	0	2	observed_term_no_disease_translation
Attribute_value_list	Shape	Attributes	Bia bắn mờ			Bia bắn mờ	Shape	Bia bắn mờ	Attribute_Shape	Configuration	1	1	0	1	1	0	0	0	0	0	0	0	0	0	0	observed_term_no_disease_translation
Attribute_value_list	Shape	Attributes	Bia đích			Bia đích	Shape	Bia đích	Attribute_Shape	Shape	0	0	0	0	0	2	2	0	2	2	0	0	0	0	0	observed_term_no_disease_translation
Attribute_value_list	Shape	Attributes	Bán cầu			Bán cầu	Shape	Bán cầu	Attribute_Shape	Shape	0	0	0	0	0	3	4	0	1	4	1	1	0	0	1	observed_term_no_disease_translation
Attribute_value_list	Shape	Attributes	Bản đồ			Bản đồ	Shape	Bản đồ	Attribute_Shape	Shape	1	1	0	1	1	7	7	0	2	7	4	4	0	0	4	observed_term_no_disease_translation
Attribute_value_list	Shape	Attributes	bất quy tắc			bất quy tắc	Shape	bất quy tắc || Bất quy tắc	Attribute_Shape	Shape	160	183	0	57	183	1409	1635	0	430	1635	468	537	0	140	537	observed_term_no_disease_translation
Attribute_value_list	Shape	Attributes	Bất đối xứng			Bất đối xứng	Shape	Bất đối xứng	Attribute_Shape	Shape	4	4	0	2	4	31	35	0	12	35	14	15	0	5	15	observed_term_no_disease_translation
Attribute_value_list	Shape	Attributes	Bầu dục			Bầu dục	Shape	Bầu dục || bầu dục	Attribute_Shape	Shape	25	28	8	66	91	301	347	64	429	736	101	116	23	131	239	observed_term_no_disease_translation
Attribute_value_list	Shape	Attributes	Bầu dục dài			Bầu dục dài	Shape	Bầu dục dài	Attribute_Shape	Shape	0	0	0	0	0	1	2	0	0	2	0	0	0	0	0	observed_term_no_disease_translation
Attribute_value_list	Shape	Attributes	Bầu dục kéo dài			Bầu dục kéo dài	Shape	Bầu dục kéo dài	Attribute_Shape	Shape	0	0	0	0	0	1	1	0	1	1	0	0	0	0	0	observed_term_no_disease_translation
Attribute_value_list	Shape	Attributes	Bầu dục nhỏ			Bầu dục nhỏ	Shape	Bầu dục nhỏ || bầu dục nhỏ	Attribute_Shape	Shape	1	1	0	1	1	1	2	0	1	2	0	0	0	0	0	observed_term_no_disease_translation
Attribute_value_list	Shape	Attributes	Bề mặt gồ			Bề mặt gồ	Shape	Bề mặt gồ	Attribute_Shape	Shape	1	1	0	0	1	0	0	0	0	0	0	0	0	0	0	observed_term_no_disease_translation
Attribute_value_list	Shape	Attributes	Bề mặt gồ ghề			Bề mặt gồ ghề	Shape	Bề mặt gồ ghề	Attribute_Shape	Shape	2	2	0	0	2	3	5	0	1	5	2	3	0	0	3	observed_term_no_disease_translation
Attribute_value_list	Shape	Attributes	Bề mặt không đều			Bề mặt không đều	Shape	Bề mặt không đều	Attribute_Shape	Shape	0	0	0	0	0	1	1	0	0	1	0	0	0	0	0	observed_term_no_disease_translation
Attribute_value_list	Shape	Attributes	Bề mặt lồi			Bề mặt lồi	Shape	Bề mặt lồi	Attribute_Shape	Shape	0	0	0	0	0	1	1	0	1	1	1	1	0	1	1	observed_term_no_disease_translation
Attribute_value_list	Shape	Attributes	Bờ cong			Bờ cong	Shape	Bờ cong	Attribute_Shape	Shape	0	0	0	0	0	4	5	0	0	5	1	1	0	0	1	observed_term_no_disease_translation
Attribute_value_list	Shape	Attributes	bờ cung			bờ cung	Shape	bờ cung || Bờ cung	Attribute_Shape	Shape	0	0	0	0	0	2	3	0	1	3	0	0	0	0	0	observed_term_no_disease_translation
Attribute_value_list	Shape	Attributes	Bờ cuộn			Bờ cuộn	Shape	Bờ cuộn	Attribute_Shape	Shape	1	1	0	1	1	0	0	0	0	0	0	0	0	0	0	observed_term_no_disease_translation
Attribute_value_list	Shape	Attributes	Bờ gồ			Bờ gồ	Shape	Bờ gồ	Attribute_Shape	Shape	4	4	0	1	4	18	22	0	7	22	12	13	0	4	13	observed_term_no_disease_translation
Attribute_value_list	Shape	Attributes	Bờ gồ cao			Bờ gồ cao	Shape	Bờ gồ cao	Attribute_Shape	Shape	1	1	0	0	1	1	1	0	0	1	0	0	0	0	0	observed_term_no_disease_translation
Attribute_value_list	Shape	Attributes	Bờ gồ nhẹ			Bờ gồ nhẹ	Shape	Bờ gồ nhẹ	Attribute_Shape	Shape	0	0	0	0	0	3	3	0	1	3	1	1	0	0	1	observed_term_no_disease_translation
Attribute_value_list	Shape	Attributes	Bờ khá rõ			Bờ khá rõ	Shape	Bờ khá rõ || bờ khá rõ	Attribute_Shape	Shape	2	2	0	1	2	5	6	0	2	6	3	4	0	1	4	observed_term_no_disease_translation
Attribute_value_list	Shape	Attributes	Bờ không rõ			Bờ không rõ	Shape	Bờ không rõ || bờ không rõ	Attribute_Shape	Shape	1	1	0	0	1	14	20	0	3	20	3	6	0	1	6	observed_term_no_disease_translation
Attribute_value_list	Shape	Attributes	Bờ không đều			Bờ không đều	Shape	Bờ không đều || bờ không đều	Attribute_Shape	Shape	6	6	0	3	6	41	44	0	13	44	23	24	0	6	24	observed_term_no_disease_translation
Attribute_value_list	Shape	Attributes	Bờ lượn sóng			Bờ lượn sóng	Shape	Bờ lượn sóng	Attribute_Shape	Shape	0	0	0	0	0	1	1	0	1	1	0	0	0	0	0	observed_term_no_disease_translation
Attribute_value_list	Shape	Attributes	Bờ mờ			Bờ mờ	Shape	Bờ mờ || bờ mờ	Attribute_Shape	Shape	5	6	0	2	6	26	32	0	9	32	12	13	0	4	13	observed_term_no_disease_translation
Attribute_value_list	Shape	Attributes	Bờ ngoằn ngoèo			Bờ ngoằn ngoèo	Shape	Bờ ngoằn ngoèo	Attribute_Shape	Shape	1	1	0	0	1	2	2	0	1	2	0	0	0	0	0	observed_term_no_disease_translation
Attribute_value_list	Shape	Attributes	Bờ nham nhở			Bờ nham nhở	Shape	Bờ nham nhở	Attribute_Shape	Shape	1	1	0	0	1	17	20	0	7	20	5	7	0	3	7	observed_term_no_disease_translation
Attribute_value_list	Shape	Attributes	Bờ nông			Bờ nông	Shape	Bờ nông	Attribute_Shape	Shape	0	0	0	0	0	2	2	0	0	2	0	0	0	0	0	observed_term_no_disease_translation
Attribute_value_list	Shape	Attributes	Bờ nổi			Bờ nổi	Shape	Bờ nổi	Attribute_Shape	Shape	0	0	0	0	0	2	2	0	0	2	0	0	0	0	0	observed_term_no_disease_translation
Attribute_value_list	Shape	Attributes	bờ rõ			bờ rõ	Shape	bờ rõ || Bờ rõ	Attribute_Shape	Shape	1	2	0	1	2	46	58	0	16	58	12	14	0	4	14	observed_term_no_disease_translation
Attribute_value_list	Shape	Attributes	Bờ thẳng			Bờ thẳng	Shape	Bờ thẳng	Attribute_Shape	Shape	0	0	0	0	0	1	1	0	1	1	1	1	0	1	1	observed_term_no_disease_translation
Attribute_value_list	Shape	Attributes	Bờ tua gai			Bờ tua gai	Shape	Bờ tua gai	Attribute_Shape	Shape	0	0	0	0	0	1	1	0	0	1	1	1	0	0	1	observed_term_no_disease_translation
Attribute_value_list	Shape	Attributes	Bờ tương đối rõ			Bờ tương đối rõ	Shape	Bờ tương đối rõ	Attribute_Shape	Shape	2	2	0	0	2	0	0	0	0	0	0	0	0	0	0	observed_term_no_disease_translation
Attribute_value_list	Shape	Attributes	Bờ viền rõ			Bờ viền rõ	Shape	Bờ viền rõ	Attribute_Shape	Shape	0	0	0	0	0	0	1	0	0	1	0	1	0	0	1	observed_term_no_disease_translation
Attribute_value_list	Shape	Attributes	Bờ vòng			Bờ vòng	Shape	Bờ vòng	Attribute_Shape	Shape	0	0	0	0	0	1	1	0	1	1	0	0	0	0	0	observed_term_no_disease_translation
Attribute_value_list	Shape	Attributes	Bờ vòng cung			Bờ vòng cung	Shape	Bờ vòng cung	Attribute_Shape	Shape	0	0	0	0	0	3	3	0	0	3	1	1	0	0	1	observed_term_no_disease_translation
Attribute_value_list	Shape	Attributes	Bờ vụn			Bờ vụn	Shape	Bờ vụn	Attribute_Shape	Shape	0	0	0	0	0	1	1	0	0	1	1	1	0	0	1	observed_term_no_disease_translation
Attribute_value_list	Shape	Attributes	Bờ xa			Bờ xa	Shape	Bờ xa	Attribute_Shape	Shape	0	0	0	0	0	1	2	0	0	2	0	0	0	0	0	observed_term_no_disease_translation
Attribute_value_list	Shape	Attributes	Bờ xa bên			Bờ xa bên	Shape	Bờ xa bên	Attribute_Shape	Shape	0	0	0	0	0	1	1	0	0	1	0	0	0	0	0	observed_term_no_disease_translation
Attribute_value_list	Shape	Attributes	Bờ đa cung			Bờ đa cung	Shape	Bờ đa cung	Attribute_Shape	Shape	0	0	0	0	0	4	5	0	1	5	0	1	0	0	1	observed_term_no_disease_translation
Attribute_value_list	Shape	Attributes	Bờ đều			Bờ đều	Shape	Bờ đều	Attribute_Shape	Shape	0	0	0	0	0	2	3	0	0	3	0	0	0	0	0	observed_term_no_disease_translation
Attribute_value_list	Shape	Attributes	Chia thùy			Chia thùy	Shape	Chia thùy	Attribute_Shape	Shape	0	0	0	0	0	1	1	0	0	1	1	1	0	0	1	observed_term_no_disease_translation
Attribute_value_list	Shape	Attributes	Chuỗi hạt			Chuỗi hạt	Shape	Chuỗi hạt	Attribute_Shape	Shape	1	1	0	0	1	0	0	0	0	0	0	0	0	0	0	observed_term_no_disease_translation
Attribute_value_list	Shape	Attributes	Chóp nhọn			Chóp nhọn	Shape	Chóp nhọn	Attribute_Shape	Shape	0	0	0	0	0	1	1	0	0	1	1	1	0	0	1	observed_term_no_disease_translation
Attribute_value_list	Shape	Attributes	Chùm			Chùm	Shape	Chùm || chùm	Attribute_Shape	Shape	1	1	0	0	1	4	6	0	1	6	2	3	0	0	3	observed_term_no_disease_translation
Attribute_value_list	Shape	Attributes	Chùm nho			Chùm nho	Shape	Chùm nho	Attribute_Shape	Shape	0	0	0	0	0	1	1	0	1	1	0	0	0	0	0	observed_term_no_disease_translation
Attribute_value_list	Shape	Attributes	Chấm			Chấm	Shape	Chấm	Attribute_Shape	Shape	1	1	0	0	1	4	4	0	0	4	1	1	0	0	1	observed_term_no_disease_translation
Attribute_value_list	Shape	Attributes	Chấm nhỏ			Chấm nhỏ	Shape	Chấm nhỏ || chấm nhỏ	Attribute_Shape	Shape	2	2	0	1	2	35	40	0	12	40	8	11	0	1	11	observed_term_no_disease_translation
Attribute_value_list	Shape	Attributes	Chấm tròn			Chấm tròn	Shape	Chấm tròn	Attribute_Shape	Shape	0	0	0	0	0	2	2	0	1	2	2	2	0	1	2	observed_term_no_disease_translation
Attribute_value_list	Shape	Attributes	Chữ C			Chữ C	Shape	Chữ C	Attribute_Shape	Shape	0	0	0	0	0	1	1	0	0	1	1	1	0	0	1	observed_term_no_disease_translation
Attribute_value_list	Shape	Attributes	Chữ nhật			Chữ nhật	Shape	Chữ nhật || chữ nhật	Attribute_Shape	Shape	0	0	0	0	0	2	3	0	1	3	0	0	0	0	0	observed_term_no_disease_translation
Attribute_value_list	Shape	Attributes	Cong			Cong	Shape	Cong	Attribute_Shape	Shape	0	0	0	0	0	5	5	0	1	5	3	3	0	1	3	observed_term_no_disease_translation
Attribute_value_list	Shape	Attributes	Cong lồi			Cong lồi	Shape	Cong lồi	Attribute_Shape	Shape	0	0	0	0	0	2	2	0	1	2	1	1	0	0	1	observed_term_no_disease_translation
Attribute_value_list	Shape	Attributes	Cong móc			Cong móc	Shape	Cong móc	Attribute_Shape	Shape	0	0	0	0	0	2	2	0	1	2	1	1	0	0	1	observed_term_no_disease_translation
Attribute_value_list	Shape	Attributes	Cong ngắn			Cong ngắn	Shape	Cong ngắn	Attribute_Shape	Shape	0	0	0	0	0	1	1	0	1	1	1	1	0	1	1	observed_term_no_disease_translation
Attribute_value_list	Shape	Attributes	Cung			Cung	Shape	Cung || cung	Attribute_Shape	Shape	3	3	0	2	3	1	3	0	1	3	0	0	0	0	0	observed_term_no_disease_translation
Attribute_value_list	Shape	Attributes	Cung tròn			Cung tròn	Shape	Cung tròn || cung tròn	Attribute_Shape	Shape	0	0	0	0	0	1	3	0	0	3	1	2	0	0	2	observed_term_no_disease_translation
Attribute_value_list	Shape	Attributes	Cuống nhỏ			Cuống nhỏ	Shape	Cuống nhỏ	Attribute_Shape	Shape	0	0	0	0	0	1	1	0	0	1	0	0	0	0	0	observed_term_no_disease_translation
Attribute_value_list	Shape	Attributes	Cánh bướm			Cánh bướm	Shape	Cánh bướm	Attribute_Shape	Shape	0	0	0	0	0	3	3	0	2	3	0	0	0	0	0	observed_term_no_disease_translation
Attribute_value_list	Shape	Attributes	Có cuống			Có cuống	Shape	Có cuống	Attribute_Shape	Shape	0	0	0	0	0	9	9	0	4	9	4	4	0	2	4	observed_term_no_disease_translation
Attribute_value_list	Shape	Attributes	Có vảy			Có vảy	Shape	Có vảy	Attribute_Shape	Configuration	0	0	0	0	0	0	0	0	1	1	0	0	0	0	0	observed_term_no_disease_translation
Attribute_value_list	Shape	Attributes	Căng			Căng	Shape	Căng	Attribute_Shape	Shape	0	0	0	0	0	1	1	0	1	1	0	0	0	0	0	observed_term_no_disease_translation
Attribute_value_list	Shape	Attributes	cột nhỏ			cột nhỏ	Shape	cột nhỏ	Attribute_Shape	Shape	0	0	0	0	0	0	1	0	0	1	0	0	0	0	0	observed_term_no_disease_translation
Attribute_value_list	Shape	Attributes	Diện rộng			Diện rộng	Shape	Diện rộng	Attribute_Shape	Shape	0	0	0	0	0	1	1	0	0	1	1	1	0	0	1	observed_term_no_disease_translation
Attribute_value_list	Shape	Attributes	Dài			Dài	Shape	Dài || dài	Attribute_Shape	Shape	2	2	0	1	2	29	36	0	5	36	9	10	0	1	10	observed_term_no_disease_translation
Attribute_value_list	Shape	Attributes	Dày da			Dày da	Shape	Dày da	Attribute_Shape	Shape	0	0	0	0	0	1	1	0	0	1	0	0	0	0	0	observed_term_no_disease_translation
Attribute_value_list	Shape	Attributes	Dạng bia			Dạng bia	Shape	Dạng bia	Attribute_Shape	Shape	0	0	0	0	0	1	1	0	0	1	1	1	0	0	1	observed_term_no_disease_translation
Attribute_value_list	Shape	Attributes	Dạng bản đồ			Dạng bản đồ	Shape	Dạng bản đồ	Attribute_Shape	Shape	1	1	0	0	1	1	1	0	0	1	0	0	0	0	0	observed_term_no_disease_translation
Attribute_value_list	Shape	Attributes	Dạng bầu dục			Dạng bầu dục	Shape	Dạng bầu dục	Attribute_Shape	Shape	0	0	0	0	0	1	1	0	0	1	1	1	0	0	1	observed_term_no_disease_translation
Attribute_value_list	Shape	Attributes	Dạng chùm			Dạng chùm	Shape	Dạng chùm	Attribute_Shape	Shape	0	0	0	0	0	2	2	0	1	2	0	0	0	0	0	observed_term_no_disease_translation
Attribute_value_list	Shape	Attributes	Dạng chấm			Dạng chấm	Shape	Dạng chấm	Attribute_Shape	Shape	1	1	0	0	1	10	11	0	3	11	5	5	0	1	5	observed_term_no_disease_translation
Attribute_value_list	Shape	Attributes	Dạng chấm tròn			Dạng chấm tròn	Shape	Dạng chấm tròn	Attribute_Shape	Shape	1	1	0	0	1	0	0	0	0	0	0	0	0	0	0	observed_term_no_disease_translation
Attribute_value_list	Shape	Attributes	Dạng cung			Dạng cung	Shape	Dạng cung	Attribute_Shape	Shape	0	0	0	0	0	3	3	0	0	3	0	0	0	0	0	observed_term_no_disease_translation
Attribute_value_list	Shape	Attributes	Dạng cục			Dạng cục	Shape	Dạng cục	Attribute_Shape	Shape	0	0	0	0	0	1	1	0	0	1	0	0	0	0	0	observed_term_no_disease_translation
Attribute_value_list	Shape	Attributes	Dạng củ			Dạng củ	Shape	Dạng củ	Attribute_Shape	Shape	0	0	0	0	0	0	1	0	0	1	0	1	0	0	1	observed_term_no_disease_translation
Attribute_value_list	Shape	Attributes	Dạng dài			Dạng dài	Shape	Dạng dài	Attribute_Shape	Shape	0	0	0	0	0	1	1	0	0	1	0	0	0	0	0	observed_term_no_disease_translation
Attribute_value_list	Shape	Attributes	Dạng dát			Dạng dát	Shape	Dạng dát	Attribute_Shape	Shape	0	0	0	0	0	1	1	0	0	1	1	1	0	0	1	observed_term_no_disease_translation
Attribute_value_list	Shape	Attributes	Dạng dát nhỏ			Dạng dát nhỏ	Shape	Dạng dát nhỏ	Attribute_Shape	Shape	0	0	0	0	0	1	1	0	0	1	0	0	0	0	0	observed_term_no_disease_translation
Attribute_value_list	Shape	Attributes	Dạng dải			Dạng dải	Shape	Dạng dải	Attribute_Shape	Shape	4	4	0	1	4	24	29	0	0	29	10	13	0	0	13	observed_term_no_disease_translation
Attribute_value_list	Shape	Attributes	Dạng dải dài			Dạng dải dài	Shape	Dạng dải dài	Attribute_Shape	Shape	0	0	0	0	0	1	1	0	0	1	0	0	0	0	0	observed_term_no_disease_translation
Attribute_value_list	Shape	Attributes	Dạng dọc			Dạng dọc	Shape	Dạng dọc	Attribute_Shape	Shape	0	0	0	0	0	4	4	0	0	4	0	0	0	0	0	observed_term_no_disease_translation
Attribute_value_list	Shape	Attributes	Dạng gai			Dạng gai	Shape	Dạng gai	Attribute_Shape	Shape	0	0	0	0	0	1	1	0	1	1	0	0	0	0	0	observed_term_no_disease_translation
Attribute_value_list	Shape	Attributes	Dạng giọt			Dạng giọt	Shape	Dạng giọt	Attribute_Shape	Shape	0	0	0	0	0	1	1	0	0	1	1	1	0	0	1	observed_term_no_disease_translation
Attribute_value_list	Shape	Attributes	Dạng hạt			Dạng hạt	Shape	Dạng hạt	Attribute_Shape	Shape	0	0	0	0	0	1	2	0	0	2	0	0	0	0	0	observed_term_no_disease_translation
Attribute_value_list	Shape	Attributes	Dạng khe			Dạng khe	Shape	Dạng khe	Attribute_Shape	Shape	2	2	0	1	2	7	7	0	0	7	4	4	0	0	4	observed_term_no_disease_translation
Attribute_value_list	Shape	Attributes	Dạng khe nứt			Dạng khe nứt	Shape	Dạng khe nứt	Attribute_Shape	Shape	1	1	0	0	1	0	0	0	0	0	0	0	0	0	0	observed_term_no_disease_translation
Attribute_value_list	Shape	Attributes	dạng khảm			dạng khảm	Shape	dạng khảm	Attribute_Shape	Shape	0	0	0	0	0	0	1	0	0	1	0	0	0	0	0	observed_term_no_disease_translation
Attribute_value_list	Shape	Attributes	Dạng kẽ			Dạng kẽ	Shape	Dạng kẽ	Attribute_Shape	Shape	1	1	0	0	1	0	0	0	0	0	0	0	0	0	0	observed_term_no_disease_translation
Attribute_value_list	Shape	Attributes	Dạng lưới			Dạng lưới	Shape	Dạng lưới || dạng lưới	Attribute_Shape	Configuration || Shape	4	5	0	0	5	53	57	0	11	57	14	17	0	3	17	observed_term_no_disease_translation
Attribute_value_list	Shape	Attributes	Dạng lưới mờ			Dạng lưới mờ	Shape	Dạng lưới mờ	Attribute_Shape	Configuration	0	0	0	0	0	2	2	0	2	2	0	0	0	0	0	observed_term_no_disease_translation
Attribute_value_list	Shape	Attributes	Dạng múi			Dạng múi	Shape	Dạng múi	Attribute_Shape	Shape	2	2	0	1	2	1	1	0	1	1	1	1	0	1	1	observed_term_no_disease_translation
Attribute_value_list	Shape	Attributes	dạng mạng lưới			dạng mạng lưới	Shape	dạng mạng lưới || Dạng mạng lưới	Attribute_Shape	Shape	1	1	4	29	33	5	5	67	239	308	1	1	18	79	98	observed_term_no_disease_translation
Attribute_value_list	Shape	Attributes	Dạng nhánh			Dạng nhánh	Shape	Dạng nhánh || dạng nhánh	Attribute_Shape	Shape	0	0	0	0	0	2	3	0	1	3	1	1	0	1	1	observed_term_no_disease_translation
Attribute_value_list	Shape	Attributes	Dạng nhú			Dạng nhú	Shape	Dạng nhú	Attribute_Shape	Shape	0	0	0	0	0	4	4	0	1	4	1	1	0	0	1	observed_term_no_disease_translation
Attribute_value_list	Shape	Attributes	Dạng nhẫn			Dạng nhẫn	Shape	Dạng nhẫn	Attribute_Shape	Shape	0	0	0	0	0	1	1	0	0	1	1	1	0	0	1	observed_term_no_disease_translation
Attribute_value_list	Shape	Attributes	Dạng nếp gấp			Dạng nếp gấp	Shape	Dạng nếp gấp	Attribute_Shape	Shape	0	0	0	0	0	1	1	0	0	1	0	0	0	0	0	observed_term_no_disease_translation
Attribute_value_list	Shape	Attributes	Dạng súp lơ			Dạng súp lơ	Shape	Dạng súp lơ	Attribute_Shape	Shape	0	0	0	0	0	1	1	0	0	1	1	1	0	0	1	observed_term_no_disease_translation
Attribute_value_list	Shape	Attributes	Dạng sừng			Dạng sừng	Shape	Dạng sừng	Attribute_Shape	Shape	0	0	0	0	0	1	1	0	0	1	0	0	0	0	0	observed_term_no_disease_translation
Attribute_value_list	Shape	Attributes	dạng thùy			dạng thùy	Shape	dạng thùy || Dạng thùy	Attribute_Shape	Shape	3	4	0	1	4	9	14	0	4	14	2	2	0	1	2	observed_term_no_disease_translation
Attribute_value_list	Shape	Attributes	Dạng thùy múi			Dạng thùy múi	Shape	Dạng thùy múi	Attribute_Shape	Shape	0	0	0	0	0	1	1	0	0	1	0	0	0	0	0	observed_term_no_disease_translation
Attribute_value_list	Shape	Attributes	Dạng vân			Dạng vân	Shape	Dạng vân	Attribute_Shape	Shape	0	0	0	0	0	2	2	0	0	2	2	2	0	0	2	observed_term_no_disease_translation
Attribute_value_list	Shape	Attributes	Dạng vòm			Dạng vòm	Shape	Dạng vòm || dạng vòm	Attribute_Shape	Shape	2	3	0	1	3	31	34	0	9	34	12	13	0	3	13	observed_term_no_disease_translation
Attribute_value_list	Shape	Attributes	Dạng vòng			Dạng vòng	Shape	Dạng vòng || dạng vòng	Attribute_Shape	Shape	0	0	12	29	41	10	13	58	237	308	3	5	16	71	92	observed_term_no_disease_translation
Attribute_value_list	Shape	Attributes	Dạng vòng cung			Dạng vòng cung	Shape	Dạng vòng cung	Attribute_Shape	Shape	0	0	0	0	0	1	1	0	1	1	0	0	0	0	0	observed_term_no_disease_translation
Attribute_value_list	Shape	Attributes	Dạng vệt			Dạng vệt	Shape	Dạng vệt	Attribute_Shape	Shape	1	1	0	0	1	6	6	0	1	6	2	2	0	0	2	observed_term_no_disease_translation
Attribute_value_list	Shape	Attributes	Dạng ô lưới			Dạng ô lưới	Shape	Dạng ô lưới	Attribute_Shape	Shape	0	0	0	0	0	2	2	0	1	2	1	1	0	1	1	observed_term_no_disease_translation
Attribute_value_list	Shape	Attributes	Dạng đường			Dạng đường	Shape	Dạng đường || dạng đường	Attribute_Shape	Shape	2	2	6	33	41	18	18	63	235	311	3	3	23	78	104	observed_term_no_disease_translation
Attribute_value_list	Shape	Attributes	Dạng đường cong			Dạng đường cong	Shape	Dạng đường cong	Attribute_Shape	Shape	1	1	0	1	1	0	1	0	0	1	0	0	0	0	0	observed_term_no_disease_translation
Attribute_value_list	Shape	Attributes	Dạng đường nứt			Dạng đường nứt	Shape	Dạng đường nứt	Attribute_Shape	Shape	0	0	0	0	0	2	2	0	2	2	2	2	0	2	2	observed_term_no_disease_translation
Attribute_value_list	Shape	Attributes	Dạng đường thẳng			Dạng đường thẳng	Shape	Dạng đường thẳng	Attribute_Shape	Shape	1	1	0	0	1	0	0	0	0	0	0	0	0	0	0	observed_term_no_disease_translation
Attribute_value_list	Shape	Attributes	Dải			Dải	Shape	Dải || dải	Attribute_Shape	Shape	2	2	0	1	2	31	37	0	6	37	8	9	0	1	9	observed_term_no_disease_translation
Attribute_value_list	Shape	Attributes	Dải co kéo			Dải co kéo	Shape	Dải co kéo	Attribute_Shape	Shape	0	0	0	0	0	1	1	0	0	1	1	1	0	0	1	observed_term_no_disease_translation
Attribute_value_list	Shape	Attributes	Dải cong			Dải cong	Shape	Dải cong	Attribute_Shape	Shape	0	0	0	0	0	5	6	0	4	6	1	1	0	1	1	observed_term_no_disease_translation
Attribute_value_list	Shape	Attributes	Dải cung			Dải cung	Shape	Dải cung	Attribute_Shape	Shape	0	0	0	0	0	1	1	0	0	1	0	0	0	0	0	observed_term_no_disease_translation
Attribute_value_list	Shape	Attributes	dải dài			dải dài	Shape	dải dài || Dải dài	Attribute_Shape	Shape	1	2	0	1	2	20	21	0	3	21	10	11	0	1	11	observed_term_no_disease_translation
Attribute_value_list	Shape	Attributes	Dải dọc			Dải dọc	Shape	Dải dọc	Attribute_Shape	Shape	1	1	0	0	1	7	8	0	3	8	4	4	0	3	4	observed_term_no_disease_translation
Attribute_value_list	Shape	Attributes	Dải hình cung			Dải hình cung	Shape	Dải hình cung	Attribute_Shape	Shape	0	0	0	0	0	1	1	0	0	1	0	0	0	0	0	observed_term_no_disease_translation
Attribute_value_list	Shape	Attributes	dải ngang			dải ngang	Shape	dải ngang || Dải ngang	Attribute_Shape	Shape	2	3	0	0	3	13	14	0	6	14	4	5	0	1	5	observed_term_no_disease_translation
Attribute_value_list	Shape	Attributes	Dải ngoại vi			Dải ngoại vi	Shape	Dải ngoại vi	Attribute_Shape	Shape	0	0	0	0	0	0	1	0	0	1	0	0	0	0	0	observed_term_no_disease_translation
Attribute_value_list	Shape	Attributes	Dải ngoằn ngoèo			Dải ngoằn ngoèo	Shape	Dải ngoằn ngoèo	Attribute_Shape	Shape	0	0	0	0	0	1	1	0	0	1	1	1	0	0	1	observed_term_no_disease_translation
Attribute_value_list	Shape	Attributes	Dải ngắn			Dải ngắn	Shape	Dải ngắn	Attribute_Shape	Shape	0	0	0	0	0	2	2	0	0	2	0	0	0	0	0	observed_term_no_disease_translation
Attribute_value_list	Shape	Attributes	Dải rộng			Dải rộng	Shape	Dải rộng || dải rộng	Attribute_Shape	Shape	0	0	0	0	0	2	3	0	1	3	1	1	0	0	1	observed_term_no_disease_translation
Attribute_value_list	Shape	Attributes	Dải song song			Dải song song	Shape	Dải song song	Attribute_Shape	Shape	0	0	0	0	0	1	1	0	1	1	1	1	0	1	1	observed_term_no_disease_translation
Attribute_value_list	Shape	Attributes	Dải theo nếp			Dải theo nếp	Shape	Dải theo nếp	Attribute_Shape	Shape	1	1	0	1	1	0	0	0	0	0	0	0	0	0	0	observed_term_no_disease_translation
Attribute_value_list	Shape	Attributes	Dải thẳng			Dải thẳng	Shape	Dải thẳng	Attribute_Shape	Shape	0	0	0	0	0	1	1	0	1	1	0	0	0	0	0	observed_term_no_disease_translation
Attribute_value_list	Shape	Attributes	Dẹt			Dẹt	Shape	Dẹt	Attribute_Shape	Shape	0	0	0	0	0	3	3	0	0	3	1	1	0	0	1	observed_term_no_disease_translation
Attribute_value_list	Shape	Attributes	Dọc			Dọc	Shape	Dọc	Attribute_Shape	Shape	3	3	0	2	3	5	5	0	1	5	1	1	0	0	1	observed_term_no_disease_translation
Attribute_value_list	Shape	Attributes	Dọc giữa			Dọc giữa	Shape	Dọc giữa	Attribute_Shape	Shape	0	0	0	0	0	1	1	0	0	1	1	1	0	0	1	observed_term_no_disease_translation
Attribute_value_list	Shape	Attributes	Dọc móng			Dọc móng	Shape	Dọc móng	Attribute_Shape	Shape	0	0	0	0	0	3	3	0	1	3	2	2	0	1	2	observed_term_no_disease_translation
Attribute_value_list	Shape	Attributes	Dọc nếp da			Dọc nếp da	Shape	Dọc nếp da	Attribute_Shape	Shape	0	0	0	0	0	1	1	0	0	1	0	0	0	0	0	observed_term_no_disease_translation
Attribute_value_list	Shape	Attributes	Dọc nếp gấp			Dọc nếp gấp	Shape	Dọc nếp gấp	Attribute_Shape	Shape	1	1	0	0	1	1	1	0	0	1	1	1	0	0	1	observed_term_no_disease_translation
Attribute_value_list	Shape	Attributes	Dọc rãnh móng			Dọc rãnh móng	Shape	Dọc rãnh móng	Attribute_Shape	Shape	0	0	0	0	0	1	1	0	0	1	1	1	0	0	1	observed_term_no_disease_translation
Attribute_value_list	Shape	Attributes	Giãn mạch			Giãn mạch	Shape	Giãn mạch	Attribute_Shape	Configuration	0	0	0	1	1	0	0	0	0	0	0	0	0	0	0	observed_term_no_disease_translation
Attribute_value_list	Shape	Attributes	Giọt nước			Giọt nước	Shape	Giọt nước	Attribute_Shape	Shape	0	0	0	0	0	1	1	0	0	1	0	0	0	0	0	observed_term_no_disease_translation
Attribute_value_list	Shape	Attributes	Giới hạn khá rõ			Giới hạn khá rõ	Shape	Giới hạn khá rõ	Attribute_Shape	Shape	0	0	0	0	0	1	1	0	1	1	0	0	0	0	0	observed_term_no_disease_translation
Attribute_value_list	Shape	Attributes	Góc móng tù			Góc móng tù	Shape	Góc móng tù	Attribute_Shape	Shape	0	0	0	0	0	1	1	0	0	1	1	1	0	0	1	observed_term_no_disease_translation
Attribute_value_list	Shape	Attributes	Gần tròn			Gần tròn	Shape	Gần tròn	Attribute_Shape	Shape	1	1	0	1	1	0	0	0	0	0	0	0	0	0	0	observed_term_no_disease_translation
Attribute_value_list	Shape	Attributes	Gần vuông			Gần vuông	Shape	Gần vuông	Attribute_Shape	Shape	0	0	0	0	0	0	1	0	0	1	0	1	0	0	1	observed_term_no_disease_translation
Attribute_value_list	Shape	Attributes	Gồ			Gồ	Shape	Gồ || gồ	Attribute_Shape	Shape	1	1	0	0	1	8	9	0	3	9	4	4	0	1	4	observed_term_no_disease_translation
Attribute_value_list	Shape	Attributes	Gồ cao			Gồ cao	Shape	Gồ cao	Attribute_Shape	Configuration || Shape	4	4	0	4	5	36	44	0	11	44	10	11	0	3	11	observed_term_no_disease_translation
Attribute_value_list	Shape	Attributes	Gồ cục			Gồ cục	Shape	Gồ cục	Attribute_Shape	Shape	0	0	0	0	0	1	1	0	0	1	1	1	0	0	1	observed_term_no_disease_translation
Attribute_value_list	Shape	Attributes	Gồ ghề			Gồ ghề	Shape	Gồ ghề || gồ ghề	Attribute_Shape	Shape	2	3	0	0	3	13	17	0	2	17	6	6	0	1	6	observed_term_no_disease_translation
Attribute_value_list	Shape	Attributes	Gồ nhẹ			Gồ nhẹ	Shape	Gồ nhẹ	Attribute_Shape	Shape	2	2	0	1	2	4	4	0	2	4	2	2	0	1	2	observed_term_no_disease_translation
Attribute_value_list	Shape	Attributes	Gồ nổi			Gồ nổi	Shape	Gồ nổi	Attribute_Shape	Shape	0	0	0	0	0	1	1	0	0	1	0	0	0	0	0	observed_term_no_disease_translation
Attribute_value_list	Shape	Attributes	Gồ vòm			Gồ vòm	Shape	Gồ vòm	Attribute_Shape	Shape	0	0	0	0	0	1	1	0	1	1	0	0	0	0	0	observed_term_no_disease_translation
Attribute_value_list	Shape	Attributes	Hoại tử			Hoại tử	Shape	Hoại tử	Attribute_Shape	Configuration	0	0	0	0	0	0	0	0	2	2	0	0	0	0	0	observed_term_no_disease_translation
Attribute_value_list	Shape	Attributes	Hình bia bắn			Hình bia bắn	Shape	Hình bia bắn	Attribute_Shape	Shape	0	0	0	0	0	2	2	0	2	2	2	2	0	2	2	observed_term_no_disease_translation
Attribute_value_list	Shape	Attributes	Hình bán cầu			Hình bán cầu	Shape	Hình bán cầu	Attribute_Shape	Shape	0	0	0	0	0	2	2	0	2	2	1	1	0	1	1	observed_term_no_disease_translation
Attribute_value_list	Shape	Attributes	Hình bán nguyệt			Hình bán nguyệt	Shape	Hình bán nguyệt	Attribute_Shape	Shape	0	0	0	0	0	2	2	0	1	2	1	1	0	0	1	observed_term_no_disease_translation
Attribute_value_list	Shape	Attributes	Hình bản đồ			Hình bản đồ	Shape	Hình bản đồ	Attribute_Shape	Shape	0	0	0	0	0	1	1	0	0	1	0	0	0	0	0	observed_term_no_disease_translation
Attribute_value_list	Shape	Attributes	Hình bầu dục			Hình bầu dục	Shape	Hình bầu dục || hình bầu dục	Attribute_Shape	Shape	31	34	0	12	34	179	211	0	49	211	50	61	0	13	61	observed_term_no_disease_translation
Attribute_value_list	Shape	Attributes	Hình chấm			Hình chấm	Shape	Hình chấm	Attribute_Shape	Shape	0	0	0	0	0	2	3	0	0	3	0	0	0	0	0	observed_term_no_disease_translation
Attribute_value_list	Shape	Attributes	Hình chấm nhỏ			Hình chấm nhỏ	Shape	Hình chấm nhỏ	Attribute_Shape	Shape	0	0	0	0	0	1	1	0	1	1	0	0	0	0	0	observed_term_no_disease_translation
Attribute_value_list	Shape	Attributes	hình chữ nhật			hình chữ nhật	Shape	hình chữ nhật	Attribute_Shape	Shape	0	0	0	0	0	0	1	0	0	1	0	1	0	0	1	observed_term_no_disease_translation
Attribute_value_list	Shape	Attributes	Hình cung			Hình cung	Shape	Hình cung || hình cung	Attribute_Shape	Shape	1	1	0	1	1	3	5	0	0	5	2	3	0	0	3	observed_term_no_disease_translation
Attribute_value_list	Shape	Attributes	Hình cánh bướm			Hình cánh bướm	Shape	Hình cánh bướm	Attribute_Shape	Shape	0	0	0	0	0	1	1	0	0	1	1	1	0	0	1	observed_term_no_disease_translation
Attribute_value_list	Shape	Attributes	Hình cầu			Hình cầu	Shape	Hình cầu	Attribute_Shape	Shape	0	0	0	0	0	1	1	0	1	1	0	0	0	0	0	observed_term_no_disease_translation
Attribute_value_list	Shape	Attributes	Hình dải			Hình dải	Shape	Hình dải	Attribute_Shape	Shape	0	0	0	0	0	1	1	0	0	1	0	0	0	0	0	observed_term_no_disease_translation
Attribute_value_list	Shape	Attributes	Hình nhẫn			Hình nhẫn	Shape	Hình nhẫn || hình nhẫn	Attribute_Shape	Shape	0	0	0	0	0	11	12	0	6	12	3	3	0	2	3	observed_term_no_disease_translation
Attribute_value_list	Shape	Attributes	Hình nón			Hình nón	Shape	Hình nón	Attribute_Shape	Shape	1	1	0	0	1	1	1	0	1	1	1	1	0	1	1	observed_term_no_disease_translation
Attribute_value_list	Shape	Attributes	Hình que			Hình que	Shape	Hình que	Attribute_Shape	Shape	0	0	0	0	0	1	1	0	0	1	0	0	0	0	0	observed_term_no_disease_translation
Attribute_value_list	Shape	Attributes	Hình sao			Hình sao	Shape	Hình sao	Attribute_Shape	Shape	0	0	0	0	0	3	3	0	2	3	1	1	0	1	1	observed_term_no_disease_translation
Attribute_value_list	Shape	Attributes	Hình tam giác			Hình tam giác	Shape	Hình tam giác	Attribute_Shape	Shape	0	0	0	0	0	1	1	0	1	1	1	1	0	1	1	observed_term_no_disease_translation
Attribute_value_list	Shape	Attributes	Hình thoi			Hình thoi	Shape	Hình thoi	Attribute_Shape	Shape	0	0	0	0	0	2	3	0	1	3	1	1	0	0	1	observed_term_no_disease_translation
Attribute_value_list	Shape	Attributes	Hình tròn			Hình tròn	Shape	Hình tròn || hình tròn	Attribute_Shape	Shape	59	66	0	17	66	470	538	0	150	538	165	183	0	52	183	observed_term_no_disease_translation
Attribute_value_list	Shape	Attributes	Hình tròn nhỏ			Hình tròn nhỏ	Shape	Hình tròn nhỏ	Attribute_Shape	Shape	9	9	0	1	9	69	85	0	22	85	24	31	0	9	31	observed_term_no_disease_translation
Attribute_value_list	Shape	Attributes	Hình trụ			Hình trụ	Shape	Hình trụ	Attribute_Shape	Shape	0	0	0	0	0	2	2	0	1	2	0	0	0	0	0	observed_term_no_disease_translation
Attribute_value_list	Shape	Attributes	hình vòm			hình vòm	Shape	hình vòm || Hình vòm	Attribute_Shape	Shape	3	6	0	2	6	39	45	0	11	45	9	13	0	2	13	observed_term_no_disease_translation
Attribute_value_list	Shape	Attributes	Hình vòng			Hình vòng	Shape	Hình vòng || hình vòng	Attribute_Shape	Shape	13	16	0	4	16	94	110	0	22	110	32	39	0	7	39	observed_term_no_disease_translation
Attribute_value_list	Shape	Attributes	Hình vòng cung			Hình vòng cung	Shape	Hình vòng cung	Attribute_Shape	Shape	0	0	0	0	0	13	16	0	2	16	8	9	0	1	9	observed_term_no_disease_translation
Attribute_value_list	Shape	Attributes	Hình vòng nhỏ			Hình vòng nhỏ	Shape	Hình vòng nhỏ	Attribute_Shape	Shape	0	0	0	0	0	1	1	0	0	1	1	1	0	0	1	observed_term_no_disease_translation
Attribute_value_list	Shape	Attributes	Hình đa cung			Hình đa cung	Shape	Hình đa cung	Attribute_Shape	Shape	0	0	0	0	0	2	2	0	1	2	1	1	0	0	1	observed_term_no_disease_translation
Attribute_value_list	Shape	Attributes	Hình đa giác			Hình đa giác	Shape	Hình đa giác	Attribute_Shape	Shape	0	0	0	0	0	0	1	0	0	1	0	1	0	0	1	observed_term_no_disease_translation
Attribute_value_list	Shape	Attributes	Hình đồng xu			Hình đồng xu	Shape	Hình đồng xu	Attribute_Shape	Shape	0	0	0	0	0	3	3	0	0	3	1	1	0	0	1	observed_term_no_disease_translation
Attribute_value_list	Shape	Attributes	hơi dạng vòng			hơi dạng vòng	Shape	hơi dạng vòng	Attribute_Shape	Shape	0	0	0	0	0	0	1	0	0	1	0	0	0	0	0	observed_term_no_disease_translation
Attribute_value_list	Shape	Attributes	Hơi dẹt			Hơi dẹt	Shape	Hơi dẹt	Attribute_Shape	Shape	0	0	0	0	0	1	1	0	0	1	0	0	0	0	0	observed_term_no_disease_translation
Attribute_value_list	Shape	Attributes	Hơi gồ			Hơi gồ	Shape	Hơi gồ || hơi gồ	Attribute_Shape	Shape	1	1	0	1	1	5	7	0	3	7	1	3	0	0	3	observed_term_no_disease_translation
Attribute_value_list	Shape	Attributes	hơi không đều			hơi không đều	Shape	hơi không đều	Attribute_Shape	Shape	0	0	0	0	0	0	1	0	0	1	0	1	0	0	1	observed_term_no_disease_translation
Attribute_value_list	Shape	Attributes	hơi không đối xứng			hơi không đối xứng	Shape	hơi không đối xứng	Attribute_Shape	Shape	0	0	0	0	0	0	1	0	0	1	0	0	0	0	0	observed_term_no_disease_translation
Attribute_value_list	Shape	Attributes	Hơi thùy múi			Hơi thùy múi	Shape	Hơi thùy múi	Attribute_Shape	Shape	0	0	0	0	0	1	1	0	0	1	1	1	0	0	1	observed_term_no_disease_translation
Attribute_value_list	Shape	Attributes	Hơi tròn			Hơi tròn	Shape	Hơi tròn	Attribute_Shape	Shape	1	1	0	0	1	0	0	0	0	0	0	0	0	0	0	observed_term_no_disease_translation
Attribute_value_list	Shape	Attributes	Hẹp			Hẹp	Shape	Hẹp	Attribute_Shape	Shape	0	0	0	0	0	1	1	0	0	1	1	1	0	0	1	observed_term_no_disease_translation
Attribute_value_list	Shape	Attributes	Khe			Khe	Shape	Khe	Attribute_Shape	Shape	2	2	0	1	2	9	9	0	2	9	2	2	0	0	2	observed_term_no_disease_translation
Attribute_value_list	Shape	Attributes	Khe dài			Khe dài	Shape	Khe dài	Attribute_Shape	Shape	0	0	0	0	0	2	2	0	0	2	1	1	0	0	1	observed_term_no_disease_translation
Attribute_value_list	Shape	Attributes	Khe nhỏ			Khe nhỏ	Shape	Khe nhỏ	Attribute_Shape	Shape	1	1	0	1	1	0	0	0	0	0	0	0	0	0	0	observed_term_no_disease_translation
Attribute_value_list	Shape	Attributes	Khe nứt			Khe nứt	Shape	Khe nứt || khe nứt	Attribute_Shape	Shape	1	1	0	1	1	4	6	0	0	6	0	1	0	0	1	observed_term_no_disease_translation
Attribute_value_list	Shape	Attributes	Khe nứt dài			Khe nứt dài	Shape	Khe nứt dài	Attribute_Shape	Shape	1	1	0	1	1	0	0	0	0	0	0	0	0	0	0	observed_term_no_disease_translation
Attribute_value_list	Shape	Attributes	Khe nứt ngắn			Khe nứt ngắn	Shape	Khe nứt ngắn	Attribute_Shape	Shape	0	0	0	0	0	1	1	0	0	1	0	0	0	0	0	observed_term_no_disease_translation
Attribute_value_list	Shape	Attributes	khe nứt thẳng			khe nứt thẳng	Shape	khe nứt thẳng	Attribute_Shape	Shape	0	0	0	0	0	0	1	0	0	1	0	0	0	0	0	observed_term_no_disease_translation
Attribute_value_list	Shape	Attributes	Khép kín			Khép kín	Shape	Khép kín	Attribute_Shape	Shape	0	0	0	0	0	1	1	0	1	1	1	1	0	1	1	observed_term_no_disease_translation
Attribute_value_list	Shape	Attributes	khía múi			khía múi	Shape	khía múi	Attribute_Shape	Shape	0	0	0	0	0	0	1	0	0	1	0	0	0	0	0	observed_term_no_disease_translation
Attribute_value_list	Shape	Attributes	Không rõ			Không rõ	Shape	Không rõ	Attribute_Shape	Shape	1	1	0	1	1	5	5	0	2	5	3	3	0	1	3	observed_term_no_disease_translation
Attribute_value_list	Shape	Attributes	Không đều			Không đều	Shape	Không đều || không đều	Attribute_Shape	Shape	76	87	4	59	125	574	659	38	356	882	183	212	16	119	289	observed_term_no_disease_translation
Attribute_value_list	Shape	Attributes	Không đối xứng			Không đối xứng	Shape	Không đối xứng	Attribute_Shape	Shape	0	0	0	0	0	1	1	0	0	1	1	1	0	0	1	observed_term_no_disease_translation
Attribute_value_list	Shape	Attributes	Kéo dài			Kéo dài	Shape	Kéo dài	Attribute_Shape	Shape	1	1	0	0	1	6	7	0	1	7	0	1	0	0	1	observed_term_no_disease_translation
Attribute_value_list	Shape	Attributes	Kích thước khác nhau			Kích thước khác nhau	Shape	Kích thước khác nhau	Attribute_Shape	Shape	0	0	0	0	0	1	1	0	0	1	0	0	0	0	0	observed_term_no_disease_translation
Attribute_value_list	Shape	Attributes	Kích thước không đều			Kích thước không đều	Shape	Kích thước không đều	Attribute_Shape	Shape	0	0	0	0	0	1	2	0	1	2	0	0	0	0	0	observed_term_no_disease_translation
Attribute_value_list	Shape	Attributes	Kích thước nhỏ			Kích thước nhỏ	Shape	Kích thước nhỏ	Attribute_Shape	Shape	1	1	0	1	1	22	22	0	6	22	8	8	0	2	8	observed_term_no_disease_translation
Attribute_value_list	Shape	Attributes	Kích thước đa dạng			Kích thước đa dạng	Shape	Kích thước đa dạng	Attribute_Shape	Shape	0	0	0	0	0	4	4	0	3	4	2	2	0	1	2	observed_term_no_disease_translation
Attribute_value_list	Shape	Attributes	kích thước đều			kích thước đều	Shape	kích thước đều || Kích thước đều	Attribute_Shape	Shape	0	1	0	0	1	1	1	0	0	1	0	0	0	0	0	observed_term_no_disease_translation
Attribute_value_list	Shape	Attributes	Lan dài			Lan dài	Shape	Lan dài	Attribute_Shape	Shape	0	0	0	0	0	1	1	0	0	1	0	0	0	0	0	observed_term_no_disease_translation
Attribute_value_list	Shape	Attributes	Lan từ bờ xa			Lan từ bờ xa	Shape	Lan từ bờ xa	Attribute_Shape	Shape	0	0	0	0	0	1	1	0	1	1	1	1	0	1	1	observed_term_no_disease_translation
Attribute_value_list	Shape	Attributes	Li ti			Li ti	Shape	Li ti	Attribute_Shape	Shape	0	0	0	0	0	2	2	0	2	2	1	1	0	1	1	observed_term_no_disease_translation
Attribute_value_list	Shape	Attributes	Loang lổ			Loang lổ	Shape	Loang lổ || loang lổ	Attribute_Shape	Shape	4	4	0	2	4	36	40	0	10	40	12	15	0	5	15	observed_term_no_disease_translation
Attribute_value_list	Shape	Attributes	Lobul			Lobul	Shape	Lobul	Attribute_Shape	Shape	0	0	0	0	0	1	1	0	0	1	0	0	0	0	0	observed_term_no_disease_translation
Attribute_value_list	Shape	Attributes	Loét			Loét	Shape	Loét	Attribute_Shape	Configuration	0	0	0	0	0	0	0	0	1	1	0	0	0	0	0	observed_term_no_disease_translation
Attribute_value_list	Shape	Attributes	Lõm			Lõm	Shape	Lõm	Attribute_Shape	Shape	0	0	0	0	0	1	1	0	0	1	0	0	0	0	0	observed_term_no_disease_translation
Attribute_value_list	Shape	Attributes	Lõm giữa			Lõm giữa	Shape	Lõm giữa	Attribute_Shape	Shape	0	0	0	0	0	8	8	0	5	8	5	5	0	3	5	observed_term_no_disease_translation
Attribute_value_list	Shape	Attributes	Lõm nhỏ			Lõm nhỏ	Shape	Lõm nhỏ	Attribute_Shape	Shape	0	0	0	0	0	1	1	0	0	1	0	0	0	0	0	observed_term_no_disease_translation
Attribute_value_list	Shape	Attributes	Lõm trung tâm			Lõm trung tâm	Shape	Lõm trung tâm	Attribute_Shape	Shape	1	1	0	1	1	9	12	0	4	12	2	2	0	1	2	observed_term_no_disease_translation
Attribute_value_list	Shape	Attributes	lưới			lưới	Shape	lưới || Lưới	Attribute_Shape	Shape	0	0	0	0	0	3	4	0	0	4	1	2	0	0	2	observed_term_no_disease_translation
Attribute_value_list	Shape	Attributes	Lấm tấm			Lấm tấm	Shape	Lấm tấm	Attribute_Shape	Shape	1	1	0	0	1	2	3	0	0	3	0	0	0	0	0	observed_term_no_disease_translation
Attribute_value_list	Shape	Attributes	Lốm đốm			Lốm đốm	Shape	Lốm đốm	Attribute_Shape	Shape	0	0	0	0	0	3	3	0	1	3	1	1	0	0	1	observed_term_no_disease_translation
Attribute_value_list	Shape	Attributes	Lồi			Lồi	Shape	Lồi	Attribute_Shape	Shape	0	0	0	0	0	5	5	0	3	5	1	1	0	0	1	observed_term_no_disease_translation
Attribute_value_list	Shape	Attributes	Lồi dạng vòm			Lồi dạng vòm	Shape	Lồi dạng vòm	Attribute_Shape	Shape	0	0	0	0	0	1	1	0	0	1	0	0	0	0	0	observed_term_no_disease_translation
Attribute_value_list	Shape	Attributes	Lồi gồ			Lồi gồ	Shape	Lồi gồ	Attribute_Shape	Shape	1	1	0	0	1	1	1	0	1	1	0	0	0	0	0	observed_term_no_disease_translation
Attribute_value_list	Shape	Attributes	Lồi nhô			Lồi nhô	Shape	Lồi nhô	Attribute_Shape	Shape	0	0	0	0	0	0	1	0	0	1	0	0	0	0	0	observed_term_no_disease_translation
Attribute_value_list	Shape	Attributes	Lỗ giãn			Lỗ giãn	Shape	Lỗ giãn	Attribute_Shape	Shape	0	0	0	0	0	2	2	0	1	2	2	2	0	1	2	observed_term_no_disease_translation
Attribute_value_list	Shape	Attributes	Mép nham nhở			Mép nham nhở	Shape	Mép nham nhở	Attribute_Shape	Shape	0	0	0	0	0	1	1	0	0	1	0	0	0	0	0	observed_term_no_disease_translation
Attribute_value_list	Shape	Attributes	Múi			Múi	Shape	Múi	Attribute_Shape	Shape	1	1	0	1	1	0	0	0	0	0	0	0	0	0	0	observed_term_no_disease_translation
Attribute_value_list	Shape	Attributes	Múi hóa			Múi hóa	Shape	Múi hóa	Attribute_Shape	Shape	0	0	0	0	0	1	1	0	0	1	0	0	0	0	0	observed_term_no_disease_translation
Attribute_value_list	Shape	Attributes	Mũi thoi			Mũi thoi	Shape	Mũi thoi	Attribute_Shape	Shape	0	0	0	0	0	0	1	0	0	1	0	0	0	0	0	observed_term_no_disease_translation
Attribute_value_list	Shape	Attributes	Mạch phân nhánh			Mạch phân nhánh	Shape	Mạch phân nhánh	Attribute_Shape	Shape	0	0	0	0	0	1	1	0	1	1	0	0	0	0	0	observed_term_no_disease_translation
Attribute_value_list	Shape	Attributes	Mạng lưới			Mạng lưới	Shape	Mạng lưới	Attribute_Shape	Shape	0	0	0	0	0	2	2	0	1	2	0	0	0	0	0	observed_term_no_disease_translation
Attribute_value_list	Shape	Attributes	Mờ			Mờ	Shape	Mờ	Attribute_Shape	Shape	0	0	0	0	0	0	1	0	0	1	0	0	0	0	0	observed_term_no_disease_translation
Attribute_value_list	Shape	Attributes	Mờ ranh giới			Mờ ranh giới	Shape	Mờ ranh giới	Attribute_Shape	Shape	0	0	0	0	0	1	1	0	1	1	0	0	0	0	0	observed_term_no_disease_translation
Attribute_value_list	Shape	Attributes	Ngoằn ngoèo			Ngoằn ngoèo	Shape	Ngoằn ngoèo || ngoằn ngoèo	Attribute_Shape	Shape	3	3	0	0	3	28	35	0	9	35	8	9	0	4	9	observed_term_no_disease_translation
Attribute_value_list	Shape	Attributes	Nham nhở			Nham nhở	Shape	Nham nhở	Attribute_Shape	Shape	0	0	0	0	0	1	1	0	1	1	0	0	0	0	0	observed_term_no_disease_translation
Attribute_value_list	Shape	Attributes	Nhiều thùy			Nhiều thùy	Shape	Nhiều thùy	Attribute_Shape	Shape	0	0	0	0	0	1	1	0	1	1	1	1	0	1	1	observed_term_no_disease_translation
Attribute_value_list	Shape	Attributes	Nhô cao			Nhô cao	Shape	Nhô cao || nhô cao	Attribute_Shape	Shape	0	0	0	0	0	2	3	0	0	3	2	2	0	0	2	observed_term_no_disease_translation
Attribute_value_list	Shape	Attributes	Nhú			Nhú	Shape	Nhú	Attribute_Shape	Shape	0	0	0	0	0	1	1	0	0	1	0	0	0	0	0	observed_term_no_disease_translation
Attribute_value_list	Shape	Attributes	nhú sừng			nhú sừng	Shape	nhú sừng	Attribute_Shape	Shape	0	0	0	0	0	0	1	0	0	1	0	0	0	0	0	observed_term_no_disease_translation
Attribute_value_list	Shape	Attributes	Nhẫn			Nhẫn	Shape	Nhẫn	Attribute_Shape	Shape	0	0	0	0	0	1	1	0	0	1	0	0	0	0	0	observed_term_no_disease_translation
Attribute_value_list	Shape	Attributes	Nhẵn			Nhẵn	Shape	Nhẵn	Attribute_Shape	Shape	0	0	0	0	0	1	1	0	1	1	1	1	0	1	1	observed_term_no_disease_translation
Attribute_value_list	Shape	Attributes	Nhọn			Nhọn	Shape	Nhọn	Attribute_Shape	Shape	1	1	0	1	1	0	0	0	0	0	0	0	0	0	0	observed_term_no_disease_translation
Attribute_value_list	Shape	Attributes	Nhỏ			Nhỏ	Shape	Nhỏ || nhỏ	Attribute_Shape	Shape	5	8	0	5	8	49	58	0	11	58	12	16	0	2	16	observed_term_no_disease_translation
Attribute_value_list	Shape	Attributes	Nhỏ giọt			Nhỏ giọt	Shape	Nhỏ giọt	Attribute_Shape	Shape	0	0	0	0	0	1	1	0	1	1	1	1	0	1	1	observed_term_no_disease_translation
Attribute_value_list	Shape	Attributes	Nhỏ li ti			Nhỏ li ti	Shape	Nhỏ li ti	Attribute_Shape	Shape	1	1	0	1	1	4	5	0	2	5	1	1	0	0	1	observed_term_no_disease_translation
Attribute_value_list	Shape	Attributes	Nhỏ đều			Nhỏ đều	Shape	Nhỏ đều	Attribute_Shape	Shape	0	0	0	0	0	1	1	0	1	1	0	0	0	0	0	observed_term_no_disease_translation
Attribute_value_list	Shape	Attributes	Nón cong			Nón cong	Shape	Nón cong	Attribute_Shape	Shape	0	0	0	0	0	1	1	0	1	1	1	1	0	1	1	observed_term_no_disease_translation
Attribute_value_list	Shape	Attributes	Nón sừng			Nón sừng	Shape	Nón sừng	Attribute_Shape	Shape	1	1	0	0	1	0	0	0	0	0	0	0	0	0	0	observed_term_no_disease_translation
Attribute_value_list	Shape	Attributes	Nông			Nông	Shape	Nông	Attribute_Shape	Shape	0	0	0	0	0	4	5	0	1	5	1	1	0	1	1	observed_term_no_disease_translation
Attribute_value_list	Shape	Attributes	Nếp gấp			Nếp gấp	Shape	Nếp gấp	Attribute_Shape	Shape	0	0	0	0	0	1	1	0	1	1	0	0	0	0	0	observed_term_no_disease_translation
Attribute_value_list	Shape	Attributes	Nếp gấp sâu			Nếp gấp sâu	Shape	Nếp gấp sâu	Attribute_Shape	Shape	0	0	0	0	0	1	1	0	0	1	0	0	0	0	0	observed_term_no_disease_translation
Attribute_value_list	Shape	Attributes	Nốt tròn			Nốt tròn	Shape	Nốt tròn	Attribute_Shape	Shape	0	0	0	0	0	1	1	0	1	1	0	0	0	0	0	observed_term_no_disease_translation
Attribute_value_list	Shape	Attributes	nổi cao			nổi cao	Shape	nổi cao || Nổi cao	Attribute_Shape	Shape	0	1	0	0	1	0	1	0	0	1	0	1	0	0	1	observed_term_no_disease_translation
Attribute_value_list	Shape	Attributes	Phân nhánh			Phân nhánh	Shape	Phân nhánh || phân nhánh	Attribute_Shape	Shape	1	2	0	0	2	5	6	0	2	6	3	4	0	2	4	observed_term_no_disease_translation
Attribute_value_list	Shape	Attributes	Phân vùng ngang			Phân vùng ngang	Shape	Phân vùng ngang	Attribute_Shape	Shape	0	0	0	0	0	1	1	0	0	1	0	0	0	0	0	observed_term_no_disease_translation
Attribute_value_list	Shape	Attributes	Phù nề			Phù nề	Shape	Phù nề || phù nề	Attribute_Shape	Configuration || Shape	1	1	0	1	2	0	1	0	1	2	0	0	0	0	0	observed_term_no_disease_translation
Attribute_value_list	Shape	Attributes	Phẳng nhẹ			Phẳng nhẹ	Shape	Phẳng nhẹ	Attribute_Shape	Shape	0	0	0	0	0	1	1	0	1	1	0	0	0	0	0	observed_term_no_disease_translation
Attribute_value_list	Shape	Attributes	Ranh giới			Ranh giới	Shape	Ranh giới	Attribute_Shape	Shape	4	4	0	1	4	43	49	0	10	49	17	20	0	6	20	observed_term_no_disease_translation
Attribute_value_list	Shape	Attributes	Ranh giới không rõ			Ranh giới không rõ	Shape	Ranh giới không rõ || ranh giới không rõ	Attribute_Shape	Shape	11	11	1	2	12	65	78	10	15	88	18	21	5	6	26	observed_term_no_disease_translation
Attribute_value_list	Shape	Attributes	Ranh giới không đều			Ranh giới không đều	Shape	Ranh giới không đều	Attribute_Shape	Shape	9	9	0	5	9	77	90	0	20	90	22	25	0	8	25	observed_term_no_disease_translation
Attribute_value_list	Shape	Attributes	Ranh giới mờ			Ranh giới mờ	Shape	Ranh giới mờ || ranh giới mờ	Attribute_Shape	Shape	86	105	3	57	134	793	930	48	444	1170	288	323	13	136	390	observed_term_no_disease_translation
Attribute_value_list	Shape	Attributes	Ranh giới rõ			Ranh giới rõ	Shape	Ranh giới rõ || ranh giới rõ	Attribute_Shape	Shape	100	109	10	59	143	749	867	74	469	1182	241	279	25	156	383	observed_term_no_disease_translation
Attribute_value_list	Shape	Attributes	Ranh giới tương đối rõ			Ranh giới tương đối rõ	Shape	Ranh giới tương đối rõ	Attribute_Shape	Shape	0	0	0	0	0	0	1	0	0	1	0	1	0	0	1	observed_term_no_disease_translation
Attribute_value_list	Shape	Attributes	Rãnh dọc			Rãnh dọc	Shape	Rãnh dọc	Attribute_Shape	Shape	1	1	0	0	1	8	8	0	2	8	0	0	0	0	0	observed_term_no_disease_translation
Attribute_value_list	Shape	Attributes	Rãnh gờ			Rãnh gờ	Shape	Rãnh gờ	Attribute_Shape	Shape	1	1	0	0	1	0	0	0	0	0	0	0	0	0	0	observed_term_no_disease_translation
Attribute_value_list	Shape	Attributes	Rìa nham nhở			Rìa nham nhở	Shape	Rìa nham nhở	Attribute_Shape	Shape	0	0	0	0	0	0	1	0	0	1	0	0	0	0	0	observed_term_no_disease_translation
Attribute_value_list	Shape	Attributes	Rất nhỏ			Rất nhỏ	Shape	Rất nhỏ	Attribute_Shape	Shape	0	0	0	0	0	1	1	0	0	1	0	0	0	0	0	observed_term_no_disease_translation
Attribute_value_list	Shape	Attributes	Song song			Song song	Shape	Song song || song song	Attribute_Shape	Shape	1	1	0	0	1	3	4	0	1	4	1	1	0	0	1	observed_term_no_disease_translation
Attribute_value_list	Shape	Attributes	sùi			sùi	Shape	sùi	Attribute_Shape	Shape	0	0	0	0	0	0	1	0	0	1	0	1	0	0	1	observed_term_no_disease_translation
Attribute_value_list	Shape	Attributes	Sẩn vòm			Sẩn vòm	Shape	Sẩn vòm	Attribute_Shape	Shape	0	0	0	0	0	1	1	0	1	1	1	1	0	1	1	observed_term_no_disease_translation
Attribute_value_list	Shape	Attributes	Sẹo dải			Sẹo dải	Shape	Sẹo dải	Attribute_Shape	Shape	0	0	0	0	0	1	1	0	0	1	0	0	0	0	0	observed_term_no_disease_translation
Attribute_value_list	Shape	Attributes	Sợi dài			Sợi dài	Shape	Sợi dài	Attribute_Shape	Shape	0	0	0	0	0	1	1	0	0	1	0	0	0	0	0	observed_term_no_disease_translation
Attribute_value_list	Shape	Attributes	Sừng nhô cao			Sừng nhô cao	Shape	Sừng nhô cao	Attribute_Shape	Shape	0	0	0	0	0	1	1	0	0	1	1	1	0	0	1	observed_term_no_disease_translation
Attribute_value_list	Shape	Attributes	Tam giác			Tam giác	Shape	Tam giác	Attribute_Shape	Shape	0	0	0	0	0	6	6	0	3	6	2	2	0	2	2	observed_term_no_disease_translation
Attribute_value_list	Shape	Attributes	Theo hình xăm			Theo hình xăm	Shape	Theo hình xăm	Attribute_Shape	Shape	0	0	0	0	0	1	1	0	0	1	1	1	0	0	1	observed_term_no_disease_translation
Attribute_value_list	Shape	Attributes	Theo nếp gấp			Theo nếp gấp	Shape	Theo nếp gấp	Attribute_Shape	Shape	1	1	0	0	1	1	1	0	0	1	1	1	0	0	1	observed_term_no_disease_translation
Attribute_value_list	Shape	Attributes	Thoi			Thoi	Shape	Thoi || thoi	Attribute_Shape	Shape	0	0	0	0	0	4	6	0	1	6	1	2	0	0	2	observed_term_no_disease_translation
Attribute_value_list	Shape	Attributes	Thon dài			Thon dài	Shape	Thon dài	Attribute_Shape	Shape	1	1	0	0	1	9	11	0	1	11	3	4	0	0	4	observed_term_no_disease_translation
Attribute_value_list	Shape	Attributes	Thuôn dài			Thuôn dài	Shape	Thuôn dài || thuôn dài	Attribute_Shape	Shape	2	3	0	0	3	22	25	0	10	25	8	8	0	4	8	observed_term_no_disease_translation
Attribute_value_list	Shape	Attributes	Thuỳ			Thuỳ	Shape	Thuỳ	Attribute_Shape	Shape	1	1	0	1	1	0	0	0	0	0	0	0	0	0	0	observed_term_no_disease_translation
Attribute_value_list	Shape	Attributes	Thành chùm			Thành chùm	Shape	Thành chùm	Attribute_Shape	Shape	0	0	0	0	0	1	1	0	1	1	1	1	0	1	1	observed_term_no_disease_translation
Attribute_value_list	Shape	Attributes	Thùy			Thùy	Shape	Thùy	Attribute_Shape	Shape	0	0	0	0	0	6	7	0	0	7	2	2	0	0	2	observed_term_no_disease_translation
Attribute_value_list	Shape	Attributes	Thùy múi			Thùy múi	Shape	Thùy múi || thùy múi	Attribute_Shape	Shape	1	1	0	0	1	23	27	0	4	27	5	5	0	1	5	observed_term_no_disease_translation
Attribute_value_list	Shape	Attributes	Thùy nhỏ			Thùy nhỏ	Shape	Thùy nhỏ	Attribute_Shape	Shape	0	0	0	0	0	1	1	0	0	1	1	1	0	0	1	observed_term_no_disease_translation
Attribute_value_list	Shape	Attributes	Thẳng			Thẳng	Shape	Thẳng	Attribute_Shape	Shape	0	0	0	0	0	1	1	0	0	1	0	0	0	0	0	observed_term_no_disease_translation
Attribute_value_list	Shape	Attributes	Trung tâm lõm			Trung tâm lõm	Shape	Trung tâm lõm	Attribute_Shape	Shape	1	1	0	0	1	11	11	0	2	11	1	1	0	0	1	observed_term_no_disease_translation
Attribute_value_list	Shape	Attributes	Trung tâm nhạt			Trung tâm nhạt	Shape	Trung tâm nhạt	Attribute_Shape	Shape	0	0	0	0	0	5	5	0	2	5	2	2	0	1	2	observed_term_no_disease_translation
Attribute_value_list	Shape	Attributes	tròn			tròn	Shape	tròn || Tròn	Attribute_Shape	Shape	79	93	4	85	146	685	804	60	576	1213	210	256	27	182	398	observed_term_no_disease_translation
Attribute_value_list	Shape	Attributes	Tròn bầu dục			Tròn bầu dục	Shape	Tròn bầu dục || tròn bầu dục	Attribute_Shape	Shape	1	1	0	0	1	1	4	0	1	4	1	2	0	1	2	observed_term_no_disease_translation
Attribute_value_list	Shape	Attributes	Tròn không đều			Tròn không đều	Shape	Tròn không đều	Attribute_Shape	Shape	0	0	0	0	0	3	3	0	1	3	0	0	0	0	0	observed_term_no_disease_translation
Attribute_value_list	Shape	Attributes	Tròn nhỏ			Tròn nhỏ	Shape	Tròn nhỏ || tròn nhỏ	Attribute_Shape	Shape	7	7	0	3	7	47	55	0	12	55	12	14	0	1	14	observed_term_no_disease_translation
Attribute_value_list	Shape	Attributes	Tròn đều			Tròn đều	Shape	Tròn đều	Attribute_Shape	Shape	0	0	0	0	0	1	1	0	0	1	0	0	0	0	0	observed_term_no_disease_translation
Attribute_value_list	Shape	Attributes	Tròn-bầu dục			Tròn-bầu dục	Shape	Tròn-bầu dục	Attribute_Shape	Shape	0	0	0	0	0	1	1	0	0	1	0	0	0	0	0	observed_term_no_disease_translation
Attribute_value_list	Shape	Attributes	Trụ cong			Trụ cong	Shape	Trụ cong	Attribute_Shape	Shape	0	0	0	0	0	1	1	0	1	1	0	0	0	0	0	observed_term_no_disease_translation
Attribute_value_list	Shape	Attributes	Trụ cụt			Trụ cụt	Shape	Trụ cụt	Attribute_Shape	Shape	0	0	0	0	0	1	1	0	1	1	1	1	0	1	1	observed_term_no_disease_translation
Attribute_value_list	Shape	Attributes	tuyến tính			tuyến tính	Shape	tuyến tính || Tuyến tính	Attribute_Shape	Shape	0	0	3	0	3	10	11	14	4	25	3	3	5	1	8	observed_term_no_disease_translation
Attribute_value_list	Shape	Attributes	U cục nhỏ			U cục nhỏ	Shape	U cục nhỏ	Attribute_Shape	Shape	0	0	0	0	0	1	1	0	1	1	0	0	0	0	0	observed_term_no_disease_translation
Attribute_value_list	Shape	Attributes	Uốn cong			Uốn cong	Shape	Uốn cong	Attribute_Shape	Shape	0	0	0	0	0	0	1	0	0	1	0	0	0	0	0	observed_term_no_disease_translation
Attribute_value_list	Shape	Attributes	uốn lượn			uốn lượn	Shape	uốn lượn	Attribute_Shape	Shape	0	0	0	0	0	0	1	0	0	1	0	1	0	0	1	observed_term_no_disease_translation
Attribute_value_list	Shape	Attributes	Viền cong			Viền cong	Shape	Viền cong	Attribute_Shape	Shape	1	1	0	0	1	0	0	0	0	0	0	0	0	0	0	observed_term_no_disease_translation
Attribute_value_list	Shape	Attributes	Viền gồ			Viền gồ	Shape	Viền gồ	Attribute_Shape	Shape	0	0	0	0	0	1	1	0	0	1	0	0	0	0	0	observed_term_no_disease_translation
Attribute_value_list	Shape	Attributes	Viền quanh móng			Viền quanh móng	Shape	Viền quanh móng	Attribute_Shape	Shape	1	1	0	1	1	0	0	0	0	0	0	0	0	0	0	observed_term_no_disease_translation
Attribute_value_list	Shape	Attributes	Viền đỏ			Viền đỏ	Shape	Viền đỏ	Attribute_Shape	Shape	0	0	0	0	0	1	1	0	0	1	0	0	0	0	0	observed_term_no_disease_translation
Attribute_value_list	Shape	Attributes	Vân da rõ			Vân da rõ	Shape	Vân da rõ	Attribute_Shape	Shape	0	0	0	0	0	0	1	0	0	1	0	0	0	0	0	observed_term_no_disease_translation
Attribute_value_list	Shape	Attributes	Vân lưới			Vân lưới	Shape	Vân lưới	Attribute_Shape	Configuration	0	0	0	0	0	2	2	0	0	2	2	2	0	0	2	observed_term_no_disease_translation
Attribute_value_list	Shape	Attributes	Vân lưới mờ			Vân lưới mờ	Shape	Vân lưới mờ	Attribute_Shape	Configuration	0	0	0	0	0	3	3	0	0	3	1	1	0	0	1	observed_term_no_disease_translation
Attribute_value_list	Shape	Attributes	Vòm			Vòm	Shape	Vòm || vòm	Attribute_Shape	Shape	5	8	0	2	8	68	73	0	22	73	20	20	0	6	20	observed_term_no_disease_translation
Attribute_value_list	Shape	Attributes	Vòm nhỏ			Vòm nhỏ	Shape	Vòm nhỏ	Attribute_Shape	Shape	0	0	0	0	0	3	3	0	2	3	2	2	0	1	2	observed_term_no_disease_translation
Attribute_value_list	Shape	Attributes	Vòm thấp			Vòm thấp	Shape	Vòm thấp	Attribute_Shape	Shape	0	0	0	0	0	1	1	0	0	1	1	1	0	0	1	observed_term_no_disease_translation
Attribute_value_list	Shape	Attributes	vòm tròn			vòm tròn	Shape	vòm tròn || Vòm tròn	Attribute_Shape	Shape	0	1	0	0	1	3	4	0	1	4	1	1	0	0	1	observed_term_no_disease_translation
Attribute_value_list	Shape	Attributes	vòng			vòng	Shape	vòng || Vòng	Attribute_Shape	Shape	1	2	0	0	2	17	20	0	4	20	6	6	0	1	6	observed_term_no_disease_translation
Attribute_value_list	Shape	Attributes	Vòng cung			Vòng cung	Shape	Vòng cung || vòng cung	Attribute_Shape	Shape	3	4	0	2	4	26	29	0	8	29	9	11	0	5	11	observed_term_no_disease_translation
Attribute_value_list	Shape	Attributes	Vòng hở			Vòng hở	Shape	Vòng hở	Attribute_Shape	Shape	0	0	0	0	0	1	1	0	0	1	1	1	0	0	1	observed_term_no_disease_translation
Attribute_value_list	Shape	Attributes	Vòng không hoàn toàn			Vòng không hoàn toàn	Shape	Vòng không hoàn toàn	Attribute_Shape	Shape	2	2	0	1	2	2	2	0	1	2	0	0	0	0	0	observed_term_no_disease_translation
Attribute_value_list	Shape	Attributes	Vòng một phần			Vòng một phần	Shape	Vòng một phần	Attribute_Shape	Shape	0	0	0	0	0	1	1	0	1	1	1	1	0	1	1	observed_term_no_disease_translation
Attribute_value_list	Shape	Attributes	Vòng nhỏ			Vòng nhỏ	Shape	Vòng nhỏ	Attribute_Shape	Shape	0	0	0	0	0	1	1	0	1	1	0	0	0	0	0	observed_term_no_disease_translation
Attribute_value_list	Shape	Attributes	Vòng quanh móng			Vòng quanh móng	Shape	Vòng quanh móng	Attribute_Shape	Shape	0	0	0	0	0	1	1	0	0	1	0	0	0	0	0	observed_term_no_disease_translation
Attribute_value_list	Shape	Attributes	Vảy tiết			Vảy tiết	Shape	Vảy tiết	Attribute_Shape	Configuration	0	0	0	0	0	0	0	0	1	1	0	0	0	0	0	observed_term_no_disease_translation
Attribute_value_list	Shape	Attributes	Vệt tuyến tính			Vệt tuyến tính	Shape	Vệt tuyến tính	Attribute_Shape	Configuration	0	0	0	0	0	1	1	0	0	1	1	1	0	0	1	observed_term_no_disease_translation
Attribute_value_list	Shape	Attributes	Đa cung			Đa cung	Shape	Đa cung || đa cung	Attribute_Shape	Shape	18	20	12	38	61	116	132	71	269	447	36	42	29	85	150	observed_term_no_disease_translation
Attribute_value_list	Shape	Attributes	Đa dạng			Đa dạng	Shape	Đa dạng	Attribute_Shape	Shape	1	1	0	0	1	3	3	0	2	3	1	1	0	0	1	observed_term_no_disease_translation
Attribute_value_list	Shape	Attributes	Đa dạng kích thước			Đa dạng kích thước	Shape	Đa dạng kích thước	Attribute_Shape	Shape	0	0	0	0	0	1	1	0	0	1	0	0	0	0	0	observed_term_no_disease_translation
Attribute_value_list	Shape	Attributes	Đa giác			Đa giác	Shape	Đa giác || đa giác	Attribute_Shape	Shape	0	0	0	0	0	12	17	0	4	17	3	5	0	2	5	observed_term_no_disease_translation
Attribute_value_list	Shape	Attributes	đa giác lớn			đa giác lớn	Shape	đa giác lớn || Đa giác lớn	Attribute_Shape	Shape	0	0	0	0	0	1	2	0	1	2	0	0	0	0	0	observed_term_no_disease_translation
Attribute_value_list	Shape	Attributes	Đa giác nhỏ			Đa giác nhỏ	Shape	Đa giác nhỏ	Attribute_Shape	Shape	0	0	0	0	0	5	5	0	0	5	2	2	0	0	2	observed_term_no_disease_translation
Attribute_value_list	Shape	Attributes	Đa hình			Đa hình	Shape	Đa hình	Attribute_Shape	Shape	0	0	0	0	0	1	1	0	0	1	1	1	0	0	1	observed_term_no_disease_translation
Attribute_value_list	Shape	Attributes	Đa kích thước			Đa kích thước	Shape	Đa kích thước	Attribute_Shape	Shape	0	0	0	0	0	1	1	0	0	1	0	0	0	0	0	observed_term_no_disease_translation
Attribute_value_list	Shape	Attributes	đa thùy			đa thùy	Shape	đa thùy || Đa thùy	Attribute_Shape	Shape	0	1	0	0	1	8	9	0	2	9	2	2	0	0	2	observed_term_no_disease_translation
Attribute_value_list	Shape	Attributes	đa vòng			đa vòng	Shape	đa vòng || Đa vòng	Attribute_Shape	Shape	1	2	0	0	2	15	17	0	5	17	10	10	0	5	10	observed_term_no_disease_translation
Attribute_value_list	Shape	Attributes	Đám không đều			Đám không đều	Shape	Đám không đều	Attribute_Shape	Shape	0	0	0	0	0	1	1	0	0	1	0	0	0	0	0	observed_term_no_disease_translation
Attribute_value_list	Shape	Attributes	Đường			Đường	Shape	Đường	Attribute_Shape	Shape	0	0	0	0	0	1	1	0	0	1	1	1	0	0	1	observed_term_no_disease_translation
Attribute_value_list	Shape	Attributes	Đường dài			Đường dài	Shape	Đường dài	Attribute_Shape	Shape	0	0	0	0	0	1	1	0	1	1	0	0	0	0	0	observed_term_no_disease_translation
Attribute_value_list	Shape	Attributes	Đường dọc			Đường dọc	Shape	Đường dọc	Attribute_Shape	Shape	0	0	0	0	0	6	6	0	1	6	4	4	0	0	4	observed_term_no_disease_translation
Attribute_value_list	Shape	Attributes	Đường mảnh			Đường mảnh	Shape	Đường mảnh || đường mảnh	Attribute_Shape	Shape	0	0	0	0	0	1	2	0	0	2	1	1	0	0	1	observed_term_no_disease_translation
Attribute_value_list	Shape	Attributes	Đường ngoằn ngoèo			Đường ngoằn ngoèo	Shape	Đường ngoằn ngoèo	Attribute_Shape	Shape	0	0	0	0	0	1	1	0	0	1	1	1	0	0	1	observed_term_no_disease_translation
Attribute_value_list	Shape	Attributes	Đường nứt			Đường nứt	Shape	Đường nứt	Attribute_Shape	Shape	0	0	0	0	0	1	2	0	0	2	0	1	0	0	1	observed_term_no_disease_translation
Attribute_value_list	Shape	Attributes	Đường nứt dài			Đường nứt dài	Shape	Đường nứt dài	Attribute_Shape	Shape	0	0	0	0	0	1	1	0	0	1	1	1	0	0	1	observed_term_no_disease_translation
Attribute_value_list	Shape	Attributes	Đường nứt nẻ			Đường nứt nẻ	Shape	Đường nứt nẻ	Attribute_Shape	Shape	0	0	0	0	0	1	1	0	1	1	0	0	0	0	0	observed_term_no_disease_translation
Attribute_value_list	Shape	Attributes	Đường thẳng			Đường thẳng	Shape	Đường thẳng || đường thẳng	Attribute_Shape	Shape	3	3	0	0	3	19	22	0	4	22	7	8	0	0	8	observed_term_no_disease_translation
Attribute_value_list	Shape	Attributes	Đường vân			Đường vân	Shape	Đường vân	Attribute_Shape	Shape	0	0	0	0	0	1	1	0	1	1	0	0	0	0	0	observed_term_no_disease_translation
Attribute_value_list	Shape	Attributes	Đầu tù			Đầu tù	Shape	Đầu tù	Attribute_Shape	Shape	0	0	0	0	0	2	2	0	0	2	0	0	0	0	0	observed_term_no_disease_translation
Attribute_value_list	Shape	Attributes	Đều nhau			Đều nhau	Shape	Đều nhau	Attribute_Shape	Shape	1	1	0	0	1	0	0	0	0	0	0	0	0	0	0	observed_term_no_disease_translation
Attribute_value_list	Shape	Attributes	Đốm			Đốm	Shape	Đốm	Attribute_Shape	Shape	0	0	0	0	0	1	1	0	0	1	1	1	0	0	1	observed_term_no_disease_translation
Attribute_value_list	Shape	Attributes	Đốm nhỏ			Đốm nhỏ	Shape	Đốm nhỏ	Attribute_Shape	Shape	0	0	0	0	0	2	2	0	2	2	2	2	0	2	2	observed_term_no_disease_translation
Attribute_value_list	Shape	Attributes	Đồng dạng			Đồng dạng	Shape	Đồng dạng || đồng dạng	Attribute_Shape	Shape	0	0	0	0	0	7	8	0	2	8	4	4	0	1	4	observed_term_no_disease_translation
Attribute_value_list	Shape	Attributes	Đồng tiền			Đồng tiền	Shape	Đồng tiền	Attribute_Shape	Shape	0	0	0	0	0	2	2	0	0	2	1	1	0	0	1	observed_term_no_disease_translation
Attribute_value_list	Shape	Attributes	Đồng tâm			Đồng tâm	Shape	Đồng tâm	Attribute_Shape	Shape	0	0	0	0	0	1	1	0	0	1	0	0	0	0	0	observed_term_no_disease_translation
Attribute_value_list	Shape	Attributes	Đồng xu			Đồng xu	Shape	Đồng xu || đồng xu	Attribute_Shape	Shape	2	2	0	1	2	5	6	0	3	6	1	1	0	1	1	observed_term_no_disease_translation
Attribute_value_list	Shape	Attributes	Đồng đều			Đồng đều	Shape	Đồng đều	Attribute_Shape	Shape	0	0	0	0	0	1	1	0	1	1	1	1	0	1	1	observed_term_no_disease_translation
Attribute_value_list	Shape	Attributes	Ổ nhỏ			Ổ nhỏ	Shape	Ổ nhỏ || ổ nhỏ	Attribute_Shape	Shape	3	3	0	1	3	6	7	0	2	7	1	1	0	0	1	observed_term_no_disease_translation
Attribute_value_list	Surface_or_secondary_change	Attributes	Ban đỏ			Ban đỏ	Surface_or_secondary_change	Ban đỏ	Attribute_Characteristics	Surface_or_secondary_change	0	0	0	0	0	4	4	0	0	4	0	0	0	0	0	observed_term_no_disease_translation
Attribute_value_list	Surface_or_secondary_change	Attributes	Biến dạng			Biến dạng	Surface_or_secondary_change	Biến dạng	Attribute_Characteristics	Surface_or_secondary_change	0	0	0	0	0	0	1	0	0	1	0	1	0	0	1	observed_term_no_disease_translation
Attribute_value_list	Surface_or_secondary_change	Attributes	Biến dạng gập			Biến dạng gập	Surface_or_secondary_change	Biến dạng gập	Attribute_Characteristics	Surface_or_secondary_change	0	0	0	0	0	1	1	0	1	1	1	1	0	1	1	observed_term_no_disease_translation
Attribute_value_list	Surface_or_secondary_change	Attributes	Biến dạng móng			Biến dạng móng	Surface_or_secondary_change	Biến dạng móng	Attribute_Characteristics	Surface_or_secondary_change	1	1	0	0	1	9	10	0	2	10	1	2	0	0	2	observed_term_no_disease_translation
Attribute_value_list	Surface_or_secondary_change	Attributes	Biến thiên màu			Biến thiên màu	Surface_or_secondary_change	Biến thiên màu	Attribute_Characteristics	Surface_or_secondary_change	0	0	0	0	0	1	1	0	0	1	1	1	0	0	1	observed_term_no_disease_translation
Attribute_value_list	Surface_or_secondary_change	Attributes	Biến đổi móng			Biến đổi móng	Surface_or_secondary_change	Biến đổi móng	Attribute_Characteristics	Surface_or_secondary_change	1	1	0	0	1	0	0	0	0	0	0	0	0	0	0	observed_term_no_disease_translation
Attribute_value_list	Surface_or_secondary_change	Attributes	Biến đổi sắc tố			Biến đổi sắc tố	Surface_or_secondary_change	Biến đổi sắc tố	Attribute_Characteristics	Surface_or_secondary_change	0	0	0	0	0	1	1	0	0	1	1	1	0	0	1	observed_term_no_disease_translation
Attribute_value_list	Surface_or_secondary_change	Attributes	Bong biểu bì viền			Bong biểu bì viền	Surface_or_secondary_change	Bong biểu bì viền	Attribute_Characteristics	Surface_or_secondary_change	0	0	0	0	0	1	1	0	0	1	1	1	0	0	1	observed_term_no_disease_translation
Attribute_value_list	Surface_or_secondary_change	Attributes	Bong da			Bong da	Surface_or_secondary_change	Bong da	Attribute_Characteristics	Surface_or_secondary_change	0	0	0	0	0	11	13	0	4	13	3	3	0	0	3	observed_term_no_disease_translation
Attribute_value_list	Surface_or_secondary_change	Attributes	Bong da mảng			Bong da mảng	Surface_or_secondary_change	Bong da mảng	Attribute_Characteristics	Surface_or_secondary_change	1	1	0	0	1	1	1	0	0	1	0	0	0	0	0	observed_term_no_disease_translation
Attribute_value_list	Surface_or_secondary_change	Attributes	Bong da mỏng			Bong da mỏng	Surface_or_secondary_change	Bong da mỏng	Attribute_Characteristics	Surface_or_secondary_change	0	0	0	0	0	0	1	0	0	1	0	0	0	0	0	observed_term_no_disease_translation
Attribute_value_list	Surface_or_secondary_change	Attributes	Bong da nhẹ			Bong da nhẹ	Surface_or_secondary_change	Bong da nhẹ	Attribute_Characteristics	Surface_or_secondary_change	0	0	0	0	0	1	1	0	0	1	0	0	0	0	0	observed_term_no_disease_translation
Attribute_value_list	Surface_or_secondary_change	Attributes	bong móng			bong móng	Surface_or_secondary_change	bong móng || Bong móng	Attribute_Characteristics	Surface_or_secondary_change	1	2	0	0	2	13	15	0	4	15	4	5	0	1	5	observed_term_no_disease_translation
Attribute_value_list	Surface_or_secondary_change	Attributes	Bong móng nhẹ			Bong móng nhẹ	Surface_or_secondary_change	Bong móng nhẹ	Attribute_Characteristics	Surface_or_secondary_change	0	0	0	0	0	2	2	0	2	2	0	0	0	0	0	observed_term_no_disease_translation
Attribute_value_list	Surface_or_secondary_change	Attributes	Bong móng xa			Bong móng xa	Surface_or_secondary_change	Bong móng xa	Attribute_Characteristics	Surface_or_secondary_change	0	0	0	0	0	1	1	0	1	1	0	0	0	0	0	observed_term_no_disease_translation
Attribute_value_list	Surface_or_secondary_change	Attributes	Bong nhẹ			Bong nhẹ	Surface_or_secondary_change	Bong nhẹ	Attribute_Characteristics	Surface_or_secondary_change	0	0	0	0	0	0	1	0	0	1	0	0	0	0	0	observed_term_no_disease_translation
Attribute_value_list	Surface_or_secondary_change	Attributes	Bong tróc			Bong tróc	Surface_or_secondary_change	Bong tróc	Attribute_Characteristics	Surface_or_secondary_change	0	0	0	0	0	2	2	0	0	2	1	1	0	0	1	observed_term_no_disease_translation
Attribute_value_list	Surface_or_secondary_change	Attributes	Bong tróc thượng bì			Bong tróc thượng bì	Surface_or_secondary_change	Bong tróc thượng bì	Attribute_Characteristics	Surface_or_secondary_change	0	0	0	0	0	1	1	0	0	1	1	1	0	0	1	observed_term_no_disease_translation
Attribute_value_list	Surface_or_secondary_change	Attributes	Bong trợt da			Bong trợt da	Surface_or_secondary_change	Bong trợt da	Attribute_Characteristics	Surface_or_secondary_change	0	0	0	0	0	1	1	0	1	1	0	0	0	0	0	observed_term_no_disease_translation
Attribute_value_list	Surface_or_secondary_change	Attributes	Bong tách móng			Bong tách móng	Surface_or_secondary_change	Bong tách móng	Attribute_Characteristics	Surface_or_secondary_change	0	0	0	0	0	12	13	0	2	13	3	3	0	0	3	observed_term_no_disease_translation
Attribute_value_list	Surface_or_secondary_change	Attributes	bong vảy			bong vảy	Surface_or_secondary_change	bong vảy || Bong vảy	Attribute_Characteristics	Surface_or_secondary_change	44	55	0	9	55	381	447	0	123	447	134	158	0	46	158	observed_term_no_disease_translation
Attribute_value_list	Surface_or_secondary_change	Attributes	Bong vảy dày			Bong vảy dày	Surface_or_secondary_change	Bong vảy dày	Attribute_Characteristics	Surface_or_secondary_change	1	1	0	0	1	26	28	0	9	28	6	6	0	1	6	observed_term_no_disease_translation
Attribute_value_list	Surface_or_secondary_change	Attributes	Bong vảy khô			Bong vảy khô	Surface_or_secondary_change	Bong vảy khô	Attribute_Characteristics	Surface_or_secondary_change	0	0	0	0	0	2	2	0	1	2	0	0	0	0	0	observed_term_no_disease_translation
Attribute_value_list	Surface_or_secondary_change	Attributes	Bong vảy mịn			Bong vảy mịn	Surface_or_secondary_change	Bong vảy mịn || bong vảy mịn	Attribute_Characteristics	Surface_or_secondary_change	28	29	0	7	29	196	222	0	53	222	56	63	0	17	63	observed_term_no_disease_translation
Attribute_value_list	Surface_or_secondary_change	Attributes	bong vảy mỏng			bong vảy mỏng	Surface_or_secondary_change	bong vảy mỏng || Bong vảy mỏng	Attribute_Characteristics	Surface_or_secondary_change	0	2	0	0	2	9	11	0	1	11	1	3	0	0	3	observed_term_no_disease_translation
Attribute_value_list	Surface_or_secondary_change	Attributes	Bong vảy nhẹ			Bong vảy nhẹ	Surface_or_secondary_change	Bong vảy nhẹ	Attribute_Characteristics	Surface_or_secondary_change	7	7	0	3	7	27	36	0	10	36	8	9	0	3	9	observed_term_no_disease_translation
Attribute_value_list	Surface_or_secondary_change	Attributes	Bong vảy quanh móng			Bong vảy quanh móng	Surface_or_secondary_change	Bong vảy quanh móng	Attribute_Characteristics	Surface_or_secondary_change	0	0	0	0	0	2	2	0	2	2	0	0	0	0	0	observed_term_no_disease_translation
Attribute_value_list	Surface_or_secondary_change	Attributes	Bong vảy rõ			Bong vảy rõ	Surface_or_secondary_change	Bong vảy rõ	Attribute_Characteristics	Surface_or_secondary_change	1	1	0	0	1	0	0	0	0	0	0	0	0	0	0	observed_term_no_disease_translation
Attribute_value_list	Surface_or_secondary_change	Attributes	Bong vảy ít			Bong vảy ít	Surface_or_secondary_change	Bong vảy ít	Attribute_Characteristics	Surface_or_secondary_change	0	0	0	0	0	1	1	0	0	1	1	1	0	0	1	observed_term_no_disease_translation
Attribute_value_list	Surface_or_secondary_change	Attributes	Bong vụn			Bong vụn	Surface_or_secondary_change	Bong vụn	Attribute_Characteristics	Surface_or_secondary_change	0	0	0	0	0	1	1	0	0	1	1	1	0	0	1	observed_term_no_disease_translation
Attribute_value_list	Surface_or_secondary_change	Attributes	Bám dính			Bám dính	Surface_or_secondary_change	Bám dính	Attribute_Characteristics	Surface_or_secondary_change	0	0	0	0	0	1	1	0	1	1	1	1	0	1	1	observed_term_no_disease_translation
Attribute_value_list	Surface_or_secondary_change	Attributes	Bám rõ			Bám rõ	Surface_or_secondary_change	Bám rõ	Attribute_Characteristics	Surface_or_secondary_change	0	0	0	0	0	1	1	0	0	1	0	0	0	0	0	observed_term_no_disease_translation
Attribute_value_list	Surface_or_secondary_change	Attributes	Bóc vảy			Bóc vảy	Surface_or_secondary_change	Bóc vảy	Attribute_Characteristics	Surface_or_secondary_change	0	0	0	0	0	1	1	0	1	1	0	0	0	0	0	observed_term_no_disease_translation
Attribute_value_list	Surface_or_secondary_change	Attributes	Bóng			Bóng	Surface_or_secondary_change	Bóng || bóng	Attribute_Characteristics	Surface_or_secondary_change	21	22	0	8	22	141	163	0	39	163	43	55	0	8	55	observed_term_no_disease_translation
Attribute_value_list	Surface_or_secondary_change	Attributes	Bóng căng			Bóng căng	Surface_or_secondary_change	Bóng căng	Attribute_Characteristics	Surface_or_secondary_change	0	0	0	0	0	7	8	0	0	8	3	4	0	0	4	observed_term_no_disease_translation
Attribute_value_list	Surface_or_secondary_change	Attributes	Bóng da			Bóng da	Surface_or_secondary_change	Bóng da	Attribute_Characteristics	Surface_or_secondary_change	1	1	0	0	1	12	13	0	2	13	3	3	0	1	3	observed_term_no_disease_translation
Attribute_value_list	Surface_or_secondary_change	Attributes	Bóng dầu			Bóng dầu	Surface_or_secondary_change	Bóng dầu	Attribute_Characteristics	Surface_or_secondary_change	0	0	0	0	0	3	3	0	1	3	0	0	0	0	0	observed_term_no_disease_translation
Attribute_value_list	Surface_or_secondary_change	Attributes	Bóng láng			Bóng láng	Surface_or_secondary_change	Bóng láng	Attribute_Characteristics	Surface_or_secondary_change	0	0	0	0	0	4	4	0	0	4	3	3	0	0	3	observed_term_no_disease_translation
Attribute_value_list	Surface_or_secondary_change	Attributes	Bóng nhẹ			Bóng nhẹ	Surface_or_secondary_change	Bóng nhẹ || bóng nhẹ	Attribute_Characteristics	Surface_or_secondary_change	4	5	0	2	5	21	24	0	9	24	8	9	0	3	9	observed_term_no_disease_translation
Attribute_value_list	Surface_or_secondary_change	Attributes	Bóng nhờn			Bóng nhờn	Surface_or_secondary_change	Bóng nhờn	Attribute_Characteristics	Surface_or_secondary_change	1	1	0	0	1	2	2	0	1	2	1	1	0	0	1	observed_term_no_disease_translation
Attribute_value_list	Surface_or_secondary_change	Attributes	Bóng sáng nhẹ			Bóng sáng nhẹ	Surface_or_secondary_change	Bóng sáng nhẹ	Attribute_Characteristics	Surface_or_secondary_change	0	0	0	0	0	0	1	0	0	1	0	1	0	0	1	observed_term_no_disease_translation
Attribute_value_list	Surface_or_secondary_change	Attributes	Bóng ướt			Bóng ướt	Surface_or_secondary_change	Bóng ướt	Attribute_Characteristics	Surface_or_secondary_change	0	0	0	0	0	16	16	0	5	16	3	3	0	0	3	observed_term_no_disease_translation
Attribute_value_list	Surface_or_secondary_change	Attributes	Bóng ẩm			Bóng ẩm	Surface_or_secondary_change	Bóng ẩm || bóng ẩm	Attribute_Characteristics	Surface_or_secondary_change	1	1	0	0	1	9	14	0	1	14	3	6	0	0	6	observed_term_no_disease_translation
Attribute_value_list	Surface_or_secondary_change	Attributes	Băng dán			Băng dán	Surface_or_secondary_change	Băng dán	Attribute_Characteristics	Surface_or_secondary_change	0	0	0	0	0	1	2	0	1	2	0	1	0	0	1	observed_term_no_disease_translation
Attribute_value_list	Surface_or_secondary_change	Attributes	Bản móng nhẵn			Bản móng nhẵn	Surface_or_secondary_change	Bản móng nhẵn	Attribute_Characteristics	Surface_or_secondary_change	0	0	0	0	0	1	1	0	1	1	0	0	0	0	0	observed_term_no_disease_translation
Attribute_value_list	Surface_or_secondary_change	Attributes	Bầm màu nhẹ			Bầm màu nhẹ	Surface_or_secondary_change	Bầm màu nhẹ	Attribute_Characteristics	Surface_or_secondary_change	0	0	0	0	0	1	1	0	1	1	1	1	0	1	1	observed_term_no_disease_translation
Attribute_value_list	Surface_or_secondary_change	Attributes	Bầm máu			Bầm máu	Surface_or_secondary_change	Bầm máu	Attribute_Characteristics	Surface_or_secondary_change	1	1	0	1	1	4	4	0	3	4	2	2	0	1	2	observed_term_no_disease_translation
Attribute_value_list	Surface_or_secondary_change	Attributes	Bầm máu nhẹ			Bầm máu nhẹ	Surface_or_secondary_change	Bầm máu nhẹ	Attribute_Characteristics	Surface_or_secondary_change	0	0	0	0	0	1	1	0	0	1	0	0	0	0	0	observed_term_no_disease_translation
Attribute_value_list	Surface_or_secondary_change	Attributes	Bầm tím			Bầm tím	Surface_or_secondary_change	Bầm tím	Attribute_Characteristics	Surface_or_secondary_change	0	0	0	0	0	3	4	0	0	4	1	1	0	0	1	observed_term_no_disease_translation
Attribute_value_list	Surface_or_secondary_change	Attributes	Bề mặt bóng			Bề mặt bóng	Surface_or_secondary_change	Bề mặt bóng || bề mặt bóng	Attribute_Characteristics	Surface_or_secondary_change	19	22	0	17	34	146	168	18	110	259	52	54	3	46	86	observed_term_no_disease_translation
Attribute_value_list	Surface_or_secondary_change	Attributes	Bề mặt bóng mịn			Bề mặt bóng mịn	Surface_or_secondary_change	Bề mặt bóng mịn	Attribute_Characteristics	Surface_or_secondary_change	0	0	0	0	0	1	1	0	1	1	1	1	0	1	1	observed_term_no_disease_translation
Attribute_value_list	Surface_or_secondary_change	Attributes	Bề mặt bóng ướt			Bề mặt bóng ướt	Surface_or_secondary_change	Bề mặt bóng ướt	Attribute_Characteristics	Surface_or_secondary_change	1	1	0	0	1	0	0	0	0	0	0	0	0	0	0	observed_term_no_disease_translation
Attribute_value_list	Surface_or_secondary_change	Attributes	Bề mặt bóng ẩm			Bề mặt bóng ẩm	Surface_or_secondary_change	Bề mặt bóng ẩm	Attribute_Characteristics	Surface_or_secondary_change	0	0	0	0	0	1	1	0	0	1	0	0	0	0	0	observed_term_no_disease_translation
Attribute_value_list	Surface_or_secondary_change	Attributes	Bề mặt căng			Bề mặt căng	Surface_or_secondary_change	Bề mặt căng	Attribute_Characteristics	Surface_or_secondary_change	0	0	0	0	0	4	4	0	3	4	1	1	0	1	1	observed_term_no_disease_translation
Attribute_value_list	Surface_or_secondary_change	Attributes	Bề mặt căng bóng			Bề mặt căng bóng	Surface_or_secondary_change	Bề mặt căng bóng	Attribute_Characteristics	Surface_or_secondary_change	0	0	0	0	0	2	2	0	0	2	0	0	0	0	0	observed_term_no_disease_translation
Attribute_value_list	Surface_or_secondary_change	Attributes	Bề mặt gồ			Bề mặt gồ	Surface_or_secondary_change	Bề mặt gồ	Attribute_Characteristics	Surface_or_secondary_change	2	2	0	0	2	7	7	0	0	7	1	1	0	0	1	observed_term_no_disease_translation
Attribute_value_list	Surface_or_secondary_change	Attributes	Bề mặt gồ ghề			Bề mặt gồ ghề	Surface_or_secondary_change	Bề mặt gồ ghề	Attribute_Characteristics	Surface_or_secondary_change	1	1	0	1	1	2	2	0	1	2	1	1	0	0	1	observed_term_no_disease_translation
Attribute_value_list	Surface_or_secondary_change	Attributes	Bề mặt hạt			Bề mặt hạt	Surface_or_secondary_change	Bề mặt hạt	Attribute_Characteristics	Surface_or_secondary_change	0	0	0	0	0	1	1	0	0	1	0	0	0	0	0	observed_term_no_disease_translation
Attribute_value_list	Surface_or_secondary_change	Attributes	Bề mặt khô			Bề mặt khô	Surface_or_secondary_change	Bề mặt khô || bề mặt khô	Attribute_Characteristics	Surface_or_secondary_change	3	3	0	2	3	17	19	0	8	19	9	10	0	5	10	observed_term_no_disease_translation
Attribute_value_list	Surface_or_secondary_change	Attributes	Bề mặt lõm			Bề mặt lõm	Surface_or_secondary_change	Bề mặt lõm	Attribute_Characteristics	Surface_or_secondary_change	0	0	0	0	0	1	1	0	0	1	0	0	0	0	0	observed_term_no_disease_translation
Attribute_value_list	Surface_or_secondary_change	Attributes	Bề mặt mịn			Bề mặt mịn	Surface_or_secondary_change	Bề mặt mịn	Attribute_Characteristics	Surface_or_secondary_change	0	0	0	0	0	7	8	0	3	8	4	5	0	1	5	observed_term_no_disease_translation
Attribute_value_list	Surface_or_secondary_change	Attributes	Bề mặt mờ			Bề mặt mờ	Surface_or_secondary_change	Bề mặt mờ	Attribute_Characteristics	Surface_or_secondary_change	1	1	0	0	1	0	0	0	0	0	0	0	0	0	0	observed_term_no_disease_translation
Attribute_value_list	Surface_or_secondary_change	Attributes	Bề mặt nhung			Bề mặt nhung	Surface_or_secondary_change	Bề mặt nhung	Attribute_Characteristics	Surface_or_secondary_change	0	0	0	0	0	8	8	0	1	8	3	3	0	0	3	observed_term_no_disease_translation
Attribute_value_list	Surface_or_secondary_change	Attributes	Bề mặt nhám			Bề mặt nhám	Surface_or_secondary_change	Bề mặt nhám	Attribute_Characteristics	Surface_or_secondary_change	0	0	0	0	0	2	4	0	1	4	0	2	0	0	2	observed_term_no_disease_translation
Attribute_value_list	Surface_or_secondary_change	Attributes	Bề mặt nhú			Bề mặt nhú	Surface_or_secondary_change	Bề mặt nhú	Attribute_Characteristics	Surface_or_secondary_change	0	0	0	0	0	1	1	0	0	1	0	0	0	0	0	observed_term_no_disease_translation
Attribute_value_list	Surface_or_secondary_change	Attributes	Bề mặt nhăn			Bề mặt nhăn	Surface_or_secondary_change	Bề mặt nhăn	Attribute_Characteristics	Surface_or_secondary_change	0	0	0	0	0	2	2	0	1	2	1	1	0	0	1	observed_term_no_disease_translation
Attribute_value_list	Surface_or_secondary_change	Attributes	Bề mặt nhẵn			Bề mặt nhẵn	Surface_or_secondary_change	Bề mặt nhẵn || bề mặt nhẵn	Attribute_Characteristics	Surface_or_secondary_change	21	26	0	6	26	168	196	0	48	196	59	70	0	15	70	observed_term_no_disease_translation
Attribute_value_list	Surface_or_secondary_change	Attributes	Bề mặt nông			Bề mặt nông	Surface_or_secondary_change	Bề mặt nông	Attribute_Characteristics	Surface_or_secondary_change	0	0	0	0	0	1	1	0	1	1	1	1	0	1	1	observed_term_no_disease_translation
Attribute_value_list	Surface_or_secondary_change	Attributes	Bề mặt phẳng			Bề mặt phẳng	Surface_or_secondary_change	Bề mặt phẳng	Attribute_Characteristics	Surface_or_secondary_change	2	2	0	0	2	26	29	0	13	29	7	7	0	2	7	observed_term_no_disease_translation
Attribute_value_list	Surface_or_secondary_change	Attributes	Bề mặt ráp			Bề mặt ráp	Surface_or_secondary_change	Bề mặt ráp	Attribute_Characteristics	Surface_or_secondary_change	1	1	0	0	1	1	1	0	1	1	0	0	0	0	0	observed_term_no_disease_translation
Attribute_value_list	Surface_or_secondary_change	Attributes	Bề mặt sùi			Bề mặt sùi	Surface_or_secondary_change	Bề mặt sùi || bề mặt sùi	Attribute_Characteristics	Surface_or_secondary_change	1	1	0	0	1	4	8	0	1	8	0	0	0	0	0	observed_term_no_disease_translation
Attribute_value_list	Surface_or_secondary_change	Attributes	Bề mặt sần			Bề mặt sần	Surface_or_secondary_change	Bề mặt sần || bề mặt sần	Attribute_Characteristics	Surface_or_secondary_change	3	4	0	1	4	30	33	0	8	33	10	11	0	4	11	observed_term_no_disease_translation
Attribute_value_list	Surface_or_secondary_change	Attributes	Bề mặt sần nhẹ			Bề mặt sần nhẹ	Surface_or_secondary_change	Bề mặt sần nhẹ	Attribute_Characteristics	Surface_or_secondary_change	0	0	0	0	0	0	1	0	0	1	0	0	0	0	0	observed_term_no_disease_translation
Attribute_value_list	Surface_or_secondary_change	Attributes	Bề mặt sần sùi			Bề mặt sần sùi	Surface_or_secondary_change	Bề mặt sần sùi	Attribute_Characteristics	Surface_or_secondary_change	0	0	0	0	0	10	10	0	3	10	3	3	0	1	3	observed_term_no_disease_translation
Attribute_value_list	Surface_or_secondary_change	Attributes	Bề mặt sừng			Bề mặt sừng	Surface_or_secondary_change	Bề mặt sừng	Attribute_Characteristics	Surface_or_secondary_change	0	0	0	0	0	3	3	0	0	3	1	1	0	0	1	observed_term_no_disease_translation
Attribute_value_list	Surface_or_secondary_change	Attributes	Bề mặt thô			Bề mặt thô	Surface_or_secondary_change	Bề mặt thô || bề mặt thô	Attribute_Characteristics	Surface_or_secondary_change	2	2	0	0	2	8	9	0	3	9	6	7	0	2	7	observed_term_no_disease_translation
Attribute_value_list	Surface_or_secondary_change	Attributes	Bề mặt thô ráp			Bề mặt thô ráp	Surface_or_secondary_change	Bề mặt thô ráp	Attribute_Characteristics	Surface_or_secondary_change	0	0	0	0	0	1	1	0	0	1	0	0	0	0	0	observed_term_no_disease_translation
Attribute_value_list	Surface_or_secondary_change	Attributes	Bề mặt trơn			Bề mặt trơn	Surface_or_secondary_change	Bề mặt trơn || bề mặt trơn	Attribute_Characteristics	Surface_or_secondary_change	6	6	0	1	6	34	36	0	12	36	16	17	0	8	17	observed_term_no_disease_translation
Attribute_value_list	Surface_or_secondary_change	Attributes	Bề mặt trợt			Bề mặt trợt	Surface_or_secondary_change	Bề mặt trợt	Attribute_Characteristics	Surface_or_secondary_change	0	0	0	0	0	4	4	0	2	4	1	1	0	0	1	observed_term_no_disease_translation
Attribute_value_list	Surface_or_secondary_change	Attributes	Bề mặt vảy			Bề mặt vảy	Surface_or_secondary_change	Bề mặt vảy	Attribute_Characteristics	Surface_or_secondary_change	0	0	0	0	0	1	1	0	0	1	0	0	0	0	0	observed_term_no_disease_translation
Attribute_value_list	Surface_or_secondary_change	Attributes	Bề mặt xù			Bề mặt xù	Surface_or_secondary_change	Bề mặt xù	Attribute_Characteristics	Surface_or_secondary_change	0	0	0	0	0	1	1	0	1	1	0	0	0	0	0	observed_term_no_disease_translation
Attribute_value_list	Surface_or_secondary_change	Attributes	Bề mặt xù xì			Bề mặt xù xì	Surface_or_secondary_change	Bề mặt xù xì	Attribute_Characteristics	Surface_or_secondary_change	0	0	0	0	0	0	1	0	0	1	0	0	0	0	0	observed_term_no_disease_translation
Attribute_value_list	Surface_or_secondary_change	Attributes	bề mặt ướt			bề mặt ướt	Surface_or_secondary_change	bề mặt ướt || Bề mặt ướt	Attribute_Characteristics	Surface_or_secondary_change	0	0	0	0	0	13	18	0	4	18	4	7	0	1	7	observed_term_no_disease_translation
Attribute_value_list	Surface_or_secondary_change	Attributes	Bề mặt ẩm			Bề mặt ẩm	Surface_or_secondary_change	Bề mặt ẩm || bề mặt ẩm	Attribute_Characteristics	Surface_or_secondary_change	4	4	0	1	4	40	46	0	7	46	9	11	0	1	11	observed_term_no_disease_translation
Attribute_value_list	Surface_or_secondary_change	Attributes	Bọng nước			Bọng nước	Surface_or_secondary_change	Bọng nước	Attribute_Characteristics	Surface_or_secondary_change	0	0	0	0	0	4	4	0	0	4	1	1	0	0	1	observed_term_no_disease_translation
Attribute_value_list	Surface_or_secondary_change	Attributes	Bọng nước căng			Bọng nước căng	Surface_or_secondary_change	Bọng nước căng	Attribute_Characteristics	Surface_or_secondary_change	0	0	0	0	0	1	1	0	0	1	1	1	0	0	1	observed_term_no_disease_translation
Attribute_value_list	Surface_or_secondary_change	Attributes	Bọng nước nhỏ			Bọng nước nhỏ	Surface_or_secondary_change	Bọng nước nhỏ	Attribute_Characteristics	Surface_or_secondary_change	0	0	0	0	0	3	4	0	1	4	1	2	0	0	2	observed_term_no_disease_translation
Attribute_value_list	Surface_or_secondary_change	Attributes	Bờ bong tróc			Bờ bong tróc	Surface_or_secondary_change	Bờ bong tróc	Attribute_Characteristics	Surface_or_secondary_change	0	0	0	0	0	1	1	0	0	1	0	0	0	0	0	observed_term_no_disease_translation
Attribute_value_list	Surface_or_secondary_change	Attributes	Bờ cuộn			Bờ cuộn	Surface_or_secondary_change	Bờ cuộn	Attribute_Characteristics	Surface_or_secondary_change	0	0	0	0	0	1	1	0	0	1	0	0	0	0	0	observed_term_no_disease_translation
Attribute_value_list	Surface_or_secondary_change	Attributes	Bờ gồ			Bờ gồ	Surface_or_secondary_change	Bờ gồ || bờ gồ	Attribute_Characteristics	Surface_or_secondary_change	3	4	0	1	4	34	42	0	12	42	13	17	0	4	17	observed_term_no_disease_translation
Attribute_value_list	Surface_or_secondary_change	Attributes	Bờ gồ cao			Bờ gồ cao	Surface_or_secondary_change	Bờ gồ cao	Attribute_Characteristics	Surface_or_secondary_change	0	0	0	0	0	2	3	0	2	3	1	1	0	1	1	observed_term_no_disease_translation
Attribute_value_list	Surface_or_secondary_change	Attributes	Bờ gồ nhẹ			Bờ gồ nhẹ	Surface_or_secondary_change	Bờ gồ nhẹ || bờ gồ nhẹ	Attribute_Characteristics	Surface_or_secondary_change	7	8	0	4	8	58	67	0	9	67	23	30	0	1	30	observed_term_no_disease_translation
Attribute_value_list	Surface_or_secondary_change	Attributes	Bờ gờ			Bờ gờ	Surface_or_secondary_change	Bờ gờ	Attribute_Characteristics	Surface_or_secondary_change	1	1	0	0	1	1	1	0	0	1	0	0	0	0	0	observed_term_no_disease_translation
Attribute_value_list	Surface_or_secondary_change	Attributes	Bờ hoạt động			Bờ hoạt động	Surface_or_secondary_change	Bờ hoạt động	Attribute_Characteristics	Surface_or_secondary_change	0	0	0	0	0	5	5	0	0	5	3	3	0	0	3	observed_term_no_disease_translation
Attribute_value_list	Surface_or_secondary_change	Attributes	Bờ hơi mờ			Bờ hơi mờ	Surface_or_secondary_change	Bờ hơi mờ	Attribute_Characteristics	Surface_or_secondary_change	0	0	0	0	0	1	1	0	0	1	0	0	0	0	0	observed_term_no_disease_translation
Attribute_value_list	Surface_or_secondary_change	Attributes	Bờ khá mờ			Bờ khá mờ	Surface_or_secondary_change	Bờ khá mờ	Attribute_Characteristics	Surface_or_secondary_change	0	0	0	0	0	1	1	0	0	1	1	1	0	0	1	observed_term_no_disease_translation
Attribute_value_list	Surface_or_secondary_change	Attributes	Bờ khá rõ			Bờ khá rõ	Surface_or_secondary_change	Bờ khá rõ	Attribute_Characteristics	Surface_or_secondary_change	0	0	0	0	0	7	8	0	1	8	1	1	0	0	1	observed_term_no_disease_translation
Attribute_value_list	Surface_or_secondary_change	Attributes	bờ không rõ			bờ không rõ	Surface_or_secondary_change	bờ không rõ || Bờ không rõ	Attribute_Characteristics	Surface_or_secondary_change	0	0	0	0	0	5	6	0	1	6	1	2	0	1	2	observed_term_no_disease_translation
Attribute_value_list	Surface_or_secondary_change	Attributes	Bờ không đều			Bờ không đều	Surface_or_secondary_change	Bờ không đều || bờ không đều	Attribute_Characteristics	Surface_or_secondary_change	1	1	0	0	1	6	7	0	5	7	1	2	0	1	2	observed_term_no_disease_translation
Attribute_value_list	Surface_or_secondary_change	Attributes	Bờ loang lổ			Bờ loang lổ	Surface_or_secondary_change	Bờ loang lổ	Attribute_Characteristics	Surface_or_secondary_change	0	0	0	0	0	0	1	0	0	1	0	1	0	0	1	observed_term_no_disease_translation
Attribute_value_list	Surface_or_secondary_change	Attributes	Bờ lồi			Bờ lồi	Surface_or_secondary_change	Bờ lồi	Attribute_Characteristics	Surface_or_secondary_change	0	0	0	0	0	1	1	0	0	1	0	0	0	0	0	observed_term_no_disease_translation
Attribute_value_list	Surface_or_secondary_change	Attributes	Bờ lởm chởm			Bờ lởm chởm	Surface_or_secondary_change	Bờ lởm chởm	Attribute_Characteristics	Surface_or_secondary_change	0	0	0	0	0	1	1	0	1	1	0	0	0	0	0	observed_term_no_disease_translation
Attribute_value_list	Surface_or_secondary_change	Attributes	Bờ múi			Bờ múi	Surface_or_secondary_change	Bờ múi	Attribute_Characteristics	Surface_or_secondary_change	0	0	0	0	0	1	1	0	0	1	0	0	0	0	0	observed_term_no_disease_translation
Attribute_value_list	Surface_or_secondary_change	Attributes	bờ mảnh			bờ mảnh	Surface_or_secondary_change	bờ mảnh	Attribute_Characteristics	Surface_or_secondary_change	0	0	0	0	0	0	1	0	0	1	0	1	0	0	1	observed_term_no_disease_translation
Attribute_value_list	Surface_or_secondary_change	Attributes	Bờ mờ			Bờ mờ	Surface_or_secondary_change	Bờ mờ || bờ mờ	Attribute_Characteristics	Surface_or_secondary_change	5	5	0	0	5	51	57	0	21	57	21	23	0	7	23	observed_term_no_disease_translation
Attribute_value_list	Surface_or_secondary_change	Attributes	Bờ ngoằn ngoèo			Bờ ngoằn ngoèo	Surface_or_secondary_change	Bờ ngoằn ngoèo	Attribute_Characteristics	Surface_or_secondary_change	0	0	0	0	0	1	1	0	0	1	0	0	0	0	0	observed_term_no_disease_translation
Attribute_value_list	Surface_or_secondary_change	Attributes	Bờ nham nhở			Bờ nham nhở	Surface_or_secondary_change	Bờ nham nhở	Attribute_Characteristics	Surface_or_secondary_change	0	0	0	0	0	7	7	0	1	7	2	2	0	1	2	observed_term_no_disease_translation
Attribute_value_list	Surface_or_secondary_change	Attributes	Bờ nhòe			Bờ nhòe	Surface_or_secondary_change	Bờ nhòe	Attribute_Characteristics	Surface_or_secondary_change	0	0	0	0	0	1	1	0	1	1	0	0	0	0	0	observed_term_no_disease_translation
Attribute_value_list	Surface_or_secondary_change	Attributes	Bờ nhạt màu			Bờ nhạt màu	Surface_or_secondary_change	Bờ nhạt màu	Attribute_Characteristics	Surface_or_secondary_change	0	0	0	0	0	1	1	0	1	1	1	1	0	1	1	observed_term_no_disease_translation
Attribute_value_list	Surface_or_secondary_change	Attributes	Bờ nổi			Bờ nổi	Surface_or_secondary_change	Bờ nổi || bờ nổi	Attribute_Characteristics	Surface_or_secondary_change	1	2	0	0	2	3	4	0	0	4	2	2	0	0	2	observed_term_no_disease_translation
Attribute_value_list	Surface_or_secondary_change	Attributes	bờ nổi nhẹ			bờ nổi nhẹ	Surface_or_secondary_change	bờ nổi nhẹ || Bờ nổi nhẹ	Attribute_Characteristics	Surface_or_secondary_change	0	0	0	0	0	1	3	0	0	3	0	1	0	0	1	observed_term_no_disease_translation
Attribute_value_list	Surface_or_secondary_change	Attributes	Bờ phẳng			Bờ phẳng	Surface_or_secondary_change	Bờ phẳng	Attribute_Characteristics	Surface_or_secondary_change	0	0	0	0	0	0	1	0	0	1	0	0	0	0	0	observed_term_no_disease_translation
Attribute_value_list	Surface_or_secondary_change	Attributes	Bờ quầng rõ			Bờ quầng rõ	Surface_or_secondary_change	Bờ quầng rõ	Attribute_Characteristics	Surface_or_secondary_change	0	0	0	0	0	1	1	0	0	1	0	0	0	0	0	observed_term_no_disease_translation
Attribute_value_list	Surface_or_secondary_change	Attributes	Bờ rõ			Bờ rõ	Surface_or_secondary_change	Bờ rõ || bờ rõ	Attribute_Characteristics	Surface_or_secondary_change	14	14	0	1	14	99	116	0	35	116	37	40	0	15	40	observed_term_no_disease_translation
Attribute_value_list	Surface_or_secondary_change	Attributes	Bờ trơn			Bờ trơn	Surface_or_secondary_change	Bờ trơn || bờ trơn	Attribute_Characteristics	Surface_or_secondary_change	0	0	0	0	0	1	2	0	0	2	0	0	0	0	0	observed_term_no_disease_translation
Attribute_value_list	Surface_or_secondary_change	Attributes	Bờ trợt			Bờ trợt	Surface_or_secondary_change	Bờ trợt	Attribute_Characteristics	Surface_or_secondary_change	0	0	0	0	0	3	3	0	1	3	2	2	0	1	2	observed_term_no_disease_translation
Attribute_value_list	Surface_or_secondary_change	Attributes	Bờ tím			Bờ tím	Surface_or_secondary_change	Bờ tím	Attribute_Characteristics	Surface_or_secondary_change	1	1	0	0	1	3	3	0	0	3	1	1	0	0	1	observed_term_no_disease_translation
Attribute_value_list	Surface_or_secondary_change	Attributes	Bờ tím đen			Bờ tím đen	Surface_or_secondary_change	Bờ tím đen	Attribute_Characteristics	Surface_or_secondary_change	0	0	0	0	0	0	1	0	0	1	0	1	0	0	1	observed_term_no_disease_translation
Attribute_value_list	Surface_or_secondary_change	Attributes	Bờ tăng sắc tố			Bờ tăng sắc tố	Surface_or_secondary_change	Bờ tăng sắc tố	Attribute_Characteristics	Surface_or_secondary_change	0	0	0	0	0	1	1	0	0	1	0	0	0	0	0	observed_term_no_disease_translation
Attribute_value_list	Surface_or_secondary_change	Attributes	Bờ tương đối rõ			Bờ tương đối rõ	Surface_or_secondary_change	Bờ tương đối rõ	Attribute_Characteristics	Surface_or_secondary_change	0	0	0	0	0	4	4	0	1	4	1	1	0	0	1	observed_term_no_disease_translation
Attribute_value_list	Surface_or_secondary_change	Attributes	Bờ viêm			Bờ viêm	Surface_or_secondary_change	Bờ viêm	Attribute_Characteristics	Surface_or_secondary_change	0	0	0	0	0	1	1	0	0	1	0	0	0	0	0	observed_term_no_disease_translation
Attribute_value_list	Surface_or_secondary_change	Attributes	Bờ viêm đỏ			Bờ viêm đỏ	Surface_or_secondary_change	Bờ viêm đỏ	Attribute_Characteristics	Surface_or_secondary_change	1	1	0	0	1	0	0	0	0	0	0	0	0	0	0	observed_term_no_disease_translation
Attribute_value_list	Surface_or_secondary_change	Attributes	Bờ viền đậm			Bờ viền đậm	Surface_or_secondary_change	Bờ viền đậm	Attribute_Characteristics	Surface_or_secondary_change	0	0	0	0	0	1	1	0	0	1	0	0	0	0	0	observed_term_no_disease_translation
Attribute_value_list	Surface_or_secondary_change	Attributes	Bờ đậm			Bờ đậm	Surface_or_secondary_change	Bờ đậm	Attribute_Characteristics	Surface_or_secondary_change	1	1	0	0	1	0	0	0	0	0	0	0	0	0	0	observed_term_no_disease_translation
Attribute_value_list	Surface_or_secondary_change	Attributes	Bờ đỏ			Bờ đỏ	Surface_or_secondary_change	Bờ đỏ	Attribute_Characteristics	Surface_or_secondary_change	0	0	0	0	0	4	4	0	0	4	1	1	0	0	1	observed_term_no_disease_translation
Attribute_value_list	Surface_or_secondary_change	Attributes	Bờ đỏ nhẹ			Bờ đỏ nhẹ	Surface_or_secondary_change	Bờ đỏ nhẹ	Attribute_Characteristics	Surface_or_secondary_change	0	0	0	0	0	1	2	0	0	2	0	0	0	0	0	observed_term_no_disease_translation
Attribute_value_list	Surface_or_secondary_change	Attributes	Bờ đỏ viêm			Bờ đỏ viêm	Surface_or_secondary_change	Bờ đỏ viêm	Attribute_Characteristics	Surface_or_secondary_change	0	0	0	0	0	1	1	0	0	1	0	0	0	0	0	observed_term_no_disease_translation
Attribute_value_list	Surface_or_secondary_change	Attributes	Cao răng			Cao răng	Surface_or_secondary_change	Cao răng	Attribute_Characteristics	Surface_or_secondary_change	0	0	0	0	0	1	1	0	0	1	0	0	0	0	0	observed_term_no_disease_translation
Attribute_value_list	Surface_or_secondary_change	Attributes	Chuyển màu			Chuyển màu	Surface_or_secondary_change	Chuyển màu	Attribute_Characteristics	Surface_or_secondary_change	0	0	0	0	0	1	1	0	1	1	1	1	0	1	1	observed_term_no_disease_translation
Attribute_value_list	Surface_or_secondary_change	Attributes	Chân nhỏ			Chân nhỏ	Surface_or_secondary_change	Chân nhỏ	Attribute_Characteristics	Surface_or_secondary_change	0	0	0	0	0	1	1	0	1	1	0	0	0	0	0	observed_term_no_disease_translation
Attribute_value_list	Surface_or_secondary_change	Attributes	Chân rộng			Chân rộng	Surface_or_secondary_change	Chân rộng	Attribute_Characteristics	Surface_or_secondary_change	0	0	0	0	0	0	1	0	0	1	0	0	0	0	0	observed_term_no_disease_translation
Attribute_value_list	Surface_or_secondary_change	Attributes	Chèn ép nhẹ			Chèn ép nhẹ	Surface_or_secondary_change	Chèn ép nhẹ	Attribute_Characteristics	Surface_or_secondary_change	0	0	0	0	0	1	1	0	1	1	0	0	0	0	0	observed_term_no_disease_translation
Attribute_value_list	Surface_or_secondary_change	Attributes	chảy dịch			chảy dịch	Surface_or_secondary_change	chảy dịch || Chảy dịch	Attribute_Characteristics	Surface_or_secondary_change	0	0	5	0	5	1	1	12	0	13	0	0	2	0	2	observed_term_no_disease_translation
Attribute_value_list	Surface_or_secondary_change	Attributes	Chảy máu			Chảy máu	Surface_or_secondary_change	Chảy máu	Attribute_Characteristics	Surface_or_secondary_change	1	1	0	0	1	4	5	0	0	5	2	2	0	0	2	observed_term_no_disease_translation
Attribute_value_list	Surface_or_secondary_change	Attributes	Chảy máu khô			Chảy máu khô	Surface_or_secondary_change	Chảy máu khô	Attribute_Characteristics	Surface_or_secondary_change	0	0	0	0	0	0	1	0	0	1	0	1	0	0	1	observed_term_no_disease_translation
Attribute_value_list	Surface_or_secondary_change	Attributes	Chảy máu điểm			Chảy máu điểm	Surface_or_secondary_change	Chảy máu điểm	Attribute_Characteristics	Surface_or_secondary_change	1	1	0	1	1	3	3	0	2	3	0	0	0	0	0	observed_term_no_disease_translation
Attribute_value_list	Surface_or_secondary_change	Attributes	Chấm lõm trung tâm			Chấm lõm trung tâm	Surface_or_secondary_change	Chấm lõm trung tâm	Attribute_Characteristics	Surface_or_secondary_change	0	0	0	0	0	2	2	0	1	2	1	1	0	1	1	observed_term_no_disease_translation
Attribute_value_list	Surface_or_secondary_change	Attributes	Chấm nang lông			Chấm nang lông	Surface_or_secondary_change	Chấm nang lông	Attribute_Characteristics	Surface_or_secondary_change	0	0	0	0	0	5	5	0	2	5	2	2	0	1	2	observed_term_no_disease_translation
Attribute_value_list	Surface_or_secondary_change	Attributes	Chấm nhỏ			Chấm nhỏ	Surface_or_secondary_change	Chấm nhỏ	Attribute_Characteristics	Surface_or_secondary_change	0	0	0	0	0	2	2	0	0	2	0	0	0	0	0	observed_term_no_disease_translation
Attribute_value_list	Surface_or_secondary_change	Attributes	chấm nâu			chấm nâu	Surface_or_secondary_change	chấm nâu || Chấm nâu	Attribute_Characteristics	Surface_or_secondary_change	0	1	0	0	1	1	1	0	0	1	0	0	0	0	0	observed_term_no_disease_translation
Attribute_value_list	Surface_or_secondary_change	Attributes	Chấm nâu nhạt			Chấm nâu nhạt	Surface_or_secondary_change	Chấm nâu nhạt	Attribute_Characteristics	Surface_or_secondary_change	0	0	0	0	0	1	1	0	0	1	0	0	0	0	0	observed_term_no_disease_translation
Attribute_value_list	Surface_or_secondary_change	Attributes	Chấm sẫm màu			Chấm sẫm màu	Surface_or_secondary_change	Chấm sẫm màu	Attribute_Characteristics	Surface_or_secondary_change	0	0	0	0	0	2	2	0	0	2	1	1	0	0	1	observed_term_no_disease_translation
Attribute_value_list	Surface_or_secondary_change	Attributes	chấm sắc tố			chấm sắc tố	Surface_or_secondary_change	chấm sắc tố || Chấm sắc tố	Attribute_Characteristics	Surface_or_secondary_change	0	1	0	0	1	4	5	0	3	5	2	2	0	1	2	observed_term_no_disease_translation
Attribute_value_list	Surface_or_secondary_change	Attributes	Chấm sừng lõm			Chấm sừng lõm	Surface_or_secondary_change	Chấm sừng lõm	Attribute_Characteristics	Surface_or_secondary_change	0	0	0	0	0	1	1	0	0	1	0	0	0	0	0	observed_term_no_disease_translation
Attribute_value_list	Surface_or_secondary_change	Attributes	chấm trung tâm			chấm trung tâm	Surface_or_secondary_change	chấm trung tâm || Chấm trung tâm	Attribute_Characteristics	Surface_or_secondary_change	2	3	0	0	3	10	11	0	5	11	3	4	0	1	4	observed_term_no_disease_translation
Attribute_value_list	Surface_or_secondary_change	Attributes	Chấm trợt			Chấm trợt	Surface_or_secondary_change	Chấm trợt	Attribute_Characteristics	Surface_or_secondary_change	0	0	0	0	0	3	3	0	1	3	2	2	0	0	2	observed_term_no_disease_translation
Attribute_value_list	Surface_or_secondary_change	Attributes	Chấm tăng sắc tố			Chấm tăng sắc tố	Surface_or_secondary_change	Chấm tăng sắc tố	Attribute_Characteristics	Surface_or_secondary_change	0	0	0	0	0	2	2	0	0	2	1	1	0	0	1	observed_term_no_disease_translation
Attribute_value_list	Surface_or_secondary_change	Attributes	Chấm vàng			Chấm vàng	Surface_or_secondary_change	Chấm vàng	Attribute_Characteristics	Surface_or_secondary_change	0	0	0	0	0	1	1	0	1	1	1	1	0	1	1	observed_term_no_disease_translation
Attribute_value_list	Surface_or_secondary_change	Attributes	Chấm vảy tiết			Chấm vảy tiết	Surface_or_secondary_change	Chấm vảy tiết	Attribute_Characteristics	Surface_or_secondary_change	0	0	0	0	0	4	5	0	0	5	3	3	0	0	3	observed_term_no_disease_translation
Attribute_value_list	Surface_or_secondary_change	Attributes	Chấm xuất huyết			Chấm xuất huyết	Surface_or_secondary_change	Chấm xuất huyết	Attribute_Characteristics	Surface_or_secondary_change	6	6	0	1	6	30	32	0	6	32	5	7	0	1	7	observed_term_no_disease_translation
Attribute_value_list	Surface_or_secondary_change	Attributes	Chấm xuất huyết nhỏ			Chấm xuất huyết nhỏ	Surface_or_secondary_change	Chấm xuất huyết nhỏ	Attribute_Characteristics	Surface_or_secondary_change	0	0	0	0	0	8	9	0	5	9	4	5	0	3	5	observed_term_no_disease_translation
Attribute_value_list	Surface_or_secondary_change	Attributes	Chấm đen			Chấm đen	Surface_or_secondary_change	Chấm đen	Attribute_Characteristics	Surface_or_secondary_change	1	1	0	1	1	5	5	0	2	5	0	0	0	0	0	observed_term_no_disease_translation
Attribute_value_list	Surface_or_secondary_change	Attributes	Chấm đen nhỏ			Chấm đen nhỏ	Surface_or_secondary_change	Chấm đen nhỏ	Attribute_Characteristics	Surface_or_secondary_change	0	0	0	0	0	2	2	0	1	2	1	1	0	1	1	observed_term_no_disease_translation
Attribute_value_list	Surface_or_secondary_change	Attributes	Chấm đỏ			Chấm đỏ	Surface_or_secondary_change	Chấm đỏ	Attribute_Characteristics	Surface_or_secondary_change	0	0	0	0	0	6	6	0	3	6	4	4	0	2	4	observed_term_no_disease_translation
Attribute_value_list	Surface_or_secondary_change	Attributes	Chấm đỏ li ti			Chấm đỏ li ti	Surface_or_secondary_change	Chấm đỏ li ti	Attribute_Characteristics	Surface_or_secondary_change	0	0	0	0	0	2	2	0	0	2	0	0	0	0	0	observed_term_no_disease_translation
Attribute_value_list	Surface_or_secondary_change	Attributes	Chấm đỏ nang lông			Chấm đỏ nang lông	Surface_or_secondary_change	Chấm đỏ nang lông	Attribute_Characteristics	Surface_or_secondary_change	1	1	0	0	1	0	0	0	0	0	0	0	0	0	0	observed_term_no_disease_translation
Attribute_value_list	Surface_or_secondary_change	Attributes	Chấm đỏ nhỏ			Chấm đỏ nhỏ	Surface_or_secondary_change	Chấm đỏ nhỏ || chấm đỏ nhỏ	Attribute_Characteristics	Surface_or_secondary_change	1	1	0	1	1	9	12	0	1	12	4	6	0	1	6	observed_term_no_disease_translation
Attribute_value_list	Surface_or_secondary_change	Attributes	Chỉ khâu			Chỉ khâu	Surface_or_secondary_change	Chỉ khâu	Attribute_Characteristics	Surface_or_secondary_change	0	0	0	0	0	1	1	0	0	1	0	0	0	0	0	observed_term_no_disease_translation
Attribute_value_list	Surface_or_secondary_change	Attributes	Chữ chú thích			Chữ chú thích	Surface_or_secondary_change	Chữ chú thích	Attribute_Characteristics	Surface_or_secondary_change	0	0	0	0	0	1	1	0	0	1	0	0	0	0	0	observed_term_no_disease_translation
Attribute_value_list	Surface_or_secondary_change	Attributes	co kéo			co kéo	Surface_or_secondary_change	co kéo || Co kéo	Attribute_Characteristics	Surface_or_secondary_change	1	2	0	0	2	7	7	0	0	7	3	3	0	0	3	observed_term_no_disease_translation
Attribute_value_list	Surface_or_secondary_change	Attributes	Co kéo da			Co kéo da	Surface_or_secondary_change	Co kéo da	Attribute_Characteristics	Surface_or_secondary_change	0	0	0	0	0	1	1	0	0	1	0	0	0	0	0	observed_term_no_disease_translation
Attribute_value_list	Surface_or_secondary_change	Attributes	Cuống da			Cuống da	Surface_or_secondary_change	Cuống da	Attribute_Characteristics	Surface_or_secondary_change	0	0	0	0	0	1	1	0	0	1	1	1	0	0	1	observed_term_no_disease_translation
Attribute_value_list	Surface_or_secondary_change	Attributes	Cuống hẹp			Cuống hẹp	Surface_or_secondary_change	Cuống hẹp	Attribute_Characteristics	Surface_or_secondary_change	0	0	0	0	0	1	2	0	1	2	1	1	0	1	1	observed_term_no_disease_translation
Attribute_value_list	Surface_or_secondary_change	Attributes	Cuống ngắn			Cuống ngắn	Surface_or_secondary_change	Cuống ngắn	Attribute_Characteristics	Surface_or_secondary_change	1	1	0	0	1	0	0	0	0	0	0	0	0	0	0	observed_term_no_disease_translation
Attribute_value_list	Surface_or_secondary_change	Attributes	Cuống nhỏ			Cuống nhỏ	Surface_or_secondary_change	Cuống nhỏ	Attribute_Characteristics	Surface_or_secondary_change	0	0	0	0	0	2	2	0	1	2	1	1	0	1	1	observed_term_no_disease_translation
Attribute_value_list	Surface_or_secondary_change	Attributes	Cào xước			Cào xước	Surface_or_secondary_change	Cào xước	Attribute_Characteristics	Surface_or_secondary_change	0	0	0	0	0	1	1	0	0	1	0	0	0	0	0	observed_term_no_disease_translation
Attribute_value_list	Surface_or_secondary_change	Attributes	Có cuống			Có cuống	Surface_or_secondary_change	Có cuống	Attribute_Characteristics	Surface_or_secondary_change	1	1	0	1	1	2	2	0	1	2	1	1	0	0	1	observed_term_no_disease_translation
Attribute_value_list	Surface_or_secondary_change	Attributes	Có cuống mảnh			Có cuống mảnh	Surface_or_secondary_change	Có cuống mảnh	Attribute_Characteristics	Surface_or_secondary_change	0	0	0	0	0	1	1	0	0	1	0	0	0	0	0	observed_term_no_disease_translation
Attribute_value_list	Surface_or_secondary_change	Attributes	Có vảy			Có vảy	Surface_or_secondary_change	Có vảy || có vảy	Attribute_Characteristics	Surface_or_secondary_change	0	0	10	15	25	2	2	53	130	185	0	0	17	45	62	observed_term_no_disease_translation
Attribute_value_list	Surface_or_secondary_change	Attributes	Có vảy tiết			Có vảy tiết	Surface_or_secondary_change	Có vảy tiết	Attribute_Characteristics	Surface_or_secondary_change	0	0	0	0	0	0	1	0	0	1	0	0	0	0	0	observed_term_no_disease_translation
Attribute_value_list	Surface_or_secondary_change	Attributes	Côn trùng nhỏ			Côn trùng nhỏ	Surface_or_secondary_change	Côn trùng nhỏ	Attribute_Characteristics	Surface_or_secondary_change	0	0	0	0	0	0	1	0	0	1	0	0	0	0	0	observed_term_no_disease_translation
Attribute_value_list	Surface_or_secondary_change	Attributes	Căng			Căng	Surface_or_secondary_change	Căng	Attribute_Characteristics	Surface_or_secondary_change	1	1	0	0	1	24	30	0	7	30	11	12	0	2	12	observed_term_no_disease_translation
Attribute_value_list	Surface_or_secondary_change	Attributes	Căng bóng			Căng bóng	Surface_or_secondary_change	Căng bóng || căng bóng	Attribute_Characteristics	Surface_or_secondary_change	4	4	0	1	4	45	51	0	14	51	12	14	0	3	14	observed_term_no_disease_translation
Attribute_value_list	Surface_or_secondary_change	Attributes	Căng da			Căng da	Surface_or_secondary_change	Căng da	Attribute_Characteristics	Surface_or_secondary_change	0	0	0	0	0	1	1	0	1	1	1	1	0	1	1	observed_term_no_disease_translation
Attribute_value_list	Surface_or_secondary_change	Attributes	Căng phồng			Căng phồng	Surface_or_secondary_change	Căng phồng	Attribute_Characteristics	Surface_or_secondary_change	0	0	0	0	0	1	1	0	1	1	0	0	0	0	0	observed_term_no_disease_translation
Attribute_value_list	Surface_or_secondary_change	Attributes	Da bong			Da bong	Surface_or_secondary_change	Da bong	Attribute_Characteristics	Surface_or_secondary_change	0	0	0	0	0	1	1	0	1	1	0	0	0	0	0	observed_term_no_disease_translation
Attribute_value_list	Surface_or_secondary_change	Attributes	da bóng			da bóng	Surface_or_secondary_change	da bóng || Da bóng	Attribute_Characteristics	Surface_or_secondary_change	4	7	0	0	7	46	51	0	15	51	13	14	0	6	14	observed_term_no_disease_translation
Attribute_value_list	Surface_or_secondary_change	Attributes	Da bóng nhẹ			Da bóng nhẹ	Surface_or_secondary_change	Da bóng nhẹ	Attribute_Characteristics	Surface_or_secondary_change	0	0	0	0	0	3	3	0	0	3	1	1	0	0	1	observed_term_no_disease_translation
Attribute_value_list	Surface_or_secondary_change	Attributes	Da bóng đỏ			Da bóng đỏ	Surface_or_secondary_change	Da bóng đỏ	Attribute_Characteristics	Surface_or_secondary_change	0	0	0	0	0	1	1	0	0	1	0	0	0	0	0	observed_term_no_disease_translation
Attribute_value_list	Surface_or_secondary_change	Attributes	Da chùng			Da chùng	Surface_or_secondary_change	Da chùng	Attribute_Characteristics	Surface_or_secondary_change	0	0	0	0	0	1	1	0	1	1	1	1	0	1	1	observed_term_no_disease_translation
Attribute_value_list	Surface_or_secondary_change	Attributes	Da căng			Da căng	Surface_or_secondary_change	Da căng	Attribute_Characteristics	Surface_or_secondary_change	2	2	0	1	2	11	15	0	7	15	7	8	0	4	8	observed_term_no_disease_translation
Attribute_value_list	Surface_or_secondary_change	Attributes	Da căng bóng			Da căng bóng	Surface_or_secondary_change	Da căng bóng	Attribute_Characteristics	Surface_or_secondary_change	2	2	0	0	2	20	24	0	6	24	7	8	0	2	8	observed_term_no_disease_translation
Attribute_value_list	Surface_or_secondary_change	Attributes	Da dày			Da dày	Surface_or_secondary_change	Da dày || da dày	Attribute_Characteristics	Surface_or_secondary_change	3	3	0	0	3	25	29	0	7	29	11	11	0	2	11	observed_term_no_disease_translation
Attribute_value_list	Surface_or_secondary_change	Attributes	Da dày nhẹ			Da dày nhẹ	Surface_or_secondary_change	Da dày nhẹ	Attribute_Characteristics	Surface_or_secondary_change	1	1	0	0	1	2	4	0	1	4	2	3	0	1	3	observed_term_no_disease_translation
Attribute_value_list	Surface_or_secondary_change	Attributes	Da dày sừng			Da dày sừng	Surface_or_secondary_change	Da dày sừng	Attribute_Characteristics	Surface_or_secondary_change	0	0	0	0	0	1	1	0	1	1	0	0	0	0	0	observed_term_no_disease_translation
Attribute_value_list	Surface_or_secondary_change	Attributes	Da dày ẩm			Da dày ẩm	Surface_or_secondary_change	Da dày ẩm	Attribute_Characteristics	Surface_or_secondary_change	0	0	0	0	0	0	1	0	0	1	0	0	0	0	0	observed_term_no_disease_translation
Attribute_value_list	Surface_or_secondary_change	Attributes	Da hồng nhạt			Da hồng nhạt	Surface_or_secondary_change	Da hồng nhạt	Attribute_Characteristics	Surface_or_secondary_change	0	0	0	0	0	1	1	0	0	1	0	0	0	0	0	observed_term_no_disease_translation
Attribute_value_list	Surface_or_secondary_change	Attributes	da khô			da khô	Surface_or_secondary_change	da khô || Da khô	Attribute_Characteristics	Surface_or_secondary_change	22	26	1	11	30	127	144	16	55	175	49	54	6	24	65	observed_term_no_disease_translation
Attribute_value_list	Surface_or_secondary_change	Attributes	Da khô nhẹ			Da khô nhẹ	Surface_or_secondary_change	Da khô nhẹ || da khô nhẹ	Attribute_Characteristics	Surface_or_secondary_change	1	1	0	0	1	8	10	0	2	10	2	2	0	1	2	observed_term_no_disease_translation
Attribute_value_list	Surface_or_secondary_change	Attributes	Da lành			Da lành	Surface_or_secondary_change	Da lành	Attribute_Characteristics	Surface_or_secondary_change	0	0	0	0	0	1	1	0	0	1	1	1	0	0	1	observed_term_no_disease_translation
Attribute_value_list	Surface_or_secondary_change	Attributes	Da lành xen kẽ			Da lành xen kẽ	Surface_or_secondary_change	Da lành xen kẽ	Attribute_Characteristics	Surface_or_secondary_change	0	0	0	0	0	2	2	0	1	2	0	0	0	0	0	observed_term_no_disease_translation
Attribute_value_list	Surface_or_secondary_change	Attributes	Da láng			Da láng	Surface_or_secondary_change	Da láng	Attribute_Characteristics	Surface_or_secondary_change	0	0	0	0	0	1	1	0	0	1	1	1	0	0	1	observed_term_no_disease_translation
Attribute_value_list	Surface_or_secondary_change	Attributes	Da lão hóa			Da lão hóa	Surface_or_secondary_change	Da lão hóa	Attribute_Characteristics	Surface_or_secondary_change	1	1	0	0	1	2	2	0	0	2	1	1	0	0	1	observed_term_no_disease_translation
Attribute_value_list	Surface_or_secondary_change	Attributes	Da lỏng lẻo			Da lỏng lẻo	Surface_or_secondary_change	Da lỏng lẻo	Attribute_Characteristics	Surface_or_secondary_change	0	0	0	0	0	1	1	0	0	1	1	1	0	0	1	observed_term_no_disease_translation
Attribute_value_list	Surface_or_secondary_change	Attributes	Da lốm đốm			Da lốm đốm	Surface_or_secondary_change	Da lốm đốm	Attribute_Characteristics	Surface_or_secondary_change	0	0	0	0	0	1	1	0	0	1	0	0	0	0	0	observed_term_no_disease_translation
Attribute_value_list	Surface_or_secondary_change	Attributes	Da macerê			Da macerê	Surface_or_secondary_change	Da macerê	Attribute_Characteristics	Surface_or_secondary_change	1	1	0	0	1	0	0	0	0	0	0	0	0	0	0	observed_term_no_disease_translation
Attribute_value_list	Surface_or_secondary_change	Attributes	Da mịn			Da mịn	Surface_or_secondary_change	Da mịn	Attribute_Characteristics	Surface_or_secondary_change	0	0	0	0	0	1	1	0	0	1	1	1	0	0	1	observed_term_no_disease_translation
Attribute_value_list	Surface_or_secondary_change	Attributes	da mỏng			da mỏng	Surface_or_secondary_change	da mỏng || Da mỏng	Attribute_Characteristics	Surface_or_secondary_change	1	2	0	1	2	16	18	0	3	18	7	8	0	1	8	observed_term_no_disease_translation
Attribute_value_list	Surface_or_secondary_change	Attributes	Da nhăn			Da nhăn	Surface_or_secondary_change	Da nhăn || da nhăn	Attribute_Characteristics	Surface_or_secondary_change	3	5	0	1	5	11	13	0	4	13	3	3	0	2	3	observed_term_no_disease_translation
Attribute_value_list	Surface_or_secondary_change	Attributes	Da nhăn mịn			Da nhăn mịn	Surface_or_secondary_change	Da nhăn mịn	Attribute_Characteristics	Surface_or_secondary_change	0	0	0	0	0	1	1	0	0	1	0	0	0	0	0	observed_term_no_disease_translation
Attribute_value_list	Surface_or_secondary_change	Attributes	Da nhăn mỏng			Da nhăn mỏng	Surface_or_secondary_change	Da nhăn mỏng	Attribute_Characteristics	Surface_or_secondary_change	0	0	0	0	0	0	1	0	0	1	0	0	0	0	0	observed_term_no_disease_translation
Attribute_value_list	Surface_or_secondary_change	Attributes	Da nhăn nheo			Da nhăn nheo	Surface_or_secondary_change	Da nhăn nheo	Attribute_Characteristics	Surface_or_secondary_change	0	0	0	0	0	3	5	0	0	5	2	3	0	0	3	observed_term_no_disease_translation
Attribute_value_list	Surface_or_secondary_change	Attributes	Da nhăn nhẹ			Da nhăn nhẹ	Surface_or_secondary_change	Da nhăn nhẹ	Attribute_Characteristics	Surface_or_secondary_change	0	0	0	0	0	1	1	0	0	1	0	0	0	0	0	observed_term_no_disease_translation
Attribute_value_list	Surface_or_secondary_change	Attributes	da nhẵn			da nhẵn	Surface_or_secondary_change	da nhẵn || Da nhẵn	Attribute_Characteristics	Surface_or_secondary_change	0	1	0	0	1	1	1	0	0	1	0	0	0	0	0	observed_term_no_disease_translation
Attribute_value_list	Surface_or_secondary_change	Attributes	Da nền bình thường			Da nền bình thường	Surface_or_secondary_change	Da nền bình thường	Attribute_Characteristics	Surface_or_secondary_change	0	0	0	0	0	1	1	0	0	1	0	0	0	0	0	observed_term_no_disease_translation
Attribute_value_list	Surface_or_secondary_change	Attributes	Da quanh móng khô			Da quanh móng khô	Surface_or_secondary_change	Da quanh móng khô	Attribute_Characteristics	Surface_or_secondary_change	0	0	0	0	0	0	1	0	0	1	0	0	0	0	0	observed_term_no_disease_translation
Attribute_value_list	Surface_or_secondary_change	Attributes	Da quanh đỏ			Da quanh đỏ	Surface_or_secondary_change	Da quanh đỏ	Attribute_Characteristics	Surface_or_secondary_change	0	0	0	0	0	1	1	0	0	1	1	1	0	0	1	observed_term_no_disease_translation
Attribute_value_list	Surface_or_secondary_change	Attributes	Da sần			Da sần	Surface_or_secondary_change	Da sần	Attribute_Characteristics	Surface_or_secondary_change	0	0	0	0	0	1	1	0	0	1	0	0	0	0	0	observed_term_no_disease_translation
Attribute_value_list	Surface_or_secondary_change	Attributes	Da sần nhẹ			Da sần nhẹ	Surface_or_secondary_change	Da sần nhẹ	Attribute_Characteristics	Surface_or_secondary_change	0	0	0	0	0	1	1	0	1	1	0	0	0	0	0	observed_term_no_disease_translation
Attribute_value_list	Surface_or_secondary_change	Attributes	Da sẫm màu			Da sẫm màu	Surface_or_secondary_change	Da sẫm màu	Attribute_Characteristics	Surface_or_secondary_change	0	0	0	0	0	0	1	0	0	1	0	1	0	0	1	observed_term_no_disease_translation
Attribute_value_list	Surface_or_secondary_change	Attributes	Da teo			Da teo	Surface_or_secondary_change	Da teo	Attribute_Characteristics	Surface_or_secondary_change	1	1	0	0	1	4	4	0	0	4	0	0	0	0	0	observed_term_no_disease_translation
Attribute_value_list	Surface_or_secondary_change	Attributes	Da teo nhẹ			Da teo nhẹ	Surface_or_secondary_change	Da teo nhẹ	Attribute_Characteristics	Surface_or_secondary_change	0	0	0	0	0	1	1	0	1	1	1	1	0	1	1	observed_term_no_disease_translation
Attribute_value_list	Surface_or_secondary_change	Attributes	Da thô			Da thô	Surface_or_secondary_change	Da thô	Attribute_Characteristics	Surface_or_secondary_change	0	0	0	0	0	2	2	0	1	2	1	1	0	1	1	observed_term_no_disease_translation
Attribute_value_list	Surface_or_secondary_change	Attributes	Da trơn			Da trơn	Surface_or_secondary_change	Da trơn	Attribute_Characteristics	Surface_or_secondary_change	1	1	0	0	1	0	0	0	0	0	0	0	0	0	0	observed_term_no_disease_translation
Attribute_value_list	Surface_or_secondary_change	Attributes	Da trợt			Da trợt	Surface_or_secondary_change	Da trợt	Attribute_Characteristics	Surface_or_secondary_change	0	0	0	0	0	0	1	0	0	1	0	1	0	0	1	observed_term_no_disease_translation
Attribute_value_list	Surface_or_secondary_change	Attributes	Da ẩm			Da ẩm	Surface_or_secondary_change	Da ẩm	Attribute_Characteristics	Surface_or_secondary_change	1	1	0	0	1	3	3	0	1	3	0	0	0	0	0	observed_term_no_disease_translation
Attribute_value_list	Surface_or_secondary_change	Attributes	Da ẩm bợt			Da ẩm bợt	Surface_or_secondary_change	Da ẩm bợt	Attribute_Characteristics	Surface_or_secondary_change	0	0	0	0	0	1	1	0	1	1	0	0	0	0	0	observed_term_no_disease_translation
Attribute_value_list	Surface_or_secondary_change	Attributes	Da ẩm trắng			Da ẩm trắng	Surface_or_secondary_change	Da ẩm trắng	Attribute_Characteristics	Surface_or_secondary_change	0	0	0	0	0	0	1	0	0	1	0	0	0	0	0	observed_term_no_disease_translation
Attribute_value_list	Surface_or_secondary_change	Attributes	Di truyền			Di truyền	Surface_or_secondary_change	Di truyền	Attribute_Characteristics	Surface_or_secondary_change	0	0	0	0	0	1	1	0	1	1	0	0	0	0	0	observed_term_no_disease_translation
Attribute_value_list	Surface_or_secondary_change	Attributes	Diện rộng			Diện rộng	Surface_or_secondary_change	Diện rộng	Attribute_Characteristics	Surface_or_secondary_change	0	0	0	0	0	1	1	0	1	1	0	0	0	0	0	observed_term_no_disease_translation
Attribute_value_list	Surface_or_secondary_change	Attributes	Diện tích lớn			Diện tích lớn	Surface_or_secondary_change	Diện tích lớn	Attribute_Characteristics	Surface_or_secondary_change	0	0	0	0	0	1	1	0	1	1	0	0	0	0	0	observed_term_no_disease_translation
Attribute_value_list	Surface_or_secondary_change	Attributes	Dày			Dày	Surface_or_secondary_change	Dày	Attribute_Characteristics	Surface_or_secondary_change	0	0	0	0	0	4	4	0	0	4	1	1	0	0	1	observed_term_no_disease_translation
Attribute_value_list	Surface_or_secondary_change	Attributes	dày da			dày da	Surface_or_secondary_change	dày da || Dày da	Attribute_Characteristics	Surface_or_secondary_change	15	18	0	7	18	120	130	0	25	130	41	45	0	10	45	observed_term_no_disease_translation
Attribute_value_list	Surface_or_secondary_change	Attributes	Dày da nhẹ			Dày da nhẹ	Surface_or_secondary_change	Dày da nhẹ	Attribute_Characteristics	Surface_or_secondary_change	1	1	0	0	1	19	20	0	7	20	7	8	0	2	8	observed_term_no_disease_translation
Attribute_value_list	Surface_or_secondary_change	Attributes	dày móng			dày móng	Surface_or_secondary_change	dày móng || Dày móng	Attribute_Characteristics	Surface_or_secondary_change	1	2	0	0	2	16	18	0	9	18	7	9	0	4	9	observed_term_no_disease_translation
Attribute_value_list	Surface_or_secondary_change	Attributes	Dày móng nhẹ			Dày móng nhẹ	Surface_or_secondary_change	Dày móng nhẹ	Attribute_Characteristics	Surface_or_secondary_change	0	0	0	0	0	3	3	0	1	3	1	1	0	0	1	observed_term_no_disease_translation
Attribute_value_list	Surface_or_secondary_change	Attributes	Dày mô quanh móng			Dày mô quanh móng	Surface_or_secondary_change	Dày mô quanh móng	Attribute_Characteristics	Surface_or_secondary_change	0	0	0	0	0	1	1	0	0	1	1	1	0	0	1	observed_term_no_disease_translation
Attribute_value_list	Surface_or_secondary_change	Attributes	Dày nhẹ			Dày nhẹ	Surface_or_secondary_change	Dày nhẹ	Attribute_Characteristics	Surface_or_secondary_change	0	0	0	0	0	0	1	0	0	1	0	0	0	0	0	observed_term_no_disease_translation
Attribute_value_list	Surface_or_secondary_change	Attributes	Dày sừng			Dày sừng	Surface_or_secondary_change	Dày sừng || dày sừng	Attribute_Characteristics	Surface_or_secondary_change	8	12	2	2	14	67	84	18	22	102	21	24	7	8	31	observed_term_no_disease_translation
Attribute_value_list	Surface_or_secondary_change	Attributes	Dày sừng dưới móng			Dày sừng dưới móng	Surface_or_secondary_change	Dày sừng dưới móng	Attribute_Characteristics	Surface_or_secondary_change	1	1	0	1	1	8	9	0	4	9	2	2	0	0	2	observed_term_no_disease_translation
Attribute_value_list	Surface_or_secondary_change	Attributes	Dày sừng mỏng			Dày sừng mỏng	Surface_or_secondary_change	Dày sừng mỏng	Attribute_Characteristics	Surface_or_secondary_change	0	0	0	0	0	1	1	0	0	1	0	0	0	0	0	observed_term_no_disease_translation
Attribute_value_list	Surface_or_secondary_change	Attributes	Dày sừng nhẹ			Dày sừng nhẹ	Surface_or_secondary_change	Dày sừng nhẹ || dày sừng nhẹ	Attribute_Characteristics	Surface_or_secondary_change	1	1	0	0	1	9	11	0	1	11	2	3	0	0	3	observed_term_no_disease_translation
Attribute_value_list	Surface_or_secondary_change	Attributes	Dát lốm đốm			Dát lốm đốm	Surface_or_secondary_change	Dát lốm đốm	Attribute_Characteristics	Surface_or_secondary_change	0	0	0	0	0	1	1	0	0	1	0	0	0	0	0	observed_term_no_disease_translation
Attribute_value_list	Surface_or_secondary_change	Attributes	Dát nhỏ			Dát nhỏ	Surface_or_secondary_change	Dát nhỏ	Attribute_Characteristics	Surface_or_secondary_change	0	0	0	0	0	0	1	0	0	1	0	1	0	0	1	observed_term_no_disease_translation
Attribute_value_list	Surface_or_secondary_change	Attributes	Dát nâu nhỏ			Dát nâu nhỏ	Surface_or_secondary_change	Dát nâu nhỏ	Attribute_Characteristics	Surface_or_secondary_change	0	0	0	0	0	3	3	0	3	3	1	1	0	1	1	observed_term_no_disease_translation
Attribute_value_list	Surface_or_secondary_change	Attributes	Dát phẳng			Dát phẳng	Surface_or_secondary_change	Dát phẳng	Attribute_Characteristics	Surface_or_secondary_change	0	0	0	0	0	1	1	0	0	1	0	0	0	0	0	observed_term_no_disease_translation
Attribute_value_list	Surface_or_secondary_change	Attributes	Dát sẩn mịn			Dát sẩn mịn	Surface_or_secondary_change	Dát sẩn mịn	Attribute_Characteristics	Surface_or_secondary_change	0	0	0	0	0	1	1	0	0	1	0	0	0	0	0	observed_term_no_disease_translation
Attribute_value_list	Surface_or_secondary_change	Attributes	Dát sẩn nhỏ			Dát sẩn nhỏ	Surface_or_secondary_change	Dát sẩn nhỏ	Attribute_Characteristics	Surface_or_secondary_change	0	0	0	0	0	1	1	0	1	1	1	1	0	1	1	observed_term_no_disease_translation
Attribute_value_list	Surface_or_secondary_change	Attributes	Dát sắc tố			Dát sắc tố	Surface_or_secondary_change	Dát sắc tố	Attribute_Characteristics	Surface_or_secondary_change	0	0	0	0	0	1	1	0	1	1	1	1	0	1	1	observed_term_no_disease_translation
Attribute_value_list	Surface_or_secondary_change	Attributes	Dát đỏ			Dát đỏ	Surface_or_secondary_change	Dát đỏ	Attribute_Characteristics	Surface_or_secondary_change	0	0	0	0	0	3	4	0	1	4	1	1	0	1	1	observed_term_no_disease_translation
Attribute_value_list	Surface_or_secondary_change	Attributes	Dính			Dính	Surface_or_secondary_change	Dính	Attribute_Characteristics	Surface_or_secondary_change	0	0	0	0	0	3	3	0	0	3	1	1	0	0	1	observed_term_no_disease_translation
Attribute_value_list	Surface_or_secondary_change	Attributes	Dính mi cầu			Dính mi cầu	Surface_or_secondary_change	Dính mi cầu	Attribute_Characteristics	Surface_or_secondary_change	0	0	0	0	0	0	1	0	0	1	0	0	0	0	0	observed_term_no_disease_translation
Attribute_value_list	Surface_or_secondary_change	Attributes	Dưới da			Dưới da	Surface_or_secondary_change	Dưới da	Attribute_Characteristics	Surface_or_secondary_change	1	1	0	0	1	2	2	0	1	2	1	1	0	1	1	observed_term_no_disease_translation
Attribute_value_list	Surface_or_secondary_change	Attributes	Dưới móng			Dưới móng	Surface_or_secondary_change	Dưới móng	Attribute_Characteristics	Surface_or_secondary_change	0	0	0	0	0	2	2	0	2	2	1	1	0	1	1	observed_term_no_disease_translation
Attribute_value_list	Surface_or_secondary_change	Attributes	Dạng chấm			Dạng chấm	Surface_or_secondary_change	Dạng chấm	Attribute_Characteristics	Surface_or_secondary_change	0	0	0	0	0	3	3	0	0	3	0	0	0	0	0	observed_term_no_disease_translation
Attribute_value_list	Surface_or_secondary_change	Attributes	Dạng chấm nhỏ			Dạng chấm nhỏ	Surface_or_secondary_change	Dạng chấm nhỏ	Attribute_Characteristics	Surface_or_secondary_change	0	0	0	0	0	1	1	0	0	1	0	0	0	0	0	observed_term_no_disease_translation
Attribute_value_list	Surface_or_secondary_change	Attributes	Dạng cuống			Dạng cuống	Surface_or_secondary_change	Dạng cuống	Attribute_Characteristics	Surface_or_secondary_change	0	0	0	0	0	1	1	0	0	1	1	1	0	0	1	observed_term_no_disease_translation
Attribute_value_list	Surface_or_secondary_change	Attributes	Dạng kem			Dạng kem	Surface_or_secondary_change	Dạng kem	Attribute_Characteristics	Surface_or_secondary_change	0	0	0	0	0	1	1	0	0	1	0	0	0	0	0	observed_term_no_disease_translation
Attribute_value_list	Surface_or_secondary_change	Attributes	Dạng lát sỏi			Dạng lát sỏi	Surface_or_secondary_change	Dạng lát sỏi	Attribute_Characteristics	Surface_or_secondary_change	0	0	0	0	0	0	1	0	0	1	0	0	0	0	0	observed_term_no_disease_translation
Attribute_value_list	Surface_or_secondary_change	Attributes	Dạng ngọc trai			Dạng ngọc trai	Surface_or_secondary_change	Dạng ngọc trai	Attribute_Characteristics	Surface_or_secondary_change	0	0	0	0	0	1	1	0	1	1	0	0	0	0	0	observed_term_no_disease_translation
Attribute_value_list	Surface_or_secondary_change	Attributes	Dạng nhung			Dạng nhung	Surface_or_secondary_change	Dạng nhung	Attribute_Characteristics	Surface_or_secondary_change	0	0	0	0	0	1	1	0	0	1	1	1	0	0	1	observed_term_no_disease_translation
Attribute_value_list	Surface_or_secondary_change	Attributes	dạng nhú			dạng nhú	Surface_or_secondary_change	dạng nhú	Attribute_Characteristics	Surface_or_secondary_change	0	0	0	0	0	0	1	0	0	1	0	0	0	0	0	observed_term_no_disease_translation
Attribute_value_list	Surface_or_secondary_change	Attributes	Dạng não			Dạng não	Surface_or_secondary_change	Dạng não	Attribute_Characteristics	Surface_or_secondary_change	0	0	0	0	0	2	2	0	2	2	1	1	0	1	1	observed_term_no_disease_translation
Attribute_value_list	Surface_or_secondary_change	Attributes	Dạng thùy			Dạng thùy	Surface_or_secondary_change	Dạng thùy	Attribute_Characteristics	Surface_or_secondary_change	0	0	0	0	0	1	1	0	1	1	0	0	0	0	0	observed_term_no_disease_translation
Attribute_value_list	Surface_or_secondary_change	Attributes	Dạng vệt			Dạng vệt	Surface_or_secondary_change	Dạng vệt	Attribute_Characteristics	Surface_or_secondary_change	0	0	0	0	0	1	1	0	0	1	0	0	0	0	0	observed_term_no_disease_translation
Attribute_value_list	Surface_or_secondary_change	Attributes	Dạng vỏ cam			Dạng vỏ cam	Surface_or_secondary_change	Dạng vỏ cam	Attribute_Characteristics	Surface_or_secondary_change	0	0	0	0	0	1	1	0	0	1	0	0	0	0	0	observed_term_no_disease_translation
Attribute_value_list	Surface_or_secondary_change	Attributes	Dấu hằn áo			Dấu hằn áo	Surface_or_secondary_change	Dấu hằn áo	Attribute_Characteristics	Surface_or_secondary_change	0	0	0	0	0	0	1	0	0	1	0	1	0	0	1	observed_term_no_disease_translation
Attribute_value_list	Surface_or_secondary_change	Attributes	Dẹt			Dẹt	Surface_or_secondary_change	Dẹt	Attribute_Characteristics	Surface_or_secondary_change	1	1	0	0	1	0	0	0	0	0	0	0	0	0	0	observed_term_no_disease_translation
Attribute_value_list	Surface_or_secondary_change	Attributes	Dịch bóng			Dịch bóng	Surface_or_secondary_change	Dịch bóng	Attribute_Characteristics	Surface_or_secondary_change	0	0	0	0	0	2	2	0	0	2	0	0	0	0	0	observed_term_no_disease_translation
Attribute_value_list	Surface_or_secondary_change	Attributes	Dịch khô			Dịch khô	Surface_or_secondary_change	Dịch khô	Attribute_Characteristics	Surface_or_secondary_change	0	0	0	0	0	1	1	0	1	1	1	1	0	1	1	observed_term_no_disease_translation
Attribute_value_list	Surface_or_secondary_change	Attributes	Dịch máu			Dịch máu	Surface_or_secondary_change	Dịch máu	Attribute_Characteristics	Surface_or_secondary_change	0	0	0	0	0	1	1	0	0	1	0	0	0	0	0	observed_term_no_disease_translation
Attribute_value_list	Surface_or_secondary_change	Attributes	Dịch mủ			Dịch mủ	Surface_or_secondary_change	Dịch mủ	Attribute_Characteristics	Surface_or_secondary_change	0	0	0	0	0	5	6	0	0	6	3	3	0	0	3	observed_term_no_disease_translation
Attribute_value_list	Surface_or_secondary_change	Attributes	Dịch mủ vàng			Dịch mủ vàng	Surface_or_secondary_change	Dịch mủ vàng	Attribute_Characteristics	Surface_or_secondary_change	0	0	0	0	0	1	1	0	0	1	0	0	0	0	0	observed_term_no_disease_translation
Attribute_value_list	Surface_or_secondary_change	Attributes	Dịch rỉ			Dịch rỉ	Surface_or_secondary_change	Dịch rỉ	Attribute_Characteristics	Surface_or_secondary_change	0	0	0	0	0	2	2	0	0	2	1	1	0	0	1	observed_term_no_disease_translation
Attribute_value_list	Surface_or_secondary_change	Attributes	Dịch tiết			Dịch tiết	Surface_or_secondary_change	Dịch tiết	Attribute_Characteristics	Surface_or_secondary_change	9	9	0	2	9	28	37	0	2	37	11	13	0	0	13	observed_term_no_disease_translation
Attribute_value_list	Surface_or_secondary_change	Attributes	Dịch tiết bóng			Dịch tiết bóng	Surface_or_secondary_change	Dịch tiết bóng	Attribute_Characteristics	Surface_or_secondary_change	0	0	0	0	0	1	2	0	1	2	1	2	0	1	2	observed_term_no_disease_translation
Attribute_value_list	Surface_or_secondary_change	Attributes	Dịch tiết vàng			Dịch tiết vàng	Surface_or_secondary_change	Dịch tiết vàng	Attribute_Characteristics	Surface_or_secondary_change	1	1	0	0	1	0	0	0	0	0	0	0	0	0	0	observed_term_no_disease_translation
Attribute_value_list	Surface_or_secondary_change	Attributes	Dịch tiết ít			Dịch tiết ít	Surface_or_secondary_change	Dịch tiết ít	Attribute_Characteristics	Surface_or_secondary_change	0	0	0	0	0	1	1	0	1	1	1	1	0	1	1	observed_term_no_disease_translation
Attribute_value_list	Surface_or_secondary_change	Attributes	Dịch trong			Dịch trong	Surface_or_secondary_change	Dịch trong	Attribute_Characteristics	Surface_or_secondary_change	3	3	0	0	3	17	19	0	6	19	7	7	0	3	7	observed_term_no_disease_translation
Attribute_value_list	Surface_or_secondary_change	Attributes	Dịch trắng			Dịch trắng	Surface_or_secondary_change	Dịch trắng	Attribute_Characteristics	Surface_or_secondary_change	1	1	0	0	1	1	1	0	0	1	0	0	0	0	0	observed_term_no_disease_translation
Attribute_value_list	Surface_or_secondary_change	Attributes	Dịch vàng			Dịch vàng	Surface_or_secondary_change	Dịch vàng || dịch vàng	Attribute_Characteristics	Surface_or_secondary_change	0	0	0	0	0	5	9	0	0	9	2	2	0	0	2	observed_term_no_disease_translation
Attribute_value_list	Surface_or_secondary_change	Attributes	Dịch đục			Dịch đục	Surface_or_secondary_change	Dịch đục	Attribute_Characteristics	Surface_or_secondary_change	0	0	0	0	0	1	1	0	0	1	0	0	0	0	0	observed_term_no_disease_translation
Attribute_value_list	Surface_or_secondary_change	Attributes	Dịch ướt			Dịch ướt	Surface_or_secondary_change	Dịch ướt	Attribute_Characteristics	Surface_or_secondary_change	0	0	0	0	0	1	1	0	0	1	0	0	0	0	0	observed_term_no_disease_translation
Attribute_value_list	Surface_or_secondary_change	Attributes	Gai lưỡi dài			Gai lưỡi dài	Surface_or_secondary_change	Gai lưỡi dài	Attribute_Characteristics	Surface_or_secondary_change	0	0	0	0	0	2	2	0	1	2	0	0	0	0	0	observed_term_no_disease_translation
Attribute_value_list	Surface_or_secondary_change	Attributes	Gai lưỡi nổi			Gai lưỡi nổi	Surface_or_secondary_change	Gai lưỡi nổi	Attribute_Characteristics	Surface_or_secondary_change	1	1	0	0	1	1	2	0	0	2	0	1	0	0	1	observed_term_no_disease_translation
Attribute_value_list	Surface_or_secondary_change	Attributes	Gai lưỡi rõ			Gai lưỡi rõ	Surface_or_secondary_change	Gai lưỡi rõ	Attribute_Characteristics	Surface_or_secondary_change	0	0	0	0	0	1	1	0	0	1	1	1	0	0	1	observed_term_no_disease_translation
Attribute_value_list	Surface_or_secondary_change	Attributes	Gai nổi rõ			Gai nổi rõ	Surface_or_secondary_change	Gai nổi rõ	Attribute_Characteristics	Surface_or_secondary_change	0	0	0	0	0	1	1	0	1	1	1	1	0	1	1	observed_term_no_disease_translation
Attribute_value_list	Surface_or_secondary_change	Attributes	Gai thị nhạt			Gai thị nhạt	Surface_or_secondary_change	Gai thị nhạt	Attribute_Characteristics	Surface_or_secondary_change	0	0	0	0	0	1	1	0	1	1	0	0	0	0	0	observed_term_no_disease_translation
Attribute_value_list	Surface_or_secondary_change	Attributes	Giãn mạch			Giãn mạch	Surface_or_secondary_change	Giãn mạch || giãn mạch	Attribute_Characteristics	Surface_or_secondary_change	3	3	5	17	25	31	39	38	150	217	10	13	12	59	79	observed_term_no_disease_translation
Attribute_value_list	Surface_or_secondary_change	Attributes	Giãn mạch mảnh			Giãn mạch mảnh	Surface_or_secondary_change	Giãn mạch mảnh	Attribute_Characteristics	Surface_or_secondary_change	1	1	0	0	1	4	6	0	0	6	1	2	0	0	2	observed_term_no_disease_translation
Attribute_value_list	Surface_or_secondary_change	Attributes	Giãn mạch mịn			Giãn mạch mịn	Surface_or_secondary_change	Giãn mạch mịn	Attribute_Characteristics	Surface_or_secondary_change	1	1	0	1	1	8	8	0	3	8	6	6	0	2	6	observed_term_no_disease_translation
Attribute_value_list	Surface_or_secondary_change	Attributes	Giãn mạch mờ			Giãn mạch mờ	Surface_or_secondary_change	Giãn mạch mờ	Attribute_Characteristics	Surface_or_secondary_change	0	0	0	0	0	2	3	0	1	3	0	1	0	0	1	observed_term_no_disease_translation
Attribute_value_list	Surface_or_secondary_change	Attributes	Giãn mạch nhẹ			Giãn mạch nhẹ	Surface_or_secondary_change	Giãn mạch nhẹ	Attribute_Characteristics	Surface_or_secondary_change	1	1	0	0	1	3	4	0	1	4	1	2	0	0	2	observed_term_no_disease_translation
Attribute_value_list	Surface_or_secondary_change	Attributes	Giãn mạch nhỏ			Giãn mạch nhỏ	Surface_or_secondary_change	Giãn mạch nhỏ || giãn mạch nhỏ	Attribute_Characteristics	Surface_or_secondary_change	3	4	0	0	4	17	18	0	8	18	8	8	0	3	8	observed_term_no_disease_translation
Attribute_value_list	Surface_or_secondary_change	Attributes	Giãn mạch nông			Giãn mạch nông	Surface_or_secondary_change	Giãn mạch nông	Attribute_Characteristics	Surface_or_secondary_change	1	1	0	0	1	1	1	0	1	1	0	0	0	0	0	observed_term_no_disease_translation
Attribute_value_list	Surface_or_secondary_change	Attributes	Giãn tĩnh mạch			Giãn tĩnh mạch	Surface_or_secondary_change	Giãn tĩnh mạch	Attribute_Characteristics	Surface_or_secondary_change	0	0	0	0	0	4	4	0	1	4	2	2	0	1	2	observed_term_no_disease_translation
Attribute_value_list	Surface_or_secondary_change	Attributes	Giòn móng			Giòn móng	Surface_or_secondary_change	Giòn móng	Attribute_Characteristics	Surface_or_secondary_change	0	0	0	0	0	1	1	0	1	1	0	0	0	0	0	observed_term_no_disease_translation
Attribute_value_list	Surface_or_secondary_change	Attributes	Giả mạc			Giả mạc	Surface_or_secondary_change	Giả mạc	Attribute_Characteristics	Surface_or_secondary_change	5	5	0	1	5	17	23	0	5	23	6	8	0	1	8	observed_term_no_disease_translation
Attribute_value_list	Surface_or_secondary_change	Attributes	Giả mạc mỏng			Giả mạc mỏng	Surface_or_secondary_change	Giả mạc mỏng	Attribute_Characteristics	Surface_or_secondary_change	0	0	0	0	0	1	1	0	1	1	0	0	0	0	0	observed_term_no_disease_translation
Attribute_value_list	Surface_or_secondary_change	Attributes	Giả mạc trắng			Giả mạc trắng	Surface_or_secondary_change	Giả mạc trắng	Attribute_Characteristics	Surface_or_secondary_change	0	0	0	0	0	3	7	0	0	7	0	1	0	0	1	observed_term_no_disease_translation
Attribute_value_list	Surface_or_secondary_change	Attributes	Giả mạc vàng			Giả mạc vàng	Surface_or_secondary_change	Giả mạc vàng	Attribute_Characteristics	Surface_or_secondary_change	2	2	0	0	2	11	12	0	1	12	5	5	0	0	5	observed_term_no_disease_translation
Attribute_value_list	Surface_or_secondary_change	Attributes	Giảm sắc tố			Giảm sắc tố	Surface_or_secondary_change	Giảm sắc tố	Attribute_Characteristics	Surface_or_secondary_change	1	1	0	0	1	8	8	0	3	8	1	1	0	0	1	observed_term_no_disease_translation
Attribute_value_list	Surface_or_secondary_change	Attributes	Giảm đàn hồi			Giảm đàn hồi	Surface_or_secondary_change	Giảm đàn hồi	Attribute_Characteristics	Surface_or_secondary_change	0	0	0	0	0	1	1	0	1	1	1	1	0	1	1	observed_term_no_disease_translation
Attribute_value_list	Surface_or_secondary_change	Attributes	Giấy cháy			Giấy cháy	Surface_or_secondary_change	Giấy cháy	Attribute_Characteristics	Surface_or_secondary_change	0	0	0	0	0	1	1	0	0	1	1	1	0	0	1	observed_term_no_disease_translation
Attribute_value_list	Surface_or_secondary_change	Attributes	Giọt dịch bóng			Giọt dịch bóng	Surface_or_secondary_change	Giọt dịch bóng	Attribute_Characteristics	Surface_or_secondary_change	0	0	0	0	0	1	1	0	0	1	0	0	0	0	0	observed_term_no_disease_translation
Attribute_value_list	Surface_or_secondary_change	Attributes	giới hạn mờ			giới hạn mờ	Surface_or_secondary_change	giới hạn mờ || Giới hạn mờ	Attribute_Characteristics	Surface_or_secondary_change	0	1	0	0	1	4	5	0	1	5	2	3	0	0	3	observed_term_no_disease_translation
Attribute_value_list	Surface_or_secondary_change	Attributes	Giới hạn rõ			Giới hạn rõ	Surface_or_secondary_change	Giới hạn rõ || giới hạn rõ	Attribute_Characteristics	Surface_or_secondary_change	1	1	0	0	1	8	11	0	2	11	2	3	0	0	3	observed_term_no_disease_translation
Attribute_value_list	Surface_or_secondary_change	Attributes	Gốc hẹp			Gốc hẹp	Surface_or_secondary_change	Gốc hẹp	Attribute_Characteristics	Surface_or_secondary_change	0	0	0	0	0	0	1	0	0	1	0	0	0	0	0	observed_term_no_disease_translation
Attribute_value_list	Surface_or_secondary_change	Attributes	Gồ			Gồ	Surface_or_secondary_change	Gồ || gồ	Attribute_Characteristics	Surface_or_secondary_change	3	3	0	0	3	18	23	0	5	23	3	4	0	1	4	observed_term_no_disease_translation
Attribute_value_list	Surface_or_secondary_change	Attributes	Gồ cao			Gồ cao	Surface_or_secondary_change	Gồ cao || gồ cao	Attribute_Characteristics	Surface_or_secondary_change	7	8	4	14	24	50	54	51	144	229	19	21	18	54	86	observed_term_no_disease_translation
Attribute_value_list	Surface_or_secondary_change	Attributes	Gồ cao nhẹ			Gồ cao nhẹ	Surface_or_secondary_change	Gồ cao nhẹ	Attribute_Characteristics	Surface_or_secondary_change	0	0	0	0	0	1	1	0	0	1	1	1	0	0	1	observed_term_no_disease_translation
Attribute_value_list	Surface_or_secondary_change	Attributes	Gồ ghề			Gồ ghề	Surface_or_secondary_change	Gồ ghề	Attribute_Characteristics	Surface_or_secondary_change	1	1	0	0	1	12	13	0	3	13	5	5	0	2	5	observed_term_no_disease_translation
Attribute_value_list	Surface_or_secondary_change	Attributes	Gồ nhẹ			Gồ nhẹ	Surface_or_secondary_change	Gồ nhẹ	Attribute_Characteristics	Surface_or_secondary_change	7	7	0	1	7	23	29	0	11	29	10	12	0	7	12	observed_term_no_disease_translation
Attribute_value_list	Surface_or_secondary_change	Attributes	Gồ vòm			Gồ vòm	Surface_or_secondary_change	Gồ vòm	Attribute_Characteristics	Surface_or_secondary_change	0	0	0	0	0	1	1	0	0	1	0	0	0	0	0	observed_term_no_disease_translation
Attribute_value_list	Surface_or_secondary_change	Attributes	Gờ nhẹ			Gờ nhẹ	Surface_or_secondary_change	Gờ nhẹ	Attribute_Characteristics	Surface_or_secondary_change	0	0	0	0	0	1	1	0	0	1	1	1	0	0	1	observed_term_no_disease_translation
Attribute_value_list	Surface_or_secondary_change	Attributes	Gờ nổi			Gờ nổi	Surface_or_secondary_change	Gờ nổi	Attribute_Characteristics	Surface_or_secondary_change	0	0	0	0	0	1	2	0	0	2	0	1	0	0	1	observed_term_no_disease_translation
Attribute_value_list	Surface_or_secondary_change	Attributes	Gờ viền nhẹ			Gờ viền nhẹ	Surface_or_secondary_change	Gờ viền nhẹ	Attribute_Characteristics	Surface_or_secondary_change	0	0	0	0	0	1	1	0	0	1	1	1	0	0	1	observed_term_no_disease_translation
Attribute_value_list	Surface_or_secondary_change	Attributes	Hoại tử			Hoại tử	Surface_or_secondary_change	Hoại tử || hoại tử	Attribute_Characteristics	Surface_or_secondary_change	4	4	13	16	33	34	38	43	157	232	9	10	14	57	80	observed_term_no_disease_translation
Attribute_value_list	Surface_or_secondary_change	Attributes	Hoại tử khô			Hoại tử khô	Surface_or_secondary_change	Hoại tử khô	Attribute_Characteristics	Surface_or_secondary_change	0	0	0	0	0	1	1	0	1	1	0	0	0	0	0	observed_term_no_disease_translation
Attribute_value_list	Surface_or_secondary_change	Attributes	Hoại tử nông			Hoại tử nông	Surface_or_secondary_change	Hoại tử nông	Attribute_Characteristics	Surface_or_secondary_change	1	1	0	0	1	2	2	0	1	2	0	0	0	0	0	observed_term_no_disease_translation
Attribute_value_list	Surface_or_secondary_change	Attributes	Hoại tử trung tâm			Hoại tử trung tâm	Surface_or_secondary_change	Hoại tử trung tâm	Attribute_Characteristics	Surface_or_secondary_change	2	2	0	0	2	7	7	0	1	7	1	1	0	0	1	observed_term_no_disease_translation
Attribute_value_list	Surface_or_secondary_change	Attributes	Hoại tử vàng			Hoại tử vàng	Surface_or_secondary_change	Hoại tử vàng	Attribute_Characteristics	Surface_or_secondary_change	0	0	0	0	0	3	3	0	1	3	2	2	0	1	2	observed_term_no_disease_translation
Attribute_value_list	Surface_or_secondary_change	Attributes	Hoại tử đen			Hoại tử đen	Surface_or_secondary_change	Hoại tử đen	Attribute_Characteristics	Surface_or_secondary_change	0	0	0	0	0	4	4	0	0	4	3	3	0	0	3	observed_term_no_disease_translation
Attribute_value_list	Surface_or_secondary_change	Attributes	Hình lưới			Hình lưới	Surface_or_secondary_change	Hình lưới	Attribute_Characteristics	Surface_or_secondary_change	0	0	0	0	0	1	1	0	1	1	0	0	0	0	0	observed_term_no_disease_translation
Attribute_value_list	Surface_or_secondary_change	Attributes	Hình sao			Hình sao	Surface_or_secondary_change	Hình sao	Attribute_Characteristics	Surface_or_secondary_change	0	0	0	0	0	1	1	0	1	1	0	0	0	0	0	observed_term_no_disease_translation
Attribute_value_list	Surface_or_secondary_change	Attributes	Hình ảnh thang xám			Hình ảnh thang xám	Surface_or_secondary_change	Hình ảnh thang xám	Attribute_Characteristics	Surface_or_secondary_change	0	0	0	0	0	1	1	0	0	1	0	0	0	0	0	observed_term_no_disease_translation
Attribute_value_list	Surface_or_secondary_change	Attributes	Hơi bóng			Hơi bóng	Surface_or_secondary_change	Hơi bóng	Attribute_Characteristics	Surface_or_secondary_change	0	0	0	0	0	2	2	0	1	2	2	2	0	1	2	observed_term_no_disease_translation
Attribute_value_list	Surface_or_secondary_change	Attributes	Hơi dày			Hơi dày	Surface_or_secondary_change	Hơi dày	Attribute_Characteristics	Surface_or_secondary_change	0	0	0	0	0	1	1	0	0	1	0	0	0	0	0	observed_term_no_disease_translation
Attribute_value_list	Surface_or_secondary_change	Attributes	hơi gồ			hơi gồ	Surface_or_secondary_change	hơi gồ || Hơi gồ	Attribute_Characteristics	Surface_or_secondary_change	3	4	0	0	4	17	19	0	4	19	7	7	0	3	7	observed_term_no_disease_translation
Attribute_value_list	Surface_or_secondary_change	Attributes	Hơi khô			Hơi khô	Surface_or_secondary_change	Hơi khô	Attribute_Characteristics	Surface_or_secondary_change	0	0	0	0	0	1	1	0	0	1	0	0	0	0	0	observed_term_no_disease_translation
Attribute_value_list	Surface_or_secondary_change	Attributes	Hơi lõm			Hơi lõm	Surface_or_secondary_change	Hơi lõm	Attribute_Characteristics	Surface_or_secondary_change	0	0	0	0	0	3	4	0	1	4	2	2	0	1	2	observed_term_no_disease_translation
Attribute_value_list	Surface_or_secondary_change	Attributes	Hơi phù			Hơi phù	Surface_or_secondary_change	Hơi phù	Attribute_Characteristics	Surface_or_secondary_change	0	0	0	0	0	1	1	0	0	1	0	0	0	0	0	observed_term_no_disease_translation
Attribute_value_list	Surface_or_secondary_change	Attributes	Hơi ráp			Hơi ráp	Surface_or_secondary_change	Hơi ráp	Attribute_Characteristics	Surface_or_secondary_change	0	0	0	0	0	1	1	0	1	1	1	1	0	1	1	observed_term_no_disease_translation
Attribute_value_list	Surface_or_secondary_change	Attributes	Hơi sùi			Hơi sùi	Surface_or_secondary_change	Hơi sùi	Attribute_Characteristics	Surface_or_secondary_change	0	0	0	0	0	1	1	0	0	1	0	0	0	0	0	observed_term_no_disease_translation
Attribute_value_list	Surface_or_secondary_change	Attributes	Hơi sần			Hơi sần	Surface_or_secondary_change	Hơi sần	Attribute_Characteristics	Surface_or_secondary_change	0	0	0	0	0	2	2	0	2	2	0	0	0	0	0	observed_term_no_disease_translation
Attribute_value_list	Surface_or_secondary_change	Attributes	Hơi teo			Hơi teo	Surface_or_secondary_change	Hơi teo	Attribute_Characteristics	Surface_or_secondary_change	0	0	0	0	0	1	1	0	0	1	0	0	0	0	0	observed_term_no_disease_translation
Attribute_value_list	Surface_or_secondary_change	Attributes	Hơi vảy			Hơi vảy	Surface_or_secondary_change	Hơi vảy	Attribute_Characteristics	Surface_or_secondary_change	0	0	0	0	0	1	2	0	0	2	0	0	0	0	0	observed_term_no_disease_translation
Attribute_value_list	Surface_or_secondary_change	Attributes	Hơi ẩm			Hơi ẩm	Surface_or_secondary_change	Hơi ẩm	Attribute_Characteristics	Surface_or_secondary_change	0	0	0	0	0	1	1	0	0	1	0	0	0	0	0	observed_term_no_disease_translation
Attribute_value_list	Surface_or_secondary_change	Attributes	Hằn da			Hằn da	Surface_or_secondary_change	Hằn da	Attribute_Characteristics	Surface_or_secondary_change	0	0	0	0	0	8	8	0	1	8	4	4	0	0	4	observed_term_no_disease_translation
Attribute_value_list	Surface_or_secondary_change	Attributes	Hằn da rõ			Hằn da rõ	Surface_or_secondary_change	Hằn da rõ	Attribute_Characteristics	Surface_or_secondary_change	0	0	0	0	0	3	4	0	0	4	0	0	0	0	0	observed_term_no_disease_translation
Attribute_value_list	Surface_or_secondary_change	Attributes	Hằn vân da			Hằn vân da	Surface_or_secondary_change	Hằn vân da	Attribute_Characteristics	Surface_or_secondary_change	0	0	0	0	0	2	2	0	0	2	2	2	0	0	2	observed_term_no_disease_translation
Attribute_value_list	Surface_or_secondary_change	Attributes	Hố lõm nhỏ			Hố lõm nhỏ	Surface_or_secondary_change	Hố lõm nhỏ	Attribute_Characteristics	Surface_or_secondary_change	0	0	0	0	0	1	1	0	1	1	1	1	0	1	1	observed_term_no_disease_translation
Attribute_value_list	Surface_or_secondary_change	Attributes	Hồng ban			Hồng ban	Surface_or_secondary_change	Hồng ban	Attribute_Characteristics	Surface_or_secondary_change	0	0	0	0	0	2	2	0	0	2	2	2	0	0	2	observed_term_no_disease_translation
Attribute_value_list	Surface_or_secondary_change	Attributes	hồng ban nhẹ			hồng ban nhẹ	Surface_or_secondary_change	hồng ban nhẹ	Attribute_Characteristics	Surface_or_secondary_change	0	0	0	0	0	0	1	0	0	1	0	1	0	0	1	observed_term_no_disease_translation
Attribute_value_list	Surface_or_secondary_change	Attributes	Hồng ban quanh tổn thương			Hồng ban quanh tổn thương	Surface_or_secondary_change	Hồng ban quanh tổn thương	Attribute_Characteristics	Surface_or_secondary_change	1	1	0	0	1	0	0	0	0	0	0	0	0	0	0	observed_term_no_disease_translation
Attribute_value_list	Surface_or_secondary_change	Attributes	Hồng ban xung quanh			Hồng ban xung quanh	Surface_or_secondary_change	Hồng ban xung quanh	Attribute_Characteristics	Surface_or_secondary_change	0	0	0	0	0	1	1	0	0	1	1	1	0	0	1	observed_term_no_disease_translation
Attribute_value_list	Surface_or_secondary_change	Attributes	Hợp nhất nhẹ			Hợp nhất nhẹ	Surface_or_secondary_change	Hợp nhất nhẹ	Attribute_Characteristics	Surface_or_secondary_change	0	0	0	0	0	1	1	0	1	1	0	0	0	0	0	observed_term_no_disease_translation
Attribute_value_list	Surface_or_secondary_change	Attributes	Hợp thành mảng			Hợp thành mảng	Surface_or_secondary_change	Hợp thành mảng	Attribute_Characteristics	Surface_or_secondary_change	0	0	0	0	0	1	1	0	1	1	1	1	0	1	1	observed_term_no_disease_translation
Attribute_value_list	Surface_or_secondary_change	Attributes	Khe nứt			Khe nứt	Surface_or_secondary_change	Khe nứt	Attribute_Characteristics	Surface_or_secondary_change	0	0	0	0	0	1	1	0	0	1	1	1	0	0	1	observed_term_no_disease_translation
Attribute_value_list	Surface_or_secondary_change	Attributes	Khe nứt nhỏ			Khe nứt nhỏ	Surface_or_secondary_change	Khe nứt nhỏ	Attribute_Characteristics	Surface_or_secondary_change	0	0	0	0	0	1	1	0	0	1	0	0	0	0	0	observed_term_no_disease_translation
Attribute_value_list	Surface_or_secondary_change	Attributes	Khe tối			Khe tối	Surface_or_secondary_change	Khe tối	Attribute_Characteristics	Surface_or_secondary_change	0	0	0	0	0	1	1	0	0	1	1	1	0	0	1	observed_term_no_disease_translation
Attribute_value_list	Surface_or_secondary_change	Attributes	Khuẩn lạc nhỏ			Khuẩn lạc nhỏ	Surface_or_secondary_change	Khuẩn lạc nhỏ	Attribute_Characteristics	Surface_or_secondary_change	0	0	0	0	0	1	1	0	0	1	0	0	0	0	0	observed_term_no_disease_translation
Attribute_value_list	Surface_or_secondary_change	Attributes	Khía dọc			Khía dọc	Surface_or_secondary_change	Khía dọc	Attribute_Characteristics	Surface_or_secondary_change	0	0	0	0	0	1	1	0	1	1	0	0	0	0	0	observed_term_no_disease_translation
Attribute_value_list	Surface_or_secondary_change	Attributes	Khía ngang			Khía ngang	Surface_or_secondary_change	Khía ngang	Attribute_Characteristics	Surface_or_secondary_change	0	0	0	0	0	1	1	0	0	1	0	0	0	0	0	observed_term_no_disease_translation
Attribute_value_list	Surface_or_secondary_change	Attributes	Khô			Khô	Surface_or_secondary_change	Khô || khô	Attribute_Characteristics	Surface_or_secondary_change	12	13	0	2	13	77	90	0	23	90	20	24	0	4	24	observed_term_no_disease_translation
Attribute_value_list	Surface_or_secondary_change	Attributes	Khô da			Khô da	Surface_or_secondary_change	Khô da || khô da	Attribute_Characteristics	Surface_or_secondary_change	25	28	0	10	28	181	206	0	63	206	58	69	0	19	69	observed_term_no_disease_translation
Attribute_value_list	Surface_or_secondary_change	Attributes	Khô da nhẹ			Khô da nhẹ	Surface_or_secondary_change	Khô da nhẹ	Attribute_Characteristics	Surface_or_secondary_change	0	0	0	0	0	6	6	0	2	6	4	4	0	1	4	observed_term_no_disease_translation
Attribute_value_list	Surface_or_secondary_change	Attributes	Khô môi			Khô môi	Surface_or_secondary_change	Khô môi	Attribute_Characteristics	Surface_or_secondary_change	0	0	0	0	0	6	6	0	0	6	3	3	0	0	3	observed_term_no_disease_translation
Attribute_value_list	Surface_or_secondary_change	Attributes	Khô nhẹ			Khô nhẹ	Surface_or_secondary_change	Khô nhẹ || khô nhẹ	Attribute_Characteristics	Surface_or_secondary_change	5	5	0	1	5	18	22	0	4	22	5	6	0	1	6	observed_term_no_disease_translation
Attribute_value_list	Surface_or_secondary_change	Attributes	Khô nứt			Khô nứt	Surface_or_secondary_change	Khô nứt	Attribute_Characteristics	Surface_or_secondary_change	1	1	0	0	1	1	1	0	0	1	1	1	0	0	1	observed_term_no_disease_translation
Attribute_value_list	Surface_or_secondary_change	Attributes	khô ráp			khô ráp	Surface_or_secondary_change	khô ráp || Khô ráp	Attribute_Characteristics	Surface_or_secondary_change	2	4	0	1	4	23	28	0	9	28	10	10	0	4	10	observed_term_no_disease_translation
Attribute_value_list	Surface_or_secondary_change	Attributes	Khô vảy			Khô vảy	Surface_or_secondary_change	Khô vảy	Attribute_Characteristics	Surface_or_secondary_change	0	0	0	0	0	1	1	0	0	1	1	1	0	0	1	observed_term_no_disease_translation
Attribute_value_list	Surface_or_secondary_change	Attributes	Không vảy			Không vảy	Surface_or_secondary_change	Không vảy	Attribute_Characteristics	Surface_or_secondary_change	1	1	0	1	1	3	4	0	1	4	0	0	0	0	0	observed_term_no_disease_translation
Attribute_value_list	Surface_or_secondary_change	Attributes	không đều			không đều	Surface_or_secondary_change	không đều || Không đều	Attribute_Characteristics	Surface_or_secondary_change	0	0	0	0	0	9	11	0	3	11	3	4	0	1	4	observed_term_no_disease_translation
Attribute_value_list	Surface_or_secondary_change	Attributes	Không đều màu			Không đều màu	Surface_or_secondary_change	Không đều màu	Attribute_Characteristics	Surface_or_secondary_change	0	0	0	0	0	1	1	0	1	1	1	1	0	1	1	observed_term_no_disease_translation
Attribute_value_list	Surface_or_secondary_change	Attributes	Không đồng dạng			Không đồng dạng	Surface_or_secondary_change	Không đồng dạng	Attribute_Characteristics	Surface_or_secondary_change	0	0	0	0	0	2	2	0	1	2	1	1	0	0	1	observed_term_no_disease_translation
Attribute_value_list	Surface_or_secondary_change	Attributes	Không đồng nhất			Không đồng nhất	Surface_or_secondary_change	Không đồng nhất	Attribute_Characteristics	Surface_or_secondary_change	0	0	0	0	0	6	6	0	3	6	2	2	0	2	2	observed_term_no_disease_translation
Attribute_value_list	Surface_or_secondary_change	Attributes	Không đồng đều			Không đồng đều	Surface_or_secondary_change	Không đồng đều || không đồng đều	Attribute_Characteristics	Surface_or_secondary_change	0	0	0	0	0	2	4	0	1	4	1	2	0	1	2	observed_term_no_disease_translation
Attribute_value_list	Surface_or_secondary_change	Attributes	Kích thước khác nhau			Kích thước khác nhau	Surface_or_secondary_change	Kích thước khác nhau	Attribute_Characteristics	Surface_or_secondary_change	0	0	0	0	0	1	1	0	0	1	0	0	0	0	0	observed_term_no_disease_translation
Attribute_value_list	Surface_or_secondary_change	Attributes	Kích thước không đều			Kích thước không đều	Surface_or_secondary_change	Kích thước không đều	Attribute_Characteristics	Surface_or_secondary_change	1	1	0	0	1	13	14	0	6	14	3	4	0	1	4	observed_term_no_disease_translation
Attribute_value_list	Surface_or_secondary_change	Attributes	Kích thước lớn			Kích thước lớn	Surface_or_secondary_change	Kích thước lớn	Attribute_Characteristics	Surface_or_secondary_change	0	0	0	0	0	0	2	0	0	2	0	1	0	0	1	observed_term_no_disease_translation
Attribute_value_list	Surface_or_secondary_change	Attributes	Kích thước nhỏ			Kích thước nhỏ	Surface_or_secondary_change	Kích thước nhỏ	Attribute_Characteristics	Surface_or_secondary_change	5	5	0	1	5	25	28	0	8	28	9	9	0	4	9	observed_term_no_disease_translation
Attribute_value_list	Surface_or_secondary_change	Attributes	Kích thước đa dạng			Kích thước đa dạng	Surface_or_secondary_change	Kích thước đa dạng	Attribute_Characteristics	Surface_or_secondary_change	0	0	0	0	0	2	2	0	0	2	1	1	0	0	1	observed_term_no_disease_translation
Attribute_value_list	Surface_or_secondary_change	Attributes	Kích thước đều			Kích thước đều	Surface_or_secondary_change	Kích thước đều	Attribute_Characteristics	Surface_or_secondary_change	0	0	0	0	0	1	1	0	0	1	0	0	0	0	0	observed_term_no_disease_translation
Attribute_value_list	Surface_or_secondary_change	Attributes	Li ti			Li ti	Surface_or_secondary_change	Li ti	Attribute_Characteristics	Surface_or_secondary_change	0	0	0	0	0	1	1	0	1	1	1	1	0	1	1	observed_term_no_disease_translation
Attribute_value_list	Surface_or_secondary_change	Attributes	lichen hóa			lichen hóa	Surface_or_secondary_change	lichen hóa || Lichen hóa	Attribute_Characteristics	Surface_or_secondary_change	0	1	0	0	1	12	12	0	7	12	3	3	0	3	3	observed_term_no_disease_translation
Attribute_value_list	Surface_or_secondary_change	Attributes	Lichen hóa nhẹ			Lichen hóa nhẹ	Surface_or_secondary_change	Lichen hóa nhẹ	Attribute_Characteristics	Surface_or_secondary_change	2	2	0	0	2	3	3	0	1	3	0	0	0	0	0	observed_term_no_disease_translation
Attribute_value_list	Surface_or_secondary_change	Attributes	Liên kết mảng			Liên kết mảng	Surface_or_secondary_change	Liên kết mảng	Attribute_Characteristics	Surface_or_secondary_change	0	0	0	0	0	1	1	0	0	1	0	0	0	0	0	observed_term_no_disease_translation
Attribute_value_list	Surface_or_secondary_change	Attributes	Liên kết thành mảng			Liên kết thành mảng	Surface_or_secondary_change	Liên kết thành mảng	Attribute_Characteristics	Surface_or_secondary_change	0	0	0	0	0	1	1	0	0	1	0	0	0	0	0	observed_term_no_disease_translation
Attribute_value_list	Surface_or_secondary_change	Attributes	Loang lổ			Loang lổ	Surface_or_secondary_change	Loang lổ || loang lổ	Attribute_Characteristics	Surface_or_secondary_change	3	3	0	1	3	36	41	0	12	41	13	16	0	4	16	observed_term_no_disease_translation
Attribute_value_list	Surface_or_secondary_change	Attributes	Loang màu			Loang màu	Surface_or_secondary_change	Loang màu	Attribute_Characteristics	Surface_or_secondary_change	1	1	0	1	1	4	4	0	0	4	1	1	0	0	1	observed_term_no_disease_translation
Attribute_value_list	Surface_or_secondary_change	Attributes	Loang đỏ			Loang đỏ	Surface_or_secondary_change	Loang đỏ	Attribute_Characteristics	Surface_or_secondary_change	0	0	0	0	0	1	1	0	1	1	0	0	0	0	0	observed_term_no_disease_translation
Attribute_value_list	Surface_or_secondary_change	Attributes	loét			loét	Surface_or_secondary_change	loét || Loét	Attribute_Characteristics	Surface_or_secondary_change	3	3	4	17	23	16	21	55	138	208	5	7	16	53	76	observed_term_no_disease_translation
Attribute_value_list	Surface_or_secondary_change	Attributes	Loét giữa			Loét giữa	Surface_or_secondary_change	Loét giữa	Attribute_Characteristics	Surface_or_secondary_change	1	1	0	0	1	0	0	0	0	0	0	0	0	0	0	observed_term_no_disease_translation
Attribute_value_list	Surface_or_secondary_change	Attributes	Loét nhẹ			Loét nhẹ	Surface_or_secondary_change	Loét nhẹ	Attribute_Characteristics	Surface_or_secondary_change	0	0	0	0	0	1	1	0	0	1	0	0	0	0	0	observed_term_no_disease_translation
Attribute_value_list	Surface_or_secondary_change	Attributes	Loét nhỏ			Loét nhỏ	Surface_or_secondary_change	Loét nhỏ	Attribute_Characteristics	Surface_or_secondary_change	0	0	0	0	0	0	1	0	0	1	0	0	0	0	0	observed_term_no_disease_translation
Attribute_value_list	Surface_or_secondary_change	Attributes	Loét nông			Loét nông	Surface_or_secondary_change	Loét nông	Attribute_Characteristics	Surface_or_secondary_change	3	3	0	2	3	12	14	0	2	14	6	6	0	1	6	observed_term_no_disease_translation
Attribute_value_list	Surface_or_secondary_change	Attributes	Loét trung tâm			Loét trung tâm	Surface_or_secondary_change	Loét trung tâm	Attribute_Characteristics	Surface_or_secondary_change	1	1	0	0	1	6	6	0	4	6	2	2	0	1	2	observed_term_no_disease_translation
Attribute_value_list	Surface_or_secondary_change	Attributes	Loét trợt			Loét trợt	Surface_or_secondary_change	Loét trợt || loét trợt	Attribute_Characteristics	Surface_or_secondary_change	2	3	0	0	3	2	4	0	0	4	1	1	0	0	1	observed_term_no_disease_translation
Attribute_value_list	Surface_or_secondary_change	Attributes	Loạn dưỡng			Loạn dưỡng	Surface_or_secondary_change	Loạn dưỡng	Attribute_Characteristics	Surface_or_secondary_change	0	0	0	0	0	2	2	0	1	2	1	1	0	1	1	observed_term_no_disease_translation
Attribute_value_list	Surface_or_secondary_change	Attributes	Ly móng xa			Ly móng xa	Surface_or_secondary_change	Ly móng xa	Attribute_Characteristics	Surface_or_secondary_change	1	1	0	1	1	0	0	0	0	0	0	0	0	0	0	observed_term_no_disease_translation
Attribute_value_list	Surface_or_secondary_change	Attributes	Ly tâm			Ly tâm	Surface_or_secondary_change	Ly tâm	Attribute_Characteristics	Surface_or_secondary_change	0	0	0	0	0	1	1	0	0	1	0	0	0	0	0	observed_term_no_disease_translation
Attribute_value_list	Surface_or_secondary_change	Attributes	Láng			Láng	Surface_or_secondary_change	Láng	Attribute_Characteristics	Surface_or_secondary_change	0	0	0	0	0	1	1	0	1	1	1	1	0	1	1	observed_term_no_disease_translation
Attribute_value_list	Surface_or_secondary_change	Attributes	Láng bóng			Láng bóng	Surface_or_secondary_change	Láng bóng	Attribute_Characteristics	Surface_or_secondary_change	0	0	0	0	0	2	3	0	1	3	0	0	0	0	0	observed_term_no_disease_translation
Attribute_value_list	Surface_or_secondary_change	Attributes	Lõm			Lõm	Surface_or_secondary_change	Lõm	Attribute_Characteristics	Surface_or_secondary_change	1	1	0	1	1	10	10	0	2	10	3	3	0	0	3	observed_term_no_disease_translation
Attribute_value_list	Surface_or_secondary_change	Attributes	Lõm da			Lõm da	Surface_or_secondary_change	Lõm da	Attribute_Characteristics	Surface_or_secondary_change	0	0	0	0	0	6	6	0	2	6	2	2	0	0	2	observed_term_no_disease_translation
Attribute_value_list	Surface_or_secondary_change	Attributes	Lõm giữa			Lõm giữa	Surface_or_secondary_change	Lõm giữa || lõm giữa	Attribute_Characteristics	Surface_or_secondary_change	5	6	4	15	24	31	37	53	137	216	13	15	9	54	74	observed_term_no_disease_translation
Attribute_value_list	Surface_or_secondary_change	Attributes	Lõm giữa nhẹ			Lõm giữa nhẹ	Surface_or_secondary_change	Lõm giữa nhẹ	Attribute_Characteristics	Surface_or_secondary_change	1	1	0	1	1	0	0	0	0	0	0	0	0	0	0	observed_term_no_disease_translation
Attribute_value_list	Surface_or_secondary_change	Attributes	Lõm lỗ			Lõm lỗ	Surface_or_secondary_change	Lõm lỗ	Attribute_Characteristics	Surface_or_secondary_change	0	0	0	0	0	1	1	0	0	1	0	0	0	0	0	observed_term_no_disease_translation
Attribute_value_list	Surface_or_secondary_change	Attributes	Lõm nhẹ			Lõm nhẹ	Surface_or_secondary_change	Lõm nhẹ || lõm nhẹ	Attribute_Characteristics	Surface_or_secondary_change	1	2	0	0	2	13	14	0	1	14	6	6	0	1	6	observed_term_no_disease_translation
Attribute_value_list	Surface_or_secondary_change	Attributes	Lõm nông			Lõm nông	Surface_or_secondary_change	Lõm nông	Attribute_Characteristics	Surface_or_secondary_change	2	2	0	0	2	5	5	0	2	5	1	1	0	1	1	observed_term_no_disease_translation
Attribute_value_list	Surface_or_secondary_change	Attributes	Lõm rốn			Lõm rốn	Surface_or_secondary_change	Lõm rốn	Attribute_Characteristics	Surface_or_secondary_change	0	0	0	0	0	4	6	0	0	6	2	2	0	0	2	observed_term_no_disease_translation
Attribute_value_list	Surface_or_secondary_change	Attributes	Lõm rốn giữa			Lõm rốn giữa	Surface_or_secondary_change	Lõm rốn giữa	Attribute_Characteristics	Surface_or_secondary_change	0	0	0	0	0	2	2	0	0	2	2	2	0	0	2	observed_term_no_disease_translation
Attribute_value_list	Surface_or_secondary_change	Attributes	Lõm rốn trung tâm			Lõm rốn trung tâm	Surface_or_secondary_change	Lõm rốn trung tâm	Attribute_Characteristics	Surface_or_secondary_change	0	0	0	0	0	1	1	0	0	1	0	0	0	0	0	observed_term_no_disease_translation
Attribute_value_list	Surface_or_secondary_change	Attributes	Lõm sẹo			Lõm sẹo	Surface_or_secondary_change	Lõm sẹo || lõm sẹo	Attribute_Characteristics	Surface_or_secondary_change	0	0	0	0	0	1	2	0	1	2	0	0	0	0	0	observed_term_no_disease_translation
Attribute_value_list	Surface_or_secondary_change	Attributes	Lõm sừng			Lõm sừng	Surface_or_secondary_change	Lõm sừng	Attribute_Characteristics	Surface_or_secondary_change	0	0	0	0	0	1	1	0	0	1	1	1	0	0	1	observed_term_no_disease_translation
Attribute_value_list	Surface_or_secondary_change	Attributes	Lõm trung tâm			Lõm trung tâm	Surface_or_secondary_change	Lõm trung tâm	Attribute_Characteristics	Surface_or_secondary_change	5	5	0	2	5	42	47	0	14	47	16	17	0	5	17	observed_term_no_disease_translation
Attribute_value_list	Surface_or_secondary_change	Attributes	Lấm tấm			Lấm tấm	Surface_or_secondary_change	Lấm tấm	Attribute_Characteristics	Surface_or_secondary_change	0	0	0	0	0	1	1	0	0	1	0	0	0	0	0	observed_term_no_disease_translation
Attribute_value_list	Surface_or_secondary_change	Attributes	Lằn da rõ			Lằn da rõ	Surface_or_secondary_change	Lằn da rõ	Attribute_Characteristics	Surface_or_secondary_change	0	0	0	0	0	2	2	0	0	2	0	0	0	0	0	observed_term_no_disease_translation
Attribute_value_list	Surface_or_secondary_change	Attributes	Lốm đốm			Lốm đốm	Surface_or_secondary_change	Lốm đốm	Attribute_Characteristics	Surface_or_secondary_change	1	1	0	0	1	16	16	0	7	16	9	9	0	4	9	observed_term_no_disease_translation
Attribute_value_list	Surface_or_secondary_change	Attributes	Lốm đốm sắc tố			Lốm đốm sắc tố	Surface_or_secondary_change	Lốm đốm sắc tố	Attribute_Characteristics	Surface_or_secondary_change	0	0	0	0	0	2	2	0	0	2	0	0	0	0	0	observed_term_no_disease_translation
Attribute_value_list	Surface_or_secondary_change	Attributes	Lồi mềm			Lồi mềm	Surface_or_secondary_change	Lồi mềm	Attribute_Characteristics	Surface_or_secondary_change	0	0	0	0	0	1	1	0	0	1	0	0	0	0	0	observed_term_no_disease_translation
Attribute_value_list	Surface_or_secondary_change	Attributes	Lỗ dò nhỏ			Lỗ dò nhỏ	Surface_or_secondary_change	Lỗ dò nhỏ	Attribute_Characteristics	Surface_or_secondary_change	0	0	0	0	0	1	1	0	0	1	1	1	0	0	1	observed_term_no_disease_translation
Attribute_value_list	Surface_or_secondary_change	Attributes	Lỗ giãn			Lỗ giãn	Surface_or_secondary_change	Lỗ giãn	Attribute_Characteristics	Surface_or_secondary_change	1	1	0	0	1	0	1	0	0	1	0	0	0	0	0	observed_term_no_disease_translation
Attribute_value_list	Surface_or_secondary_change	Attributes	Lỗ mở			Lỗ mở	Surface_or_secondary_change	Lỗ mở	Attribute_Characteristics	Surface_or_secondary_change	0	0	0	0	0	1	1	0	0	1	0	0	0	0	0	observed_term_no_disease_translation
Attribute_value_list	Surface_or_secondary_change	Attributes	Lỗ nhỏ			Lỗ nhỏ	Surface_or_secondary_change	Lỗ nhỏ	Attribute_Characteristics	Surface_or_secondary_change	0	0	0	0	0	1	1	0	1	1	0	0	0	0	0	observed_term_no_disease_translation
Attribute_value_list	Surface_or_secondary_change	Attributes	Lỗ to			Lỗ to	Surface_or_secondary_change	Lỗ to	Attribute_Characteristics	Surface_or_secondary_change	0	0	0	0	0	0	1	0	0	1	0	0	0	0	0	observed_term_no_disease_translation
Attribute_value_list	Surface_or_secondary_change	Attributes	Lỗ trung tâm			Lỗ trung tâm	Surface_or_secondary_change	Lỗ trung tâm	Attribute_Characteristics	Surface_or_secondary_change	0	0	0	0	0	1	1	0	0	1	0	0	0	0	0	observed_term_no_disease_translation
Attribute_value_list	Surface_or_secondary_change	Attributes	Lỗ tuyến giãn			Lỗ tuyến giãn	Surface_or_secondary_change	Lỗ tuyến giãn	Attribute_Characteristics	Surface_or_secondary_change	0	0	0	0	0	1	1	0	0	1	0	0	0	0	0	observed_term_no_disease_translation
Attribute_value_list	Surface_or_secondary_change	Attributes	Lỗ đen			Lỗ đen	Surface_or_secondary_change	Lỗ đen	Attribute_Characteristics	Surface_or_secondary_change	0	0	0	0	0	1	1	0	0	1	0	0	0	0	0	observed_term_no_disease_translation
Attribute_value_list	Surface_or_secondary_change	Attributes	Lộ da đầu			Lộ da đầu	Surface_or_secondary_change	Lộ da đầu	Attribute_Characteristics	Surface_or_secondary_change	0	0	0	0	0	1	1	0	1	1	0	0	0	0	0	observed_term_no_disease_translation
Attribute_value_list	Surface_or_secondary_change	Attributes	Lớn			Lớn	Surface_or_secondary_change	Lớn	Attribute_Characteristics	Surface_or_secondary_change	0	0	0	0	0	4	6	0	0	6	2	2	0	0	2	observed_term_no_disease_translation
Attribute_value_list	Surface_or_secondary_change	Attributes	Lớp phủ dày			Lớp phủ dày	Surface_or_secondary_change	Lớp phủ dày	Attribute_Characteristics	Surface_or_secondary_change	0	0	0	0	0	0	1	0	0	1	0	1	0	0	1	observed_term_no_disease_translation
Attribute_value_list	Surface_or_secondary_change	Attributes	Lớp phủ trắng			Lớp phủ trắng	Surface_or_secondary_change	Lớp phủ trắng	Attribute_Characteristics	Surface_or_secondary_change	0	0	0	0	0	2	2	0	1	2	2	2	0	1	2	observed_term_no_disease_translation
Attribute_value_list	Surface_or_secondary_change	Attributes	Lợi phù nề			Lợi phù nề	Surface_or_secondary_change	Lợi phù nề	Attribute_Characteristics	Surface_or_secondary_change	0	0	0	0	0	1	1	0	0	1	0	0	0	0	0	observed_term_no_disease_translation
Attribute_value_list	Surface_or_secondary_change	Attributes	Macer hóa			Macer hóa	Surface_or_secondary_change	Macer hóa	Attribute_Characteristics	Surface_or_secondary_change	0	0	0	0	0	2	2	0	1	2	0	0	0	0	0	observed_term_no_disease_translation
Attribute_value_list	Surface_or_secondary_change	Attributes	Minh họa			Minh họa	Surface_or_secondary_change	Minh họa	Attribute_Characteristics	Surface_or_secondary_change	0	0	0	0	0	1	1	0	1	1	0	0	0	0	0	observed_term_no_disease_translation
Attribute_value_list	Surface_or_secondary_change	Attributes	Miệng nhỏ			Miệng nhỏ	Surface_or_secondary_change	Miệng nhỏ	Attribute_Characteristics	Surface_or_secondary_change	0	0	0	0	0	1	1	0	1	1	0	0	0	0	0	observed_term_no_disease_translation
Attribute_value_list	Surface_or_secondary_change	Attributes	Màu không đồng nhất			Màu không đồng nhất	Surface_or_secondary_change	Màu không đồng nhất	Attribute_Characteristics	Surface_or_secondary_change	1	1	0	0	1	2	2	0	1	2	0	0	0	0	0	observed_term_no_disease_translation
Attribute_value_list	Surface_or_secondary_change	Attributes	Màu loang lổ			Màu loang lổ	Surface_or_secondary_change	Màu loang lổ	Attribute_Characteristics	Surface_or_secondary_change	0	0	0	0	0	1	1	0	0	1	1	1	0	0	1	observed_term_no_disease_translation
Attribute_value_list	Surface_or_secondary_change	Attributes	Mày dày			Mày dày	Surface_or_secondary_change	Mày dày	Attribute_Characteristics	Surface_or_secondary_change	0	0	0	0	0	1	1	0	0	1	0	0	0	0	0	observed_term_no_disease_translation
Attribute_value_list	Surface_or_secondary_change	Attributes	Mày tiết dày			Mày tiết dày	Surface_or_secondary_change	Mày tiết dày	Attribute_Characteristics	Surface_or_secondary_change	0	0	0	0	0	1	1	0	0	1	0	0	0	0	0	observed_term_no_disease_translation
Attribute_value_list	Surface_or_secondary_change	Attributes	Mái bọng mỏng			Mái bọng mỏng	Surface_or_secondary_change	Mái bọng mỏng	Attribute_Characteristics	Surface_or_secondary_change	1	1	0	0	1	0	0	0	0	0	0	0	0	0	0	observed_term_no_disease_translation
Attribute_value_list	Surface_or_secondary_change	Attributes	máu khô			máu khô	Surface_or_secondary_change	máu khô	Attribute_Characteristics	Surface_or_secondary_change	0	0	0	0	0	0	1	0	0	1	0	1	0	0	1	observed_term_no_disease_translation
Attribute_value_list	Surface_or_secondary_change	Attributes	Móng biến dạng			Móng biến dạng	Surface_or_secondary_change	Móng biến dạng	Attribute_Characteristics	Surface_or_secondary_change	0	0	0	0	0	2	2	0	1	2	0	0	0	0	0	observed_term_no_disease_translation
Attribute_value_list	Surface_or_secondary_change	Attributes	Móng cong			Móng cong	Surface_or_secondary_change	Móng cong	Attribute_Characteristics	Surface_or_secondary_change	0	0	0	0	0	2	2	0	0	2	1	1	0	0	1	observed_term_no_disease_translation
Attribute_value_list	Surface_or_secondary_change	Attributes	Móng còn nguyên			Móng còn nguyên	Surface_or_secondary_change	Móng còn nguyên	Attribute_Characteristics	Surface_or_secondary_change	0	0	0	0	0	0	1	0	0	1	0	0	0	0	0	observed_term_no_disease_translation
Attribute_value_list	Surface_or_secondary_change	Attributes	Móng dày			Móng dày	Surface_or_secondary_change	Móng dày	Attribute_Characteristics	Surface_or_secondary_change	0	0	0	0	0	1	1	0	0	1	1	1	0	0	1	observed_term_no_disease_translation
Attribute_value_list	Surface_or_secondary_change	Attributes	Móng giòn			Móng giòn	Surface_or_secondary_change	Móng giòn	Attribute_Characteristics	Surface_or_secondary_change	0	0	0	0	0	3	6	0	1	6	1	2	0	0	2	observed_term_no_disease_translation
Attribute_value_list	Surface_or_secondary_change	Attributes	Móng gợn sóng			Móng gợn sóng	Surface_or_secondary_change	Móng gợn sóng	Attribute_Characteristics	Surface_or_secondary_change	0	0	0	0	0	1	1	0	0	1	0	0	0	0	0	observed_term_no_disease_translation
Attribute_value_list	Surface_or_secondary_change	Attributes	Móng mỏng			Móng mỏng	Surface_or_secondary_change	Móng mỏng	Attribute_Characteristics	Surface_or_secondary_change	0	0	0	0	0	1	1	0	1	1	0	0	0	0	0	observed_term_no_disease_translation
Attribute_value_list	Surface_or_secondary_change	Attributes	Móng mờ			Móng mờ	Surface_or_secondary_change	Móng mờ	Attribute_Characteristics	Surface_or_secondary_change	0	0	0	0	0	1	1	0	0	1	1	1	0	0	1	observed_term_no_disease_translation
Attribute_value_list	Surface_or_secondary_change	Attributes	Móng nham nhở			Móng nham nhở	Surface_or_secondary_change	Móng nham nhở	Attribute_Characteristics	Surface_or_secondary_change	0	0	0	0	0	1	1	0	0	1	0	0	0	0	0	observed_term_no_disease_translation
Attribute_value_list	Surface_or_secondary_change	Attributes	Móng quặp			Móng quặp	Surface_or_secondary_change	Móng quặp	Attribute_Characteristics	Surface_or_secondary_change	0	0	0	0	0	1	2	0	1	2	1	2	0	1	2	observed_term_no_disease_translation
Attribute_value_list	Surface_or_secondary_change	Attributes	Móng sần			Móng sần	Surface_or_secondary_change	Móng sần	Attribute_Characteristics	Surface_or_secondary_change	0	0	0	0	0	1	1	0	0	1	0	0	0	0	0	observed_term_no_disease_translation
Attribute_value_list	Surface_or_secondary_change	Attributes	Móng tách nền			Móng tách nền	Surface_or_secondary_change	Móng tách nền	Attribute_Characteristics	Surface_or_secondary_change	0	0	0	0	0	0	1	0	0	1	0	1	0	0	1	observed_term_no_disease_translation
Attribute_value_list	Surface_or_secondary_change	Attributes	Móng vàng			Móng vàng	Surface_or_secondary_change	Móng vàng	Attribute_Characteristics	Surface_or_secondary_change	0	0	0	0	0	2	2	0	0	2	1	1	0	0	1	observed_term_no_disease_translation
Attribute_value_list	Surface_or_secondary_change	Attributes	Móng vàng nhạt			Móng vàng nhạt	Surface_or_secondary_change	Móng vàng nhạt	Attribute_Characteristics	Surface_or_secondary_change	0	0	0	0	0	0	1	0	0	1	0	0	0	0	0	observed_term_no_disease_translation
Attribute_value_list	Surface_or_secondary_change	Attributes	Móng vụn			Móng vụn	Surface_or_secondary_change	Móng vụn	Attribute_Characteristics	Surface_or_secondary_change	0	0	0	0	0	2	2	0	2	2	1	1	0	1	1	observed_term_no_disease_translation
Attribute_value_list	Surface_or_secondary_change	Attributes	Móng xù xì			Móng xù xì	Surface_or_secondary_change	Móng xù xì	Attribute_Characteristics	Surface_or_secondary_change	0	0	0	0	0	1	1	0	1	1	0	0	0	0	0	observed_term_no_disease_translation
Attribute_value_list	Surface_or_secondary_change	Attributes	Móng xỉn màu			Móng xỉn màu	Surface_or_secondary_change	Móng xỉn màu	Attribute_Characteristics	Surface_or_secondary_change	0	0	0	0	0	1	1	0	0	1	1	1	0	0	1	observed_term_no_disease_translation
Attribute_value_list	Surface_or_secondary_change	Attributes	Móng đổi màu			Móng đổi màu	Surface_or_secondary_change	Móng đổi màu	Attribute_Characteristics	Surface_or_secondary_change	3	3	0	0	3	3	3	0	0	3	2	2	0	0	2	observed_term_no_disease_translation
Attribute_value_list	Surface_or_secondary_change	Attributes	Móng đục			Móng đục	Surface_or_secondary_change	Móng đục	Attribute_Characteristics	Surface_or_secondary_change	0	0	0	0	0	1	1	0	1	1	1	1	0	1	1	observed_term_no_disease_translation
Attribute_value_list	Surface_or_secondary_change	Attributes	Mô hoại tử			Mô hoại tử	Surface_or_secondary_change	Mô hoại tử	Attribute_Characteristics	Surface_or_secondary_change	1	1	0	1	1	7	7	0	0	7	4	4	0	0	4	observed_term_no_disease_translation
Attribute_value_list	Surface_or_secondary_change	Attributes	Mô hạt			Mô hạt	Surface_or_secondary_change	Mô hạt	Attribute_Characteristics	Surface_or_secondary_change	2	2	0	0	2	5	9	0	0	9	3	6	0	0	6	observed_term_no_disease_translation
Attribute_value_list	Surface_or_secondary_change	Attributes	Mô hạt đỏ			Mô hạt đỏ	Surface_or_secondary_change	Mô hạt đỏ	Attribute_Characteristics	Surface_or_secondary_change	0	0	0	0	0	0	1	0	0	1	0	0	0	0	0	observed_term_no_disease_translation
Attribute_value_list	Surface_or_secondary_change	Attributes	Mũi phì đại			Mũi phì đại	Surface_or_secondary_change	Mũi phì đại	Attribute_Characteristics	Surface_or_secondary_change	0	0	0	0	0	1	1	0	0	1	1	1	0	0	1	observed_term_no_disease_translation
Attribute_value_list	Surface_or_secondary_change	Attributes	Mạch máu			Mạch máu	Surface_or_secondary_change	Mạch máu	Attribute_Characteristics	Surface_or_secondary_change	0	0	0	0	0	1	2	0	0	2	0	0	0	0	0	observed_term_no_disease_translation
Attribute_value_list	Surface_or_secondary_change	Attributes	Mạch máu giãn			Mạch máu giãn	Surface_or_secondary_change	Mạch máu giãn	Attribute_Characteristics	Surface_or_secondary_change	0	0	0	0	0	2	2	0	0	2	1	1	0	0	1	observed_term_no_disease_translation
Attribute_value_list	Surface_or_secondary_change	Attributes	Mạch máu mờ			Mạch máu mờ	Surface_or_secondary_change	Mạch máu mờ	Attribute_Characteristics	Surface_or_secondary_change	0	0	0	0	0	1	1	0	0	1	0	0	0	0	0	observed_term_no_disease_translation
Attribute_value_list	Surface_or_secondary_change	Attributes	Mạch máu nhỏ			Mạch máu nhỏ	Surface_or_secondary_change	Mạch máu nhỏ	Attribute_Characteristics	Surface_or_secondary_change	0	0	0	0	0	7	7	0	1	7	4	4	0	1	4	observed_term_no_disease_translation
Attribute_value_list	Surface_or_secondary_change	Attributes	Mạch máu nông			Mạch máu nông	Surface_or_secondary_change	Mạch máu nông	Attribute_Characteristics	Surface_or_secondary_change	0	0	0	0	0	5	6	0	2	6	2	2	0	0	2	observed_term_no_disease_translation
Attribute_value_list	Surface_or_secondary_change	Attributes	Mạch máu rõ			Mạch máu rõ	Surface_or_secondary_change	Mạch máu rõ	Attribute_Characteristics	Surface_or_secondary_change	0	0	0	0	0	1	1	0	1	1	0	0	0	0	0	observed_term_no_disease_translation
Attribute_value_list	Surface_or_secondary_change	Attributes	Mảng bám			Mảng bám	Surface_or_secondary_change	Mảng bám	Attribute_Characteristics	Surface_or_secondary_change	0	0	0	0	0	6	6	0	4	6	1	1	0	1	1	observed_term_no_disease_translation
Attribute_value_list	Surface_or_secondary_change	Attributes	Mảng bám dày			Mảng bám dày	Surface_or_secondary_change	Mảng bám dày	Attribute_Characteristics	Surface_or_secondary_change	0	0	0	0	0	1	1	0	0	1	0	0	0	0	0	observed_term_no_disease_translation
Attribute_value_list	Surface_or_secondary_change	Attributes	Mảng bám trắng			Mảng bám trắng	Surface_or_secondary_change	Mảng bám trắng	Attribute_Characteristics	Surface_or_secondary_change	1	1	0	1	1	1	1	0	1	1	0	0	0	0	0	observed_term_no_disease_translation
Attribute_value_list	Surface_or_secondary_change	Attributes	Mảng bám vụn			Mảng bám vụn	Surface_or_secondary_change	Mảng bám vụn	Attribute_Characteristics	Surface_or_secondary_change	0	0	0	0	0	1	1	0	0	1	0	0	0	0	0	observed_term_no_disease_translation
Attribute_value_list	Surface_or_secondary_change	Attributes	Mảng bầm			Mảng bầm	Surface_or_secondary_change	Mảng bầm	Attribute_Characteristics	Surface_or_secondary_change	0	0	0	0	0	1	1	0	1	1	0	0	0	0	0	observed_term_no_disease_translation
Attribute_value_list	Surface_or_secondary_change	Attributes	Mảng bầm máu			Mảng bầm máu	Surface_or_secondary_change	Mảng bầm máu	Attribute_Characteristics	Surface_or_secondary_change	0	0	0	0	0	1	1	0	0	1	0	0	0	0	0	observed_term_no_disease_translation
Attribute_value_list	Surface_or_secondary_change	Attributes	Mảng giả mạc			Mảng giả mạc	Surface_or_secondary_change	Mảng giả mạc	Attribute_Characteristics	Surface_or_secondary_change	0	0	0	0	0	1	1	0	0	1	0	0	0	0	0	observed_term_no_disease_translation
Attribute_value_list	Surface_or_secondary_change	Attributes	Mảng phấn trắng			Mảng phấn trắng	Surface_or_secondary_change	Mảng phấn trắng	Attribute_Characteristics	Surface_or_secondary_change	0	0	0	0	0	1	1	0	0	1	0	0	0	0	0	observed_term_no_disease_translation
Attribute_value_list	Surface_or_secondary_change	Attributes	Mảng phủ trắng			Mảng phủ trắng	Surface_or_secondary_change	Mảng phủ trắng	Attribute_Characteristics	Surface_or_secondary_change	0	0	0	0	0	1	1	0	0	1	0	0	0	0	0	observed_term_no_disease_translation
Attribute_value_list	Surface_or_secondary_change	Attributes	Mảng rộng			Mảng rộng	Surface_or_secondary_change	Mảng rộng	Attribute_Characteristics	Surface_or_secondary_change	0	0	0	0	0	1	1	0	0	1	0	0	0	0	0	observed_term_no_disease_translation
Attribute_value_list	Surface_or_secondary_change	Attributes	Mảng trắng mỏng			Mảng trắng mỏng	Surface_or_secondary_change	Mảng trắng mỏng	Attribute_Characteristics	Surface_or_secondary_change	0	0	0	0	0	1	1	0	0	1	1	1	0	0	1	observed_term_no_disease_translation
Attribute_value_list	Surface_or_secondary_change	Attributes	Mảnh			Mảnh	Surface_or_secondary_change	Mảnh	Attribute_Characteristics	Surface_or_secondary_change	0	0	0	0	0	1	1	0	0	1	1	1	0	0	1	observed_term_no_disease_translation
Attribute_value_list	Surface_or_secondary_change	Attributes	Mảnh vụn			Mảnh vụn	Surface_or_secondary_change	Mảnh vụn	Attribute_Characteristics	Surface_or_secondary_change	0	0	0	0	0	2	3	0	0	3	0	0	0	0	0	observed_term_no_disease_translation
Attribute_value_list	Surface_or_secondary_change	Attributes	Mảnh vụn dưới móng			Mảnh vụn dưới móng	Surface_or_secondary_change	Mảnh vụn dưới móng	Attribute_Characteristics	Surface_or_secondary_change	0	0	0	0	0	2	2	0	2	2	1	1	0	1	1	observed_term_no_disease_translation
Attribute_value_list	Surface_or_secondary_change	Attributes	Mảnh vụn sừng			Mảnh vụn sừng	Surface_or_secondary_change	Mảnh vụn sừng	Attribute_Characteristics	Surface_or_secondary_change	0	0	0	0	0	1	1	0	0	1	1	1	0	0	1	observed_term_no_disease_translation
Attribute_value_list	Surface_or_secondary_change	Attributes	Mất biểu bì			Mất biểu bì	Surface_or_secondary_change	Mất biểu bì	Attribute_Characteristics	Surface_or_secondary_change	0	0	0	0	0	4	4	0	1	4	2	2	0	0	2	observed_term_no_disease_translation
Attribute_value_list	Surface_or_secondary_change	Attributes	Mất bóng móng			Mất bóng móng	Surface_or_secondary_change	Mất bóng móng	Attribute_Characteristics	Surface_or_secondary_change	0	0	0	0	0	1	2	0	0	2	0	0	0	0	0	observed_term_no_disease_translation
Attribute_value_list	Surface_or_secondary_change	Attributes	Mất da			Mất da	Surface_or_secondary_change	Mất da	Attribute_Characteristics	Surface_or_secondary_change	0	0	0	0	0	1	1	0	1	1	1	1	0	1	1	observed_term_no_disease_translation
Attribute_value_list	Surface_or_secondary_change	Attributes	Mất gai lưỡi			Mất gai lưỡi	Surface_or_secondary_change	Mất gai lưỡi	Attribute_Characteristics	Surface_or_secondary_change	1	1	0	1	1	2	2	0	1	2	2	2	0	1	2	observed_term_no_disease_translation
Attribute_value_list	Surface_or_secondary_change	Attributes	Mất góc móng			Mất góc móng	Surface_or_secondary_change	Mất góc móng	Attribute_Characteristics	Surface_or_secondary_change	0	0	0	0	0	1	1	0	0	1	1	1	0	0	1	observed_term_no_disease_translation
Attribute_value_list	Surface_or_secondary_change	Attributes	Mất lớp biểu bì			Mất lớp biểu bì	Surface_or_secondary_change	Mất lớp biểu bì	Attribute_Characteristics	Surface_or_secondary_change	0	0	0	0	0	1	1	0	1	1	0	0	0	0	0	observed_term_no_disease_translation
Attribute_value_list	Surface_or_secondary_change	Attributes	Mất nếp da			Mất nếp da	Surface_or_secondary_change	Mất nếp da	Attribute_Characteristics	Surface_or_secondary_change	0	0	0	0	0	1	1	0	0	1	0	0	0	0	0	observed_term_no_disease_translation
Attribute_value_list	Surface_or_secondary_change	Attributes	Mất sắc tố			Mất sắc tố	Surface_or_secondary_change	Mất sắc tố	Attribute_Characteristics	Surface_or_secondary_change	0	0	0	0	0	1	1	0	0	1	0	0	0	0	0	observed_term_no_disease_translation
Attribute_value_list	Surface_or_secondary_change	Attributes	Mất thượng bì			Mất thượng bì	Surface_or_secondary_change	Mất thượng bì	Attribute_Characteristics	Surface_or_secondary_change	0	0	0	0	0	4	4	0	2	4	1	1	0	0	1	observed_term_no_disease_translation
Attribute_value_list	Surface_or_secondary_change	Attributes	Mất trong suốt			Mất trong suốt	Surface_or_secondary_change	Mất trong suốt	Attribute_Characteristics	Surface_or_secondary_change	0	0	0	0	0	1	1	0	0	1	0	0	0	0	0	observed_term_no_disease_translation
Attribute_value_list	Surface_or_secondary_change	Attributes	Mất đoạn			Mất đoạn	Surface_or_secondary_change	Mất đoạn	Attribute_Characteristics	Surface_or_secondary_change	0	0	0	0	0	0	1	0	0	1	0	0	0	0	0	observed_term_no_disease_translation
Attribute_value_list	Surface_or_secondary_change	Attributes	Mật ong			Mật ong	Surface_or_secondary_change	Mật ong	Attribute_Characteristics	Surface_or_secondary_change	0	0	0	0	0	1	1	0	0	1	0	0	0	0	0	observed_term_no_disease_translation
Attribute_value_list	Surface_or_secondary_change	Attributes	Mềm			Mềm	Surface_or_secondary_change	Mềm	Attribute_Characteristics	Surface_or_secondary_change	0	0	0	0	0	2	2	0	0	2	2	2	0	0	2	observed_term_no_disease_translation
Attribute_value_list	Surface_or_secondary_change	Attributes	Mềm hóa do ẩm			Mềm hóa do ẩm	Surface_or_secondary_change	Mềm hóa do ẩm	Attribute_Characteristics	Surface_or_secondary_change	0	0	0	0	0	3	3	0	1	3	2	2	0	0	2	observed_term_no_disease_translation
Attribute_value_list	Surface_or_secondary_change	Attributes	Mềm hóa do ẩm nhẹ			Mềm hóa do ẩm nhẹ	Surface_or_secondary_change	Mềm hóa do ẩm nhẹ	Attribute_Characteristics	Surface_or_secondary_change	0	0	0	0	0	1	1	0	0	1	1	1	0	0	1	observed_term_no_disease_translation
Attribute_value_list	Surface_or_secondary_change	Attributes	mềm hóa do ẩm ít			mềm hóa do ẩm ít	Surface_or_secondary_change	mềm hóa do ẩm ít	Attribute_Characteristics	Surface_or_secondary_change	0	0	0	0	0	0	1	0	0	1	0	0	0	0	0	observed_term_no_disease_translation
Attribute_value_list	Surface_or_secondary_change	Attributes	Mịn			Mịn	Surface_or_secondary_change	Mịn	Attribute_Characteristics	Surface_or_secondary_change	0	0	0	0	0	0	1	0	0	1	0	1	0	0	1	observed_term_no_disease_translation
Attribute_value_list	Surface_or_secondary_change	Attributes	Mỏng da			Mỏng da	Surface_or_secondary_change	Mỏng da	Attribute_Characteristics	Surface_or_secondary_change	0	0	0	0	0	1	1	0	1	1	0	0	0	0	0	observed_term_no_disease_translation
Attribute_value_list	Surface_or_secondary_change	Attributes	Mờ			Mờ	Surface_or_secondary_change	Mờ || mờ	Attribute_Characteristics	Surface_or_secondary_change	3	4	0	1	4	38	40	0	16	40	8	8	0	2	8	observed_term_no_disease_translation
Attribute_value_list	Surface_or_secondary_change	Attributes	Mờ bờ			Mờ bờ	Surface_or_secondary_change	Mờ bờ	Attribute_Characteristics	Surface_or_secondary_change	0	0	0	0	0	1	1	0	1	1	0	0	0	0	0	observed_term_no_disease_translation
Attribute_value_list	Surface_or_secondary_change	Attributes	Mờ nhạt			Mờ nhạt	Surface_or_secondary_change	Mờ nhạt	Attribute_Characteristics	Surface_or_secondary_change	2	2	0	2	2	28	32	0	7	32	13	13	0	4	13	observed_term_no_disease_translation
Attribute_value_list	Surface_or_secondary_change	Attributes	Mụn mủ			Mụn mủ	Surface_or_secondary_change	Mụn mủ	Attribute_Characteristics	Surface_or_secondary_change	0	0	0	0	0	1	1	0	0	1	1	1	0	0	1	observed_term_no_disease_translation
Attribute_value_list	Surface_or_secondary_change	Attributes	Mụn mủ nhỏ			Mụn mủ nhỏ	Surface_or_secondary_change	Mụn mủ nhỏ	Attribute_Characteristics	Surface_or_secondary_change	0	0	0	0	0	7	8	0	2	8	2	2	0	1	2	observed_term_no_disease_translation
Attribute_value_list	Surface_or_secondary_change	Attributes	Mụn mủ nông			Mụn mủ nông	Surface_or_secondary_change	Mụn mủ nông	Attribute_Characteristics	Surface_or_secondary_change	0	0	0	0	0	1	1	0	0	1	1	1	0	0	1	observed_term_no_disease_translation
Attribute_value_list	Surface_or_secondary_change	Attributes	Mụn nước căng			Mụn nước căng	Surface_or_secondary_change	Mụn nước căng	Attribute_Characteristics	Surface_or_secondary_change	0	0	0	0	0	1	1	0	1	1	0	0	0	0	0	observed_term_no_disease_translation
Attribute_value_list	Surface_or_secondary_change	Attributes	Mụn nước nhóm			Mụn nước nhóm	Surface_or_secondary_change	Mụn nước nhóm	Attribute_Characteristics	Surface_or_secondary_change	0	0	0	0	0	1	2	0	0	2	0	0	0	0	0	observed_term_no_disease_translation
Attribute_value_list	Surface_or_secondary_change	Attributes	Mụn nước nhỏ			Mụn nước nhỏ	Surface_or_secondary_change	Mụn nước nhỏ	Attribute_Characteristics	Surface_or_secondary_change	0	0	0	0	0	3	3	0	0	3	1	1	0	0	1	observed_term_no_disease_translation
Attribute_value_list	Surface_or_secondary_change	Attributes	Mụn nước sâu			Mụn nước sâu	Surface_or_secondary_change	Mụn nước sâu	Attribute_Characteristics	Surface_or_secondary_change	0	0	0	0	0	2	2	0	1	2	1	1	0	0	1	observed_term_no_disease_translation
Attribute_value_list	Surface_or_secondary_change	Attributes	Mụn nước tụ nhóm			Mụn nước tụ nhóm	Surface_or_secondary_change	Mụn nước tụ nhóm	Attribute_Characteristics	Surface_or_secondary_change	0	0	0	0	0	1	1	0	1	1	1	1	0	1	1	observed_term_no_disease_translation
Attribute_value_list	Surface_or_secondary_change	Attributes	Mủ			Mủ	Surface_or_secondary_change	Mủ	Attribute_Characteristics	Surface_or_secondary_change	0	0	0	0	0	5	5	0	3	5	2	2	0	0	2	observed_term_no_disease_translation
Attribute_value_list	Surface_or_secondary_change	Attributes	Mủ vàng			Mủ vàng	Surface_or_secondary_change	Mủ vàng	Attribute_Characteristics	Surface_or_secondary_change	0	0	0	0	0	2	3	0	1	3	1	2	0	1	2	observed_term_no_disease_translation
Attribute_value_list	Surface_or_secondary_change	Attributes	Mủn móng			Mủn móng	Surface_or_secondary_change	Mủn móng	Attribute_Characteristics	Surface_or_secondary_change	0	0	0	0	0	5	5	0	1	5	3	3	0	0	3	observed_term_no_disease_translation
Attribute_value_list	Surface_or_secondary_change	Attributes	nang lông			nang lông	Surface_or_secondary_change	nang lông || Nang lông	Attribute_Characteristics	Surface_or_secondary_change	0	1	0	0	1	2	2	0	0	2	1	1	0	0	1	observed_term_no_disease_translation
Attribute_value_list	Surface_or_secondary_change	Attributes	Nang lông giãn			Nang lông giãn	Surface_or_secondary_change	Nang lông giãn	Attribute_Characteristics	Surface_or_secondary_change	0	0	0	0	0	1	1	0	0	1	0	0	0	0	0	observed_term_no_disease_translation
Attribute_value_list	Surface_or_secondary_change	Attributes	Ngoại vi			Ngoại vi	Surface_or_secondary_change	Ngoại vi	Attribute_Characteristics	Surface_or_secondary_change	1	1	0	0	1	0	0	0	0	0	0	0	0	0	0	observed_term_no_disease_translation
Attribute_value_list	Surface_or_secondary_change	Attributes	Ngoằn ngoèo			Ngoằn ngoèo	Surface_or_secondary_change	Ngoằn ngoèo	Attribute_Characteristics	Surface_or_secondary_change	0	0	0	0	0	1	1	0	1	1	0	0	0	0	0	observed_term_no_disease_translation
Attribute_value_list	Surface_or_secondary_change	Attributes	Nhiều			Nhiều	Surface_or_secondary_change	Nhiều	Attribute_Characteristics	Surface_or_secondary_change	0	0	0	0	0	7	10	0	2	10	1	1	0	0	1	observed_term_no_disease_translation
Attribute_value_list	Surface_or_secondary_change	Attributes	Nhiều chấm			Nhiều chấm	Surface_or_secondary_change	Nhiều chấm	Attribute_Characteristics	Surface_or_secondary_change	1	1	0	0	1	0	0	0	0	0	0	0	0	0	0	observed_term_no_disease_translation
Attribute_value_list	Surface_or_secondary_change	Attributes	Nhiều chấm nhỏ			Nhiều chấm nhỏ	Surface_or_secondary_change	Nhiều chấm nhỏ	Attribute_Characteristics	Surface_or_secondary_change	1	1	0	0	1	0	1	0	0	1	0	1	0	0	1	observed_term_no_disease_translation
Attribute_value_list	Surface_or_secondary_change	Attributes	Nhiều dát nhỏ			Nhiều dát nhỏ	Surface_or_secondary_change	Nhiều dát nhỏ	Attribute_Characteristics	Surface_or_secondary_change	0	0	0	0	0	1	1	0	0	1	0	0	0	0	0	observed_term_no_disease_translation
Attribute_value_list	Surface_or_secondary_change	Attributes	nhiều giai đoạn			nhiều giai đoạn	Surface_or_secondary_change	nhiều giai đoạn || Nhiều giai đoạn	Attribute_Characteristics	Surface_or_secondary_change	0	0	0	0	0	1	2	0	1	2	0	0	0	0	0	observed_term_no_disease_translation
Attribute_value_list	Surface_or_secondary_change	Attributes	Nhiều kích thước			Nhiều kích thước	Surface_or_secondary_change	Nhiều kích thước	Attribute_Characteristics	Surface_or_secondary_change	1	1	0	0	1	4	5	0	1	5	0	0	0	0	0	observed_term_no_disease_translation
Attribute_value_list	Surface_or_secondary_change	Attributes	Nhiều mảng			Nhiều mảng	Surface_or_secondary_change	Nhiều mảng	Attribute_Characteristics	Surface_or_secondary_change	0	0	0	0	0	3	3	0	1	3	1	1	0	1	1	observed_term_no_disease_translation
Attribute_value_list	Surface_or_secondary_change	Attributes	Nhiều nốt			Nhiều nốt	Surface_or_secondary_change	Nhiều nốt	Attribute_Characteristics	Surface_or_secondary_change	0	0	0	0	0	1	1	0	0	1	0	0	0	0	0	observed_term_no_disease_translation
Attribute_value_list	Surface_or_secondary_change	Attributes	Nhiều nốt sần nhỏ			Nhiều nốt sần nhỏ	Surface_or_secondary_change	Nhiều nốt sần nhỏ	Attribute_Characteristics	Surface_or_secondary_change	0	0	0	0	0	1	1	0	0	1	0	0	0	0	0	observed_term_no_disease_translation
Attribute_value_list	Surface_or_secondary_change	Attributes	Nhiều sẩn nhỏ			Nhiều sẩn nhỏ	Surface_or_secondary_change	Nhiều sẩn nhỏ	Attribute_Characteristics	Surface_or_secondary_change	0	0	0	0	0	1	1	0	1	1	1	1	0	1	1	observed_term_no_disease_translation
Attribute_value_list	Surface_or_secondary_change	Attributes	Nhiều thùy			Nhiều thùy	Surface_or_secondary_change	Nhiều thùy	Attribute_Characteristics	Surface_or_secondary_change	1	1	0	0	1	1	2	0	0	2	0	1	0	0	1	observed_term_no_disease_translation
Attribute_value_list	Surface_or_secondary_change	Attributes	Nhiều đốm nhỏ			Nhiều đốm nhỏ	Surface_or_secondary_change	Nhiều đốm nhỏ	Attribute_Characteristics	Surface_or_secondary_change	0	0	0	0	0	1	1	0	0	1	0	0	0	0	0	observed_term_no_disease_translation
Attribute_value_list	Surface_or_secondary_change	Attributes	Nhiều đốm nâu			Nhiều đốm nâu	Surface_or_secondary_change	Nhiều đốm nâu	Attribute_Characteristics	Surface_or_secondary_change	0	0	0	0	0	1	1	0	1	1	0	0	0	0	0	observed_term_no_disease_translation
Attribute_value_list	Surface_or_secondary_change	Attributes	Nhiễm sắc thể			Nhiễm sắc thể	Surface_or_secondary_change	Nhiễm sắc thể	Attribute_Characteristics	Surface_or_secondary_change	0	0	0	0	0	1	1	0	0	1	0	0	0	0	0	observed_term_no_disease_translation
Attribute_value_list	Surface_or_secondary_change	Attributes	Nhung mịn			Nhung mịn	Surface_or_secondary_change	Nhung mịn	Attribute_Characteristics	Surface_or_secondary_change	0	0	0	0	0	3	3	0	2	3	0	0	0	0	0	observed_term_no_disease_translation
Attribute_value_list	Surface_or_secondary_change	Attributes	Nhám			Nhám	Surface_or_secondary_change	Nhám	Attribute_Characteristics	Surface_or_secondary_change	0	0	0	0	0	8	9	0	3	9	2	2	0	1	2	observed_term_no_disease_translation
Attribute_value_list	Surface_or_secondary_change	Attributes	Nhân mụn			Nhân mụn	Surface_or_secondary_change	Nhân mụn	Attribute_Characteristics	Surface_or_secondary_change	0	0	0	0	0	2	2	0	1	2	1	1	0	0	1	observed_term_no_disease_translation
Attribute_value_list	Surface_or_secondary_change	Attributes	Nhân trắng			Nhân trắng	Surface_or_secondary_change	Nhân trắng	Attribute_Characteristics	Surface_or_secondary_change	0	0	0	0	0	1	1	0	1	1	1	1	0	1	1	observed_term_no_disease_translation
Attribute_value_list	Surface_or_secondary_change	Attributes	Nhân đen			Nhân đen	Surface_or_secondary_change	Nhân đen	Attribute_Characteristics	Surface_or_secondary_change	0	0	0	0	0	1	1	0	0	1	0	0	0	0	0	observed_term_no_disease_translation
Attribute_value_list	Surface_or_secondary_change	Attributes	Nhô cao			Nhô cao	Surface_or_secondary_change	Nhô cao || nhô cao	Attribute_Characteristics	Surface_or_secondary_change	1	1	0	0	1	2	4	0	1	4	0	2	0	0	2	observed_term_no_disease_translation
Attribute_value_list	Surface_or_secondary_change	Attributes	Nhô nhẹ			Nhô nhẹ	Surface_or_secondary_change	Nhô nhẹ	Attribute_Characteristics	Surface_or_secondary_change	0	0	0	0	0	2	2	0	1	2	1	1	0	1	1	observed_term_no_disease_translation
Attribute_value_list	Surface_or_secondary_change	Attributes	Nhô ra			Nhô ra	Surface_or_secondary_change	Nhô ra	Attribute_Characteristics	Surface_or_secondary_change	0	0	0	0	0	1	1	0	0	1	0	0	0	0	0	observed_term_no_disease_translation
Attribute_value_list	Surface_or_secondary_change	Attributes	Nhú lưỡi			Nhú lưỡi	Surface_or_secondary_change	Nhú lưỡi	Attribute_Characteristics	Surface_or_secondary_change	1	1	0	0	1	0	0	0	0	0	0	0	0	0	0	observed_term_no_disease_translation
Attribute_value_list	Surface_or_secondary_change	Attributes	Nhú lưỡi nổi			Nhú lưỡi nổi	Surface_or_secondary_change	Nhú lưỡi nổi	Attribute_Characteristics	Surface_or_secondary_change	0	0	0	0	0	2	2	0	0	2	1	1	0	0	1	observed_term_no_disease_translation
Attribute_value_list	Surface_or_secondary_change	Attributes	Nhăn			Nhăn	Surface_or_secondary_change	Nhăn	Attribute_Characteristics	Surface_or_secondary_change	0	0	0	0	0	2	2	0	1	2	1	1	0	1	1	observed_term_no_disease_translation
Attribute_value_list	Surface_or_secondary_change	Attributes	Nhăn da			Nhăn da	Surface_or_secondary_change	Nhăn da	Attribute_Characteristics	Surface_or_secondary_change	3	3	0	1	3	7	7	0	1	7	3	3	0	0	3	observed_term_no_disease_translation
Attribute_value_list	Surface_or_secondary_change	Attributes	Nhăn mịn			Nhăn mịn	Surface_or_secondary_change	Nhăn mịn	Attribute_Characteristics	Surface_or_secondary_change	0	0	0	0	0	2	2	0	0	2	0	0	0	0	0	observed_term_no_disease_translation
Attribute_value_list	Surface_or_secondary_change	Attributes	Nhăn nheo			Nhăn nheo	Surface_or_secondary_change	Nhăn nheo	Attribute_Characteristics	Surface_or_secondary_change	0	0	0	0	0	2	2	0	0	2	0	0	0	0	0	observed_term_no_disease_translation
Attribute_value_list	Surface_or_secondary_change	Attributes	Nhăn nhàu			Nhăn nhàu	Surface_or_secondary_change	Nhăn nhàu	Attribute_Characteristics	Surface_or_secondary_change	0	0	0	0	0	1	1	0	1	1	1	1	0	1	1	observed_term_no_disease_translation
Attribute_value_list	Surface_or_secondary_change	Attributes	Nhăn nhẹ			Nhăn nhẹ	Surface_or_secondary_change	Nhăn nhẹ	Attribute_Characteristics	Surface_or_secondary_change	0	0	0	0	0	1	1	0	0	1	1	1	0	0	1	observed_term_no_disease_translation
Attribute_value_list	Surface_or_secondary_change	Attributes	Nhạt màu			Nhạt màu	Surface_or_secondary_change	Nhạt màu	Attribute_Characteristics	Surface_or_secondary_change	0	0	0	0	0	3	3	0	3	3	0	0	0	0	0	observed_term_no_disease_translation
Attribute_value_list	Surface_or_secondary_change	Attributes	Nhẵn			Nhẵn	Surface_or_secondary_change	Nhẵn || nhẵn	Attribute_Characteristics	Surface_or_secondary_change	7	7	3	16	23	61	76	61	157	274	13	20	14	59	90	observed_term_no_disease_translation
Attribute_value_list	Surface_or_secondary_change	Attributes	Nhẵn bóng			Nhẵn bóng	Surface_or_secondary_change	Nhẵn bóng || nhẵn bóng	Attribute_Characteristics	Surface_or_secondary_change	3	3	0	2	3	12	14	0	6	14	5	6	0	2	6	observed_term_no_disease_translation
Attribute_value_list	Surface_or_secondary_change	Attributes	Nhẹ			Nhẹ	Surface_or_secondary_change	Nhẹ	Attribute_Characteristics	Surface_or_secondary_change	1	1	0	0	1	5	6	0	1	6	2	3	0	1	3	observed_term_no_disease_translation
Attribute_value_list	Surface_or_secondary_change	Attributes	Nhỏ			Nhỏ	Surface_or_secondary_change	Nhỏ || nhỏ	Attribute_Characteristics	Surface_or_secondary_change	9	10	0	5	10	73	79	0	19	79	18	20	0	4	20	observed_term_no_disease_translation
Attribute_value_list	Surface_or_secondary_change	Attributes	Nhỏ li ti			Nhỏ li ti	Surface_or_secondary_change	Nhỏ li ti	Attribute_Characteristics	Surface_or_secondary_change	0	0	0	0	0	5	5	0	3	5	1	1	0	1	1	observed_term_no_disease_translation
Attribute_value_list	Surface_or_secondary_change	Attributes	Nhờn			Nhờn	Surface_or_secondary_change	Nhờn	Attribute_Characteristics	Surface_or_secondary_change	0	0	0	0	0	1	1	0	0	1	1	1	0	0	1	observed_term_no_disease_translation
Attribute_value_list	Surface_or_secondary_change	Attributes	Niêm mạc bóng			Niêm mạc bóng	Surface_or_secondary_change	Niêm mạc bóng	Attribute_Characteristics	Surface_or_secondary_change	1	1	0	0	1	4	5	0	1	5	1	1	0	1	1	observed_term_no_disease_translation
Attribute_value_list	Surface_or_secondary_change	Attributes	Niêm mạc đỏ			Niêm mạc đỏ	Surface_or_secondary_change	Niêm mạc đỏ	Attribute_Characteristics	Surface_or_secondary_change	0	0	0	0	0	1	1	0	0	1	0	0	0	0	0	observed_term_no_disease_translation
Attribute_value_list	Surface_or_secondary_change	Attributes	Niêm mạc ẩm			Niêm mạc ẩm	Surface_or_secondary_change	Niêm mạc ẩm	Attribute_Characteristics	Surface_or_secondary_change	1	1	0	1	1	0	0	0	0	0	0	0	0	0	0	observed_term_no_disease_translation
Attribute_value_list	Surface_or_secondary_change	Attributes	Nông			Nông	Surface_or_secondary_change	Nông	Attribute_Characteristics	Surface_or_secondary_change	0	0	0	0	0	16	17	0	6	17	3	3	0	1	3	observed_term_no_disease_translation
Attribute_value_list	Surface_or_secondary_change	Attributes	Nút sừng			Nút sừng	Surface_or_secondary_change	Nút sừng	Attribute_Characteristics	Surface_or_secondary_change	1	1	0	0	1	13	15	0	3	15	3	3	0	0	3	observed_term_no_disease_translation
Attribute_value_list	Surface_or_secondary_change	Attributes	Nút sừng trung tâm			Nút sừng trung tâm	Surface_or_secondary_change	Nút sừng trung tâm	Attribute_Characteristics	Surface_or_secondary_change	0	0	0	0	0	4	5	0	0	5	3	3	0	0	3	observed_term_no_disease_translation
Attribute_value_list	Surface_or_secondary_change	Attributes	Nút sừng trắng			Nút sừng trắng	Surface_or_secondary_change	Nút sừng trắng	Attribute_Characteristics	Surface_or_secondary_change	0	0	0	0	0	1	1	0	0	1	0	0	0	0	0	observed_term_no_disease_translation
Attribute_value_list	Surface_or_secondary_change	Attributes	Nếp da			Nếp da	Surface_or_secondary_change	Nếp da	Attribute_Characteristics	Surface_or_secondary_change	0	0	0	0	0	5	5	0	1	5	1	1	0	0	1	observed_term_no_disease_translation
Attribute_value_list	Surface_or_secondary_change	Attributes	Nếp da giảm			Nếp da giảm	Surface_or_secondary_change	Nếp da giảm	Attribute_Characteristics	Surface_or_secondary_change	1	1	0	0	1	1	1	0	1	1	1	1	0	1	1	observed_term_no_disease_translation
Attribute_value_list	Surface_or_secondary_change	Attributes	Nếp da hằn			Nếp da hằn	Surface_or_secondary_change	Nếp da hằn	Attribute_Characteristics	Surface_or_secondary_change	0	0	0	0	0	1	1	0	1	1	1	1	0	1	1	observed_term_no_disease_translation
Attribute_value_list	Surface_or_secondary_change	Attributes	Nếp da mờ			Nếp da mờ	Surface_or_secondary_change	Nếp da mờ	Attribute_Characteristics	Surface_or_secondary_change	0	0	0	0	0	1	2	0	1	2	1	1	0	1	1	observed_term_no_disease_translation
Attribute_value_list	Surface_or_secondary_change	Attributes	Nếp da nổi			Nếp da nổi	Surface_or_secondary_change	Nếp da nổi || nếp da nổi	Attribute_Characteristics	Surface_or_secondary_change	3	3	0	1	3	7	8	0	1	8	4	4	0	0	4	observed_term_no_disease_translation
Attribute_value_list	Surface_or_secondary_change	Attributes	nếp da nổi rõ			nếp da nổi rõ	Surface_or_secondary_change	nếp da nổi rõ || Nếp da nổi rõ	Attribute_Characteristics	Surface_or_secondary_change	0	1	0	0	1	2	2	0	0	2	1	1	0	0	1	observed_term_no_disease_translation
Attribute_value_list	Surface_or_secondary_change	Attributes	Nếp da rõ			Nếp da rõ	Surface_or_secondary_change	Nếp da rõ	Attribute_Characteristics	Surface_or_secondary_change	4	4	0	1	4	29	32	0	9	32	7	8	0	4	8	observed_term_no_disease_translation
Attribute_value_list	Surface_or_secondary_change	Attributes	Nếp da sâu			Nếp da sâu	Surface_or_secondary_change	Nếp da sâu	Attribute_Characteristics	Surface_or_secondary_change	0	0	0	0	0	4	6	0	2	6	1	1	0	1	1	observed_term_no_disease_translation
Attribute_value_list	Surface_or_secondary_change	Attributes	Nếp da tăng			Nếp da tăng	Surface_or_secondary_change	Nếp da tăng	Attribute_Characteristics	Surface_or_secondary_change	0	0	0	0	0	3	3	0	1	3	2	2	0	0	2	observed_term_no_disease_translation
Attribute_value_list	Surface_or_secondary_change	Attributes	Nếp gấp			Nếp gấp	Surface_or_secondary_change	Nếp gấp	Attribute_Characteristics	Surface_or_secondary_change	0	0	0	0	0	1	1	0	0	1	1	1	0	0	1	observed_term_no_disease_translation
Attribute_value_list	Surface_or_secondary_change	Attributes	Nếp gấp da			Nếp gấp da	Surface_or_secondary_change	Nếp gấp da	Attribute_Characteristics	Surface_or_secondary_change	0	0	0	0	0	6	7	0	1	7	2	2	0	0	2	observed_term_no_disease_translation
Attribute_value_list	Surface_or_secondary_change	Attributes	Nếp gấp rõ			Nếp gấp rõ	Surface_or_secondary_change	Nếp gấp rõ	Attribute_Characteristics	Surface_or_secondary_change	0	0	0	0	0	1	1	0	0	1	1	1	0	0	1	observed_term_no_disease_translation
Attribute_value_list	Surface_or_secondary_change	Attributes	Nếp gấp sâu			Nếp gấp sâu	Surface_or_secondary_change	Nếp gấp sâu	Attribute_Characteristics	Surface_or_secondary_change	0	0	0	0	0	2	2	0	0	2	1	1	0	0	1	observed_term_no_disease_translation
Attribute_value_list	Surface_or_secondary_change	Attributes	Nếp móng sưng			Nếp móng sưng	Surface_or_secondary_change	Nếp móng sưng	Attribute_Characteristics	Surface_or_secondary_change	0	0	0	0	0	2	2	0	1	2	1	1	0	1	1	observed_term_no_disease_translation
Attribute_value_list	Surface_or_secondary_change	Attributes	Nếp móng đỏ			Nếp móng đỏ	Surface_or_secondary_change	Nếp móng đỏ	Attribute_Characteristics	Surface_or_secondary_change	0	0	0	0	0	1	1	0	0	1	0	0	0	0	0	observed_term_no_disease_translation
Attribute_value_list	Surface_or_secondary_change	Attributes	Nếp nhăn			Nếp nhăn	Surface_or_secondary_change	Nếp nhăn	Attribute_Characteristics	Surface_or_secondary_change	0	0	0	0	0	8	9	0	1	9	1	2	0	0	2	observed_term_no_disease_translation
Attribute_value_list	Surface_or_secondary_change	Attributes	Nếp nhăn da			Nếp nhăn da	Surface_or_secondary_change	Nếp nhăn da	Attribute_Characteristics	Surface_or_secondary_change	0	0	0	0	0	3	4	0	1	4	2	2	0	1	2	observed_term_no_disease_translation
Attribute_value_list	Surface_or_secondary_change	Attributes	Nếp nhăn mịn			Nếp nhăn mịn	Surface_or_secondary_change	Nếp nhăn mịn	Attribute_Characteristics	Surface_or_secondary_change	0	0	0	0	0	1	1	0	1	1	1	1	0	1	1	observed_term_no_disease_translation
Attribute_value_list	Surface_or_secondary_change	Attributes	Nếp nhăn sâu			Nếp nhăn sâu	Surface_or_secondary_change	Nếp nhăn sâu	Attribute_Characteristics	Surface_or_secondary_change	1	1	0	0	1	2	2	0	0	2	0	0	0	0	0	observed_term_no_disease_translation
Attribute_value_list	Surface_or_secondary_change	Attributes	Nếp nổi rõ			Nếp nổi rõ	Surface_or_secondary_change	Nếp nổi rõ	Attribute_Characteristics	Surface_or_secondary_change	0	0	0	0	0	2	2	0	1	2	0	0	0	0	0	observed_term_no_disease_translation
Attribute_value_list	Surface_or_secondary_change	Attributes	Nếp nứt nông			Nếp nứt nông	Surface_or_secondary_change	Nếp nứt nông	Attribute_Characteristics	Surface_or_secondary_change	0	0	0	0	0	1	1	0	1	1	0	0	0	0	0	observed_term_no_disease_translation
Attribute_value_list	Surface_or_secondary_change	Attributes	Nếp rãnh sâu			Nếp rãnh sâu	Surface_or_secondary_change	Nếp rãnh sâu	Attribute_Characteristics	Surface_or_secondary_change	0	0	0	0	0	1	1	0	1	1	1	1	0	1	1	observed_term_no_disease_translation
Attribute_value_list	Surface_or_secondary_change	Attributes	Nề nhẹ			Nề nhẹ	Surface_or_secondary_change	Nề nhẹ	Attribute_Characteristics	Surface_or_secondary_change	0	0	0	0	0	1	1	0	0	1	0	0	0	0	0	observed_term_no_disease_translation
Attribute_value_list	Surface_or_secondary_change	Attributes	Nền ban đỏ			Nền ban đỏ	Surface_or_secondary_change	Nền ban đỏ	Attribute_Characteristics	Surface_or_secondary_change	0	0	0	0	0	1	1	0	0	1	0	0	0	0	0	observed_term_no_disease_translation
Attribute_value_list	Surface_or_secondary_change	Attributes	Nền da bình thường			Nền da bình thường	Surface_or_secondary_change	Nền da bình thường	Attribute_Characteristics	Surface_or_secondary_change	1	1	0	0	1	0	0	0	0	0	0	0	0	0	0	observed_term_no_disease_translation
Attribute_value_list	Surface_or_secondary_change	Attributes	Nền da bóng			Nền da bóng	Surface_or_secondary_change	Nền da bóng	Attribute_Characteristics	Surface_or_secondary_change	0	0	0	0	0	1	1	0	0	1	1	1	0	0	1	observed_term_no_disease_translation
Attribute_value_list	Surface_or_secondary_change	Attributes	Nền da lão hóa			Nền da lão hóa	Surface_or_secondary_change	Nền da lão hóa	Attribute_Characteristics	Surface_or_secondary_change	0	0	0	0	0	1	1	0	1	1	0	0	0	0	0	observed_term_no_disease_translation
Attribute_value_list	Surface_or_secondary_change	Attributes	Nền da viêm			Nền da viêm	Surface_or_secondary_change	Nền da viêm	Attribute_Characteristics	Surface_or_secondary_change	0	0	0	0	0	1	1	0	0	1	0	0	0	0	0	observed_term_no_disease_translation
Attribute_value_list	Surface_or_secondary_change	Attributes	Nền giả mạc			Nền giả mạc	Surface_or_secondary_change	Nền giả mạc	Attribute_Characteristics	Surface_or_secondary_change	0	0	0	0	0	2	3	0	0	3	1	1	0	0	1	observed_term_no_disease_translation
Attribute_value_list	Surface_or_secondary_change	Attributes	Nền hạt			Nền hạt	Surface_or_secondary_change	Nền hạt	Attribute_Characteristics	Surface_or_secondary_change	0	0	0	0	0	1	1	0	0	1	0	0	0	0	0	observed_term_no_disease_translation
Attribute_value_list	Surface_or_secondary_change	Attributes	Nền hạt mịn			Nền hạt mịn	Surface_or_secondary_change	Nền hạt mịn	Attribute_Characteristics	Surface_or_secondary_change	0	0	0	0	0	1	1	0	0	1	1	1	0	0	1	observed_term_no_disease_translation
Attribute_value_list	Surface_or_secondary_change	Attributes	Nền hồng			Nền hồng	Surface_or_secondary_change	Nền hồng	Attribute_Characteristics	Surface_or_secondary_change	0	0	0	0	0	2	2	0	1	2	0	0	0	0	0	observed_term_no_disease_translation
Attribute_value_list	Surface_or_secondary_change	Attributes	Nền hồng ban			Nền hồng ban	Surface_or_secondary_change	Nền hồng ban || nền hồng ban	Attribute_Characteristics	Surface_or_secondary_change	1	2	0	1	2	24	27	0	9	27	11	13	0	3	13	observed_term_no_disease_translation
Attribute_value_list	Surface_or_secondary_change	Attributes	Nền hồng nhạt			Nền hồng nhạt	Surface_or_secondary_change	Nền hồng nhạt	Attribute_Characteristics	Surface_or_secondary_change	0	0	0	0	0	2	2	0	1	2	0	0	0	0	0	observed_term_no_disease_translation
Attribute_value_list	Surface_or_secondary_change	Attributes	Nền hồng nhẹ			Nền hồng nhẹ	Surface_or_secondary_change	Nền hồng nhẹ	Attribute_Characteristics	Surface_or_secondary_change	0	0	0	0	0	1	1	0	0	1	0	0	0	0	0	observed_term_no_disease_translation
Attribute_value_list	Surface_or_secondary_change	Attributes	Nền hồng tím			Nền hồng tím	Surface_or_secondary_change	Nền hồng tím	Attribute_Characteristics	Surface_or_secondary_change	0	0	0	0	0	1	1	0	1	1	0	0	0	0	0	observed_term_no_disease_translation
Attribute_value_list	Surface_or_secondary_change	Attributes	Nền hồng viêm			Nền hồng viêm	Surface_or_secondary_change	Nền hồng viêm	Attribute_Characteristics	Surface_or_secondary_change	0	0	0	0	0	1	1	0	1	1	1	1	0	1	1	observed_term_no_disease_translation
Attribute_value_list	Surface_or_secondary_change	Attributes	Nền mờ			Nền mờ	Surface_or_secondary_change	Nền mờ	Attribute_Characteristics	Surface_or_secondary_change	0	0	0	0	0	1	1	0	1	1	0	0	0	0	0	observed_term_no_disease_translation
Attribute_value_list	Surface_or_secondary_change	Attributes	Nền trợt			Nền trợt	Surface_or_secondary_change	Nền trợt	Attribute_Characteristics	Surface_or_secondary_change	0	0	0	0	0	2	2	0	0	2	0	0	0	0	0	observed_term_no_disease_translation
Attribute_value_list	Surface_or_secondary_change	Attributes	Nền viêm			Nền viêm	Surface_or_secondary_change	Nền viêm	Attribute_Characteristics	Surface_or_secondary_change	0	0	0	0	0	2	2	0	0	2	1	1	0	0	1	observed_term_no_disease_translation
Attribute_value_list	Surface_or_secondary_change	Attributes	Nền viêm đỏ			Nền viêm đỏ	Surface_or_secondary_change	Nền viêm đỏ	Attribute_Characteristics	Surface_or_secondary_change	0	0	0	0	0	1	1	0	1	1	0	0	0	0	0	observed_term_no_disease_translation
Attribute_value_list	Surface_or_secondary_change	Attributes	Nền đỏ			Nền đỏ	Surface_or_secondary_change	Nền đỏ	Attribute_Characteristics	Surface_or_secondary_change	0	0	0	0	0	13	14	0	1	14	3	3	0	0	3	observed_term_no_disease_translation
Attribute_value_list	Surface_or_secondary_change	Attributes	Nền Đỏ hồng			Nền Đỏ hồng	Surface_or_secondary_change	Nền Đỏ hồng	Attribute_Characteristics	Surface_or_secondary_change	0	0	0	0	0	1	1	0	1	1	0	0	0	0	0	observed_term_no_disease_translation
Attribute_value_list	Surface_or_secondary_change	Attributes	Nền đỏ nhẹ			Nền đỏ nhẹ	Surface_or_secondary_change	Nền đỏ nhẹ	Attribute_Characteristics	Surface_or_secondary_change	1	1	0	1	1	1	1	0	1	1	0	0	0	0	0	observed_term_no_disease_translation
Attribute_value_list	Surface_or_secondary_change	Attributes	Nền ướt			Nền ướt	Surface_or_secondary_change	Nền ướt	Attribute_Characteristics	Surface_or_secondary_change	1	1	0	0	1	3	3	0	1	3	2	2	0	0	2	observed_term_no_disease_translation
Attribute_value_list	Surface_or_secondary_change	Attributes	Nền ẩm			Nền ẩm	Surface_or_secondary_change	Nền ẩm	Attribute_Characteristics	Surface_or_secondary_change	1	1	0	0	1	1	1	0	1	1	0	0	0	0	0	observed_term_no_disease_translation
Attribute_value_list	Surface_or_secondary_change	Attributes	Nốt			Nốt	Surface_or_secondary_change	Nốt	Attribute_Characteristics	Surface_or_secondary_change	0	0	0	0	0	1	1	0	0	1	1	1	0	0	1	observed_term_no_disease_translation
Attribute_value_list	Surface_or_secondary_change	Attributes	Nốt nhỏ			Nốt nhỏ	Surface_or_secondary_change	Nốt nhỏ	Attribute_Characteristics	Surface_or_secondary_change	0	0	0	0	0	2	2	0	0	2	0	0	0	0	0	observed_term_no_disease_translation
Attribute_value_list	Surface_or_secondary_change	Attributes	Nốt riêng lẻ			Nốt riêng lẻ	Surface_or_secondary_change	Nốt riêng lẻ	Attribute_Characteristics	Surface_or_secondary_change	1	1	0	0	1	0	0	0	0	0	0	0	0	0	0	observed_term_no_disease_translation
Attribute_value_list	Surface_or_secondary_change	Attributes	Nốt ruồi			Nốt ruồi	Surface_or_secondary_change	Nốt ruồi	Attribute_Characteristics	Surface_or_secondary_change	0	0	0	0	0	1	1	0	0	1	0	0	0	0	0	observed_term_no_disease_translation
Attribute_value_list	Surface_or_secondary_change	Attributes	Nốt sắc tố			Nốt sắc tố	Surface_or_secondary_change	Nốt sắc tố	Attribute_Characteristics	Surface_or_secondary_change	0	0	0	0	0	1	1	0	1	1	1	1	0	1	1	observed_term_no_disease_translation
Attribute_value_list	Surface_or_secondary_change	Attributes	Nốt viêm nhỏ			Nốt viêm nhỏ	Surface_or_secondary_change	Nốt viêm nhỏ	Attribute_Characteristics	Surface_or_secondary_change	1	1	0	0	1	0	0	0	0	0	0	0	0	0	0	observed_term_no_disease_translation
Attribute_value_list	Surface_or_secondary_change	Attributes	Nổi cao			Nổi cao	Surface_or_secondary_change	Nổi cao || nổi cao	Attribute_Characteristics	Surface_or_secondary_change	0	0	0	0	0	4	5	0	2	5	2	3	0	1	3	observed_term_no_disease_translation
Attribute_value_list	Surface_or_secondary_change	Attributes	Nổi gồ			Nổi gồ	Surface_or_secondary_change	Nổi gồ	Attribute_Characteristics	Surface_or_secondary_change	0	0	0	0	0	6	8	0	0	8	1	1	0	0	1	observed_term_no_disease_translation
Attribute_value_list	Surface_or_secondary_change	Attributes	Nổi nhẹ			Nổi nhẹ	Surface_or_secondary_change	Nổi nhẹ	Attribute_Characteristics	Surface_or_secondary_change	0	0	0	0	0	1	1	0	1	1	0	0	0	0	0	observed_term_no_disease_translation
Attribute_value_list	Surface_or_secondary_change	Attributes	Nổi rõ			Nổi rõ	Surface_or_secondary_change	Nổi rõ	Attribute_Characteristics	Surface_or_secondary_change	0	0	0	0	0	1	1	0	0	1	1	1	0	0	1	observed_term_no_disease_translation
Attribute_value_list	Surface_or_secondary_change	Attributes	Nứt			Nứt	Surface_or_secondary_change	Nứt	Attribute_Characteristics	Surface_or_secondary_change	0	0	0	0	0	8	8	0	3	8	2	2	0	0	2	observed_term_no_disease_translation
Attribute_value_list	Surface_or_secondary_change	Attributes	Nứt da			Nứt da	Surface_or_secondary_change	Nứt da	Attribute_Characteristics	Surface_or_secondary_change	6	6	0	0	6	13	15	0	4	15	4	4	0	0	4	observed_term_no_disease_translation
Attribute_value_list	Surface_or_secondary_change	Attributes	Nứt dọc			Nứt dọc	Surface_or_secondary_change	Nứt dọc || nứt dọc	Attribute_Characteristics	Surface_or_secondary_change	1	1	0	0	1	1	2	0	0	2	0	1	0	0	1	observed_term_no_disease_translation
Attribute_value_list	Surface_or_secondary_change	Attributes	Nứt giữa			Nứt giữa	Surface_or_secondary_change	Nứt giữa	Attribute_Characteristics	Surface_or_secondary_change	0	0	0	0	0	1	1	0	0	1	0	0	0	0	0	observed_term_no_disease_translation
Attribute_value_list	Surface_or_secondary_change	Attributes	Nứt khóe môi			Nứt khóe môi	Surface_or_secondary_change	Nứt khóe môi	Attribute_Characteristics	Surface_or_secondary_change	0	0	0	0	0	1	1	0	0	1	0	0	0	0	0	observed_term_no_disease_translation
Attribute_value_list	Surface_or_secondary_change	Attributes	Nứt kẽ			Nứt kẽ	Surface_or_secondary_change	Nứt kẽ	Attribute_Characteristics	Surface_or_secondary_change	9	9	0	0	9	50	56	0	15	56	16	18	0	4	18	observed_term_no_disease_translation
Attribute_value_list	Surface_or_secondary_change	Attributes	Nứt kẽ nhẹ			Nứt kẽ nhẹ	Surface_or_secondary_change	Nứt kẽ nhẹ	Attribute_Characteristics	Surface_or_secondary_change	0	0	0	0	0	2	2	0	2	2	1	1	0	1	1	observed_term_no_disease_translation
Attribute_value_list	Surface_or_secondary_change	Attributes	Nứt móng			Nứt móng	Surface_or_secondary_change	Nứt móng	Attribute_Characteristics	Surface_or_secondary_change	0	0	0	0	0	4	4	0	1	4	2	2	0	1	2	observed_term_no_disease_translation
Attribute_value_list	Surface_or_secondary_change	Attributes	Nứt môi			Nứt môi	Surface_or_secondary_change	Nứt môi	Attribute_Characteristics	Surface_or_secondary_change	0	0	0	0	0	4	4	0	0	4	0	0	0	0	0	observed_term_no_disease_translation
Attribute_value_list	Surface_or_secondary_change	Attributes	Nứt nhẹ			Nứt nhẹ	Surface_or_secondary_change	Nứt nhẹ	Attribute_Characteristics	Surface_or_secondary_change	0	0	0	0	0	5	6	0	2	6	2	3	0	1	3	observed_term_no_disease_translation
Attribute_value_list	Surface_or_secondary_change	Attributes	Nứt nhỏ			Nứt nhỏ	Surface_or_secondary_change	Nứt nhỏ	Attribute_Characteristics	Surface_or_secondary_change	0	0	0	0	0	1	1	0	0	1	0	0	0	0	0	observed_term_no_disease_translation
Attribute_value_list	Surface_or_secondary_change	Attributes	nứt nông			nứt nông	Surface_or_secondary_change	nứt nông || Nứt nông	Attribute_Characteristics	Surface_or_secondary_change	2	4	0	1	4	9	10	0	3	10	2	2	0	1	2	observed_term_no_disease_translation
Attribute_value_list	Surface_or_secondary_change	Attributes	Nứt nẻ			Nứt nẻ	Surface_or_secondary_change	Nứt nẻ || nứt nẻ	Attribute_Characteristics	Surface_or_secondary_change	9	12	1	2	13	110	122	17	28	139	38	42	8	9	50	observed_term_no_disease_translation
Attribute_value_list	Surface_or_secondary_change	Attributes	Nứt nẻ mờ			Nứt nẻ mờ	Surface_or_secondary_change	Nứt nẻ mờ	Attribute_Characteristics	Surface_or_secondary_change	0	0	0	0	0	1	1	0	1	1	1	1	0	1	1	observed_term_no_disease_translation
Attribute_value_list	Surface_or_secondary_change	Attributes	Nứt nẻ nhẹ			Nứt nẻ nhẹ	Surface_or_secondary_change	Nứt nẻ nhẹ	Attribute_Characteristics	Surface_or_secondary_change	4	4	0	0	4	4	7	0	1	7	0	0	0	0	0	observed_term_no_disease_translation
Attribute_value_list	Surface_or_secondary_change	Attributes	Nứt nẻ nhỏ			Nứt nẻ nhỏ	Surface_or_secondary_change	Nứt nẻ nhỏ	Attribute_Characteristics	Surface_or_secondary_change	1	1	0	1	1	2	2	0	1	2	0	0	0	0	0	observed_term_no_disease_translation
Attribute_value_list	Surface_or_secondary_change	Attributes	Nứt nẻ nông			Nứt nẻ nông	Surface_or_secondary_change	Nứt nẻ nông	Attribute_Characteristics	Surface_or_secondary_change	1	1	0	0	1	6	6	0	0	6	1	1	0	0	1	observed_term_no_disease_translation
Attribute_value_list	Surface_or_secondary_change	Attributes	Nứt nẻ sâu			Nứt nẻ sâu	Surface_or_secondary_change	Nứt nẻ sâu	Attribute_Characteristics	Surface_or_secondary_change	0	0	0	0	0	1	1	0	0	1	1	1	0	0	1	observed_term_no_disease_translation
Attribute_value_list	Surface_or_secondary_change	Attributes	nứt rãnh			nứt rãnh	Surface_or_secondary_change	nứt rãnh || Nứt rãnh	Attribute_Characteristics	Surface_or_secondary_change	0	0	0	0	0	1	2	0	0	2	0	0	0	0	0	observed_term_no_disease_translation
Attribute_value_list	Surface_or_secondary_change	Attributes	Nứt sâu			Nứt sâu	Surface_or_secondary_change	Nứt sâu	Attribute_Characteristics	Surface_or_secondary_change	1	1	0	0	1	1	1	0	0	1	1	1	0	0	1	observed_term_no_disease_translation
Attribute_value_list	Surface_or_secondary_change	Attributes	Nứt trợt			Nứt trợt	Surface_or_secondary_change	Nứt trợt	Attribute_Characteristics	Surface_or_secondary_change	2	2	0	0	2	4	6	0	1	6	1	1	0	0	1	observed_term_no_disease_translation
Attribute_value_list	Surface_or_secondary_change	Attributes	Nứt vỡ móng			Nứt vỡ móng	Surface_or_secondary_change	Nứt vỡ móng	Attribute_Characteristics	Surface_or_secondary_change	0	0	0	0	0	0	1	0	0	1	0	0	0	0	0	observed_term_no_disease_translation
Attribute_value_list	Surface_or_secondary_change	Attributes	Phiến móng nhẵn			Phiến móng nhẵn	Surface_or_secondary_change	Phiến móng nhẵn	Attribute_Characteristics	Surface_or_secondary_change	1	1	0	0	1	0	0	0	0	0	0	0	0	0	0	observed_term_no_disease_translation
Attribute_value_list	Surface_or_secondary_change	Attributes	Phân nhánh			Phân nhánh	Surface_or_secondary_change	Phân nhánh	Attribute_Characteristics	Surface_or_secondary_change	0	0	0	0	0	1	1	0	1	1	0	0	0	0	0	observed_term_no_disease_translation
Attribute_value_list	Surface_or_secondary_change	Attributes	Phì đại			Phì đại	Surface_or_secondary_change	Phì đại	Attribute_Characteristics	Surface_or_secondary_change	0	0	0	0	0	2	2	0	0	2	0	0	0	0	0	observed_term_no_disease_translation
Attribute_value_list	Surface_or_secondary_change	Attributes	Phù mi			Phù mi	Surface_or_secondary_change	Phù mi	Attribute_Characteristics	Surface_or_secondary_change	0	0	0	0	0	1	1	0	0	1	1	1	0	0	1	observed_term_no_disease_translation
Attribute_value_list	Surface_or_secondary_change	Attributes	Phù mi mắt			Phù mi mắt	Surface_or_secondary_change	Phù mi mắt	Attribute_Characteristics	Surface_or_secondary_change	0	0	0	0	0	1	1	0	1	1	1	1	0	1	1	observed_term_no_disease_translation
Attribute_value_list	Surface_or_secondary_change	Attributes	phù môi			phù môi	Surface_or_secondary_change	phù môi	Attribute_Characteristics	Surface_or_secondary_change	0	0	0	0	0	0	1	0	0	1	0	0	0	0	0	observed_term_no_disease_translation
Attribute_value_list	Surface_or_secondary_change	Attributes	Phù nhẹ			Phù nhẹ	Surface_or_secondary_change	Phù nhẹ || phù nhẹ	Attribute_Characteristics	Surface_or_secondary_change	4	5	0	2	5	24	25	0	12	25	8	8	0	4	8	observed_term_no_disease_translation
Attribute_value_list	Surface_or_secondary_change	Attributes	Phù nề			Phù nề	Surface_or_secondary_change	Phù nề || phù nề	Attribute_Characteristics	Surface_or_secondary_change	12	14	6	23	41	97	112	74	174	331	27	35	20	56	99	observed_term_no_disease_translation
Attribute_value_list	Surface_or_secondary_change	Attributes	Phù nề mí mắt			Phù nề mí mắt	Surface_or_secondary_change	Phù nề mí mắt	Attribute_Characteristics	Surface_or_secondary_change	0	0	0	0	0	1	1	0	0	1	0	0	0	0	0	observed_term_no_disease_translation
Attribute_value_list	Surface_or_secondary_change	Attributes	Phù nề nhẹ			Phù nề nhẹ	Surface_or_secondary_change	Phù nề nhẹ	Attribute_Characteristics	Surface_or_secondary_change	7	7	0	1	7	28	31	0	10	31	7	7	0	4	7	observed_term_no_disease_translation
Attribute_value_list	Surface_or_secondary_change	Attributes	phù nề rõ			phù nề rõ	Surface_or_secondary_change	phù nề rõ || Phù nề rõ	Attribute_Characteristics	Surface_or_secondary_change	0	0	0	0	0	1	2	0	0	2	0	1	0	0	1	observed_term_no_disease_translation
Attribute_value_list	Surface_or_secondary_change	Attributes	Phù quanh móng			Phù quanh móng	Surface_or_secondary_change	Phù quanh móng	Attribute_Characteristics	Surface_or_secondary_change	0	0	0	0	0	1	1	0	1	1	0	0	0	0	0	observed_term_no_disease_translation
Attribute_value_list	Surface_or_secondary_change	Attributes	Phù quanh mắt			Phù quanh mắt	Surface_or_secondary_change	Phù quanh mắt	Attribute_Characteristics	Surface_or_secondary_change	0	0	0	0	0	0	1	0	0	1	0	1	0	0	1	observed_term_no_disease_translation
Attribute_value_list	Surface_or_secondary_change	Attributes	Phẳng			Phẳng	Surface_or_secondary_change	Phẳng || phẳng	Attribute_Characteristics	Surface_or_secondary_change	8	8	0	2	8	64	79	0	17	79	22	30	0	5	30	observed_term_no_disease_translation
Attribute_value_list	Surface_or_secondary_change	Attributes	Phủ trắng mỏng			Phủ trắng mỏng	Surface_or_secondary_change	Phủ trắng mỏng	Attribute_Characteristics	Surface_or_secondary_change	0	0	0	0	0	1	1	0	0	1	1	1	0	0	1	observed_term_no_disease_translation
Attribute_value_list	Surface_or_secondary_change	Attributes	Quanh khớp ngón			Quanh khớp ngón	Surface_or_secondary_change	Quanh khớp ngón	Attribute_Characteristics	Surface_or_secondary_change	0	0	0	0	0	1	1	0	0	1	0	0	0	0	0	observed_term_no_disease_translation
Attribute_value_list	Surface_or_secondary_change	Attributes	Quanh móng			Quanh móng	Surface_or_secondary_change	Quanh móng	Attribute_Characteristics	Surface_or_secondary_change	0	0	0	0	0	2	2	0	1	2	1	1	0	1	1	observed_term_no_disease_translation
Attribute_value_list	Surface_or_secondary_change	Attributes	quanh móng biến đổi			quanh móng biến đổi	Surface_or_secondary_change	quanh móng biến đổi	Attribute_Characteristics	Surface_or_secondary_change	0	0	0	0	0	0	1	0	0	1	0	1	0	0	1	observed_term_no_disease_translation
Attribute_value_list	Surface_or_secondary_change	Attributes	Quanh móng dày			Quanh móng dày	Surface_or_secondary_change	Quanh móng dày	Attribute_Characteristics	Surface_or_secondary_change	0	0	0	0	0	0	1	0	0	1	0	0	0	0	0	observed_term_no_disease_translation
Attribute_value_list	Surface_or_secondary_change	Attributes	Quanh móng trắng			Quanh móng trắng	Surface_or_secondary_change	Quanh móng trắng	Attribute_Characteristics	Surface_or_secondary_change	0	0	0	0	0	1	1	0	1	1	0	0	0	0	0	observed_term_no_disease_translation
Attribute_value_list	Surface_or_secondary_change	Attributes	Quanh quầng			Quanh quầng	Surface_or_secondary_change	Quanh quầng	Attribute_Characteristics	Surface_or_secondary_change	0	0	0	0	0	1	1	0	0	1	0	0	0	0	0	observed_term_no_disease_translation
Attribute_value_list	Surface_or_secondary_change	Attributes	Quầng giảm sắc tố			Quầng giảm sắc tố	Surface_or_secondary_change	Quầng giảm sắc tố	Attribute_Characteristics	Surface_or_secondary_change	1	1	0	0	1	6	7	0	2	7	3	3	0	1	3	observed_term_no_disease_translation
Attribute_value_list	Surface_or_secondary_change	Attributes	Quầng hồng			Quầng hồng	Surface_or_secondary_change	Quầng hồng	Attribute_Characteristics	Surface_or_secondary_change	0	0	0	0	0	1	2	0	0	2	0	0	0	0	0	observed_term_no_disease_translation
Attribute_value_list	Surface_or_secondary_change	Attributes	Quầng hồng ban			Quầng hồng ban	Surface_or_secondary_change	Quầng hồng ban	Attribute_Characteristics	Surface_or_secondary_change	1	1	0	0	1	6	6	0	2	6	1	1	0	0	1	observed_term_no_disease_translation
Attribute_value_list	Surface_or_secondary_change	Attributes	Quầng hồng ban mờ			Quầng hồng ban mờ	Surface_or_secondary_change	Quầng hồng ban mờ	Attribute_Characteristics	Surface_or_secondary_change	0	0	0	0	0	1	1	0	0	1	0	0	0	0	0	observed_term_no_disease_translation
Attribute_value_list	Surface_or_secondary_change	Attributes	Quầng hồng nhẹ			Quầng hồng nhẹ	Surface_or_secondary_change	Quầng hồng nhẹ	Attribute_Characteristics	Surface_or_secondary_change	1	1	0	0	1	0	0	0	0	0	0	0	0	0	0	observed_term_no_disease_translation
Attribute_value_list	Surface_or_secondary_change	Attributes	Quầng rất mờ			Quầng rất mờ	Surface_or_secondary_change	Quầng rất mờ	Attribute_Characteristics	Surface_or_secondary_change	0	0	0	0	0	1	1	0	0	1	0	0	0	0	0	observed_term_no_disease_translation
Attribute_value_list	Surface_or_secondary_change	Attributes	Quầng rộng			Quầng rộng	Surface_or_secondary_change	Quầng rộng	Attribute_Characteristics	Surface_or_secondary_change	0	0	0	0	0	1	1	0	0	1	0	0	0	0	0	observed_term_no_disease_translation
Attribute_value_list	Surface_or_secondary_change	Attributes	Quầng sắc tố			Quầng sắc tố	Surface_or_secondary_change	Quầng sắc tố	Attribute_Characteristics	Surface_or_secondary_change	1	1	0	1	1	0	0	0	0	0	0	0	0	0	0	observed_term_no_disease_translation
Attribute_value_list	Surface_or_secondary_change	Attributes	Quầng thâm			Quầng thâm	Surface_or_secondary_change	Quầng thâm	Attribute_Characteristics	Surface_or_secondary_change	0	0	0	0	0	1	1	0	1	1	0	0	0	0	0	observed_term_no_disease_translation
Attribute_value_list	Surface_or_secondary_change	Attributes	Quầng trắng			Quầng trắng	Surface_or_secondary_change	Quầng trắng	Attribute_Characteristics	Surface_or_secondary_change	0	0	0	0	0	1	2	0	0	2	0	0	0	0	0	observed_term_no_disease_translation
Attribute_value_list	Surface_or_secondary_change	Attributes	Quầng tím			Quầng tím	Surface_or_secondary_change	Quầng tím	Attribute_Characteristics	Surface_or_secondary_change	0	0	0	0	0	1	1	0	0	1	1	1	0	0	1	observed_term_no_disease_translation
Attribute_value_list	Surface_or_secondary_change	Attributes	Quầng tím hồng			Quầng tím hồng	Surface_or_secondary_change	Quầng tím hồng	Attribute_Characteristics	Surface_or_secondary_change	0	0	0	0	0	1	1	0	0	1	0	0	0	0	0	observed_term_no_disease_translation
Attribute_value_list	Surface_or_secondary_change	Attributes	Quầng tím sẫm			Quầng tím sẫm	Surface_or_secondary_change	Quầng tím sẫm	Attribute_Characteristics	Surface_or_secondary_change	0	0	0	0	0	1	1	0	0	1	0	0	0	0	0	observed_term_no_disease_translation
Attribute_value_list	Surface_or_secondary_change	Attributes	Quầng viêm			Quầng viêm	Surface_or_secondary_change	Quầng viêm	Attribute_Characteristics	Surface_or_secondary_change	1	1	0	1	1	4	4	0	1	4	2	2	0	0	2	observed_term_no_disease_translation
Attribute_value_list	Surface_or_secondary_change	Attributes	Quầng vàng nhạt			Quầng vàng nhạt	Surface_or_secondary_change	Quầng vàng nhạt	Attribute_Characteristics	Surface_or_secondary_change	0	0	0	0	0	1	1	0	0	1	0	0	0	0	0	observed_term_no_disease_translation
Attribute_value_list	Surface_or_secondary_change	Attributes	Quầng đỏ			Quầng đỏ	Surface_or_secondary_change	Quầng đỏ || quầng đỏ	Attribute_Characteristics	Surface_or_secondary_change	4	5	0	1	5	21	25	0	4	25	6	6	0	1	6	observed_term_no_disease_translation
Attribute_value_list	Surface_or_secondary_change	Attributes	quầng đỏ mờ			quầng đỏ mờ	Surface_or_secondary_change	quầng đỏ mờ || Quầng đỏ mờ	Attribute_Characteristics	Surface_or_secondary_change	0	1	0	0	1	2	2	0	0	2	0	0	0	0	0	observed_term_no_disease_translation
Attribute_value_list	Surface_or_secondary_change	Attributes	Quầng đỏ nhẹ			Quầng đỏ nhẹ	Surface_or_secondary_change	Quầng đỏ nhẹ	Attribute_Characteristics	Surface_or_secondary_change	0	0	0	0	0	11	12	0	4	12	3	3	0	2	3	observed_term_no_disease_translation
Attribute_value_list	Surface_or_secondary_change	Attributes	Quầng đỏ viêm			Quầng đỏ viêm	Surface_or_secondary_change	Quầng đỏ viêm	Attribute_Characteristics	Surface_or_secondary_change	0	0	0	0	0	2	2	0	0	2	1	1	0	0	1	observed_term_no_disease_translation
Attribute_value_list	Surface_or_secondary_change	Attributes	Quầng đỏ xung quanh			Quầng đỏ xung quanh	Surface_or_secondary_change	Quầng đỏ xung quanh	Attribute_Characteristics	Surface_or_secondary_change	1	1	0	0	1	0	0	0	0	0	0	0	0	0	0	observed_term_no_disease_translation
Attribute_value_list	Surface_or_secondary_change	Attributes	Ranh giới			Ranh giới	Surface_or_secondary_change	Ranh giới	Attribute_Characteristics	Surface_or_secondary_change	0	0	0	0	0	1	1	0	0	1	0	0	0	0	0	observed_term_no_disease_translation
Attribute_value_list	Surface_or_secondary_change	Attributes	Ranh giới khá rõ			Ranh giới khá rõ	Surface_or_secondary_change	Ranh giới khá rõ	Attribute_Characteristics	Surface_or_secondary_change	0	0	0	0	0	1	1	0	0	1	0	0	0	0	0	observed_term_no_disease_translation
Attribute_value_list	Surface_or_secondary_change	Attributes	Ranh giới mờ			Ranh giới mờ	Surface_or_secondary_change	Ranh giới mờ	Attribute_Characteristics	Surface_or_secondary_change	3	3	0	0	3	10	12	0	5	12	3	4	0	0	4	observed_term_no_disease_translation
Attribute_value_list	Surface_or_secondary_change	Attributes	Ranh giới rõ			Ranh giới rõ	Surface_or_secondary_change	Ranh giới rõ || ranh giới rõ	Attribute_Characteristics	Surface_or_secondary_change	4	4	0	0	4	37	42	0	9	42	9	11	0	2	11	observed_term_no_disease_translation
Attribute_value_list	Surface_or_secondary_change	Attributes	ranh rõ			ranh rõ	Surface_or_secondary_change	ranh rõ || Ranh rõ	Attribute_Characteristics	Surface_or_secondary_change	0	0	0	0	0	2	3	0	2	3	1	2	0	1	2	observed_term_no_disease_translation
Attribute_value_list	Surface_or_secondary_change	Attributes	Ráp nhẹ			Ráp nhẹ	Surface_or_secondary_change	Ráp nhẹ	Attribute_Characteristics	Surface_or_secondary_change	0	0	0	0	0	1	1	0	0	1	0	0	0	0	0	observed_term_no_disease_translation
Attribute_value_list	Surface_or_secondary_change	Attributes	Rãnh			Rãnh	Surface_or_secondary_change	Rãnh	Attribute_Characteristics	Surface_or_secondary_change	0	0	0	0	0	1	1	0	1	1	0	0	0	0	0	observed_term_no_disease_translation
Attribute_value_list	Surface_or_secondary_change	Attributes	Rãnh da			Rãnh da	Surface_or_secondary_change	Rãnh da	Attribute_Characteristics	Surface_or_secondary_change	0	0	0	0	0	1	1	0	0	1	0	0	0	0	0	observed_term_no_disease_translation
Attribute_value_list	Surface_or_secondary_change	Attributes	Rãnh da rõ			Rãnh da rõ	Surface_or_secondary_change	Rãnh da rõ	Attribute_Characteristics	Surface_or_secondary_change	0	0	0	0	0	1	1	0	0	1	0	0	0	0	0	observed_term_no_disease_translation
Attribute_value_list	Surface_or_secondary_change	Attributes	Rãnh da sâu			Rãnh da sâu	Surface_or_secondary_change	Rãnh da sâu	Attribute_Characteristics	Surface_or_secondary_change	1	1	0	0	1	0	0	0	0	0	0	0	0	0	0	observed_term_no_disease_translation
Attribute_value_list	Surface_or_secondary_change	Attributes	Rãnh dọc			Rãnh dọc	Surface_or_secondary_change	Rãnh dọc || rãnh dọc	Attribute_Characteristics	Surface_or_secondary_change	3	3	0	1	3	11	13	0	4	13	4	5	0	2	5	observed_term_no_disease_translation
Attribute_value_list	Surface_or_secondary_change	Attributes	Rãnh dọc móng			Rãnh dọc móng	Surface_or_secondary_change	Rãnh dọc móng	Attribute_Characteristics	Surface_or_secondary_change	0	0	0	0	0	2	2	0	1	2	0	0	0	0	0	observed_term_no_disease_translation
Attribute_value_list	Surface_or_secondary_change	Attributes	Rãnh dọc nhẹ			Rãnh dọc nhẹ	Surface_or_secondary_change	Rãnh dọc nhẹ	Attribute_Characteristics	Surface_or_secondary_change	0	0	0	0	0	0	1	0	0	1	0	0	0	0	0	observed_term_no_disease_translation
Attribute_value_list	Surface_or_secondary_change	Attributes	Rãnh lưỡi			Rãnh lưỡi	Surface_or_secondary_change	Rãnh lưỡi	Attribute_Characteristics	Surface_or_secondary_change	0	0	0	0	0	1	1	0	0	1	1	1	0	0	1	observed_term_no_disease_translation
Attribute_value_list	Surface_or_secondary_change	Attributes	Rãnh móng			Rãnh móng	Surface_or_secondary_change	Rãnh móng	Attribute_Characteristics	Surface_or_secondary_change	1	1	0	0	1	3	4	0	1	4	1	1	0	0	1	observed_term_no_disease_translation
Attribute_value_list	Surface_or_secondary_change	Attributes	Rãnh móng dọc			Rãnh móng dọc	Surface_or_secondary_change	Rãnh móng dọc	Attribute_Characteristics	Surface_or_secondary_change	0	0	0	0	0	1	2	0	1	2	0	0	0	0	0	observed_term_no_disease_translation
Attribute_value_list	Surface_or_secondary_change	Attributes	rãnh ngang			rãnh ngang	Surface_or_secondary_change	rãnh ngang || Rãnh ngang	Attribute_Characteristics	Surface_or_secondary_change	0	1	0	0	1	3	4	0	1	4	2	2	0	1	2	observed_term_no_disease_translation
Attribute_value_list	Surface_or_secondary_change	Attributes	Rãnh ngang dọc			Rãnh ngang dọc	Surface_or_secondary_change	Rãnh ngang dọc	Attribute_Characteristics	Surface_or_secondary_change	0	0	0	0	0	1	1	0	0	1	1	1	0	0	1	observed_term_no_disease_translation
Attribute_value_list	Surface_or_secondary_change	Attributes	Rãnh ngang móng			Rãnh ngang móng	Surface_or_secondary_change	Rãnh ngang móng	Attribute_Characteristics	Surface_or_secondary_change	0	0	0	0	0	1	1	0	0	1	1	1	0	0	1	observed_term_no_disease_translation
Attribute_value_list	Surface_or_secondary_change	Attributes	Rãnh nông			Rãnh nông	Surface_or_secondary_change	Rãnh nông	Attribute_Characteristics	Surface_or_secondary_change	0	0	0	0	0	0	1	0	0	1	0	0	0	0	0	observed_term_no_disease_translation
Attribute_value_list	Surface_or_secondary_change	Attributes	Rãnh nứt			Rãnh nứt	Surface_or_secondary_change	Rãnh nứt	Attribute_Characteristics	Surface_or_secondary_change	0	0	0	0	0	2	2	0	0	2	0	0	0	0	0	observed_term_no_disease_translation
Attribute_value_list	Surface_or_secondary_change	Attributes	Rãnh nứt dọc			Rãnh nứt dọc	Surface_or_secondary_change	Rãnh nứt dọc	Attribute_Characteristics	Surface_or_secondary_change	0	0	0	0	0	1	1	0	0	1	1	1	0	0	1	observed_term_no_disease_translation
Attribute_value_list	Surface_or_secondary_change	Attributes	Rãnh nứt nông			Rãnh nứt nông	Surface_or_secondary_change	Rãnh nứt nông	Attribute_Characteristics	Surface_or_secondary_change	0	0	0	0	0	1	1	0	0	1	0	0	0	0	0	observed_term_no_disease_translation
Attribute_value_list	Surface_or_secondary_change	Attributes	Rãnh sâu			Rãnh sâu	Surface_or_secondary_change	Rãnh sâu	Attribute_Characteristics	Surface_or_secondary_change	0	0	0	0	0	4	4	0	1	4	1	1	0	0	1	observed_term_no_disease_translation
Attribute_value_list	Surface_or_secondary_change	Attributes	Rãnh trung tâm			Rãnh trung tâm	Surface_or_secondary_change	Rãnh trung tâm	Attribute_Characteristics	Surface_or_secondary_change	0	0	0	0	0	1	1	0	1	1	1	1	0	1	1	observed_term_no_disease_translation
Attribute_value_list	Surface_or_secondary_change	Attributes	Rõ			Rõ	Surface_or_secondary_change	Rõ	Attribute_Characteristics	Surface_or_secondary_change	0	0	0	0	0	3	4	0	1	4	1	1	0	0	1	observed_term_no_disease_translation
Attribute_value_list	Surface_or_secondary_change	Attributes	Rạn			Rạn	Surface_or_secondary_change	Rạn	Attribute_Characteristics	Surface_or_secondary_change	0	0	0	0	0	1	1	0	0	1	0	0	0	0	0	observed_term_no_disease_translation
Attribute_value_list	Surface_or_secondary_change	Attributes	Rạn da			Rạn da	Surface_or_secondary_change	Rạn da	Attribute_Characteristics	Surface_or_secondary_change	0	0	0	0	0	3	4	0	1	4	1	1	0	0	1	observed_term_no_disease_translation
Attribute_value_list	Surface_or_secondary_change	Attributes	Rất nổi			Rất nổi	Surface_or_secondary_change	Rất nổi	Attribute_Characteristics	Surface_or_secondary_change	0	0	0	0	0	1	1	0	1	1	0	0	0	0	0	observed_term_no_disease_translation
Attribute_value_list	Surface_or_secondary_change	Attributes	Rất thô ráp			Rất thô ráp	Surface_or_secondary_change	Rất thô ráp	Attribute_Characteristics	Surface_or_secondary_change	0	0	0	0	0	2	2	0	0	2	1	1	0	0	1	observed_term_no_disease_translation
Attribute_value_list	Surface_or_secondary_change	Attributes	Rỉ dịch			Rỉ dịch	Surface_or_secondary_change	Rỉ dịch || rỉ dịch	Attribute_Characteristics	Surface_or_secondary_change	9	9	0	1	9	76	89	0	21	89	25	31	0	6	31	observed_term_no_disease_translation
Attribute_value_list	Surface_or_secondary_change	Attributes	Rỉ dịch khô			Rỉ dịch khô	Surface_or_secondary_change	Rỉ dịch khô || rỉ dịch khô	Attribute_Characteristics	Surface_or_secondary_change	0	0	0	0	0	3	4	0	1	4	2	2	0	1	2	observed_term_no_disease_translation
Attribute_value_list	Surface_or_secondary_change	Attributes	Rỉ dịch nhẹ			Rỉ dịch nhẹ	Surface_or_secondary_change	Rỉ dịch nhẹ	Attribute_Characteristics	Surface_or_secondary_change	0	0	0	0	0	7	8	0	4	8	3	3	0	1	3	observed_term_no_disease_translation
Attribute_value_list	Surface_or_secondary_change	Attributes	Rỉ máu			Rỉ máu	Surface_or_secondary_change	Rỉ máu	Attribute_Characteristics	Surface_or_secondary_change	0	0	0	0	0	3	3	0	0	3	1	1	0	0	1	observed_term_no_disease_translation
Attribute_value_list	Surface_or_secondary_change	Attributes	Rịn dịch			Rịn dịch	Surface_or_secondary_change	Rịn dịch	Attribute_Characteristics	Surface_or_secondary_change	0	0	0	0	0	1	1	0	0	1	0	0	0	0	0	observed_term_no_disease_translation
Attribute_value_list	Surface_or_secondary_change	Attributes	Rớm dịch			Rớm dịch	Surface_or_secondary_change	Rớm dịch	Attribute_Characteristics	Surface_or_secondary_change	0	0	0	0	0	4	4	0	2	4	1	1	0	0	1	observed_term_no_disease_translation
Attribute_value_list	Surface_or_secondary_change	Attributes	Rớm máu			Rớm máu	Surface_or_secondary_change	Rớm máu	Attribute_Characteristics	Surface_or_secondary_change	1	1	0	0	1	2	2	0	0	2	1	1	0	0	1	observed_term_no_disease_translation
Attribute_value_list	Surface_or_secondary_change	Attributes	Rời rạc			Rời rạc	Surface_or_secondary_change	Rời rạc	Attribute_Characteristics	Surface_or_secondary_change	0	0	0	0	0	2	2	0	1	2	1	1	0	1	1	observed_term_no_disease_translation
Attribute_value_list	Surface_or_secondary_change	Attributes	Sung huyết			Sung huyết	Surface_or_secondary_change	Sung huyết || sung huyết	Attribute_Characteristics	Surface_or_secondary_change	0	0	0	0	0	2	3	0	1	3	0	0	0	0	0	observed_term_no_disease_translation
Attribute_value_list	Surface_or_secondary_change	Attributes	Sát nhau			Sát nhau	Surface_or_secondary_change	Sát nhau	Attribute_Characteristics	Surface_or_secondary_change	0	0	0	0	0	1	1	0	0	1	0	0	0	0	0	observed_term_no_disease_translation
Attribute_value_list	Surface_or_secondary_change	Attributes	sùi			sùi	Surface_or_secondary_change	sùi || Sùi	Attribute_Characteristics	Surface_or_secondary_change	1	2	0	1	2	15	18	0	2	18	6	6	0	1	6	observed_term_no_disease_translation
Attribute_value_list	Surface_or_secondary_change	Attributes	Sùi nhú			Sùi nhú	Surface_or_secondary_change	Sùi nhú	Attribute_Characteristics	Surface_or_secondary_change	0	0	0	0	0	1	1	0	0	1	0	0	0	0	0	observed_term_no_disease_translation
Attribute_value_list	Surface_or_secondary_change	Attributes	Sùi sần			Sùi sần	Surface_or_secondary_change	Sùi sần	Attribute_Characteristics	Surface_or_secondary_change	0	0	0	0	0	1	1	0	0	1	1	1	0	0	1	observed_term_no_disease_translation
Attribute_value_list	Surface_or_secondary_change	Attributes	Sưng			Sưng	Surface_or_secondary_change	Sưng	Attribute_Characteristics	Surface_or_secondary_change	0	0	0	0	0	0	1	0	0	1	0	0	0	0	0	observed_term_no_disease_translation
Attribute_value_list	Surface_or_secondary_change	Attributes	Sưng bàn chân			Sưng bàn chân	Surface_or_secondary_change	Sưng bàn chân	Attribute_Characteristics	Surface_or_secondary_change	0	0	0	0	0	1	1	0	0	1	0	0	0	0	0	observed_term_no_disease_translation
Attribute_value_list	Surface_or_secondary_change	Attributes	Sưng bóng			Sưng bóng	Surface_or_secondary_change	Sưng bóng	Attribute_Characteristics	Surface_or_secondary_change	0	0	0	0	0	1	1	0	0	1	1	1	0	0	1	observed_term_no_disease_translation
Attribute_value_list	Surface_or_secondary_change	Attributes	Sưng cổ chân			Sưng cổ chân	Surface_or_secondary_change	Sưng cổ chân	Attribute_Characteristics	Surface_or_secondary_change	0	0	0	0	0	1	1	0	0	1	0	0	0	0	0	observed_term_no_disease_translation
Attribute_value_list	Surface_or_secondary_change	Attributes	Sưng mí mắt			Sưng mí mắt	Surface_or_secondary_change	Sưng mí mắt	Attribute_Characteristics	Surface_or_secondary_change	0	0	0	0	0	1	1	0	0	1	1	1	0	0	1	observed_term_no_disease_translation
Attribute_value_list	Surface_or_secondary_change	Attributes	Sưng ngón tay			Sưng ngón tay	Surface_or_secondary_change	Sưng ngón tay	Attribute_Characteristics	Surface_or_secondary_change	1	1	0	1	1	0	0	0	0	0	0	0	0	0	0	observed_term_no_disease_translation
Attribute_value_list	Surface_or_secondary_change	Attributes	sưng nhẹ			sưng nhẹ	Surface_or_secondary_change	sưng nhẹ || Sưng nhẹ	Attribute_Characteristics	Surface_or_secondary_change	0	1	0	0	1	7	9	0	3	9	2	4	0	1	4	observed_term_no_disease_translation
Attribute_value_list	Surface_or_secondary_change	Attributes	sưng nề			sưng nề	Surface_or_secondary_change	sưng nề || Sưng nề	Attribute_Characteristics	Surface_or_secondary_change	7	8	0	2	8	55	71	0	15	71	19	24	0	6	24	observed_term_no_disease_translation
Attribute_value_list	Surface_or_secondary_change	Attributes	Sưng nề nhẹ			Sưng nề nhẹ	Surface_or_secondary_change	Sưng nề nhẹ	Attribute_Characteristics	Surface_or_secondary_change	0	0	0	0	0	4	4	0	2	4	2	2	0	1	2	observed_term_no_disease_translation
Attribute_value_list	Surface_or_secondary_change	Attributes	Sưng quanh móng			Sưng quanh móng	Surface_or_secondary_change	Sưng quanh móng	Attribute_Characteristics	Surface_or_secondary_change	1	1	0	0	1	0	0	0	0	0	0	0	0	0	0	observed_term_no_disease_translation
Attribute_value_list	Surface_or_secondary_change	Attributes	Sưng to			Sưng to	Surface_or_secondary_change	Sưng to	Attribute_Characteristics	Surface_or_secondary_change	0	0	0	0	0	2	2	0	0	2	1	1	0	0	1	observed_term_no_disease_translation
Attribute_value_list	Surface_or_secondary_change	Attributes	Sưng toàn bộ			Sưng toàn bộ	Surface_or_secondary_change	Sưng toàn bộ	Attribute_Characteristics	Surface_or_secondary_change	0	0	0	0	0	1	1	0	1	1	0	0	0	0	0	observed_term_no_disease_translation
Attribute_value_list	Surface_or_secondary_change	Attributes	sần			sần	Surface_or_secondary_change	sần || Sần	Attribute_Characteristics	Surface_or_secondary_change	0	0	0	0	0	12	16	0	5	16	4	6	0	2	6	observed_term_no_disease_translation
Attribute_value_list	Surface_or_secondary_change	Attributes	Sần nhẹ			Sần nhẹ	Surface_or_secondary_change	Sần nhẹ	Attribute_Characteristics	Surface_or_secondary_change	0	0	0	0	0	11	11	0	3	11	3	3	0	1	3	observed_term_no_disease_translation
Attribute_value_list	Surface_or_secondary_change	Attributes	Sần ráp			Sần ráp	Surface_or_secondary_change	Sần ráp || sần ráp	Attribute_Characteristics	Surface_or_secondary_change	1	1	0	1	1	8	9	0	4	9	2	3	0	0	3	observed_term_no_disease_translation
Attribute_value_list	Surface_or_secondary_change	Attributes	Sần sùi			Sần sùi	Surface_or_secondary_change	Sần sùi || sần sùi	Attribute_Characteristics	Surface_or_secondary_change	2	2	0	0	2	11	15	0	3	15	5	6	0	2	6	observed_term_no_disease_translation
Attribute_value_list	Surface_or_secondary_change	Attributes	Sẩn bóng			Sẩn bóng	Surface_or_secondary_change	Sẩn bóng	Attribute_Characteristics	Surface_or_secondary_change	0	0	0	0	0	2	2	0	1	2	0	0	0	0	0	observed_term_no_disease_translation
Attribute_value_list	Surface_or_secondary_change	Attributes	Sẩn chắc			Sẩn chắc	Surface_or_secondary_change	Sẩn chắc	Attribute_Characteristics	Surface_or_secondary_change	1	1	0	0	1	0	0	0	0	0	0	0	0	0	0	observed_term_no_disease_translation
Attribute_value_list	Surface_or_secondary_change	Attributes	Sẩn li ti			Sẩn li ti	Surface_or_secondary_change	Sẩn li ti	Attribute_Characteristics	Surface_or_secondary_change	0	0	0	0	0	2	2	0	1	2	0	0	0	0	0	observed_term_no_disease_translation
Attribute_value_list	Surface_or_secondary_change	Attributes	Sẩn nang lông			Sẩn nang lông	Surface_or_secondary_change	Sẩn nang lông	Attribute_Characteristics	Surface_or_secondary_change	1	1	0	0	1	2	3	0	1	3	0	0	0	0	0	observed_term_no_disease_translation
Attribute_value_list	Surface_or_secondary_change	Attributes	Sẩn nhỏ			Sẩn nhỏ	Surface_or_secondary_change	Sẩn nhỏ	Attribute_Characteristics	Surface_or_secondary_change	3	3	0	1	3	22	28	0	13	28	9	11	0	6	11	observed_term_no_disease_translation
Attribute_value_list	Surface_or_secondary_change	Attributes	Sẩn nhỏ rìa			Sẩn nhỏ rìa	Surface_or_secondary_change	Sẩn nhỏ rìa	Attribute_Characteristics	Surface_or_secondary_change	0	0	0	0	0	1	1	0	0	1	0	0	0	0	0	observed_term_no_disease_translation
Attribute_value_list	Surface_or_secondary_change	Attributes	Sẩn phù mịn			Sẩn phù mịn	Surface_or_secondary_change	Sẩn phù mịn	Attribute_Characteristics	Surface_or_secondary_change	0	0	0	0	0	1	1	0	1	1	0	0	0	0	0	observed_term_no_disease_translation
Attribute_value_list	Surface_or_secondary_change	Attributes	Sẩn rốn giữa			Sẩn rốn giữa	Surface_or_secondary_change	Sẩn rốn giữa	Attribute_Characteristics	Surface_or_secondary_change	0	0	0	0	0	1	1	0	0	1	0	0	0	0	0	observed_term_no_disease_translation
Attribute_value_list	Surface_or_secondary_change	Attributes	Sẩn rốn lõm			Sẩn rốn lõm	Surface_or_secondary_change	Sẩn rốn lõm	Attribute_Characteristics	Surface_or_secondary_change	0	0	0	0	0	1	1	0	1	1	0	0	0	0	0	observed_term_no_disease_translation
Attribute_value_list	Surface_or_secondary_change	Attributes	Sẩn trung tâm			Sẩn trung tâm	Surface_or_secondary_change	Sẩn trung tâm	Attribute_Characteristics	Surface_or_secondary_change	0	0	0	0	0	1	1	0	1	1	0	0	0	0	0	observed_term_no_disease_translation
Attribute_value_list	Surface_or_secondary_change	Attributes	Sẩn vòm nhỏ			Sẩn vòm nhỏ	Surface_or_secondary_change	Sẩn vòm nhỏ	Attribute_Characteristics	Surface_or_secondary_change	0	0	0	0	0	2	2	0	0	2	0	0	0	0	0	observed_term_no_disease_translation
Attribute_value_list	Surface_or_secondary_change	Attributes	Sẩn đều nhau			Sẩn đều nhau	Surface_or_secondary_change	Sẩn đều nhau	Attribute_Characteristics	Surface_or_secondary_change	0	0	0	0	0	1	1	0	0	1	0	0	0	0	0	observed_term_no_disease_translation
Attribute_value_list	Surface_or_secondary_change	Attributes	Sẩn đỏ			Sẩn đỏ	Surface_or_secondary_change	Sẩn đỏ	Attribute_Characteristics	Surface_or_secondary_change	0	0	0	0	0	1	1	0	1	1	0	0	0	0	0	observed_term_no_disease_translation
Attribute_value_list	Surface_or_secondary_change	Attributes	Sắc tố không đều			Sắc tố không đều	Surface_or_secondary_change	Sắc tố không đều	Attribute_Characteristics	Surface_or_secondary_change	0	0	0	0	0	2	2	0	1	2	0	0	0	0	0	observed_term_no_disease_translation
Attribute_value_list	Surface_or_secondary_change	Attributes	Sắc tố không đồng nhất			Sắc tố không đồng nhất	Surface_or_secondary_change	Sắc tố không đồng nhất	Attribute_Characteristics	Surface_or_secondary_change	0	0	0	0	0	1	1	0	0	1	1	1	0	0	1	observed_term_no_disease_translation
Attribute_value_list	Surface_or_secondary_change	Attributes	Sắc tố loang lổ			Sắc tố loang lổ	Surface_or_secondary_change	Sắc tố loang lổ	Attribute_Characteristics	Surface_or_secondary_change	0	0	0	0	0	1	1	0	0	1	0	0	0	0	0	observed_term_no_disease_translation
Attribute_value_list	Surface_or_secondary_change	Attributes	Sắc tố nâu			Sắc tố nâu	Surface_or_secondary_change	Sắc tố nâu	Attribute_Characteristics	Surface_or_secondary_change	0	0	0	0	0	1	1	0	0	1	0	0	0	0	0	observed_term_no_disease_translation
Attribute_value_list	Surface_or_secondary_change	Attributes	Sắc tố sẫm			Sắc tố sẫm	Surface_or_secondary_change	Sắc tố sẫm	Attribute_Characteristics	Surface_or_secondary_change	0	0	0	0	0	1	1	0	1	1	0	0	0	0	0	observed_term_no_disease_translation
Attribute_value_list	Surface_or_secondary_change	Attributes	Sẹo			Sẹo	Surface_or_secondary_change	Sẹo	Attribute_Characteristics	Surface_or_secondary_change	0	0	0	0	0	4	4	0	0	4	2	2	0	0	2	observed_term_no_disease_translation
Attribute_value_list	Surface_or_secondary_change	Attributes	Sẹo co kéo			Sẹo co kéo	Surface_or_secondary_change	Sẹo co kéo	Attribute_Characteristics	Surface_or_secondary_change	2	2	0	1	2	0	0	0	0	0	0	0	0	0	0	observed_term_no_disease_translation
Attribute_value_list	Surface_or_secondary_change	Attributes	Sẹo cũ			Sẹo cũ	Surface_or_secondary_change	Sẹo cũ	Attribute_Characteristics	Surface_or_secondary_change	0	0	0	0	0	1	1	0	0	1	0	0	0	0	0	observed_term_no_disease_translation
Attribute_value_list	Surface_or_secondary_change	Attributes	Sẹo dọc giữa ngực			Sẹo dọc giữa ngực	Surface_or_secondary_change	Sẹo dọc giữa ngực	Attribute_Characteristics	Surface_or_secondary_change	0	0	0	0	0	0	1	0	0	1	0	1	0	0	1	observed_term_no_disease_translation
Attribute_value_list	Surface_or_secondary_change	Attributes	Sẹo giảm sắc tố			Sẹo giảm sắc tố	Surface_or_secondary_change	Sẹo giảm sắc tố	Attribute_Characteristics	Surface_or_secondary_change	0	0	0	0	0	1	1	0	0	1	0	0	0	0	0	observed_term_no_disease_translation
Attribute_value_list	Surface_or_secondary_change	Attributes	sẹo lõm			sẹo lõm	Surface_or_secondary_change	sẹo lõm || Sẹo lõm	Attribute_Characteristics	Surface_or_secondary_change	2	3	0	0	3	7	7	0	0	7	2	2	0	0	2	observed_term_no_disease_translation
Attribute_value_list	Surface_or_secondary_change	Attributes	sẹo lõm nhẹ			sẹo lõm nhẹ	Surface_or_secondary_change	sẹo lõm nhẹ	Attribute_Characteristics	Surface_or_secondary_change	0	1	0	0	1	0	0	0	0	0	0	0	0	0	0	observed_term_no_disease_translation
Attribute_value_list	Surface_or_secondary_change	Attributes	Sẹo nhỏ			Sẹo nhỏ	Surface_or_secondary_change	Sẹo nhỏ	Attribute_Characteristics	Surface_or_secondary_change	1	1	0	0	1	0	0	0	0	0	0	0	0	0	0	observed_term_no_disease_translation
Attribute_value_list	Surface_or_secondary_change	Attributes	Sẹo teo			Sẹo teo	Surface_or_secondary_change	Sẹo teo	Attribute_Characteristics	Surface_or_secondary_change	0	0	0	0	0	4	5	0	1	5	1	1	0	0	1	observed_term_no_disease_translation
Attribute_value_list	Surface_or_secondary_change	Attributes	Sẹo thâm			Sẹo thâm	Surface_or_secondary_change	Sẹo thâm	Attribute_Characteristics	Surface_or_secondary_change	0	0	0	0	0	1	1	0	0	1	0	0	0	0	0	observed_term_no_disease_translation
Attribute_value_list	Surface_or_secondary_change	Attributes	Sẹo trắng			Sẹo trắng	Surface_or_secondary_change	Sẹo trắng	Attribute_Characteristics	Surface_or_secondary_change	1	1	0	0	1	0	0	0	0	0	0	0	0	0	0	observed_term_no_disease_translation
Attribute_value_list	Surface_or_secondary_change	Attributes	Sẹo xung quanh			Sẹo xung quanh	Surface_or_secondary_change	Sẹo xung quanh	Attribute_Characteristics	Surface_or_secondary_change	0	0	0	0	0	1	1	0	1	1	0	0	0	0	0	observed_term_no_disease_translation
Attribute_value_list	Surface_or_secondary_change	Attributes	Sọc dọc			Sọc dọc	Surface_or_secondary_change	Sọc dọc	Attribute_Characteristics	Surface_or_secondary_change	1	1	0	0	1	1	1	0	1	1	0	0	0	0	0	observed_term_no_disease_translation
Attribute_value_list	Surface_or_secondary_change	Attributes	Sọc dọc móng			Sọc dọc móng	Surface_or_secondary_change	Sọc dọc móng	Attribute_Characteristics	Surface_or_secondary_change	0	0	0	0	0	1	1	0	0	1	1	1	0	0	1	observed_term_no_disease_translation
Attribute_value_list	Surface_or_secondary_change	Attributes	Sừng dày			Sừng dày	Surface_or_secondary_change	Sừng dày	Attribute_Characteristics	Surface_or_secondary_change	0	0	0	0	0	1	1	0	1	1	0	0	0	0	0	observed_term_no_disease_translation
Attribute_value_list	Surface_or_secondary_change	Attributes	sừng hóa			sừng hóa	Surface_or_secondary_change	sừng hóa || Sừng hóa	Attribute_Characteristics	Surface_or_secondary_change	2	2	4	18	23	7	7	53	130	189	2	2	22	47	71	observed_term_no_disease_translation
Attribute_value_list	Surface_or_secondary_change	Attributes	Sừng hóa nhẹ			Sừng hóa nhẹ	Surface_or_secondary_change	Sừng hóa nhẹ	Attribute_Characteristics	Surface_or_secondary_change	0	0	0	0	0	2	3	0	1	3	1	2	0	0	2	observed_term_no_disease_translation
Attribute_value_list	Surface_or_secondary_change	Attributes	Sừng nhẹ			Sừng nhẹ	Surface_or_secondary_change	Sừng nhẹ	Attribute_Characteristics	Surface_or_secondary_change	0	0	0	0	0	2	3	0	1	3	0	0	0	0	0	observed_term_no_disease_translation
Attribute_value_list	Surface_or_secondary_change	Attributes	Sừng trung tâm			Sừng trung tâm	Surface_or_secondary_change	Sừng trung tâm	Attribute_Characteristics	Surface_or_secondary_change	0	0	0	0	0	1	1	0	1	1	0	0	0	0	0	observed_term_no_disease_translation
Attribute_value_list	Surface_or_secondary_change	Attributes	Teo			Teo	Surface_or_secondary_change	Teo	Attribute_Characteristics	Surface_or_secondary_change	2	2	0	0	2	5	6	0	1	6	3	4	0	1	4	observed_term_no_disease_translation
Attribute_value_list	Surface_or_secondary_change	Attributes	Teo da			Teo da	Surface_or_secondary_change	Teo da || teo da	Attribute_Characteristics	Surface_or_secondary_change	3	4	1	0	5	27	28	17	7	45	9	10	4	3	14	observed_term_no_disease_translation
Attribute_value_list	Surface_or_secondary_change	Attributes	Teo da nhẹ			Teo da nhẹ	Surface_or_secondary_change	Teo da nhẹ	Attribute_Characteristics	Surface_or_secondary_change	3	3	0	0	3	7	7	0	2	7	4	4	0	1	4	observed_term_no_disease_translation
Attribute_value_list	Surface_or_secondary_change	Attributes	Teo lõm			Teo lõm	Surface_or_secondary_change	Teo lõm	Attribute_Characteristics	Surface_or_secondary_change	0	0	0	0	0	1	1	0	0	1	0	0	0	0	0	observed_term_no_disease_translation
Attribute_value_list	Surface_or_secondary_change	Attributes	teo nhẹ			teo nhẹ	Surface_or_secondary_change	teo nhẹ || Teo nhẹ	Attribute_Characteristics	Surface_or_secondary_change	0	0	0	0	0	2	3	0	1	3	1	2	0	0	2	observed_term_no_disease_translation
Attribute_value_list	Surface_or_secondary_change	Attributes	Teo sẹo			Teo sẹo	Surface_or_secondary_change	Teo sẹo	Attribute_Characteristics	Surface_or_secondary_change	0	0	0	0	0	2	2	0	1	2	0	0	0	0	0	observed_term_no_disease_translation
Attribute_value_list	Surface_or_secondary_change	Attributes	Test lạnh			Test lạnh	Surface_or_secondary_change	Test lạnh	Attribute_Characteristics	Surface_or_secondary_change	0	0	0	0	0	1	1	0	0	1	0	0	0	0	0	observed_term_no_disease_translation
Attribute_value_list	Surface_or_secondary_change	Attributes	Theo nếp gấp			Theo nếp gấp	Surface_or_secondary_change	Theo nếp gấp	Attribute_Characteristics	Surface_or_secondary_change	1	1	0	0	1	0	0	0	0	0	0	0	0	0	0	observed_term_no_disease_translation
Attribute_value_list	Surface_or_secondary_change	Attributes	Theo đường			Theo đường	Surface_or_secondary_change	Theo đường	Attribute_Characteristics	Surface_or_secondary_change	0	0	0	0	0	1	1	0	1	1	1	1	0	1	1	observed_term_no_disease_translation
Attribute_value_list	Surface_or_secondary_change	Attributes	Thành chùm			Thành chùm	Surface_or_secondary_change	Thành chùm	Attribute_Characteristics	Surface_or_secondary_change	0	0	0	0	0	0	2	0	0	2	0	1	0	0	1	observed_term_no_disease_translation
Attribute_value_list	Surface_or_secondary_change	Attributes	Thâm			Thâm	Surface_or_secondary_change	Thâm	Attribute_Characteristics	Surface_or_secondary_change	1	1	0	0	1	8	9	0	0	9	3	3	0	0	3	observed_term_no_disease_translation
Attribute_value_list	Surface_or_secondary_change	Attributes	Thâm màu			Thâm màu	Surface_or_secondary_change	Thâm màu	Attribute_Characteristics	Surface_or_secondary_change	0	0	0	0	0	3	4	0	2	4	0	0	0	0	0	observed_term_no_disease_translation
Attribute_value_list	Surface_or_secondary_change	Attributes	Thâm nhiễm			Thâm nhiễm	Surface_or_secondary_change	Thâm nhiễm || thâm nhiễm	Attribute_Characteristics	Surface_or_secondary_change	2	2	0	0	2	7	9	0	0	9	2	2	0	0	2	observed_term_no_disease_translation
Attribute_value_list	Surface_or_secondary_change	Attributes	Thâm nhẹ			Thâm nhẹ	Surface_or_secondary_change	Thâm nhẹ	Attribute_Characteristics	Surface_or_secondary_change	0	0	0	0	0	2	2	0	1	2	0	0	0	0	0	observed_term_no_disease_translation
Attribute_value_list	Surface_or_secondary_change	Attributes	Thâm trung tâm			Thâm trung tâm	Surface_or_secondary_change	Thâm trung tâm	Attribute_Characteristics	Surface_or_secondary_change	0	0	0	0	0	0	1	0	0	1	0	0	0	0	0	observed_term_no_disease_translation
Attribute_value_list	Surface_or_secondary_change	Attributes	Thâm tím			Thâm tím	Surface_or_secondary_change	Thâm tím	Attribute_Characteristics	Surface_or_secondary_change	0	0	0	0	0	1	1	0	1	1	1	1	0	1	1	observed_term_no_disease_translation
Attribute_value_list	Surface_or_secondary_change	Attributes	Thâm đỏ			Thâm đỏ	Surface_or_secondary_change	Thâm đỏ	Attribute_Characteristics	Surface_or_secondary_change	1	1	0	0	1	0	0	0	0	0	0	0	0	0	0	observed_term_no_disease_translation
Attribute_value_list	Surface_or_secondary_change	Attributes	Thân dẹt			Thân dẹt	Surface_or_secondary_change	Thân dẹt	Attribute_Characteristics	Surface_or_secondary_change	0	0	0	0	0	1	1	0	1	1	0	0	0	0	0	observed_term_no_disease_translation
Attribute_value_list	Surface_or_secondary_change	Attributes	Thô			Thô	Surface_or_secondary_change	Thô	Attribute_Characteristics	Surface_or_secondary_change	0	0	0	0	0	2	2	0	0	2	0	0	0	0	0	observed_term_no_disease_translation
Attribute_value_list	Surface_or_secondary_change	Attributes	Thô ráp			Thô ráp	Surface_or_secondary_change	Thô ráp || thô ráp	Attribute_Characteristics	Surface_or_secondary_change	3	5	0	2	5	30	33	0	8	33	16	18	0	5	18	observed_term_no_disease_translation
Attribute_value_list	Surface_or_secondary_change	Attributes	Thô ráp nhẹ			Thô ráp nhẹ	Surface_or_secondary_change	Thô ráp nhẹ	Attribute_Characteristics	Surface_or_secondary_change	0	0	0	0	0	1	1	0	0	1	0	0	0	0	0	observed_term_no_disease_translation
Attribute_value_list	Surface_or_secondary_change	Attributes	Thùy múi			Thùy múi	Surface_or_secondary_change	Thùy múi	Attribute_Characteristics	Surface_or_secondary_change	1	1	0	0	1	1	1	0	1	1	1	1	0	1	1	observed_term_no_disease_translation
Attribute_value_list	Surface_or_secondary_change	Attributes	Thùy nhẹ			Thùy nhẹ	Surface_or_secondary_change	Thùy nhẹ	Attribute_Characteristics	Surface_or_secondary_change	0	0	0	0	0	1	1	0	0	1	0	0	0	0	0	observed_term_no_disease_translation
Attribute_value_list	Surface_or_secondary_change	Attributes	Tia mạch máu			Tia mạch máu	Surface_or_secondary_change	Tia mạch máu	Attribute_Characteristics	Surface_or_secondary_change	0	0	0	0	0	1	1	0	1	1	0	0	0	0	0	observed_term_no_disease_translation
Attribute_value_list	Surface_or_secondary_change	Attributes	Tiết dịch			Tiết dịch	Surface_or_secondary_change	Tiết dịch	Attribute_Characteristics	Surface_or_secondary_change	0	0	0	0	0	4	4	0	0	4	1	1	0	0	1	observed_term_no_disease_translation
Attribute_value_list	Surface_or_secondary_change	Attributes	tiết dịch khô			tiết dịch khô	Surface_or_secondary_change	tiết dịch khô	Attribute_Characteristics	Surface_or_secondary_change	0	0	0	0	0	0	1	0	0	1	0	0	0	0	0	observed_term_no_disease_translation
Attribute_value_list	Surface_or_secondary_change	Attributes	Tiết dịch ít			Tiết dịch ít	Surface_or_secondary_change	Tiết dịch ít	Attribute_Characteristics	Surface_or_secondary_change	0	0	0	0	0	1	1	0	0	1	0	0	0	0	0	observed_term_no_disease_translation
Attribute_value_list	Surface_or_secondary_change	Attributes	To			To	Surface_or_secondary_change	To	Attribute_Characteristics	Surface_or_secondary_change	0	0	0	0	0	1	1	0	1	1	1	1	0	1	1	observed_term_no_disease_translation
Attribute_value_list	Surface_or_secondary_change	Attributes	Tro			Tro	Surface_or_secondary_change	Tro	Attribute_Characteristics	Surface_or_secondary_change	0	0	0	0	0	1	1	0	0	1	1	1	0	0	1	observed_term_no_disease_translation
Attribute_value_list	Surface_or_secondary_change	Attributes	Trong mờ			Trong mờ	Surface_or_secondary_change	Trong mờ	Attribute_Characteristics	Surface_or_secondary_change	0	0	0	0	0	1	1	0	1	1	1	1	0	1	1	observed_term_no_disease_translation
Attribute_value_list	Surface_or_secondary_change	Attributes	Trung tâm bóng			Trung tâm bóng	Surface_or_secondary_change	Trung tâm bóng	Attribute_Characteristics	Surface_or_secondary_change	0	0	0	0	0	1	1	0	1	1	1	1	0	1	1	observed_term_no_disease_translation
Attribute_value_list	Surface_or_secondary_change	Attributes	Trung tâm chấm đen			Trung tâm chấm đen	Surface_or_secondary_change	Trung tâm chấm đen	Attribute_Characteristics	Surface_or_secondary_change	0	0	0	0	0	1	1	0	0	1	0	0	0	0	0	observed_term_no_disease_translation
Attribute_value_list	Surface_or_secondary_change	Attributes	Trung tâm gồ			Trung tâm gồ	Surface_or_secondary_change	Trung tâm gồ	Attribute_Characteristics	Surface_or_secondary_change	1	1	0	1	1	0	0	0	0	0	0	0	0	0	0	observed_term_no_disease_translation
Attribute_value_list	Surface_or_secondary_change	Attributes	Trung tâm hoại tử			Trung tâm hoại tử	Surface_or_secondary_change	Trung tâm hoại tử	Attribute_Characteristics	Surface_or_secondary_change	0	0	0	0	0	1	1	0	0	1	1	1	0	0	1	observed_term_no_disease_translation
Attribute_value_list	Surface_or_secondary_change	Attributes	Trung tâm hở			Trung tâm hở	Surface_or_secondary_change	Trung tâm hở	Attribute_Characteristics	Surface_or_secondary_change	0	0	0	0	0	1	1	0	0	1	1	1	0	0	1	observed_term_no_disease_translation
Attribute_value_list	Surface_or_secondary_change	Attributes	Trung tâm loét			Trung tâm loét	Surface_or_secondary_change	Trung tâm loét	Attribute_Characteristics	Surface_or_secondary_change	1	1	0	0	1	3	3	0	1	3	1	1	0	1	1	observed_term_no_disease_translation
Attribute_value_list	Surface_or_secondary_change	Attributes	Trung tâm lành			Trung tâm lành	Surface_or_secondary_change	Trung tâm lành || trung tâm lành	Attribute_Characteristics	Surface_or_secondary_change	4	4	0	1	4	12	15	0	3	15	5	5	0	2	5	observed_term_no_disease_translation
Attribute_value_list	Surface_or_secondary_change	Attributes	Trung tâm lõm			Trung tâm lõm	Surface_or_secondary_change	Trung tâm lõm	Attribute_Characteristics	Surface_or_secondary_change	3	3	0	2	3	10	11	0	4	11	3	3	0	2	3	observed_term_no_disease_translation
Attribute_value_list	Surface_or_secondary_change	Attributes	Trung tâm mủ			Trung tâm mủ	Surface_or_secondary_change	Trung tâm mủ	Attribute_Characteristics	Surface_or_secondary_change	0	0	0	0	0	5	5	0	1	5	1	1	0	0	1	observed_term_no_disease_translation
Attribute_value_list	Surface_or_secondary_change	Attributes	trung tâm nhạt			trung tâm nhạt	Surface_or_secondary_change	trung tâm nhạt || Trung tâm nhạt	Attribute_Characteristics	Surface_or_secondary_change	19	20	0	5	20	92	111	0	23	111	28	34	0	7	34	observed_term_no_disease_translation
Attribute_value_list	Surface_or_secondary_change	Attributes	Trung tâm nhạt màu			Trung tâm nhạt màu	Surface_or_secondary_change	Trung tâm nhạt màu || trung tâm nhạt màu	Attribute_Characteristics	Surface_or_secondary_change	3	3	0	2	3	26	33	0	7	33	13	18	0	5	18	observed_term_no_disease_translation
Attribute_value_list	Surface_or_secondary_change	Attributes	Trung tâm nhẵn			Trung tâm nhẵn	Surface_or_secondary_change	Trung tâm nhẵn	Attribute_Characteristics	Surface_or_secondary_change	0	0	0	0	0	1	1	0	0	1	0	0	0	0	0	observed_term_no_disease_translation
Attribute_value_list	Surface_or_secondary_change	Attributes	Trung tâm nổi			Trung tâm nổi	Surface_or_secondary_change	Trung tâm nổi	Attribute_Characteristics	Surface_or_secondary_change	0	0	0	0	0	1	1	0	0	1	1	1	0	0	1	observed_term_no_disease_translation
Attribute_value_list	Surface_or_secondary_change	Attributes	Trung tâm sáng			Trung tâm sáng	Surface_or_secondary_change	Trung tâm sáng	Attribute_Characteristics	Surface_or_secondary_change	0	0	0	0	0	1	1	0	0	1	1	1	0	0	1	observed_term_no_disease_translation
Attribute_value_list	Surface_or_secondary_change	Attributes	Trung tâm sạch			Trung tâm sạch	Surface_or_secondary_change	Trung tâm sạch	Attribute_Characteristics	Surface_or_secondary_change	1	1	0	0	1	0	0	0	0	0	0	0	0	0	0	observed_term_no_disease_translation
Attribute_value_list	Surface_or_secondary_change	Attributes	Trung tâm sẫm			Trung tâm sẫm	Surface_or_secondary_change	Trung tâm sẫm || trung tâm sẫm	Attribute_Characteristics	Surface_or_secondary_change	6	6	0	0	6	24	27	0	7	27	9	11	0	4	11	observed_term_no_disease_translation
Attribute_value_list	Surface_or_secondary_change	Attributes	Trung tâm sẫm màu			Trung tâm sẫm màu	Surface_or_secondary_change	Trung tâm sẫm màu	Attribute_Characteristics	Surface_or_secondary_change	0	0	0	0	0	2	2	0	0	2	0	0	0	0	0	observed_term_no_disease_translation
Attribute_value_list	Surface_or_secondary_change	Attributes	Trung tâm sừng đen			Trung tâm sừng đen	Surface_or_secondary_change	Trung tâm sừng đen	Attribute_Characteristics	Surface_or_secondary_change	0	0	0	0	0	1	1	0	1	1	1	1	0	1	1	observed_term_no_disease_translation
Attribute_value_list	Surface_or_secondary_change	Attributes	Trung tâm trắng			Trung tâm trắng	Surface_or_secondary_change	Trung tâm trắng	Attribute_Characteristics	Surface_or_secondary_change	0	0	0	0	0	6	6	0	2	6	2	2	0	0	2	observed_term_no_disease_translation
Attribute_value_list	Surface_or_secondary_change	Attributes	Trung tâm Trắng vàng			Trung tâm Trắng vàng	Surface_or_secondary_change	Trung tâm Trắng vàng	Attribute_Characteristics	Surface_or_secondary_change	0	0	0	0	0	1	1	0	1	1	0	0	0	0	0	observed_term_no_disease_translation
Attribute_value_list	Surface_or_secondary_change	Attributes	Trung tâm trợt			Trung tâm trợt	Surface_or_secondary_change	Trung tâm trợt	Attribute_Characteristics	Surface_or_secondary_change	1	1	0	1	1	14	14	0	3	14	8	8	0	2	8	observed_term_no_disease_translation
Attribute_value_list	Surface_or_secondary_change	Attributes	Trung tâm vàng			Trung tâm vàng	Surface_or_secondary_change	Trung tâm vàng	Attribute_Characteristics	Surface_or_secondary_change	0	0	0	0	0	1	1	0	0	1	0	0	0	0	0	observed_term_no_disease_translation
Attribute_value_list	Surface_or_secondary_change	Attributes	Trung tâm vảy tiết			Trung tâm vảy tiết	Surface_or_secondary_change	Trung tâm vảy tiết	Attribute_Characteristics	Surface_or_secondary_change	0	0	0	0	0	2	2	0	0	2	0	0	0	0	0	observed_term_no_disease_translation
Attribute_value_list	Surface_or_secondary_change	Attributes	Trung tâm đậm			Trung tâm đậm	Surface_or_secondary_change	Trung tâm đậm	Attribute_Characteristics	Surface_or_secondary_change	0	0	0	0	0	6	6	0	4	6	2	2	0	2	2	observed_term_no_disease_translation
Attribute_value_list	Surface_or_secondary_change	Attributes	Trung tâm đỏ			Trung tâm đỏ	Surface_or_secondary_change	Trung tâm đỏ	Attribute_Characteristics	Surface_or_secondary_change	0	0	0	0	0	1	2	0	0	2	0	0	0	0	0	observed_term_no_disease_translation
Attribute_value_list	Surface_or_secondary_change	Attributes	Trung tâm đỏ-đậm			Trung tâm đỏ-đậm	Surface_or_secondary_change	Trung tâm đỏ-đậm	Attribute_Characteristics	Surface_or_secondary_change	0	0	0	0	0	1	1	0	1	1	0	0	0	0	0	observed_term_no_disease_translation
Attribute_value_list	Surface_or_secondary_change	Attributes	Tróc da			Tróc da	Surface_or_secondary_change	Tróc da	Attribute_Characteristics	Surface_or_secondary_change	1	1	0	0	1	7	9	0	5	9	2	4	0	2	4	observed_term_no_disease_translation
Attribute_value_list	Surface_or_secondary_change	Attributes	Tróc da nông			Tróc da nông	Surface_or_secondary_change	Tróc da nông	Attribute_Characteristics	Surface_or_secondary_change	0	0	0	0	0	1	1	0	0	1	0	0	0	0	0	observed_term_no_disease_translation
Attribute_value_list	Surface_or_secondary_change	Attributes	Tróc thượng bì			Tróc thượng bì	Surface_or_secondary_change	Tróc thượng bì	Attribute_Characteristics	Surface_or_secondary_change	0	0	0	0	0	1	1	0	0	1	0	0	0	0	0	observed_term_no_disease_translation
Attribute_value_list	Surface_or_secondary_change	Attributes	Tróc vảy			Tróc vảy	Surface_or_secondary_change	Tróc vảy	Attribute_Characteristics	Surface_or_secondary_change	3	3	0	0	3	28	34	0	9	34	9	10	0	3	10	observed_term_no_disease_translation
Attribute_value_list	Surface_or_secondary_change	Attributes	Tróc vảy mịn			Tróc vảy mịn	Surface_or_secondary_change	Tróc vảy mịn	Attribute_Characteristics	Surface_or_secondary_change	0	0	0	0	0	2	2	0	1	2	1	1	0	0	1	observed_term_no_disease_translation
Attribute_value_list	Surface_or_secondary_change	Attributes	Tróc vảy nhẹ			Tróc vảy nhẹ	Surface_or_secondary_change	Tróc vảy nhẹ	Attribute_Characteristics	Surface_or_secondary_change	0	0	0	0	0	1	1	0	1	1	0	0	0	0	0	observed_term_no_disease_translation
Attribute_value_list	Surface_or_secondary_change	Attributes	Trơn			Trơn	Surface_or_secondary_change	Trơn	Attribute_Characteristics	Surface_or_secondary_change	2	2	0	0	2	5	6	0	3	6	1	1	0	0	1	observed_term_no_disease_translation
Attribute_value_list	Surface_or_secondary_change	Attributes	Trơn bóng			Trơn bóng	Surface_or_secondary_change	Trơn bóng	Attribute_Characteristics	Surface_or_secondary_change	0	0	0	0	0	1	1	0	0	1	1	1	0	0	1	observed_term_no_disease_translation
Attribute_value_list	Surface_or_secondary_change	Attributes	Trơn láng			Trơn láng	Surface_or_secondary_change	Trơn láng || trơn láng	Attribute_Characteristics	Surface_or_secondary_change	0	0	0	0	0	5	7	0	3	7	1	1	0	1	1	observed_term_no_disease_translation
Attribute_value_list	Surface_or_secondary_change	Attributes	Trầy xước			Trầy xước	Surface_or_secondary_change	Trầy xước || trầy xước	Attribute_Characteristics	Surface_or_secondary_change	2	4	0	1	4	46	51	0	14	51	13	13	0	3	13	observed_term_no_disease_translation
Attribute_value_list	Surface_or_secondary_change	Attributes	Trầy xước mảnh			Trầy xước mảnh	Surface_or_secondary_change	Trầy xước mảnh	Attribute_Characteristics	Surface_or_secondary_change	0	0	0	0	0	1	1	0	0	1	0	0	0	0	0	observed_term_no_disease_translation
Attribute_value_list	Surface_or_secondary_change	Attributes	Trầy xước nhẹ			Trầy xước nhẹ	Surface_or_secondary_change	Trầy xước nhẹ	Attribute_Characteristics	Surface_or_secondary_change	0	0	0	0	0	3	3	0	2	3	1	1	0	1	1	observed_term_no_disease_translation
Attribute_value_list	Surface_or_secondary_change	Attributes	Trầy xước nhỏ			Trầy xước nhỏ	Surface_or_secondary_change	Trầy xước nhỏ	Attribute_Characteristics	Surface_or_secondary_change	2	2	0	1	2	2	3	0	0	3	1	1	0	0	1	observed_term_no_disease_translation
Attribute_value_list	Surface_or_secondary_change	Attributes	Trầy xước nông			Trầy xước nông	Surface_or_secondary_change	Trầy xước nông	Attribute_Characteristics	Surface_or_secondary_change	0	0	0	0	0	1	1	0	1	1	1	1	0	1	1	observed_term_no_disease_translation
Attribute_value_list	Surface_or_secondary_change	Attributes	Trợt			Trợt	Surface_or_secondary_change	Trợt || trợt	Attribute_Characteristics	Surface_or_secondary_change	4	4	0	0	4	49	58	0	10	58	16	18	0	2	18	observed_term_no_disease_translation
Attribute_value_list	Surface_or_secondary_change	Attributes	Trợt da			Trợt da	Surface_or_secondary_change	Trợt da	Attribute_Characteristics	Surface_or_secondary_change	7	7	0	2	7	77	88	0	13	88	25	27	0	4	27	observed_term_no_disease_translation
Attribute_value_list	Surface_or_secondary_change	Attributes	Trợt da nhẹ			Trợt da nhẹ	Surface_or_secondary_change	Trợt da nhẹ	Attribute_Characteristics	Surface_or_secondary_change	0	0	0	0	0	1	1	0	0	1	0	0	0	0	0	observed_term_no_disease_translation
Attribute_value_list	Surface_or_secondary_change	Attributes	trợt da nhỏ			trợt da nhỏ	Surface_or_secondary_change	trợt da nhỏ || Trợt da nhỏ	Attribute_Characteristics	Surface_or_secondary_change	0	1	0	0	1	1	1	0	0	1	0	0	0	0	0	observed_term_no_disease_translation
Attribute_value_list	Surface_or_secondary_change	Attributes	Trợt giữa			Trợt giữa	Surface_or_secondary_change	Trợt giữa	Attribute_Characteristics	Surface_or_secondary_change	0	0	0	0	0	1	1	0	0	1	0	0	0	0	0	observed_term_no_disease_translation
Attribute_value_list	Surface_or_secondary_change	Attributes	trợt gãi			trợt gãi	Surface_or_secondary_change	trợt gãi || Trợt gãi	Attribute_Characteristics	Surface_or_secondary_change	0	1	0	0	1	2	2	0	2	2	0	0	0	0	0	observed_term_no_disease_translation
Attribute_value_list	Surface_or_secondary_change	Attributes	Trợt gãi nhẹ			Trợt gãi nhẹ	Surface_or_secondary_change	Trợt gãi nhẹ	Attribute_Characteristics	Surface_or_secondary_change	0	0	0	0	0	1	1	0	0	1	0	0	0	0	0	observed_term_no_disease_translation
Attribute_value_list	Surface_or_secondary_change	Attributes	Trợt loét			Trợt loét	Surface_or_secondary_change	Trợt loét || trợt loét	Attribute_Characteristics	Surface_or_secondary_change	0	0	0	0	0	15	20	0	3	20	5	5	0	1	5	observed_term_no_disease_translation
Attribute_value_list	Surface_or_secondary_change	Attributes	Trợt loét nhỏ			Trợt loét nhỏ	Surface_or_secondary_change	Trợt loét nhỏ	Attribute_Characteristics	Surface_or_secondary_change	0	0	0	0	0	1	1	0	1	1	1	1	0	1	1	observed_term_no_disease_translation
Attribute_value_list	Surface_or_secondary_change	Attributes	Trợt loét nông			Trợt loét nông	Surface_or_secondary_change	Trợt loét nông	Attribute_Characteristics	Surface_or_secondary_change	0	0	0	0	0	1	1	0	0	1	0	0	0	0	0	observed_term_no_disease_translation
Attribute_value_list	Surface_or_secondary_change	Attributes	Trợt loét trung tâm			Trợt loét trung tâm	Surface_or_secondary_change	Trợt loét trung tâm	Attribute_Characteristics	Surface_or_secondary_change	0	0	0	0	0	0	1	0	0	1	0	0	0	0	0	observed_term_no_disease_translation
Attribute_value_list	Surface_or_secondary_change	Attributes	trợt nhẹ			trợt nhẹ	Surface_or_secondary_change	trợt nhẹ || Trợt nhẹ	Attribute_Characteristics	Surface_or_secondary_change	1	2	0	0	2	9	11	0	2	11	4	5	0	1	5	observed_term_no_disease_translation
Attribute_value_list	Surface_or_secondary_change	Attributes	Trợt nhỏ			Trợt nhỏ	Surface_or_secondary_change	Trợt nhỏ	Attribute_Characteristics	Surface_or_secondary_change	2	2	0	0	2	5	6	0	1	6	1	1	0	0	1	observed_term_no_disease_translation
Attribute_value_list	Surface_or_secondary_change	Attributes	Trợt nông			Trợt nông	Surface_or_secondary_change	Trợt nông || trợt nông	Attribute_Characteristics	Surface_or_secondary_change	9	10	0	2	10	93	113	0	29	113	31	36	0	10	36	observed_term_no_disease_translation
Attribute_value_list	Surface_or_secondary_change	Attributes	Trợt trung tâm			Trợt trung tâm	Surface_or_secondary_change	Trợt trung tâm	Attribute_Characteristics	Surface_or_secondary_change	0	0	0	0	0	1	1	0	0	1	1	1	0	0	1	observed_term_no_disease_translation
Attribute_value_list	Surface_or_secondary_change	Attributes	Trợt vảy			Trợt vảy	Surface_or_secondary_change	Trợt vảy	Attribute_Characteristics	Surface_or_secondary_change	0	0	0	0	0	3	3	0	2	3	2	2	0	2	2	observed_term_no_disease_translation
Attribute_value_list	Surface_or_secondary_change	Attributes	Trợt vảy tiết			Trợt vảy tiết	Surface_or_secondary_change	Trợt vảy tiết	Attribute_Characteristics	Surface_or_secondary_change	0	0	0	0	0	1	2	0	0	2	0	0	0	0	0	observed_term_no_disease_translation
Attribute_value_list	Surface_or_secondary_change	Attributes	Trợt xước			Trợt xước	Surface_or_secondary_change	Trợt xước	Attribute_Characteristics	Surface_or_secondary_change	0	0	0	0	0	16	18	0	4	18	5	5	0	3	5	observed_term_no_disease_translation
Attribute_value_list	Surface_or_secondary_change	Attributes	Trợt xước nhẹ			Trợt xước nhẹ	Surface_or_secondary_change	Trợt xước nhẹ	Attribute_Characteristics	Surface_or_secondary_change	0	0	0	0	0	1	1	0	0	1	0	0	0	0	0	observed_term_no_disease_translation
Attribute_value_list	Surface_or_secondary_change	Attributes	Trợt xước nhỏ			Trợt xước nhỏ	Surface_or_secondary_change	Trợt xước nhỏ	Attribute_Characteristics	Surface_or_secondary_change	0	0	0	0	0	2	2	0	1	2	1	1	0	1	1	observed_term_no_disease_translation
Attribute_value_list	Surface_or_secondary_change	Attributes	Trợt đỏ			Trợt đỏ	Surface_or_secondary_change	Trợt đỏ	Attribute_Characteristics	Surface_or_secondary_change	0	0	0	0	0	2	3	0	0	3	0	1	0	0	1	observed_term_no_disease_translation
Attribute_value_list	Surface_or_secondary_change	Attributes	Trợt ướt			Trợt ướt	Surface_or_secondary_change	Trợt ướt	Attribute_Characteristics	Surface_or_secondary_change	1	1	0	0	1	8	8	0	2	8	3	3	0	1	3	observed_term_no_disease_translation
Attribute_value_list	Surface_or_secondary_change	Attributes	Trợt ẩm			Trợt ẩm	Surface_or_secondary_change	Trợt ẩm	Attribute_Characteristics	Surface_or_secondary_change	0	0	0	0	0	2	2	0	1	2	1	1	0	1	1	observed_term_no_disease_translation
Attribute_value_list	Surface_or_secondary_change	Attributes	Trứng bám			Trứng bám	Surface_or_secondary_change	Trứng bám	Attribute_Characteristics	Surface_or_secondary_change	0	0	0	0	0	0	1	0	0	1	0	0	0	0	0	observed_term_no_disease_translation
Attribute_value_list	Surface_or_secondary_change	Attributes	Tách bản móng			Tách bản móng	Surface_or_secondary_change	Tách bản móng	Attribute_Characteristics	Surface_or_secondary_change	0	0	0	0	0	1	1	0	0	1	1	1	0	0	1	observed_term_no_disease_translation
Attribute_value_list	Surface_or_secondary_change	Attributes	Tách lớp			Tách lớp	Surface_or_secondary_change	Tách lớp	Attribute_Characteristics	Surface_or_secondary_change	1	1	0	0	1	0	0	0	0	0	0	0	0	0	0	observed_term_no_disease_translation
Attribute_value_list	Surface_or_secondary_change	Attributes	tách móng			tách móng	Surface_or_secondary_change	tách móng || Tách móng	Attribute_Characteristics	Surface_or_secondary_change	1	2	0	0	2	14	16	0	3	16	7	9	0	2	9	observed_term_no_disease_translation
Attribute_value_list	Surface_or_secondary_change	Attributes	Tách móng nhẹ			Tách móng nhẹ	Surface_or_secondary_change	Tách móng nhẹ	Attribute_Characteristics	Surface_or_secondary_change	0	0	0	0	0	0	1	0	0	1	0	0	0	0	0	observed_term_no_disease_translation
Attribute_value_list	Surface_or_secondary_change	Attributes	Tách móng xa			Tách móng xa	Surface_or_secondary_change	Tách móng xa	Attribute_Characteristics	Surface_or_secondary_change	0	0	0	0	0	1	1	0	1	1	1	1	0	1	1	observed_term_no_disease_translation
Attribute_value_list	Surface_or_secondary_change	Attributes	Tín hiệu lưới			Tín hiệu lưới	Surface_or_secondary_change	Tín hiệu lưới	Attribute_Characteristics	Surface_or_secondary_change	0	0	0	0	0	1	1	0	0	1	1	1	0	0	1	observed_term_no_disease_translation
Attribute_value_list	Surface_or_secondary_change	Attributes	Tăng nếp da			Tăng nếp da	Surface_or_secondary_change	Tăng nếp da	Attribute_Characteristics	Surface_or_secondary_change	1	1	0	0	1	5	5	0	0	5	1	1	0	0	1	observed_term_no_disease_translation
Attribute_value_list	Surface_or_secondary_change	Attributes	Tăng sắc tố			Tăng sắc tố	Surface_or_secondary_change	Tăng sắc tố || tăng sắc tố	Attribute_Characteristics	Surface_or_secondary_change	10	11	0	5	11	98	110	0	24	110	21	24	0	5	24	observed_term_no_disease_translation
Attribute_value_list	Surface_or_secondary_change	Attributes	Tăng sắc tố loang lổ			Tăng sắc tố loang lổ	Surface_or_secondary_change	Tăng sắc tố loang lổ	Attribute_Characteristics	Surface_or_secondary_change	0	0	0	0	0	1	1	0	0	1	0	0	0	0	0	observed_term_no_disease_translation
Attribute_value_list	Surface_or_secondary_change	Attributes	Tăng sắc tố nhẹ			Tăng sắc tố nhẹ	Surface_or_secondary_change	Tăng sắc tố nhẹ	Attribute_Characteristics	Surface_or_secondary_change	1	1	0	0	1	7	7	0	3	7	0	0	0	0	0	observed_term_no_disease_translation
Attribute_value_list	Surface_or_secondary_change	Attributes	tăng sắc tố quanh tổn thương			tăng sắc tố quanh tổn thương	Surface_or_secondary_change	tăng sắc tố quanh tổn thương || Tăng sắc tố quanh tổn thương	Attribute_Characteristics	Surface_or_secondary_change	0	0	0	0	0	1	2	0	0	2	1	2	0	0	2	observed_term_no_disease_translation
Attribute_value_list	Surface_or_secondary_change	Attributes	Tăng sắc tố trung tâm			Tăng sắc tố trung tâm	Surface_or_secondary_change	Tăng sắc tố trung tâm	Attribute_Characteristics	Surface_or_secondary_change	0	0	0	0	0	1	1	0	1	1	1	1	0	1	1	observed_term_no_disease_translation
Attribute_value_list	Surface_or_secondary_change	Attributes	Tăng sắc tố viền			Tăng sắc tố viền	Surface_or_secondary_change	Tăng sắc tố viền	Attribute_Characteristics	Surface_or_secondary_change	1	1	0	0	1	0	0	0	0	0	0	0	0	0	0	observed_term_no_disease_translation
Attribute_value_list	Surface_or_secondary_change	Attributes	Tăng sừng			Tăng sừng	Surface_or_secondary_change	Tăng sừng || tăng sừng	Attribute_Characteristics	Surface_or_secondary_change	5	6	0	2	6	49	58	0	15	58	12	16	0	4	16	observed_term_no_disease_translation
Attribute_value_list	Surface_or_secondary_change	Attributes	Tăng sừng dày			Tăng sừng dày	Surface_or_secondary_change	Tăng sừng dày	Attribute_Characteristics	Surface_or_secondary_change	0	0	0	0	0	1	1	0	0	1	0	0	0	0	0	observed_term_no_disease_translation
Attribute_value_list	Surface_or_secondary_change	Attributes	Tăng sừng dưới móng			Tăng sừng dưới móng	Surface_or_secondary_change	Tăng sừng dưới móng	Attribute_Characteristics	Surface_or_secondary_change	0	0	0	0	0	5	5	0	2	5	3	3	0	2	3	observed_term_no_disease_translation
Attribute_value_list	Surface_or_secondary_change	Attributes	Tăng sừng nang lông			Tăng sừng nang lông	Surface_or_secondary_change	Tăng sừng nang lông	Attribute_Characteristics	Surface_or_secondary_change	0	0	0	0	0	2	2	0	2	2	0	0	0	0	0	observed_term_no_disease_translation
Attribute_value_list	Surface_or_secondary_change	Attributes	Tăng sừng nhẹ			Tăng sừng nhẹ	Surface_or_secondary_change	Tăng sừng nhẹ	Attribute_Characteristics	Surface_or_secondary_change	0	0	0	0	0	2	2	0	0	2	1	1	0	0	1	observed_term_no_disease_translation
Attribute_value_list	Surface_or_secondary_change	Attributes	Tăng sừng rõ			Tăng sừng rõ	Surface_or_secondary_change	Tăng sừng rõ	Attribute_Characteristics	Surface_or_secondary_change	0	0	0	0	0	1	1	0	0	1	0	0	0	0	0	observed_term_no_disease_translation
Attribute_value_list	Surface_or_secondary_change	Attributes	Tăng đường da			Tăng đường da	Surface_or_secondary_change	Tăng đường da	Attribute_Characteristics	Surface_or_secondary_change	0	0	0	0	0	1	1	0	0	1	1	1	0	0	1	observed_term_no_disease_translation
Attribute_value_list	Surface_or_secondary_change	Attributes	Tương phản rõ			Tương phản rõ	Surface_or_secondary_change	Tương phản rõ	Attribute_Characteristics	Surface_or_secondary_change	0	0	0	0	0	1	1	0	1	1	0	0	0	0	0	observed_term_no_disease_translation
Attribute_value_list	Surface_or_secondary_change	Attributes	Tế bào viêm			Tế bào viêm	Surface_or_secondary_change	Tế bào viêm	Attribute_Characteristics	Surface_or_secondary_change	0	0	0	0	0	1	1	0	1	1	1	1	0	1	1	observed_term_no_disease_translation
Attribute_value_list	Surface_or_secondary_change	Attributes	Tỏa tia			Tỏa tia	Surface_or_secondary_change	Tỏa tia	Attribute_Characteristics	Surface_or_secondary_change	0	0	0	0	0	1	1	0	0	1	0	0	0	0	0	observed_term_no_disease_translation
Attribute_value_list	Surface_or_secondary_change	Attributes	Tổn thương móng			Tổn thương móng	Surface_or_secondary_change	Tổn thương móng	Attribute_Characteristics	Surface_or_secondary_change	0	0	0	0	0	1	1	0	0	1	0	0	0	0	0	observed_term_no_disease_translation
Attribute_value_list	Surface_or_secondary_change	Attributes	Tổn thương nhỏ			Tổn thương nhỏ	Surface_or_secondary_change	Tổn thương nhỏ	Attribute_Characteristics	Surface_or_secondary_change	1	1	0	0	1	3	3	0	0	3	2	2	0	0	2	observed_term_no_disease_translation
Attribute_value_list	Surface_or_secondary_change	Attributes	Tổn thương nông			Tổn thương nông	Surface_or_secondary_change	Tổn thương nông	Attribute_Characteristics	Surface_or_secondary_change	0	0	0	0	0	4	4	0	2	4	1	1	0	1	1	observed_term_no_disease_translation
Attribute_value_list	Surface_or_secondary_change	Attributes	Tổn thương phẳng			Tổn thương phẳng	Surface_or_secondary_change	Tổn thương phẳng	Attribute_Characteristics	Surface_or_secondary_change	0	0	0	0	0	2	3	0	2	3	1	2	0	1	2	observed_term_no_disease_translation
Attribute_value_list	Surface_or_secondary_change	Attributes	Tổn thương vòng			Tổn thương vòng	Surface_or_secondary_change	Tổn thương vòng	Attribute_Characteristics	Surface_or_secondary_change	0	0	0	0	0	1	1	0	0	1	0	0	0	0	0	observed_term_no_disease_translation
Attribute_value_list	Surface_or_secondary_change	Attributes	Tổn thương đồng nhất			Tổn thương đồng nhất	Surface_or_secondary_change	Tổn thương đồng nhất	Attribute_Characteristics	Surface_or_secondary_change	0	0	0	0	0	1	1	0	0	1	0	0	0	0	0	observed_term_no_disease_translation
Attribute_value_list	Surface_or_secondary_change	Attributes	Tụ chùm			Tụ chùm	Surface_or_secondary_change	Tụ chùm	Attribute_Characteristics	Surface_or_secondary_change	1	1	0	0	1	0	0	0	0	0	0	0	0	0	0	observed_term_no_disease_translation
Attribute_value_list	Surface_or_secondary_change	Attributes	Tụ mủ			Tụ mủ	Surface_or_secondary_change	Tụ mủ	Attribute_Characteristics	Surface_or_secondary_change	0	0	0	0	0	3	3	0	1	3	1	1	0	1	1	observed_term_no_disease_translation
Attribute_value_list	Surface_or_secondary_change	Attributes	Tụt lợi nhẹ			Tụt lợi nhẹ	Surface_or_secondary_change	Tụt lợi nhẹ	Attribute_Characteristics	Surface_or_secondary_change	0	0	0	0	0	1	1	0	1	1	0	0	0	0	0	observed_term_no_disease_translation
Attribute_value_list	Surface_or_secondary_change	Attributes	Viêm			Viêm	Surface_or_secondary_change	Viêm || viêm	Attribute_Characteristics	Surface_or_secondary_change	4	4	0	2	4	25	29	0	7	29	9	10	0	2	10	observed_term_no_disease_translation
Attribute_value_list	Surface_or_secondary_change	Attributes	Viêm nhẹ			Viêm nhẹ	Surface_or_secondary_change	Viêm nhẹ	Attribute_Characteristics	Surface_or_secondary_change	1	1	0	0	1	3	3	0	2	3	0	0	0	0	0	observed_term_no_disease_translation
Attribute_value_list	Surface_or_secondary_change	Attributes	Viêm nếp móng			Viêm nếp móng	Surface_or_secondary_change	Viêm nếp móng	Attribute_Characteristics	Surface_or_secondary_change	0	0	0	0	0	1	1	0	0	1	1	1	0	0	1	observed_term_no_disease_translation
Attribute_value_list	Surface_or_secondary_change	Attributes	viêm quanh			viêm quanh	Surface_or_secondary_change	viêm quanh || Viêm quanh	Attribute_Characteristics	Surface_or_secondary_change	0	1	0	0	1	2	2	0	1	2	1	1	0	0	1	observed_term_no_disease_translation
Attribute_value_list	Surface_or_secondary_change	Attributes	Viêm quanh móng			Viêm quanh móng	Surface_or_secondary_change	Viêm quanh móng	Attribute_Characteristics	Surface_or_secondary_change	0	0	0	0	0	1	1	0	0	1	0	0	0	0	0	observed_term_no_disease_translation
Attribute_value_list	Surface_or_secondary_change	Attributes	Viêm quanh nang			Viêm quanh nang	Surface_or_secondary_change	Viêm quanh nang	Attribute_Characteristics	Surface_or_secondary_change	0	0	0	0	0	1	1	0	0	1	0	0	0	0	0	observed_term_no_disease_translation
Attribute_value_list	Surface_or_secondary_change	Attributes	Viêm rõ			Viêm rõ	Surface_or_secondary_change	Viêm rõ	Attribute_Characteristics	Surface_or_secondary_change	0	0	0	0	0	3	3	0	0	3	2	2	0	0	2	observed_term_no_disease_translation
Attribute_value_list	Surface_or_secondary_change	Attributes	Viêm đỏ			Viêm đỏ	Surface_or_secondary_change	Viêm đỏ || viêm đỏ	Attribute_Characteristics	Surface_or_secondary_change	0	0	0	0	0	1	2	0	1	2	1	1	0	1	1	observed_term_no_disease_translation
Attribute_value_list	Surface_or_secondary_change	Attributes	viêm đỏ nhẹ			viêm đỏ nhẹ	Surface_or_secondary_change	viêm đỏ nhẹ	Attribute_Characteristics	Surface_or_secondary_change	0	1	0	0	1	0	0	0	0	0	0	0	0	0	0	observed_term_no_disease_translation
Attribute_value_list	Surface_or_secondary_change	Attributes	Viền bong da			Viền bong da	Surface_or_secondary_change	Viền bong da	Attribute_Characteristics	Surface_or_secondary_change	0	0	0	0	0	1	1	0	0	1	0	0	0	0	0	observed_term_no_disease_translation
Attribute_value_list	Surface_or_secondary_change	Attributes	Viền chai			Viền chai	Surface_or_secondary_change	Viền chai	Attribute_Characteristics	Surface_or_secondary_change	0	0	0	0	0	1	1	0	0	1	0	0	0	0	0	observed_term_no_disease_translation
Attribute_value_list	Surface_or_secondary_change	Attributes	Viền dày sừng			Viền dày sừng	Surface_or_secondary_change	Viền dày sừng	Attribute_Characteristics	Surface_or_secondary_change	0	0	0	0	0	1	1	0	1	1	1	1	0	1	1	observed_term_no_disease_translation
Attribute_value_list	Surface_or_secondary_change	Attributes	Viền gồ			Viền gồ	Surface_or_secondary_change	Viền gồ	Attribute_Characteristics	Surface_or_secondary_change	0	0	0	0	0	0	1	0	0	1	0	0	0	0	0	observed_term_no_disease_translation
Attribute_value_list	Surface_or_secondary_change	Attributes	Viền hồng ban			Viền hồng ban	Surface_or_secondary_change	Viền hồng ban	Attribute_Characteristics	Surface_or_secondary_change	0	0	0	0	0	3	4	0	0	4	0	0	0	0	0	observed_term_no_disease_translation
Attribute_value_list	Surface_or_secondary_change	Attributes	Viền hồng ban xung quanh			Viền hồng ban xung quanh	Surface_or_secondary_change	Viền hồng ban xung quanh	Attribute_Characteristics	Surface_or_secondary_change	0	0	0	0	0	1	1	0	1	1	1	1	0	1	1	observed_term_no_disease_translation
Attribute_value_list	Surface_or_secondary_change	Attributes	Viền mờ			Viền mờ	Surface_or_secondary_change	Viền mờ || viền mờ	Attribute_Characteristics	Surface_or_secondary_change	0	0	0	0	0	1	2	0	1	2	0	0	0	0	0	observed_term_no_disease_translation
Attribute_value_list	Surface_or_secondary_change	Attributes	Viền ngoằn ngoèo			Viền ngoằn ngoèo	Surface_or_secondary_change	Viền ngoằn ngoèo	Attribute_Characteristics	Surface_or_secondary_change	1	1	0	0	1	0	0	0	0	0	0	0	0	0	0	observed_term_no_disease_translation
Attribute_value_list	Surface_or_secondary_change	Attributes	Viền rõ			Viền rõ	Surface_or_secondary_change	Viền rõ	Attribute_Characteristics	Surface_or_secondary_change	0	0	0	0	0	4	5	0	0	5	0	0	0	0	0	observed_term_no_disease_translation
Attribute_value_list	Surface_or_secondary_change	Attributes	Viền sừng trắng			Viền sừng trắng	Surface_or_secondary_change	Viền sừng trắng	Attribute_Characteristics	Surface_or_secondary_change	1	1	0	1	1	0	0	0	0	0	0	0	0	0	0	observed_term_no_disease_translation
Attribute_value_list	Surface_or_secondary_change	Attributes	Viền trắng			Viền trắng	Surface_or_secondary_change	Viền trắng	Attribute_Characteristics	Surface_or_secondary_change	1	1	0	1	1	6	7	0	2	7	1	2	0	0	2	observed_term_no_disease_translation
Attribute_value_list	Surface_or_secondary_change	Attributes	Viền trắng xám			Viền trắng xám	Surface_or_secondary_change	Viền trắng xám	Attribute_Characteristics	Surface_or_secondary_change	0	0	0	0	0	1	1	0	0	1	1	1	0	0	1	observed_term_no_disease_translation
Attribute_value_list	Surface_or_secondary_change	Attributes	Viền tím nhạt			Viền tím nhạt	Surface_or_secondary_change	Viền tím nhạt	Attribute_Characteristics	Surface_or_secondary_change	0	0	0	0	0	0	1	0	0	1	0	0	0	0	0	observed_term_no_disease_translation
Attribute_value_list	Surface_or_secondary_change	Attributes	Viền viêm			Viền viêm	Surface_or_secondary_change	Viền viêm	Attribute_Characteristics	Surface_or_secondary_change	1	1	0	0	1	1	1	0	1	1	1	1	0	1	1	observed_term_no_disease_translation
Attribute_value_list	Surface_or_secondary_change	Attributes	Viền viêm nhẹ			Viền viêm nhẹ	Surface_or_secondary_change	Viền viêm nhẹ	Attribute_Characteristics	Surface_or_secondary_change	0	0	0	0	0	1	1	0	0	1	0	0	0	0	0	observed_term_no_disease_translation
Attribute_value_list	Surface_or_secondary_change	Attributes	Viền vảy			Viền vảy	Surface_or_secondary_change	Viền vảy	Attribute_Characteristics	Surface_or_secondary_change	2	2	0	1	2	2	3	0	1	3	1	1	0	0	1	observed_term_no_disease_translation
Attribute_value_list	Surface_or_secondary_change	Attributes	Viền vảy mỏng			Viền vảy mỏng	Surface_or_secondary_change	Viền vảy mỏng	Attribute_Characteristics	Surface_or_secondary_change	0	0	0	0	0	2	2	0	0	2	1	1	0	0	1	observed_term_no_disease_translation
Attribute_value_list	Surface_or_secondary_change	Attributes	Viền vảy trắng			Viền vảy trắng	Surface_or_secondary_change	Viền vảy trắng	Attribute_Characteristics	Surface_or_secondary_change	0	0	0	0	0	1	1	0	0	1	0	0	0	0	0	observed_term_no_disease_translation
Attribute_value_list	Surface_or_secondary_change	Attributes	Viền đều			Viền đều	Surface_or_secondary_change	Viền đều	Attribute_Characteristics	Surface_or_secondary_change	0	0	0	0	0	1	1	0	1	1	1	1	0	1	1	observed_term_no_disease_translation
Attribute_value_list	Surface_or_secondary_change	Attributes	Viền đỏ			Viền đỏ	Surface_or_secondary_change	Viền đỏ	Attribute_Characteristics	Surface_or_secondary_change	1	1	0	0	1	11	12	0	6	12	4	4	0	3	4	observed_term_no_disease_translation
Attribute_value_list	Surface_or_secondary_change	Attributes	Viền Đỏ hồng			Viền Đỏ hồng	Surface_or_secondary_change	Viền Đỏ hồng	Attribute_Characteristics	Surface_or_secondary_change	0	0	0	0	0	1	1	0	1	1	1	1	0	1	1	observed_term_no_disease_translation
Attribute_value_list	Surface_or_secondary_change	Attributes	Viền đỏ mờ			Viền đỏ mờ	Surface_or_secondary_change	Viền đỏ mờ	Attribute_Characteristics	Surface_or_secondary_change	0	0	0	0	0	1	1	0	1	1	0	0	0	0	0	observed_term_no_disease_translation
Attribute_value_list	Surface_or_secondary_change	Attributes	Viền đỏ nhẹ			Viền đỏ nhẹ	Surface_or_secondary_change	Viền đỏ nhẹ	Attribute_Characteristics	Surface_or_secondary_change	1	1	0	0	1	1	1	0	0	1	0	0	0	0	0	observed_term_no_disease_translation
Attribute_value_list	Surface_or_secondary_change	Attributes	Viền đỏ tím			Viền đỏ tím	Surface_or_secondary_change	Viền đỏ tím	Attribute_Characteristics	Surface_or_secondary_change	0	0	0	0	0	1	1	0	0	1	0	0	0	0	0	observed_term_no_disease_translation
Attribute_value_list	Surface_or_secondary_change	Attributes	Viền đỏ xung quanh			Viền đỏ xung quanh	Surface_or_secondary_change	Viền đỏ xung quanh	Attribute_Characteristics	Surface_or_secondary_change	0	0	0	0	0	1	1	0	0	1	0	0	0	0	0	observed_term_no_disease_translation
Attribute_value_list	Surface_or_secondary_change	Attributes	Vàng móng			Vàng móng	Surface_or_secondary_change	Vàng móng	Attribute_Characteristics	Surface_or_secondary_change	0	0	0	0	0	1	1	0	0	1	0	0	0	0	0	observed_term_no_disease_translation
Attribute_value_list	Surface_or_secondary_change	Attributes	Vách trắng			Vách trắng	Surface_or_secondary_change	Vách trắng	Attribute_Characteristics	Surface_or_secondary_change	0	0	0	0	0	1	1	0	0	1	0	0	0	0	0	observed_term_no_disease_translation
Attribute_value_list	Surface_or_secondary_change	Attributes	Vách xơ dày			Vách xơ dày	Surface_or_secondary_change	Vách xơ dày	Attribute_Characteristics	Surface_or_secondary_change	0	0	0	0	0	1	1	0	1	1	1	1	0	1	1	observed_term_no_disease_translation
Attribute_value_list	Surface_or_secondary_change	Attributes	Vân da			Vân da	Surface_or_secondary_change	Vân da	Attribute_Characteristics	Surface_or_secondary_change	0	0	0	0	0	2	2	0	2	2	0	0	0	0	0	observed_term_no_disease_translation
Attribute_value_list	Surface_or_secondary_change	Attributes	Vân da nổi			Vân da nổi	Surface_or_secondary_change	Vân da nổi || vân da nổi	Attribute_Characteristics	Surface_or_secondary_change	0	0	0	0	0	1	2	0	0	2	1	1	0	0	1	observed_term_no_disease_translation
Attribute_value_list	Surface_or_secondary_change	Attributes	Vân da nổi rõ			Vân da nổi rõ	Surface_or_secondary_change	Vân da nổi rõ	Attribute_Characteristics	Surface_or_secondary_change	0	0	0	0	0	1	1	0	0	1	1	1	0	0	1	observed_term_no_disease_translation
Attribute_value_list	Surface_or_secondary_change	Attributes	Vân da rõ			Vân da rõ	Surface_or_secondary_change	Vân da rõ	Attribute_Characteristics	Surface_or_secondary_change	0	0	0	0	0	2	2	0	0	2	0	0	0	0	0	observed_term_no_disease_translation
Attribute_value_list	Surface_or_secondary_change	Attributes	Vân dọc nhẹ			Vân dọc nhẹ	Surface_or_secondary_change	Vân dọc nhẹ	Attribute_Characteristics	Surface_or_secondary_change	0	0	0	0	0	2	2	0	0	2	2	2	0	0	2	observed_term_no_disease_translation
Attribute_value_list	Surface_or_secondary_change	Attributes	Vân trắng			Vân trắng	Surface_or_secondary_change	Vân trắng	Attribute_Characteristics	Surface_or_secondary_change	0	0	0	0	0	1	1	0	0	1	0	0	0	0	0	observed_term_no_disease_translation
Attribute_value_list	Surface_or_secondary_change	Attributes	Vân trắng lưới			Vân trắng lưới	Surface_or_secondary_change	Vân trắng lưới	Attribute_Characteristics	Surface_or_secondary_change	0	0	0	0	0	1	1	0	0	1	0	0	0	0	0	observed_term_no_disease_translation
Attribute_value_list	Surface_or_secondary_change	Attributes	Vân trắng mảnh			Vân trắng mảnh	Surface_or_secondary_change	Vân trắng mảnh	Attribute_Characteristics	Surface_or_secondary_change	1	1	0	0	1	1	1	0	0	1	0	0	0	0	0	observed_term_no_disease_translation
Attribute_value_list	Surface_or_secondary_change	Attributes	Vân tím mờ			Vân tím mờ	Surface_or_secondary_change	Vân tím mờ	Attribute_Characteristics	Surface_or_secondary_change	0	0	0	0	0	1	1	0	0	1	0	0	0	0	0	observed_term_no_disease_translation
Attribute_value_list	Surface_or_secondary_change	Attributes	Vòm			Vòm	Surface_or_secondary_change	Vòm	Attribute_Characteristics	Surface_or_secondary_change	0	0	0	0	0	1	1	0	0	1	0	0	0	0	0	observed_term_no_disease_translation
Attribute_value_list	Surface_or_secondary_change	Attributes	Vòng nhạt màu			Vòng nhạt màu	Surface_or_secondary_change	Vòng nhạt màu	Attribute_Characteristics	Surface_or_secondary_change	0	0	0	0	0	1	1	0	1	1	0	0	0	0	0	observed_term_no_disease_translation
Attribute_value_list	Surface_or_secondary_change	Attributes	Vùng thâm			Vùng thâm	Surface_or_secondary_change	Vùng thâm	Attribute_Characteristics	Surface_or_secondary_change	0	0	0	0	0	1	1	0	0	1	1	1	0	0	1	observed_term_no_disease_translation
Attribute_value_list	Surface_or_secondary_change	Attributes	Vảy			Vảy	Surface_or_secondary_change	Vảy || vảy	Attribute_Characteristics	Surface_or_secondary_change	10	10	0	2	10	59	69	0	15	69	13	18	0	4	18	observed_term_no_disease_translation
Attribute_value_list	Surface_or_secondary_change	Attributes	Vảy bong mỏng			Vảy bong mỏng	Surface_or_secondary_change	Vảy bong mỏng	Attribute_Characteristics	Surface_or_secondary_change	0	0	0	0	0	1	1	0	1	1	1	1	0	1	1	observed_term_no_disease_translation
Attribute_value_list	Surface_or_secondary_change	Attributes	Vảy bám			Vảy bám	Surface_or_secondary_change	Vảy bám	Attribute_Characteristics	Surface_or_secondary_change	0	0	0	0	0	1	1	0	0	1	1	1	0	0	1	observed_term_no_disease_translation
Attribute_value_list	Surface_or_secondary_change	Attributes	Vảy bề mặt			Vảy bề mặt	Surface_or_secondary_change	Vảy bề mặt	Attribute_Characteristics	Surface_or_secondary_change	1	1	0	0	1	0	0	0	0	0	0	0	0	0	0	observed_term_no_disease_translation
Attribute_value_list	Surface_or_secondary_change	Attributes	Vảy da			Vảy da	Surface_or_secondary_change	Vảy da	Attribute_Characteristics	Surface_or_secondary_change	0	0	0	0	0	4	7	0	0	7	1	2	0	0	2	observed_term_no_disease_translation
Attribute_value_list	Surface_or_secondary_change	Attributes	Vảy da mỏng			Vảy da mỏng	Surface_or_secondary_change	Vảy da mỏng	Attribute_Characteristics	Surface_or_secondary_change	0	0	0	0	0	0	1	0	0	1	0	0	0	0	0	observed_term_no_disease_translation
Attribute_value_list	Surface_or_secondary_change	Attributes	Vảy da viền			Vảy da viền	Surface_or_secondary_change	Vảy da viền	Attribute_Characteristics	Surface_or_secondary_change	0	0	0	0	0	1	1	0	1	1	1	1	0	1	1	observed_term_no_disease_translation
Attribute_value_list	Surface_or_secondary_change	Attributes	vảy dày			vảy dày	Surface_or_secondary_change	vảy dày || Vảy dày	Attribute_Characteristics	Surface_or_secondary_change	11	13	0	3	13	87	97	0	26	97	30	32	0	10	32	observed_term_no_disease_translation
Attribute_value_list	Surface_or_secondary_change	Attributes	Vảy dính			Vảy dính	Surface_or_secondary_change	Vảy dính	Attribute_Characteristics	Surface_or_secondary_change	0	0	0	0	0	4	4	0	0	4	2	2	0	0	2	observed_term_no_disease_translation
Attribute_value_list	Surface_or_secondary_change	Attributes	vảy khô			vảy khô	Surface_or_secondary_change	vảy khô || Vảy khô	Attribute_Characteristics	Surface_or_secondary_change	2	5	0	1	5	20	25	0	4	25	7	8	0	3	8	observed_term_no_disease_translation
Attribute_value_list	Surface_or_secondary_change	Attributes	Vảy khô dày			Vảy khô dày	Surface_or_secondary_change	Vảy khô dày	Attribute_Characteristics	Surface_or_secondary_change	0	0	0	0	0	1	1	0	0	1	0	0	0	0	0	observed_term_no_disease_translation
Attribute_value_list	Surface_or_secondary_change	Attributes	Vảy mày dày			Vảy mày dày	Surface_or_secondary_change	Vảy mày dày	Attribute_Characteristics	Surface_or_secondary_change	0	0	0	0	0	1	1	0	1	1	0	0	0	0	0	observed_term_no_disease_translation
Attribute_value_list	Surface_or_secondary_change	Attributes	Vảy mảng			Vảy mảng	Surface_or_secondary_change	Vảy mảng	Attribute_Characteristics	Surface_or_secondary_change	0	0	0	0	0	2	2	0	0	2	0	0	0	0	0	observed_term_no_disease_translation
Attribute_value_list	Surface_or_secondary_change	Attributes	Vảy mịn			Vảy mịn	Surface_or_secondary_change	Vảy mịn || vảy mịn	Attribute_Characteristics	Surface_or_secondary_change	37	42	0	8	42	271	308	0	89	308	111	124	0	34	124	observed_term_no_disease_translation
Attribute_value_list	Surface_or_secondary_change	Attributes	Vảy mịn mờ			Vảy mịn mờ	Surface_or_secondary_change	Vảy mịn mờ	Attribute_Characteristics	Surface_or_secondary_change	2	2	0	0	2	1	1	0	0	1	0	0	0	0	0	observed_term_no_disease_translation
Attribute_value_list	Surface_or_secondary_change	Attributes	Vảy mịn nhẹ			Vảy mịn nhẹ	Surface_or_secondary_change	Vảy mịn nhẹ	Attribute_Characteristics	Surface_or_secondary_change	0	0	0	0	0	1	1	0	0	1	0	0	0	0	0	observed_term_no_disease_translation
Attribute_value_list	Surface_or_secondary_change	Attributes	Vảy mỏng			Vảy mỏng	Surface_or_secondary_change	Vảy mỏng || vảy mỏng	Attribute_Characteristics	Surface_or_secondary_change	8	9	2	28	37	50	59	17	185	250	17	19	6	68	86	observed_term_no_disease_translation
Attribute_value_list	Surface_or_secondary_change	Attributes	Vảy mỡ			Vảy mỡ	Surface_or_secondary_change	Vảy mỡ	Attribute_Characteristics	Surface_or_secondary_change	0	0	0	0	0	1	1	0	1	1	1	1	0	1	1	observed_term_no_disease_translation
Attribute_value_list	Surface_or_secondary_change	Attributes	Vảy nhẹ			Vảy nhẹ	Surface_or_secondary_change	Vảy nhẹ	Attribute_Characteristics	Surface_or_secondary_change	0	0	0	0	0	1	2	0	1	2	0	0	0	0	0	observed_term_no_disease_translation
Attribute_value_list	Surface_or_secondary_change	Attributes	Vảy nhỏ			Vảy nhỏ	Surface_or_secondary_change	Vảy nhỏ	Attribute_Characteristics	Surface_or_secondary_change	0	0	0	0	0	1	1	0	0	1	0	0	0	0	0	observed_term_no_disease_translation
Attribute_value_list	Surface_or_secondary_change	Attributes	Vảy nhờn			Vảy nhờn	Surface_or_secondary_change	Vảy nhờn	Attribute_Characteristics	Surface_or_secondary_change	0	0	0	0	0	5	5	0	2	5	1	1	0	0	1	observed_term_no_disease_translation
Attribute_value_list	Surface_or_secondary_change	Attributes	Vảy phiến			Vảy phiến	Surface_or_secondary_change	Vảy phiến	Attribute_Characteristics	Surface_or_secondary_change	0	0	0	0	0	1	1	0	1	1	0	0	0	0	0	observed_term_no_disease_translation
Attribute_value_list	Surface_or_secondary_change	Attributes	Vảy quanh móng			Vảy quanh móng	Surface_or_secondary_change	Vảy quanh móng	Attribute_Characteristics	Surface_or_secondary_change	0	0	0	0	0	1	1	0	0	1	1	1	0	0	1	observed_term_no_disease_translation
Attribute_value_list	Surface_or_secondary_change	Attributes	Vảy rìa			Vảy rìa	Surface_or_secondary_change	Vảy rìa	Attribute_Characteristics	Surface_or_secondary_change	0	0	0	0	0	1	1	0	0	1	0	0	0	0	0	observed_term_no_disease_translation
Attribute_value_list	Surface_or_secondary_change	Attributes	Vảy rõ			Vảy rõ	Surface_or_secondary_change	Vảy rõ	Attribute_Characteristics	Surface_or_secondary_change	0	0	0	0	0	1	1	0	0	1	0	0	0	0	0	observed_term_no_disease_translation
Attribute_value_list	Surface_or_secondary_change	Attributes	Vảy rất mịn			Vảy rất mịn	Surface_or_secondary_change	Vảy rất mịn	Attribute_Characteristics	Surface_or_secondary_change	0	0	0	0	0	1	1	0	1	1	0	0	0	0	0	observed_term_no_disease_translation
Attribute_value_list	Surface_or_secondary_change	Attributes	Vảy sừng			Vảy sừng	Surface_or_secondary_change	Vảy sừng	Attribute_Characteristics	Surface_or_secondary_change	0	0	0	0	0	5	6	0	1	6	1	1	0	0	1	observed_term_no_disease_translation
Attribute_value_list	Surface_or_secondary_change	Attributes	Vảy sừng dày			Vảy sừng dày	Surface_or_secondary_change	Vảy sừng dày	Attribute_Characteristics	Surface_or_secondary_change	1	1	0	1	1	2	2	0	2	2	1	1	0	1	1	observed_term_no_disease_translation
Attribute_value_list	Surface_or_secondary_change	Attributes	Vảy tiết			Vảy tiết	Surface_or_secondary_change	Vảy tiết || vảy tiết	Attribute_Characteristics	Surface_or_secondary_change	56	62	6	23	76	474	557	59	230	734	174	195	23	83	259	observed_term_no_disease_translation
Attribute_value_list	Surface_or_secondary_change	Attributes	Vảy tiết bám			Vảy tiết bám	Surface_or_secondary_change	Vảy tiết bám	Attribute_Characteristics	Surface_or_secondary_change	0	0	0	0	0	1	1	0	1	1	0	0	0	0	0	observed_term_no_disease_translation
Attribute_value_list	Surface_or_secondary_change	Attributes	Vảy tiết dày			Vảy tiết dày	Surface_or_secondary_change	Vảy tiết dày || vảy tiết dày	Attribute_Characteristics	Surface_or_secondary_change	3	3	0	1	3	25	27	0	7	27	7	8	0	3	8	observed_term_no_disease_translation
Attribute_value_list	Surface_or_secondary_change	Attributes	Vảy tiết dính			Vảy tiết dính	Surface_or_secondary_change	Vảy tiết dính	Attribute_Characteristics	Surface_or_secondary_change	0	0	0	0	0	1	1	0	1	1	0	0	0	0	0	observed_term_no_disease_translation
Attribute_value_list	Surface_or_secondary_change	Attributes	Vảy tiết dịch			Vảy tiết dịch	Surface_or_secondary_change	Vảy tiết dịch	Attribute_Characteristics	Surface_or_secondary_change	0	0	0	0	0	2	2	0	0	2	1	1	0	0	1	observed_term_no_disease_translation
Attribute_value_list	Surface_or_secondary_change	Attributes	Vảy tiết hoại tử			Vảy tiết hoại tử	Surface_or_secondary_change	Vảy tiết hoại tử	Attribute_Characteristics	Surface_or_secondary_change	1	1	0	0	1	3	3	0	1	3	2	2	0	0	2	observed_term_no_disease_translation
Attribute_value_list	Surface_or_secondary_change	Attributes	Vảy tiết huyết			Vảy tiết huyết	Surface_or_secondary_change	Vảy tiết huyết	Attribute_Characteristics	Surface_or_secondary_change	0	0	0	0	0	1	1	0	0	1	0	0	0	0	0	observed_term_no_disease_translation
Attribute_value_list	Surface_or_secondary_change	Attributes	Vảy tiết máu			Vảy tiết máu	Surface_or_secondary_change	Vảy tiết máu || vảy tiết máu	Attribute_Characteristics	Surface_or_secondary_change	1	1	0	0	1	11	12	0	3	12	3	4	0	0	4	observed_term_no_disease_translation
Attribute_value_list	Surface_or_secondary_change	Attributes	Vảy tiết mật ong			Vảy tiết mật ong	Surface_or_secondary_change	Vảy tiết mật ong	Attribute_Characteristics	Surface_or_secondary_change	0	0	0	0	0	1	1	0	0	1	0	0	0	0	0	observed_term_no_disease_translation
Attribute_value_list	Surface_or_secondary_change	Attributes	Vảy tiết mỏng			Vảy tiết mỏng	Surface_or_secondary_change	Vảy tiết mỏng || vảy tiết mỏng	Attribute_Characteristics	Surface_or_secondary_change	3	4	0	1	4	19	22	0	7	22	8	9	0	4	9	observed_term_no_disease_translation
Attribute_value_list	Surface_or_secondary_change	Attributes	Vảy tiết nhẹ			Vảy tiết nhẹ	Surface_or_secondary_change	Vảy tiết nhẹ	Attribute_Characteristics	Surface_or_secondary_change	0	0	0	0	0	2	2	0	0	2	1	1	0	0	1	observed_term_no_disease_translation
Attribute_value_list	Surface_or_secondary_change	Attributes	Vảy tiết nhỏ			Vảy tiết nhỏ	Surface_or_secondary_change	Vảy tiết nhỏ || vảy tiết nhỏ	Attribute_Characteristics	Surface_or_secondary_change	3	4	0	1	4	26	32	0	8	32	10	12	0	3	12	observed_term_no_disease_translation
Attribute_value_list	Surface_or_secondary_change	Attributes	Vảy tiết nâu			Vảy tiết nâu	Surface_or_secondary_change	Vảy tiết nâu	Attribute_Characteristics	Surface_or_secondary_change	0	0	0	0	0	1	1	0	0	1	0	0	0	0	0	observed_term_no_disease_translation
Attribute_value_list	Surface_or_secondary_change	Attributes	vảy tiết sọc			vảy tiết sọc	Surface_or_secondary_change	vảy tiết sọc	Attribute_Characteristics	Surface_or_secondary_change	0	1	0	0	1	0	0	0	0	0	0	0	0	0	0	observed_term_no_disease_translation
Attribute_value_list	Surface_or_secondary_change	Attributes	Vảy tiết sừng			Vảy tiết sừng	Surface_or_secondary_change	Vảy tiết sừng	Attribute_Characteristics	Surface_or_secondary_change	0	0	0	0	0	1	1	0	1	1	1	1	0	1	1	observed_term_no_disease_translation
Attribute_value_list	Surface_or_secondary_change	Attributes	Vảy tiết tiết			Vảy tiết tiết	Surface_or_secondary_change	Vảy tiết tiết	Attribute_Characteristics	Surface_or_secondary_change	0	0	0	0	0	1	1	0	0	1	1	1	0	0	1	observed_term_no_disease_translation
Attribute_value_list	Surface_or_secondary_change	Attributes	Vảy tiết trung tâm			Vảy tiết trung tâm	Surface_or_secondary_change	Vảy tiết trung tâm	Attribute_Characteristics	Surface_or_secondary_change	1	1	0	0	1	7	7	0	3	7	1	1	0	1	1	observed_term_no_disease_translation
Attribute_value_list	Surface_or_secondary_change	Attributes	Vảy tiết vàng			Vảy tiết vàng	Surface_or_secondary_change	Vảy tiết vàng	Attribute_Characteristics	Surface_or_secondary_change	0	0	0	0	0	20	22	0	6	22	8	9	0	3	9	observed_term_no_disease_translation
Attribute_value_list	Surface_or_secondary_change	Attributes	Vảy tiết ít			Vảy tiết ít	Surface_or_secondary_change	Vảy tiết ít	Attribute_Characteristics	Surface_or_secondary_change	0	0	0	0	0	1	1	0	0	1	0	0	0	0	0	observed_term_no_disease_translation
Attribute_value_list	Surface_or_secondary_change	Attributes	vảy tiết đen			vảy tiết đen	Surface_or_secondary_change	vảy tiết đen || Vảy tiết đen	Attribute_Characteristics	Surface_or_secondary_change	0	1	0	0	1	9	9	0	0	9	4	4	0	0	4	observed_term_no_disease_translation
Attribute_value_list	Surface_or_secondary_change	Attributes	Vảy trắng			Vảy trắng	Surface_or_secondary_change	Vảy trắng	Attribute_Characteristics	Surface_or_secondary_change	6	6	0	1	6	31	39	0	11	39	12	14	0	4	14	observed_term_no_disease_translation
Attribute_value_list	Surface_or_secondary_change	Attributes	Vảy trắng bạc			Vảy trắng bạc	Surface_or_secondary_change	Vảy trắng bạc || vảy trắng bạc	Attribute_Characteristics	Surface_or_secondary_change	2	3	0	1	3	8	8	0	3	8	1	1	0	0	1	observed_term_no_disease_translation
Attribute_value_list	Surface_or_secondary_change	Attributes	Vảy trắng mịn			Vảy trắng mịn	Surface_or_secondary_change	Vảy trắng mịn	Attribute_Characteristics	Surface_or_secondary_change	1	1	0	0	1	8	10	0	3	10	2	3	0	2	3	observed_term_no_disease_translation
Attribute_value_list	Surface_or_secondary_change	Attributes	Vảy trắng mỏng			Vảy trắng mỏng	Surface_or_secondary_change	Vảy trắng mỏng	Attribute_Characteristics	Surface_or_secondary_change	0	0	0	0	0	5	6	0	3	6	1	1	0	0	1	observed_term_no_disease_translation
Attribute_value_list	Surface_or_secondary_change	Attributes	Vảy viền			Vảy viền	Surface_or_secondary_change	Vảy viền	Attribute_Characteristics	Surface_or_secondary_change	2	2	0	0	2	4	4	0	1	4	1	1	0	1	1	observed_term_no_disease_translation
Attribute_value_list	Surface_or_secondary_change	Attributes	Vảy vàng			Vảy vàng	Surface_or_secondary_change	Vảy vàng	Attribute_Characteristics	Surface_or_secondary_change	1	1	0	0	1	5	6	0	1	6	3	4	0	0	4	observed_term_no_disease_translation
Attribute_value_list	Surface_or_secondary_change	Attributes	Vảy vàng nhờn			Vảy vàng nhờn	Surface_or_secondary_change	Vảy vàng nhờn	Attribute_Characteristics	Surface_or_secondary_change	0	0	0	0	0	1	1	0	0	1	1	1	0	0	1	observed_term_no_disease_translation
Attribute_value_list	Surface_or_secondary_change	Attributes	Vảy ít			Vảy ít	Surface_or_secondary_change	Vảy ít	Attribute_Characteristics	Surface_or_secondary_change	0	0	0	0	0	1	1	0	0	1	0	0	0	0	0	observed_term_no_disease_translation
Attribute_value_list	Surface_or_secondary_change	Attributes	Vảy ở rìa			Vảy ở rìa	Surface_or_secondary_change	Vảy ở rìa	Attribute_Characteristics	Surface_or_secondary_change	0	0	0	0	0	1	1	0	1	1	0	0	0	0	0	observed_term_no_disease_translation
Attribute_value_list	Surface_or_secondary_change	Attributes	Vằn da			Vằn da	Surface_or_secondary_change	Vằn da	Attribute_Characteristics	Surface_or_secondary_change	0	0	0	0	0	1	1	0	1	1	0	0	0	0	0	observed_term_no_disease_translation
Attribute_value_list	Surface_or_secondary_change	Attributes	Vết bầm			Vết bầm	Surface_or_secondary_change	Vết bầm	Attribute_Characteristics	Surface_or_secondary_change	0	0	0	0	0	1	1	0	0	1	0	0	0	0	0	observed_term_no_disease_translation
Attribute_value_list	Surface_or_secondary_change	Attributes	Vết bầm tím			Vết bầm tím	Surface_or_secondary_change	Vết bầm tím	Attribute_Characteristics	Surface_or_secondary_change	1	1	0	0	1	0	0	0	0	0	0	0	0	0	0	observed_term_no_disease_translation
Attribute_value_list	Surface_or_secondary_change	Attributes	vết cào			vết cào	Surface_or_secondary_change	vết cào	Attribute_Characteristics	Surface_or_secondary_change	0	0	0	0	0	0	1	0	0	1	0	0	0	0	0	observed_term_no_disease_translation
Attribute_value_list	Surface_or_secondary_change	Attributes	Vết cào mảnh			Vết cào mảnh	Surface_or_secondary_change	Vết cào mảnh	Attribute_Characteristics	Surface_or_secondary_change	0	0	0	0	0	1	1	0	1	1	0	0	0	0	0	observed_term_no_disease_translation
Attribute_value_list	Surface_or_secondary_change	Attributes	Vết cào xước			Vết cào xước	Surface_or_secondary_change	Vết cào xước	Attribute_Characteristics	Surface_or_secondary_change	0	0	0	0	0	1	1	0	1	1	1	1	0	1	1	observed_term_no_disease_translation
Attribute_value_list	Surface_or_secondary_change	Attributes	Vết gãi			Vết gãi	Surface_or_secondary_change	Vết gãi	Attribute_Characteristics	Surface_or_secondary_change	4	4	0	1	4	12	12	0	2	12	4	4	0	0	4	observed_term_no_disease_translation
Attribute_value_list	Surface_or_secondary_change	Attributes	Vết gãi mảnh			Vết gãi mảnh	Surface_or_secondary_change	Vết gãi mảnh	Attribute_Characteristics	Surface_or_secondary_change	0	0	0	0	0	1	1	0	1	1	0	0	0	0	0	observed_term_no_disease_translation
Attribute_value_list	Surface_or_secondary_change	Attributes	Vết khâu			Vết khâu	Surface_or_secondary_change	Vết khâu	Attribute_Characteristics	Surface_or_secondary_change	0	0	0	0	0	2	2	0	1	2	0	0	0	0	0	observed_term_no_disease_translation
Attribute_value_list	Surface_or_secondary_change	Attributes	Vết nứt			Vết nứt	Surface_or_secondary_change	Vết nứt	Attribute_Characteristics	Surface_or_secondary_change	0	0	0	0	0	1	1	0	0	1	0	0	0	0	0	observed_term_no_disease_translation
Attribute_value_list	Surface_or_secondary_change	Attributes	Vết nứt nông			Vết nứt nông	Surface_or_secondary_change	Vết nứt nông	Attribute_Characteristics	Surface_or_secondary_change	0	0	0	0	0	1	2	0	0	2	0	0	0	0	0	observed_term_no_disease_translation
Attribute_value_list	Surface_or_secondary_change	Attributes	Vết rạn da			Vết rạn da	Surface_or_secondary_change	Vết rạn da	Attribute_Characteristics	Surface_or_secondary_change	0	0	0	0	0	2	2	0	2	2	0	0	0	0	0	observed_term_no_disease_translation
Attribute_value_list	Surface_or_secondary_change	Attributes	Vết thâm			Vết thâm	Surface_or_secondary_change	Vết thâm	Attribute_Characteristics	Surface_or_secondary_change	0	0	0	0	0	3	3	0	0	3	1	1	0	0	1	observed_term_no_disease_translation
Attribute_value_list	Surface_or_secondary_change	Attributes	Vết trầy xước			Vết trầy xước	Surface_or_secondary_change	Vết trầy xước	Attribute_Characteristics	Surface_or_secondary_change	0	0	0	0	0	2	2	0	0	2	1	1	0	0	1	observed_term_no_disease_translation
Attribute_value_list	Surface_or_secondary_change	Attributes	Vết trợt			Vết trợt	Surface_or_secondary_change	Vết trợt	Attribute_Characteristics	Surface_or_secondary_change	0	0	0	0	0	1	2	0	0	2	0	0	0	0	0	observed_term_no_disease_translation
Attribute_value_list	Surface_or_secondary_change	Attributes	vết trợt nhỏ			vết trợt nhỏ	Surface_or_secondary_change	vết trợt nhỏ || Vết trợt nhỏ	Attribute_Characteristics	Surface_or_secondary_change	0	1	0	0	1	8	8	0	3	8	2	2	0	2	2	observed_term_no_disease_translation
Attribute_value_list	Surface_or_secondary_change	Attributes	Vết trợt nông			Vết trợt nông	Surface_or_secondary_change	Vết trợt nông	Attribute_Characteristics	Surface_or_secondary_change	1	1	0	1	1	1	1	0	0	1	0	0	0	0	0	observed_term_no_disease_translation
Attribute_value_list	Surface_or_secondary_change	Attributes	Vệt dài			Vệt dài	Surface_or_secondary_change	Vệt dài	Attribute_Characteristics	Surface_or_secondary_change	0	0	0	0	0	1	1	0	0	1	0	0	0	0	0	observed_term_no_disease_translation
Attribute_value_list	Surface_or_secondary_change	Attributes	Vệt dạng ren			Vệt dạng ren	Surface_or_secondary_change	Vệt dạng ren	Attribute_Characteristics	Surface_or_secondary_change	0	0	0	0	0	2	2	0	1	2	0	0	0	0	0	observed_term_no_disease_translation
Attribute_value_list	Surface_or_secondary_change	Attributes	Vệt sắc tố			Vệt sắc tố	Surface_or_secondary_change	Vệt sắc tố	Attribute_Characteristics	Surface_or_secondary_change	0	0	0	0	0	1	1	0	0	1	1	1	0	0	1	observed_term_no_disease_translation
Attribute_value_list	Surface_or_secondary_change	Attributes	Vệt trắng mảnh			Vệt trắng mảnh	Surface_or_secondary_change	Vệt trắng mảnh	Attribute_Characteristics	Surface_or_secondary_change	0	0	0	0	0	1	1	0	0	1	1	1	0	0	1	observed_term_no_disease_translation
Attribute_value_list	Surface_or_secondary_change	Attributes	Vệt xuất huyết			Vệt xuất huyết	Surface_or_secondary_change	Vệt xuất huyết	Attribute_Characteristics	Surface_or_secondary_change	0	0	0	0	0	1	1	0	0	1	0	0	0	0	0	observed_term_no_disease_translation
Attribute_value_list	Surface_or_secondary_change	Attributes	Vệt đỏ mảnh			Vệt đỏ mảnh	Surface_or_secondary_change	Vệt đỏ mảnh	Attribute_Characteristics	Surface_or_secondary_change	0	0	0	0	0	1	1	0	0	1	1	1	0	0	1	observed_term_no_disease_translation
Attribute_value_list	Surface_or_secondary_change	Attributes	Vỡ bờ móng			Vỡ bờ móng	Surface_or_secondary_change	Vỡ bờ móng	Attribute_Characteristics	Surface_or_secondary_change	0	0	0	0	0	1	1	0	0	1	1	1	0	0	1	observed_term_no_disease_translation
Attribute_value_list	Surface_or_secondary_change	Attributes	Vỡ móng			Vỡ móng	Surface_or_secondary_change	Vỡ móng	Attribute_Characteristics	Surface_or_secondary_change	0	0	0	0	0	1	1	0	1	1	0	0	0	0	0	observed_term_no_disease_translation
Attribute_value_list	Surface_or_secondary_change	Attributes	Vỡ vụn móng			Vỡ vụn móng	Surface_or_secondary_change	Vỡ vụn móng	Attribute_Characteristics	Surface_or_secondary_change	0	0	0	0	0	0	1	0	0	1	0	0	0	0	0	observed_term_no_disease_translation
Attribute_value_list	Surface_or_secondary_change	Attributes	Vụn dưới móng			Vụn dưới móng	Surface_or_secondary_change	Vụn dưới móng	Attribute_Characteristics	Surface_or_secondary_change	0	0	0	0	0	4	6	0	3	6	1	1	0	1	1	observed_term_no_disease_translation
Attribute_value_list	Surface_or_secondary_change	Attributes	Vụn móng			Vụn móng	Surface_or_secondary_change	Vụn móng || vụn móng	Attribute_Characteristics	Surface_or_secondary_change	2	4	0	1	4	19	21	0	5	21	5	5	0	1	5	observed_term_no_disease_translation
Attribute_value_list	Surface_or_secondary_change	Attributes	vụn sừng			vụn sừng	Surface_or_secondary_change	vụn sừng || Vụn sừng	Attribute_Characteristics	Surface_or_secondary_change	0	2	0	0	2	11	13	0	3	13	5	6	0	1	6	observed_term_no_disease_translation
Attribute_value_list	Surface_or_secondary_change	Attributes	Vụn trắng			Vụn trắng	Surface_or_secondary_change	Vụn trắng	Attribute_Characteristics	Surface_or_secondary_change	0	0	0	0	0	1	1	0	0	1	0	0	0	0	0	observed_term_no_disease_translation
Attribute_value_list	Surface_or_secondary_change	Attributes	Vừa			Vừa	Surface_or_secondary_change	Vừa	Attribute_Characteristics	Surface_or_secondary_change	0	0	0	0	0	1	1	0	0	1	0	0	0	0	0	observed_term_no_disease_translation
Attribute_value_list	Surface_or_secondary_change	Attributes	Xen kẽ			Xen kẽ	Surface_or_secondary_change	Xen kẽ	Attribute_Characteristics	Surface_or_secondary_change	0	0	0	0	0	3	4	0	1	4	2	3	0	0	3	observed_term_no_disease_translation
Attribute_value_list	Surface_or_secondary_change	Attributes	Xung quanh đỏ			Xung quanh đỏ	Surface_or_secondary_change	Xung quanh đỏ	Attribute_Characteristics	Surface_or_secondary_change	0	0	0	0	0	1	1	0	0	1	0	0	0	0	0	observed_term_no_disease_translation
Attribute_value_list	Surface_or_secondary_change	Attributes	Xuất huyết			Xuất huyết	Surface_or_secondary_change	Xuất huyết	Attribute_Characteristics	Surface_or_secondary_change	1	1	0	0	1	8	10	0	1	10	4	4	0	1	4	observed_term_no_disease_translation
Attribute_value_list	Surface_or_secondary_change	Attributes	Xuất huyết móng			Xuất huyết móng	Surface_or_secondary_change	Xuất huyết móng	Attribute_Characteristics	Surface_or_secondary_change	0	0	0	0	0	1	1	0	0	1	0	0	0	0	0	observed_term_no_disease_translation
Attribute_value_list	Surface_or_secondary_change	Attributes	Xuất huyết nhỏ			Xuất huyết nhỏ	Surface_or_secondary_change	Xuất huyết nhỏ	Attribute_Characteristics	Surface_or_secondary_change	0	0	0	0	0	0	1	0	0	1	0	0	0	0	0	observed_term_no_disease_translation
Attribute_value_list	Surface_or_secondary_change	Attributes	Xuất huyết điểm			Xuất huyết điểm	Surface_or_secondary_change	Xuất huyết điểm	Attribute_Characteristics	Surface_or_secondary_change	0	0	0	0	0	4	6	0	1	6	2	3	0	0	3	observed_term_no_disease_translation
Attribute_value_list	Surface_or_secondary_change	Attributes	Xuất tiết			Xuất tiết	Surface_or_secondary_change	Xuất tiết	Attribute_Characteristics	Surface_or_secondary_change	0	0	0	0	0	1	1	0	0	1	0	0	0	0	0	observed_term_no_disease_translation
Attribute_value_list	Surface_or_secondary_change	Attributes	Xù xì			Xù xì	Surface_or_secondary_change	Xù xì	Attribute_Characteristics	Surface_or_secondary_change	0	0	0	0	0	0	1	0	0	1	0	0	0	0	0	observed_term_no_disease_translation
Attribute_value_list	Surface_or_secondary_change	Attributes	xơ cứng			xơ cứng	Surface_or_secondary_change	xơ cứng || Xơ cứng	Attribute_Characteristics	Surface_or_secondary_change	0	0	0	0	0	1	2	0	1	2	0	1	0	0	1	observed_term_no_disease_translation
Attribute_value_list	Surface_or_secondary_change	Attributes	Xơ cứng da			Xơ cứng da	Surface_or_secondary_change	Xơ cứng da	Attribute_Characteristics	Surface_or_secondary_change	0	0	0	0	0	1	1	0	1	1	0	0	0	0	0	observed_term_no_disease_translation
Attribute_value_list	Surface_or_secondary_change	Attributes	Xơ hóa			Xơ hóa	Surface_or_secondary_change	Xơ hóa	Attribute_Characteristics	Surface_or_secondary_change	0	0	0	0	0	1	1	0	0	1	0	0	0	0	0	observed_term_no_disease_translation
Attribute_value_list	Surface_or_secondary_change	Attributes	Xếp thành hàng			Xếp thành hàng	Surface_or_secondary_change	Xếp thành hàng	Attribute_Characteristics	Surface_or_secondary_change	0	0	0	0	0	1	1	0	0	1	1	1	0	0	1	observed_term_no_disease_translation
Attribute_value_list	Surface_or_secondary_change	Attributes	Ít			Ít	Surface_or_secondary_change	Ít	Attribute_Characteristics	Surface_or_secondary_change	0	0	0	0	0	4	4	0	0	4	1	1	0	0	1	observed_term_no_disease_translation
Attribute_value_list	Surface_or_secondary_change	Attributes	Ít dịch khô			Ít dịch khô	Surface_or_secondary_change	Ít dịch khô	Attribute_Characteristics	Surface_or_secondary_change	0	0	0	0	0	1	1	0	0	1	0	0	0	0	0	observed_term_no_disease_translation
Attribute_value_list	Surface_or_secondary_change	Attributes	Ít rỉ dịch			Ít rỉ dịch	Surface_or_secondary_change	Ít rỉ dịch	Attribute_Characteristics	Surface_or_secondary_change	0	0	0	0	0	1	1	0	0	1	0	0	0	0	0	observed_term_no_disease_translation
Attribute_value_list	Surface_or_secondary_change	Attributes	Ít tổn thương			Ít tổn thương	Surface_or_secondary_change	Ít tổn thương	Attribute_Characteristics	Surface_or_secondary_change	0	0	0	0	0	2	2	0	1	2	1	1	0	1	1	observed_term_no_disease_translation
Attribute_value_list	Surface_or_secondary_change	Attributes	Ít viêm			Ít viêm	Surface_or_secondary_change	Ít viêm	Attribute_Characteristics	Surface_or_secondary_change	0	0	0	0	0	1	1	0	0	1	0	0	0	0	0	observed_term_no_disease_translation
Attribute_value_list	Surface_or_secondary_change	Attributes	Ít vảy			Ít vảy	Surface_or_secondary_change	Ít vảy || ít vảy	Attribute_Characteristics	Surface_or_secondary_change	4	5	0	0	5	19	24	0	6	24	5	6	0	1	6	observed_term_no_disease_translation
Attribute_value_list	Surface_or_secondary_change	Attributes	Ít vảy tiết			Ít vảy tiết	Surface_or_secondary_change	Ít vảy tiết	Attribute_Characteristics	Surface_or_secondary_change	1	1	0	0	1	0	0	0	0	0	0	0	0	0	0	observed_term_no_disease_translation
Attribute_value_list	Surface_or_secondary_change	Attributes	ít ổ			ít ổ	Surface_or_secondary_change	ít ổ || Ít ổ	Attribute_Characteristics	Surface_or_secondary_change	0	1	0	0	1	5	6	0	1	6	1	2	0	0	2	observed_term_no_disease_translation
Attribute_value_list	Surface_or_secondary_change	Attributes	đa cung			đa cung	Surface_or_secondary_change	đa cung	Attribute_Characteristics	Surface_or_secondary_change	0	0	0	0	0	0	1	0	0	1	0	0	0	0	0	observed_term_no_disease_translation
Attribute_value_list	Surface_or_secondary_change	Attributes	Đa dạng			Đa dạng	Surface_or_secondary_change	Đa dạng || đa dạng	Attribute_Characteristics	Surface_or_secondary_change	0	0	0	0	0	1	2	0	0	2	1	1	0	0	1	observed_term_no_disease_translation
Attribute_value_list	Surface_or_secondary_change	Attributes	Đa dạng kích thước			Đa dạng kích thước	Surface_or_secondary_change	Đa dạng kích thước	Attribute_Characteristics	Surface_or_secondary_change	1	1	0	0	1	1	1	0	1	1	1	1	0	1	1	observed_term_no_disease_translation
Attribute_value_list	Surface_or_secondary_change	Attributes	Đa hình thái			Đa hình thái	Surface_or_secondary_change	Đa hình thái	Attribute_Characteristics	Surface_or_secondary_change	0	0	0	0	0	2	2	0	1	2	0	0	0	0	0	observed_term_no_disease_translation
Attribute_value_list	Surface_or_secondary_change	Attributes	Đa kích thước			Đa kích thước	Surface_or_secondary_change	Đa kích thước || đa kích thước	Attribute_Characteristics	Surface_or_secondary_change	0	0	0	0	0	3	4	0	1	4	1	2	0	0	2	observed_term_no_disease_translation
Attribute_value_list	Surface_or_secondary_change	Attributes	Đa sắc			Đa sắc	Surface_or_secondary_change	Đa sắc	Attribute_Characteristics	Surface_or_secondary_change	0	0	0	0	0	6	7	0	1	7	2	2	0	0	2	observed_term_no_disease_translation
Attribute_value_list	Surface_or_secondary_change	Attributes	Đa sắc tố			Đa sắc tố	Surface_or_secondary_change	Đa sắc tố	Attribute_Characteristics	Surface_or_secondary_change	0	0	0	0	0	3	4	0	1	4	0	1	0	0	1	observed_term_no_disease_translation
Attribute_value_list	Surface_or_secondary_change	Attributes	Đa tổn thương			Đa tổn thương	Surface_or_secondary_change	Đa tổn thương	Attribute_Characteristics	Surface_or_secondary_change	0	0	0	0	0	1	1	0	0	1	0	0	0	0	0	observed_term_no_disease_translation
Attribute_value_list	Surface_or_secondary_change	Attributes	Đan xen			Đan xen	Surface_or_secondary_change	Đan xen	Attribute_Characteristics	Surface_or_secondary_change	1	1	0	1	1	0	0	0	0	0	0	0	0	0	0	observed_term_no_disease_translation
Attribute_value_list	Surface_or_secondary_change	Attributes	Điểm trắng			Điểm trắng	Surface_or_secondary_change	Điểm trắng	Attribute_Characteristics	Surface_or_secondary_change	0	0	0	0	0	1	1	0	1	1	0	0	0	0	0	observed_term_no_disease_translation
Attribute_value_list	Surface_or_secondary_change	Attributes	điểm trắng vàng			điểm trắng vàng	Surface_or_secondary_change	điểm trắng vàng	Attribute_Characteristics	Surface_or_secondary_change	0	0	0	0	0	0	1	0	0	1	0	1	0	0	1	observed_term_no_disease_translation
Attribute_value_list	Surface_or_secondary_change	Attributes	Điểm vàng			Điểm vàng	Surface_or_secondary_change	Điểm vàng	Attribute_Characteristics	Surface_or_secondary_change	0	0	0	0	0	1	1	0	1	1	0	0	0	0	0	observed_term_no_disease_translation
Attribute_value_list	Surface_or_secondary_change	Attributes	Đánh dấu tím			Đánh dấu tím	Surface_or_secondary_change	Đánh dấu tím	Attribute_Characteristics	Surface_or_secondary_change	0	0	0	0	0	1	1	0	0	1	1	1	0	0	1	observed_term_no_disease_translation
Attribute_value_list	Surface_or_secondary_change	Attributes	đáy hạt			đáy hạt	Surface_or_secondary_change	đáy hạt	Attribute_Characteristics	Surface_or_secondary_change	0	0	0	0	0	0	1	0	0	1	0	1	0	0	1	observed_term_no_disease_translation
Attribute_value_list	Surface_or_secondary_change	Attributes	Đáy hồng			Đáy hồng	Surface_or_secondary_change	Đáy hồng	Attribute_Characteristics	Surface_or_secondary_change	0	0	0	0	0	1	1	0	0	1	0	0	0	0	0	observed_term_no_disease_translation
Attribute_value_list	Surface_or_secondary_change	Attributes	Đáy loét			Đáy loét	Surface_or_secondary_change	Đáy loét	Attribute_Characteristics	Surface_or_secondary_change	0	0	0	0	0	1	1	0	0	1	0	0	0	0	0	observed_term_no_disease_translation
Attribute_value_list	Surface_or_secondary_change	Attributes	Đáy loét đỏ			Đáy loét đỏ	Surface_or_secondary_change	Đáy loét đỏ	Attribute_Characteristics	Surface_or_secondary_change	0	0	0	0	0	1	1	0	0	1	0	0	0	0	0	observed_term_no_disease_translation
Attribute_value_list	Surface_or_secondary_change	Attributes	Đáy trắng			Đáy trắng	Surface_or_secondary_change	Đáy trắng	Attribute_Characteristics	Surface_or_secondary_change	0	0	0	0	0	1	1	0	0	1	1	1	0	0	1	observed_term_no_disease_translation
Attribute_value_list	Surface_or_secondary_change	Attributes	Đáy ướt			Đáy ướt	Surface_or_secondary_change	Đáy ướt	Attribute_Characteristics	Surface_or_secondary_change	0	0	0	0	0	1	2	0	1	2	0	0	0	0	0	observed_term_no_disease_translation
Attribute_value_list	Surface_or_secondary_change	Attributes	Đóng mủ			Đóng mủ	Surface_or_secondary_change	Đóng mủ	Attribute_Characteristics	Surface_or_secondary_change	0	0	0	0	0	1	1	0	1	1	0	0	0	0	0	observed_term_no_disease_translation
Attribute_value_list	Surface_or_secondary_change	Attributes	Đóng vảy			Đóng vảy	Surface_or_secondary_change	Đóng vảy || đóng vảy	Attribute_Characteristics	Surface_or_secondary_change	3	3	0	2	3	17	23	0	4	23	5	7	0	1	7	observed_term_no_disease_translation
Attribute_value_list	Surface_or_secondary_change	Attributes	Đóng vảy cứng			Đóng vảy cứng	Surface_or_secondary_change	Đóng vảy cứng	Attribute_Characteristics	Surface_or_secondary_change	0	0	0	0	0	1	1	0	0	1	0	0	0	0	0	observed_term_no_disease_translation
Attribute_value_list	Surface_or_secondary_change	Attributes	Đóng vảy mỏng			Đóng vảy mỏng	Surface_or_secondary_change	Đóng vảy mỏng	Attribute_Characteristics	Surface_or_secondary_change	0	0	0	0	0	1	2	0	0	2	0	0	0	0	0	observed_term_no_disease_translation
Attribute_value_list	Surface_or_secondary_change	Attributes	Đóng vảy nhẹ			Đóng vảy nhẹ	Surface_or_secondary_change	Đóng vảy nhẹ	Attribute_Characteristics	Surface_or_secondary_change	0	0	0	0	0	1	1	0	1	1	0	0	0	0	0	observed_term_no_disease_translation
Attribute_value_list	Surface_or_secondary_change	Attributes	Đóng vảy tiết			Đóng vảy tiết	Surface_or_secondary_change	Đóng vảy tiết	Attribute_Characteristics	Surface_or_secondary_change	0	0	0	0	0	5	8	0	2	8	2	2	0	1	2	observed_term_no_disease_translation
Attribute_value_list	Surface_or_secondary_change	Attributes	Đóng vảy vàng			Đóng vảy vàng	Surface_or_secondary_change	Đóng vảy vàng	Attribute_Characteristics	Surface_or_secondary_change	0	0	0	0	0	1	1	0	0	1	1	1	0	0	1	observed_term_no_disease_translation
Attribute_value_list	Surface_or_secondary_change	Attributes	Đường da rõ			Đường da rõ	Surface_or_secondary_change	Đường da rõ	Attribute_Characteristics	Surface_or_secondary_change	1	1	0	1	1	5	5	0	0	5	2	2	0	0	2	observed_term_no_disease_translation
Attribute_value_list	Surface_or_secondary_change	Attributes	Đường trắng mảnh			Đường trắng mảnh	Surface_or_secondary_change	Đường trắng mảnh	Attribute_Characteristics	Surface_or_secondary_change	0	0	0	0	0	1	1	0	0	1	1	1	0	0	1	observed_term_no_disease_translation
Attribute_value_list	Surface_or_secondary_change	Attributes	Đảo sắc tố			Đảo sắc tố	Surface_or_secondary_change	Đảo sắc tố	Attribute_Characteristics	Surface_or_secondary_change	0	0	0	0	0	1	1	0	0	1	0	0	0	0	0	observed_term_no_disease_translation
Attribute_value_list	Surface_or_secondary_change	Attributes	Đầu lọc			Đầu lọc	Surface_or_secondary_change	Đầu lọc	Attribute_Characteristics	Surface_or_secondary_change	0	0	0	0	0	1	1	0	0	1	1	1	0	0	1	observed_term_no_disease_translation
Attribute_value_list	Surface_or_secondary_change	Attributes	Đầu ngón nhợt màu			Đầu ngón nhợt màu	Surface_or_secondary_change	Đầu ngón nhợt màu	Attribute_Characteristics	Surface_or_secondary_change	0	0	0	0	0	1	1	0	1	1	0	0	0	0	0	observed_term_no_disease_translation
Attribute_value_list	Surface_or_secondary_change	Attributes	Đầu trắng			Đầu trắng	Surface_or_secondary_change	Đầu trắng	Attribute_Characteristics	Surface_or_secondary_change	0	0	0	0	0	1	1	0	0	1	0	0	0	0	0	observed_term_no_disease_translation
Attribute_value_list	Surface_or_secondary_change	Attributes	Đậm màu			Đậm màu	Surface_or_secondary_change	Đậm màu	Attribute_Characteristics	Surface_or_secondary_change	0	0	0	0	0	1	2	0	0	2	0	1	0	0	1	observed_term_no_disease_translation
Attribute_value_list	Surface_or_secondary_change	Attributes	Đậm trung tâm			Đậm trung tâm	Surface_or_secondary_change	Đậm trung tâm	Attribute_Characteristics	Surface_or_secondary_change	0	0	0	0	0	1	1	0	0	1	0	0	0	0	0	observed_term_no_disease_translation
Attribute_value_list	Surface_or_secondary_change	Attributes	Đỉnh phẳng			Đỉnh phẳng	Surface_or_secondary_change	Đỉnh phẳng	Attribute_Characteristics	Surface_or_secondary_change	0	0	0	0	0	1	1	0	0	1	1	1	0	0	1	observed_term_no_disease_translation
Attribute_value_list	Surface_or_secondary_change	Attributes	Đỏ góc mắt			Đỏ góc mắt	Surface_or_secondary_change	Đỏ góc mắt	Attribute_Characteristics	Surface_or_secondary_change	0	0	0	0	0	1	1	0	1	1	1	1	0	1	1	observed_term_no_disease_translation
Attribute_value_list	Surface_or_secondary_change	Attributes	Đỏ tím			Đỏ tím	Surface_or_secondary_change	Đỏ tím	Attribute_Characteristics	Surface_or_secondary_change	0	0	0	0	0	1	1	0	0	1	1	1	0	0	1	observed_term_no_disease_translation
Attribute_value_list	Surface_or_secondary_change	Attributes	Đốm giảm sắc tố			Đốm giảm sắc tố	Surface_or_secondary_change	Đốm giảm sắc tố	Attribute_Characteristics	Surface_or_secondary_change	0	0	0	0	0	1	1	0	0	1	0	0	0	0	0	observed_term_no_disease_translation
Attribute_value_list	Surface_or_secondary_change	Attributes	Đốm nâu nhỏ			Đốm nâu nhỏ	Surface_or_secondary_change	Đốm nâu nhỏ	Attribute_Characteristics	Surface_or_secondary_change	0	0	0	0	0	1	2	0	0	2	0	1	0	0	1	observed_term_no_disease_translation
Attribute_value_list	Surface_or_secondary_change	Attributes	Đốm sắc tố			Đốm sắc tố	Surface_or_secondary_change	Đốm sắc tố	Attribute_Characteristics	Surface_or_secondary_change	0	0	0	0	0	3	3	0	1	3	1	1	0	1	1	observed_term_no_disease_translation
Attribute_value_list	Surface_or_secondary_change	Attributes	Đốm tăng sắc tố			Đốm tăng sắc tố	Surface_or_secondary_change	Đốm tăng sắc tố	Attribute_Characteristics	Surface_or_secondary_change	0	0	0	0	0	1	1	0	0	1	1	1	0	0	1	observed_term_no_disease_translation
Attribute_value_list	Surface_or_secondary_change	Attributes	Đốm xuất huyết			Đốm xuất huyết	Surface_or_secondary_change	Đốm xuất huyết	Attribute_Characteristics	Surface_or_secondary_change	0	0	0	0	0	2	2	0	0	2	0	0	0	0	0	observed_term_no_disease_translation
Attribute_value_list	Surface_or_secondary_change	Attributes	Đốm đen			Đốm đen	Surface_or_secondary_change	Đốm đen	Attribute_Characteristics	Surface_or_secondary_change	0	0	0	0	0	1	1	0	1	1	0	0	0	0	0	observed_term_no_disease_translation
Attribute_value_list	Surface_or_secondary_change	Attributes	Đốm đen nhỏ			Đốm đen nhỏ	Surface_or_secondary_change	Đốm đen nhỏ	Attribute_Characteristics	Surface_or_secondary_change	0	0	0	0	0	1	1	0	0	1	0	0	0	0	0	observed_term_no_disease_translation
Attribute_value_list	Surface_or_secondary_change	Attributes	Đồng dạng			Đồng dạng	Surface_or_secondary_change	Đồng dạng	Attribute_Characteristics	Surface_or_secondary_change	1	1	0	0	1	8	8	0	3	8	3	3	0	2	3	observed_term_no_disease_translation
Attribute_value_list	Surface_or_secondary_change	Attributes	Đồng nhất			Đồng nhất	Surface_or_secondary_change	Đồng nhất	Attribute_Characteristics	Surface_or_secondary_change	0	0	0	0	0	3	3	0	2	3	1	1	0	0	1	observed_term_no_disease_translation
Attribute_value_list	Surface_or_secondary_change	Attributes	Đồng đều			Đồng đều	Surface_or_secondary_change	Đồng đều || đồng đều	Attribute_Characteristics	Surface_or_secondary_change	0	0	0	0	0	2	4	0	0	4	0	0	0	0	0	observed_term_no_disease_translation
Attribute_value_list	Surface_or_secondary_change	Attributes	Đổi màu			Đổi màu	Surface_or_secondary_change	Đổi màu	Attribute_Characteristics	Surface_or_secondary_change	0	0	0	0	0	1	1	0	0	1	0	0	0	0	0	observed_term_no_disease_translation
Attribute_value_list	Surface_or_secondary_change	Attributes	Đổi màu móng			Đổi màu móng	Surface_or_secondary_change	Đổi màu móng	Attribute_Characteristics	Surface_or_secondary_change	2	2	0	1	2	5	5	0	1	5	1	1	0	0	1	observed_term_no_disease_translation
Attribute_value_list	Surface_or_secondary_change	Attributes	Đổi màu quanh			Đổi màu quanh	Surface_or_secondary_change	Đổi màu quanh	Attribute_Characteristics	Surface_or_secondary_change	0	0	0	0	0	1	1	0	0	1	0	0	0	0	0	observed_term_no_disease_translation
Attribute_value_list	Surface_or_secondary_change	Attributes	Đổi móng			Đổi móng	Surface_or_secondary_change	Đổi móng	Attribute_Characteristics	Surface_or_secondary_change	0	0	0	0	0	1	1	0	1	1	0	0	0	0	0	observed_term_no_disease_translation
Attribute_value_list	Surface_or_secondary_change	Attributes	Đục móng			Đục móng	Surface_or_secondary_change	Đục móng	Attribute_Characteristics	Surface_or_secondary_change	0	0	0	0	0	1	1	0	0	1	1	1	0	0	1	observed_term_no_disease_translation
Attribute_value_list	Surface_or_secondary_change	Attributes	Ướt			Ướt	Surface_or_secondary_change	Ướt	Attribute_Characteristics	Surface_or_secondary_change	1	1	0	0	1	5	5	0	3	5	0	0	0	0	0	observed_term_no_disease_translation
Attribute_value_list	Surface_or_secondary_change	Attributes	Ướt bóng			Ướt bóng	Surface_or_secondary_change	Ướt bóng	Attribute_Characteristics	Surface_or_secondary_change	0	0	0	0	0	5	5	0	2	5	3	3	0	1	3	observed_term_no_disease_translation
Attribute_value_list	Surface_or_secondary_change	Attributes	ướt trợt			ướt trợt	Surface_or_secondary_change	ướt trợt || Ướt trợt	Attribute_Characteristics	Surface_or_secondary_change	0	1	0	0	1	1	1	0	0	1	1	1	0	0	1	observed_term_no_disease_translation
Attribute_value_list	Surface_or_secondary_change	Attributes	Ẩm			Ẩm	Surface_or_secondary_change	Ẩm || ẩm	Attribute_Characteristics	Surface_or_secondary_change	1	1	0	0	1	28	34	0	10	34	11	12	0	6	12	observed_term_no_disease_translation
Attribute_value_list	Surface_or_secondary_change	Attributes	Ẩm bóng			Ẩm bóng	Surface_or_secondary_change	Ẩm bóng	Attribute_Characteristics	Surface_or_secondary_change	0	0	0	0	0	8	10	0	4	10	0	1	0	0	1	observed_term_no_disease_translation
Attribute_value_list	Surface_or_secondary_change	Attributes	Ẩm nhẹ			Ẩm nhẹ	Surface_or_secondary_change	Ẩm nhẹ	Attribute_Characteristics	Surface_or_secondary_change	1	1	0	0	1	6	6	0	3	6	3	3	0	2	3	observed_term_no_disease_translation
Attribute_value_list	Surface_or_secondary_change	Attributes	Ẩm đỏ			Ẩm đỏ	Surface_or_secondary_change	Ẩm đỏ	Attribute_Characteristics	Surface_or_secondary_change	2	2	0	0	2	0	0	0	0	0	0	0	0	0	0	observed_term_no_disease_translation
Attribute_value_list	Surface_or_secondary_change	Attributes	Ẩm ướt			Ẩm ướt	Surface_or_secondary_change	Ẩm ướt || ẩm ướt	Attribute_Characteristics	Surface_or_secondary_change	4	4	0	1	4	28	32	0	9	32	12	12	0	5	12	observed_term_no_disease_translation
Attribute_value_list	Surface_or_secondary_change	Attributes	Ổ nhỏ			Ổ nhỏ	Surface_or_secondary_change	Ổ nhỏ	Attribute_Characteristics	Surface_or_secondary_change	0	0	0	0	0	2	2	0	0	2	0	0	0	0	0	observed_term_no_disease_translation
Attribute_value_list	Surface_or_secondary_change	Attributes	Ổ sẫm màu			Ổ sẫm màu	Surface_or_secondary_change	Ổ sẫm màu	Attribute_Characteristics	Surface_or_secondary_change	0	0	0	0	0	1	1	0	0	1	0	0	0	0	0	observed_term_no_disease_translation
Attribute_value_list	Surface_or_secondary_change	Attributes	ứ sắc tố			ứ sắc tố	Surface_or_secondary_change	ứ sắc tố	Attribute_Characteristics	Surface_or_secondary_change	0	0	0	0	0	0	1	0	0	1	0	1	0	0	1	observed_term_no_disease_translation
Attribute_value_list	Swelling	Attributes	Hồng ban			Hồng ban	Swelling	Hồng ban	Attribute_Characteristics	Swelling	0	0	0	0	0	0	1	0	0	1	0	0	0	0	0	observed_term_no_disease_translation
Attribute_value_list	Swelling	Attributes	Phù nề ngón tay			Phù nề ngón tay	Swelling	Phù nề ngón tay	Attribute_Characteristics	Swelling	0	0	0	0	0	0	1	0	0	1	0	1	0	0	1	observed_term_no_disease_translation
Attribute_value_list	Swelling	Attributes	phù ‘Sưng nề			phù ‘Sưng nề	Swelling	phù ‘Sưng nề	Attribute_Characteristics	Swelling	0	0	0	0	0	0	2	0	0	2	0	1	0	0	1	observed_term_no_disease_translation
Attribute_value_list	Swelling	Attributes	sưng			sưng	Swelling	sưng	Attribute_Characteristics	Swelling	0	0	0	0	0	0	2	0	0	2	0	1	0	0	1	observed_term_no_disease_translation
Body_region	Body region	Vùng sinh dục-hậu môn	Dương vật	bao quy đầu		bao quy đầu	Body region	bao quy đầu || Bao quy đầu	Anatomical_Distribution	Distribution	0	0	0	0	0	3	3	0	2	3	1	1	0	1	1	curated_body_region_path
Body_region	Body region	Chi dưới	Bàn chân			bàn chân	Body region	bàn chân || Bàn chân	Anatomical_Distribution	Distribution	5	5	4	17	25	32	36	67	129	219	9	9	17	41	65	curated_body_region_path
Body_region	Body region	Chi trên	Bàn tay			bàn tay	Body region	bàn tay || Bàn tay	Anatomical_Distribution	Distribution	1	1	10	14	24	12	14	59	133	202	4	4	24	48	75	curated_body_region_path
Body_region	Body region	Chi trên	Vị trí chi trên chưa phân nhóm	Bàn tay phải		Bàn tay phải	Body region	Bàn tay phải	Anatomical_Distribution	Distribution	1	1	0	1	1	0	0	0	0	0	0	0	0	0	0	requires_manual_body_region_mapping
Body_region	Body region	Cổ	Vị trí cổ chưa phân nhóm	Bên cổ		Bên cổ	Body region	Bên cổ	Anatomical_Distribution	Distribution	0	0	0	0	0	1	1	0	0	1	1	1	0	0	1	requires_manual_body_region_mapping
Body_region	Body region	Chi chưa xác định	Ngón chưa xác định chi	Bên ngón		Bên ngón	Body region	Bên ngón	Anatomical_Distribution	Distribution	0	0	0	0	0	1	1	0	0	1	0	0	0	0	0	requires_manual_body_region_mapping
Body_region	Body region	Vùng sinh dục-hậu môn	Bìu			Bìu	Body region	Bìu	Anatomical_Distribution	Distribution	1	1	0	1	1	9	10	0	2	10	7	7	0	2	7	curated_body_region_path
Body_region	Body region	Chi chưa xác định	Móng	Vị trí móng chưa xác định	Bản móng	Bản móng	Body region	Bản móng	Anatomical_Distribution	Distribution	0	0	0	0	0	4	4	0	3	4	1	1	0	1	1	requires_manual_body_region_mapping
Body_region	Body region	Thân mình	Bẹn			Bẹn	Body region	Bẹn	Anatomical_Distribution	Distribution	6	6	0	2	6	21	26	0	6	26	9	12	0	1	12	curated_body_region_path
Body_region	Body region	Vùng sinh dục-hậu môn	Vị trí chưa phân nhóm	Bẹn sinh dục		Bẹn sinh dục	Body region	Bẹn sinh dục	Anatomical_Distribution	Distribution	0	0	0	0	0	1	1	0	1	1	1	1	0	1	1	requires_manual_body_region_mapping
Body_region	Body region	Thân mình	Ngực	Vú	Bề mặt vú	Bề mặt vú	Body region	Bề mặt vú	Anatomical_Distribution	Distribution	0	0	0	0	0	1	2	0	0	2	0	0	0	0	0	curated_body_region_path
Body_region	Body region	Chi dưới	Vị trí chi dưới chưa phân nhóm	Bờ bàn chân		Bờ bàn chân	Body region	Bờ bàn chân	Anatomical_Distribution	Distribution	0	0	0	0	0	2	2	0	0	2	1	1	0	0	1	requires_manual_body_region_mapping
Body_region	Body region	Chi trên	Vị trí chi trên chưa phân nhóm	Bờ bàn tay		Bờ bàn tay	Body region	Bờ bàn tay	Anatomical_Distribution	Distribution	0	0	0	0	0	1	1	0	1	1	0	0	0	0	0	requires_manual_body_region_mapping
Body_region	Body region	Chi chưa xác định	Móng	Vị trí móng chưa xác định	Bờ bên móng	Bờ bên móng	Body region	Bờ bên móng	Anatomical_Distribution	Distribution	0	0	0	0	0	3	6	0	2	6	1	2	0	0	2	requires_manual_body_region_mapping
Body_region	Body region	Đầu	Mặt	Quanh mắt	Bờ mi	Bờ mi mắt	Body region	Bờ mi mắt	Anatomical_Distribution	Distribution	1	1	0	1	1	0	0	0	0	0	0	0	0	0	0	curated_body_region_path
Body_region	Body region	Đầu	Mặt	Quanh mắt	Bờ mi	Bờ mi trên	Body region	Bờ mi trên	Anatomical_Distribution	Distribution	0	0	0	0	0	2	2	0	0	2	0	0	0	0	0	curated_body_region_path
Body_region	Body region	Chi chưa xác định	Móng	Vị trí móng chưa xác định	Bờ móng bên	Bờ móng bên	Body region	Bờ móng bên	Anatomical_Distribution	Distribution	1	1	0	0	1	0	0	0	0	0	0	0	0	0	0	requires_manual_body_region_mapping
Body_region	Body region	Đầu	Mặt	Quanh miệng	Bờ môi	Bờ môi	Body region	Bờ môi	Anatomical_Distribution	Distribution	0	0	0	0	0	1	1	0	0	1	1	1	0	0	1	curated_body_region_path
Body_region	Body region	Chi dưới	Vị trí chi dưới chưa phân nhóm	Bờ ngoài bàn chân		Bờ ngoài bàn chân	Body region	Bờ ngoài bàn chân	Anatomical_Distribution	Distribution	0	0	0	0	0	1	1	0	0	1	0	0	0	0	0	requires_manual_body_region_mapping
Body_region	Body region	Chi trên	Vị trí chi trên chưa phân nhóm	Bờ ngón tay		Bờ ngón tay	Body region	Bờ ngón tay	Anatomical_Distribution	Distribution	0	0	0	0	0	1	1	0	0	1	0	0	0	0	0	requires_manual_body_region_mapping
Body_region	Body region	Chi dưới	Vị trí chi dưới chưa phân nhóm	Bờ trong bàn chân		Bờ trong bàn chân	Body region	Bờ trong bàn chân	Anatomical_Distribution	Distribution	0	0	0	0	0	1	1	0	1	1	1	1	0	1	1	requires_manual_body_region_mapping
Body_region	Body region	Đầu	Mặt	Vị trí mặt chưa phân nhóm	Bờ vành tai	Bờ vành tai	Body region	Bờ vành tai	Anatomical_Distribution	Distribution	0	0	0	0	0	1	1	0	1	1	1	1	0	1	1	requires_manual_body_region_mapping
Body_region	Body region	Thân mình	Bụng			Bụng	Body region	Bụng	Anatomical_Distribution	Distribution	7	8	0	2	8	54	62	0	22	62	16	19	0	5	19	curated_body_region_path
Body_region	Body region	Thân mình	Bụng	bụng bên		bụng bên	Body region	bụng bên || Bụng bên	Anatomical_Distribution	Distribution	0	0	0	0	0	2	2	0	2	2	1	1	0	1	1	curated_body_region_path
Body_region	Body region	Thân mình	Bụng	Bụng dưới		Bụng dưới	Body region	Bụng dưới	Anatomical_Distribution	Distribution	2	2	0	1	2	9	11	0	4	11	2	2	0	1	2	curated_body_region_path
Body_region	Body region	Thân mình	Bụng	Bụng trên		Bụng trên	Body region	Bụng trên	Anatomical_Distribution	Distribution	0	0	0	0	0	1	1	0	1	1	0	0	0	0	0	curated_body_region_path
Body_region	Body region	Chi	Vị trí chi chưa xác định			Chi	Body region	Chi || chi	Anatomical_Distribution	Distribution	3	3	0	0	3	59	68	0	17	68	14	16	0	5	16	requires_manual_body_region_mapping
Body_region	Body region	Chi	Vị trí chi chưa xác định			Chi có lông	Body region	Chi có lông	Anatomical_Distribution	Distribution	0	0	0	0	0	1	1	0	0	1	0	0	0	0	0	requires_manual_body_region_mapping
Body_region	Body region	Chi dưới				Chi dưới	Body region	Chi dưới || chi dưới	Anatomical_Distribution	Distribution	4	6	7	45	57	21	29	71	399	495	4	8	19	135	162	curated_body_region_path
Body_region	Body region	Chi trên				Chi trên	Body region	Chi trên || chi trên	Anatomical_Distribution	Distribution	0	1	6	16	23	6	6	62	132	197	2	2	21	38	60	curated_body_region_path
Body_region	Body region	Đầu	Mặt	Quanh mắt	Lông mi	Chân lông mi	Body region	Chân lông mi	Anatomical_Distribution	Distribution	0	0	0	0	0	1	1	0	0	1	0	0	0	0	0	curated_body_region_path
Body_region	Body region	Đầu	Da đầu	Đường chân tóc		chân tóc	Body region	chân tóc || Chân tóc	Anatomical_Distribution	Distribution	0	1	0	0	1	4	5	0	2	5	1	2	0	1	2	curated_body_region_path
Body_region	Body region	Đầu	Da đầu	Đường chân tóc		Chân tóc trán	Body region	Chân tóc trán	Anatomical_Distribution	Distribution	0	0	0	0	0	1	1	0	0	1	0	0	0	0	0	curated_body_region_path
Body_region	Body region	Đầu	Mặt	Mũi	Chóp mũi	Chóp mũi	Body region	Chóp mũi	Anatomical_Distribution	Distribution	0	0	0	0	0	9	9	0	6	9	3	3	0	1	3	curated_body_region_path
Body_region	Body region	Đầu	Da đầu	Vùng chẩm		Chẩm	Body region	Chẩm	Anatomical_Distribution	Distribution	1	1	0	0	1	6	6	0	1	6	2	2	0	1	2	curated_body_region_path
Body_region	Body region	Đầu	Mặt	Quanh mắt	Cung mày	Cung mày	Body region	Cung mày	Anatomical_Distribution	Distribution	0	0	0	0	0	2	2	0	0	2	0	0	0	0	0	curated_body_region_path
Body_region	Body region	Chi	Ngón chưa xác định chi	Các ngón		Các ngón	Body region	Các ngón || các ngón	Anatomical_Distribution	Distribution	0	0	0	0	0	2	2	0	1	2	0	0	0	0	0	requires_manual_body_region_mapping
Body_region	Body region	Chi trên	Vị trí chi trên chưa phân nhóm	Các ngón tay		Các ngón tay	Body region	Các ngón tay	Anatomical_Distribution	Distribution	0	0	0	0	0	1	1	0	0	1	1	1	0	0	1	requires_manual_body_region_mapping
Body_region	Body region	Đầu	Mặt	Mũi	Cánh mũi	cánh mũi	Body region	cánh mũi || Cánh mũi	Anatomical_Distribution	Distribution	1	1	0	1	1	16	18	0	6	18	6	6	0	2	6	curated_body_region_path
Body_region	Body region	Chi trên	Cánh tay			Cánh tay	Body region	Cánh tay || cánh tay	Anatomical_Distribution	Distribution	4	5	0	4	5	53	59	0	18	59	15	18	0	5	18	curated_body_region_path
Body_region	Body region	Chi trên	Vị trí chi trên chưa phân nhóm	Cánh tay ngoài		Cánh tay ngoài	Body region	Cánh tay ngoài	Anatomical_Distribution	Distribution	0	0	0	0	0	1	1	0	0	1	1	1	0	0	1	requires_manual_body_region_mapping
Body_region	Body region	Chi trên	Vị trí chi trên chưa phân nhóm	Cánh tay trong		Cánh tay trong	Body region	Cánh tay trong	Anatomical_Distribution	Distribution	0	0	0	0	0	2	2	0	1	2	0	0	0	0	0	requires_manual_body_region_mapping
Body_region	Body region	Chi trên	Cánh tay	Cánh tay trên		Cánh tay trên	Body region	Cánh tay trên || cánh tay trên	Anatomical_Distribution	Distribution	2	2	0	0	2	10	10	0	3	10	5	5	0	0	5	curated_body_region_path
Body_region	Body region	Vùng sinh dục-hậu môn	Hậu môn	cạnh hậu môn		cạnh hậu môn	Body region	cạnh hậu môn	Anatomical_Distribution	Distribution	0	0	0	0	0	1	1	0	1	1	0	0	0	0	0	curated_body_region_path
Body_region	Body region	Đầu	Mặt	Quanh miệng	Cạnh môi trên	Cạnh môi trên	Body region	Cạnh môi trên	Anatomical_Distribution	Distribution	0	0	0	0	0	1	1	0	0	1	0	0	0	0	0	curated_body_region_path
Body_region	Body region	Đầu	Mặt	Mũi	Cạnh mũi	Cạnh mũi	Body region	Cạnh mũi	Anatomical_Distribution	Distribution	0	0	0	0	0	9	10	0	2	10	3	3	0	0	3	curated_body_region_path
Body_region	Body region	Đầu	Mặt	Vị trí mặt chưa phân nhóm	cạnh mắt	cạnh mắt	Body region	cạnh mắt	Anatomical_Distribution	Distribution	1	1	0	1	1	0	0	0	0	0	0	0	0	0	0	requires_manual_body_region_mapping
Body_region	Body region	Đầu	Mặt	Cằm		Cằm	Body region	Cằm	Anatomical_Distribution	Distribution	10	11	0	4	11	99	112	0	36	112	39	46	0	13	46	curated_body_region_path
Body_region	Body region	Đầu	Mặt	Quanh miệng	Cằm dưới môi	Cằm dưới môi	Body region	Cằm dưới môi	Anatomical_Distribution	Distribution	0	0	0	0	0	1	1	0	1	1	1	1	0	1	1	curated_body_region_path
Body_region	Body region	Chi dưới	Cẳng chân			Cẳng chân	Body region	Cẳng chân || cẳng chân	Anatomical_Distribution	Distribution	43	43	0	9	43	268	311	0	94	311	91	103	0	38	103	curated_body_region_path
Body_region	Body region	Chi dưới	Cẳng chân	Cẳng chân dưới		Cẳng chân dưới	Body region	Cẳng chân dưới	Anatomical_Distribution	Distribution	1	1	0	0	1	4	5	0	0	5	0	1	0	0	1	curated_body_region_path
Body_region	Body region	Chi trên	Cẳng tay			Cẳng tay	Body region	Cẳng tay || cẳng tay	Anatomical_Distribution	Distribution	20	22	0	7	22	142	165	0	50	165	49	57	0	17	57	curated_body_region_path
Body_region	Body region	Cổ				Cổ	Body region	Cổ	Anatomical_Distribution	Distribution	8	9	0	3	9	76	85	0	32	85	27	32	0	9	32	curated_body_region_path
Body_region	Body region	Cổ	Cổ bên			Cổ bên	Body region	Cổ bên || cổ bên	Anatomical_Distribution	Distribution	1	1	0	0	1	21	25	0	7	25	11	12	0	3	12	curated_body_region_path
Body_region	Body region	Chi dưới	Cổ chân			Cổ chân	Body region	Cổ chân || cổ chân	Anatomical_Distribution	Distribution	15	15	0	3	15	96	114	0	34	114	39	47	0	13	47	curated_body_region_path
Body_region	Body region	Cổ	Gáy			Cổ gáy	Body region	Cổ gáy	Anatomical_Distribution	Distribution	0	0	0	0	0	5	5	0	1	5	3	3	0	1	3	curated_body_region_path
Body_region	Body region	Cổ	Cổ sau			Cổ sau	Body region	Cổ sau	Anatomical_Distribution	Distribution	0	0	0	0	0	3	3	0	1	3	1	1	0	0	1	curated_body_region_path
Body_region	Body region	Chi trên	Cổ tay			Cổ tay	Body region	Cổ tay || cổ tay	Anatomical_Distribution	Distribution	5	6	0	2	6	53	56	0	25	56	19	20	0	9	20	curated_body_region_path
Body_region	Body region	Cổ	Cổ trước			Cổ trước	Body region	Cổ trước || cổ trước	Anatomical_Distribution	Distribution	1	1	0	1	1	13	16	0	5	16	3	5	0	0	5	curated_body_region_path
Body_region	Body region	Cổ	Vị trí cổ chưa phân nhóm	Cổ trước-ngực trên		Cổ trước-ngực trên	Body region	Cổ trước-ngực trên	Anatomical_Distribution	Distribution	0	0	0	0	0	1	1	0	0	1	1	1	0	0	1	requires_manual_body_region_mapping
Body_region	Body region	Chi trên	Vị trí chi trên chưa phân nhóm	Cổ vai lưng		Cổ vai lưng	Body region	Cổ vai lưng	Anatomical_Distribution	Distribution	0	0	0	0	0	1	1	0	0	1	0	0	0	0	0	requires_manual_body_region_mapping
Body_region	Body region	Cổ	Vị trí cổ chưa phân nhóm	Cổ-ngực		Cổ-ngực	Body region	Cổ-ngực	Anatomical_Distribution	Distribution	1	1	0	1	1	0	0	0	0	0	0	0	0	0	0	requires_manual_body_region_mapping
Body_region	Body region	Đầu	Mắt	Củng mạc		Củng mạc	Body region	Củng mạc	Anatomical_Distribution	Distribution	0	0	0	0	0	1	1	0	0	1	0	0	0	0	0	curated_body_region_path
Body_region	Body region	Da	Vị trí chưa xác định			Da	Body region	Da	Anatomical_Distribution	Distribution	2	2	0	0	2	30	31	0	13	31	7	8	0	4	8	requires_manual_body_region_mapping
Body_region	Body region	Chi	Vị trí chi chưa xác định			Da chi lông	Body region	Da chi lông	Anatomical_Distribution	Distribution	0	0	0	0	0	1	1	0	1	1	1	1	0	1	1	requires_manual_body_region_mapping
Body_region	Body region	Da	Vùng da có lông			Da có lông	Body region	Da có lông || da có lông	Anatomical_Distribution	Distribution	11	13	0	5	13	74	85	0	22	85	21	24	0	5	24	curated_body_region_path
Body_region	Body region	Chi trên	Vị trí chi trên chưa phân nhóm	Da lòng bàn tay		Da lòng bàn tay	Body region	Da lòng bàn tay	Anatomical_Distribution	Distribution	0	0	0	0	0	1	1	0	1	1	1	1	0	1	1	requires_manual_body_region_mapping
Body_region	Body region	Chi	Vị trí chi chưa xác định	Da vùng chi		Da vùng chi	Body region	Da vùng chi	Anatomical_Distribution	Distribution	0	0	0	0	0	1	1	0	0	1	1	1	0	0	1	requires_manual_body_region_mapping
Body_region	Body region	Đầu	Da đầu			Da đầu	Body region	Da đầu || da đầu	Anatomical_Distribution	Distribution	19	21	0	7	21	144	156	24	47	179	51	53	7	17	59	curated_body_region_path
Body_region	Body region	Da	Vị trí da chưa phân nhóm	Da đầu hói		Da đầu hói	Body region	Da đầu hói	Anatomical_Distribution	Distribution	0	0	0	0	0	1	1	0	0	1	0	0	0	0	0	requires_manual_body_region_mapping
Body_region	Body region	Đầu	Mặt	Vị trí mặt chưa phân nhóm	Da đầu sau tai	Da đầu sau tai	Body region	Da đầu sau tai	Anatomical_Distribution	Distribution	0	0	0	0	0	1	1	0	0	1	0	0	0	0	0	requires_manual_body_region_mapping
Body_region	Body region	Đầu	Mặt	Vị trí mặt chưa phân nhóm	Da đầu thái dương	Da đầu thái dương	Body region	Da đầu thái dương	Anatomical_Distribution	Distribution	0	0	0	0	0	1	1	0	1	1	0	0	0	0	0	requires_manual_body_region_mapping
Body_region	Body region	Đầu	Da đầu	Da đầu vùng trán		Da đầu trán	Body region	Da đầu trán	Anatomical_Distribution	Distribution	0	0	0	0	0	2	3	0	0	3	2	2	0	0	2	curated_body_region_path
Body_region	Body region	Đầu	Da đầu	Da đầu trước		Da đầu trước	Body region	Da đầu trước	Anatomical_Distribution	Distribution	0	0	0	0	0	3	3	0	1	3	1	1	0	0	1	curated_body_region_path
Body_region	Body region	Đầu	Da đầu	Vùng chẩm		Da đầu vùng chẩm	Body region	Da đầu vùng chẩm	Anatomical_Distribution	Distribution	0	0	0	0	0	2	3	0	1	3	2	2	0	1	2	curated_body_region_path
Body_region	Body region	Đầu	Mặt	Vị trí mặt chưa phân nhóm	Da đầu vùng trán	Da đầu vùng trán	Body region	Da đầu vùng trán	Anatomical_Distribution	Distribution	0	0	0	0	0	1	1	0	1	1	0	0	0	0	0	requires_manual_body_region_mapping
Body_region	Body region	Đầu	Tai	Dái tai		Dái tai	Body region	Dái tai || dái tai	Anatomical_Distribution	Distribution	3	3	0	1	3	11	13	0	6	13	3	3	0	2	3	curated_body_region_path
Body_region	Body region	Vùng sinh dục-hậu môn	Dương vật			Dương vật	Body region	Dương vật	Anatomical_Distribution	Distribution	1	1	0	0	1	5	9	0	0	9	2	4	0	0	4	curated_body_region_path
Body_region	Body region	Đầu	Mặt	Vị trí mặt chưa phân nhóm	Dưới cằm	Dưới cằm	Body region	Dưới cằm	Anatomical_Distribution	Distribution	0	0	0	0	0	2	2	0	0	2	1	1	0	0	1	requires_manual_body_region_mapping
Body_region	Body region	Đầu	Mặt	Vị trí mặt chưa phân nhóm	Dưới dái tai	Dưới dái tai	Body region	Dưới dái tai	Anatomical_Distribution	Distribution	0	0	0	0	0	2	2	0	1	2	0	0	0	0	0	requires_manual_body_region_mapping
Body_region	Body region	Đầu	Mặt	Vị trí mặt chưa phân nhóm	Dưới hàm	Dưới hàm	Body region	Dưới hàm	Anatomical_Distribution	Distribution	0	0	0	0	0	2	2	0	1	2	2	2	0	1	2	requires_manual_body_region_mapping
Body_region	Body region	Đầu	Mặt	Quanh mắt	Dưới lông mày	Dưới lông mày	Body region	Dưới lông mày	Anatomical_Distribution	Distribution	0	0	0	0	0	1	1	0	1	1	1	1	0	1	1	curated_body_region_path
Body_region	Body region	Đầu	Mặt	Vị trí mặt chưa phân nhóm	Dưới mi mắt	Dưới mi mắt	Body region	Dưới mi mắt	Anatomical_Distribution	Distribution	0	0	0	0	0	1	1	0	0	1	0	0	0	0	0	requires_manual_body_region_mapping
Body_region	Body region	Chi chưa xác định	Móng	Vị trí móng chưa xác định	Dưới móng	Dưới móng	Body region	Dưới móng	Anatomical_Distribution	Distribution	0	0	0	0	0	1	3	0	0	3	0	1	0	0	1	requires_manual_body_region_mapping
Body_region	Body region	Đầu	Mặt	Quanh miệng	Dưới môi dưới	Dưới môi dưới	Body region	Dưới môi dưới	Anatomical_Distribution	Distribution	0	0	0	0	0	1	1	0	1	1	1	1	0	1	1	curated_body_region_path
Body_region	Body region	Đầu	Mặt	Vị trí mặt chưa phân nhóm	Dưới mũi	Dưới mũi	Body region	Dưới mũi	Anatomical_Distribution	Distribution	1	1	0	1	1	1	1	0	1	1	0	0	0	0	0	requires_manual_body_region_mapping
Body_region	Body region	Đầu	Mặt	Vị trí mặt chưa phân nhóm	Dưới mắt	Dưới mắt	Body region	Dưới mắt	Anatomical_Distribution	Distribution	0	0	0	0	0	9	9	0	5	9	4	4	0	2	4	requires_manual_body_region_mapping
Body_region	Body region	Chi dưới	Vị trí chi dưới chưa phân nhóm	Dưới ngón chân		Dưới ngón chân	Body region	Dưới ngón chân	Anatomical_Distribution	Distribution	0	0	0	0	0	1	1	0	0	1	0	0	0	0	0	requires_manual_body_region_mapping
Body_region	Body region	Đầu	Mặt	Vị trí mặt chưa phân nhóm	Dưới tai	Dưới tai	Body region	Dưới tai	Anatomical_Distribution	Distribution	1	1	0	0	1	1	1	0	0	1	0	0	0	0	0	requires_manual_body_region_mapping
Body_region	Body region	Chi trên	Vị trí chi trên chưa phân nhóm	gan bàn tay		gan bàn tay	Body region	gan bàn tay	Anatomical_Distribution	Distribution	0	0	4	0	4	0	0	20	0	20	0	0	7	0	7	requires_manual_body_region_mapping
Body_region	Body region	Chi chưa xác định	Ngón chưa xác định chi	Gan ngón		Gan ngón	Body region	Gan ngón	Anatomical_Distribution	Distribution	0	0	0	0	0	1	1	0	0	1	0	0	0	0	0	requires_manual_body_region_mapping
Body_region	Body region	Chi dưới	Vị trí chi dưới chưa phân nhóm	Gan ngón chân		Gan ngón chân	Body region	Gan ngón chân	Anatomical_Distribution	Distribution	0	0	0	0	0	1	1	0	0	1	0	0	0	0	0	requires_manual_body_region_mapping
Body_region	Body region	Đầu	Mặt	Quanh mắt	Gian mày	Gian mày	Body region	Gian mày	Anatomical_Distribution	Distribution	1	1	0	0	1	2	2	0	0	2	1	1	0	0	1	curated_body_region_path
Body_region	Body region	Thân mình	Vị trí thân mình chưa phân nhóm	Giữa bụng		Giữa bụng	Body region	Giữa bụng	Anatomical_Distribution	Distribution	0	0	0	0	0	1	1	0	0	1	0	0	0	0	0	requires_manual_body_region_mapping
Body_region	Body region	Đầu	Mặt	Quanh miệng	Giữa môi	Giữa môi	Body region	Giữa môi || giữa môi	Anatomical_Distribution	Distribution	0	0	0	0	0	2	2	0	1	2	0	0	0	0	0	curated_body_region_path
Body_region	Body region	Đầu	Mặt	Vị trí mặt chưa phân nhóm	Giữa mặt	Giữa mặt	Body region	Giữa mặt	Anatomical_Distribution	Distribution	0	0	0	0	0	1	1	0	0	1	0	0	0	0	0	requires_manual_body_region_mapping
Body_region	Body region	Thân mình	Vị trí thân mình chưa phân nhóm	Giữa ngực		Giữa ngực	Body region	Giữa ngực	Anatomical_Distribution	Distribution	0	0	0	0	0	1	1	0	0	1	0	0	0	0	0	requires_manual_body_region_mapping
Body_region	Body region	Cổ	Gáy			Gáy	Body region	Gáy || gáy	Anatomical_Distribution	Distribution	0	0	0	0	0	21	25	0	6	25	6	7	0	1	7	curated_body_region_path
Body_region	Body region	Cổ	Vị trí cổ chưa phân nhóm	Gáy sau		Gáy sau	Body region	Gáy sau	Anatomical_Distribution	Distribution	0	0	0	0	0	1	1	0	0	1	1	1	0	0	1	requires_manual_body_region_mapping
Body_region	Body region	Đầu	Mặt	Gò má		gò má	Body region	gò má || Gò má	Anatomical_Distribution	Distribution	2	2	0	2	2	6	6	0	0	6	0	0	0	0	0	curated_body_region_path
Body_region	Body region	Đầu	Mặt	Vị trí mặt chưa phân nhóm	Góc hàm	Góc hàm	Body region	Góc hàm || góc hàm	Anatomical_Distribution	Distribution	0	0	0	0	0	6	6	0	3	6	3	3	0	1	3	requires_manual_body_region_mapping
Body_region	Body region	Đầu	Mặt	Quanh mắt	Góc mắt trong	Góc mắt trong	Body region	Góc mắt trong || góc mắt trong	Anatomical_Distribution	Distribution	1	2	0	0	2	11	11	0	7	11	5	5	0	4	5	curated_body_region_path
Body_region	Body region	Đầu	Mặt	Vị trí mặt chưa phân nhóm	Góc ngoài mắt	Góc ngoài mắt	Body region	Góc ngoài mắt	Anatomical_Distribution	Distribution	0	0	0	0	0	1	1	0	0	1	1	1	0	0	1	requires_manual_body_region_mapping
Body_region	Body region	Đầu	Mặt	Vị trí mặt chưa phân nhóm	Góc trong mắt	Góc trong mắt	Body region	Góc trong mắt	Anatomical_Distribution	Distribution	0	0	0	0	0	2	2	0	0	2	0	0	0	0	0	requires_manual_body_region_mapping
Body_region	Body region	Chi dưới	Bàn chân	Gót chân		Gót chân	Body region	Gót chân || gót chân	Anatomical_Distribution	Distribution	5	5	0	3	5	44	48	0	7	48	16	17	0	3	17	curated_body_region_path
Body_region	Body region	Chi trên	Khuỷu tay	Nếp khuỷu		Gấp khuỷu tay	Body region	Gấp khuỷu tay	Anatomical_Distribution	Distribution	0	0	0	0	0	1	2	0	0	2	0	0	0	0	0	curated_body_region_path
Body_region	Body region	Chi chưa xác định	Móng	Vị trí móng chưa xác định	Gần gốc móng	Gần gốc móng	Body region	Gần gốc móng	Anatomical_Distribution	Distribution	0	0	0	0	0	1	1	0	0	1	0	0	0	0	0	requires_manual_body_region_mapping
Body_region	Body region	Đầu	Mặt	Vị trí mặt chưa phân nhóm	Gần khóe mắt	Gần khóe mắt	Body region	Gần khóe mắt	Anatomical_Distribution	Distribution	0	0	0	0	0	1	1	0	0	1	0	0	0	0	0	requires_manual_body_region_mapping
Body_region	Body region	Chưa phân nhánh giải phẫu	Gần khớp ngón cái			Gần khớp ngón cái	Body region	Gần khớp ngón cái	Anatomical_Distribution	Distribution	0	0	0	0	0	1	1	0	0	1	0	0	0	0	0	requires_manual_body_region_mapping
Body_region	Body region	Đầu	Da đầu	Đường chân tóc		Gần đường chân tóc	Body region	Gần đường chân tóc	Anatomical_Distribution	Distribution	0	0	0	0	0	2	2	0	0	2	2	2	0	0	2	curated_body_region_path
Body_region	Body region	Chưa phân nhánh giải phẫu	Gốc ngón			Gốc ngón	Body region	Gốc ngón	Anatomical_Distribution	Distribution	0	0	0	0	0	0	1	0	0	1	0	0	0	0	0	requires_manual_body_region_mapping
Body_region	Body region	Chi chưa xác định	Ngón chưa xác định chi	gốc ngón cái		gốc ngón cái	Body region	gốc ngón cái	Anatomical_Distribution	Distribution	1	1	0	1	1	0	0	0	0	0	0	0	0	0	0	requires_manual_body_region_mapping
Body_region	Body region	Chi trên	Vị trí chi trên chưa phân nhóm	Gốc ngón tay		Gốc ngón tay	Body region	Gốc ngón tay	Anatomical_Distribution	Distribution	0	0	0	0	0	1	1	0	1	1	0	0	0	0	0	requires_manual_body_region_mapping
Body_region	Body region	Chi dưới	Gối			Gối	Body region	Gối || gối	Anatomical_Distribution	Distribution	2	3	0	1	3	10	12	0	2	12	3	4	0	1	4	curated_body_region_path
Body_region	Body region	Chi dưới	Vị trí chi dưới chưa phân nhóm	hai bàn chân		hai bàn chân	Body region	hai bàn chân || Hai bàn chân	Anatomical_Distribution	Distribution	0	0	0	0	0	2	2	0	2	2	0	0	0	0	0	requires_manual_body_region_mapping
Body_region	Body region	Chi trên	Bàn tay	Hai bàn tay		Hai bàn tay	Body region	Hai bàn tay	Anatomical_Distribution	Distribution	0	0	0	0	0	10	11	0	4	11	4	4	0	2	4	curated_body_region_path
Body_region	Body region	Chi dưới	Vị trí chi dưới chưa xác định	Hai chân		Hai chân	Body region	Hai chân	Anatomical_Distribution	Distribution	0	0	0	0	0	3	3	0	1	3	1	1	0	1	1	requires_manual_body_region_mapping
Body_region	Body region	Chi trên	Vị trí chi trên chưa phân nhóm	Hai cánh tay		Hai cánh tay	Body region	Hai cánh tay	Anatomical_Distribution	Distribution	0	0	0	0	0	1	1	0	0	1	0	0	0	0	0	requires_manual_body_region_mapping
Body_region	Body region	Chi trên	Vị trí chi trên chưa phân nhóm	Hai cẳng tay		Hai cẳng tay	Body region	Hai cẳng tay	Anatomical_Distribution	Distribution	0	0	0	0	0	2	2	0	2	2	2	2	0	2	2	requires_manual_body_region_mapping
Body_region	Body region	Chi dưới	Gối	Hai gối		Hai gối	Body region	Hai gối	Anatomical_Distribution	Distribution	0	0	0	0	0	2	2	0	1	2	1	1	0	1	1	curated_body_region_path
Body_region	Body region	Chưa phân nhánh giải phẫu	Hai khoeo			Hai khoeo	Body region	Hai khoeo	Anatomical_Distribution	Distribution	0	0	0	0	0	2	2	0	1	2	1	1	0	0	1	requires_manual_body_region_mapping
Body_region	Body region	Chi trên	Vị trí chi trên chưa phân nhóm	Hai khuỷu tay		Hai khuỷu tay	Body region	Hai khuỷu tay	Anatomical_Distribution	Distribution	0	0	0	0	0	2	2	0	0	2	2	2	0	0	2	requires_manual_body_region_mapping
Body_region	Body region	Chi trên	Vị trí chi trên chưa phân nhóm	Hai lòng bàn tay		Hai lòng bàn tay	Body region	Hai lòng bàn tay	Anatomical_Distribution	Distribution	0	0	0	0	0	2	2	0	1	2	0	0	0	0	0	requires_manual_body_region_mapping
Body_region	Body region	Đầu	Mặt	Má hai bên		Hai má	Body region	Hai má	Anatomical_Distribution	Distribution	0	0	0	0	0	21	25	0	11	25	9	10	0	6	10	curated_body_region_path
Body_region	Body region	Chi chưa xác định	Móng	Vị trí móng chưa xác định	Hai móng	Hai móng	Body region	Hai móng	Anatomical_Distribution	Distribution	0	0	0	0	0	1	1	0	0	1	0	0	0	0	0	requires_manual_body_region_mapping
Body_region	Body region	Đầu	Mặt	Vị trí mặt chưa phân nhóm	Hai mắt	Hai mắt	Body region	Hai mắt	Anatomical_Distribution	Distribution	0	0	0	0	0	1	1	0	0	1	0	0	0	0	0	requires_manual_body_region_mapping
Body_region	Body region	Đầu	Mặt	Vị trí mặt chưa phân nhóm	hai mặt áp sát	hai mặt áp sát	Body region	hai mặt áp sát	Anatomical_Distribution	Distribution	0	0	0	0	0	0	1	0	0	1	0	1	0	0	1	requires_manual_body_region_mapping
Body_region	Body region	Chưa phân nhánh giải phẫu	Hai ngón			Hai ngón	Body region	Hai ngón	Anatomical_Distribution	Distribution	0	0	0	0	0	1	1	0	0	1	1	1	0	0	1	requires_manual_body_region_mapping
Body_region	Body region	Chi trên	Vị trí chi trên chưa xác định	Hai tay		Hai tay	Body region	Hai tay	Anatomical_Distribution	Distribution	1	1	0	0	1	4	4	0	1	4	1	1	0	0	1	requires_manual_body_region_mapping
Body_region	Body region	Chi trên	Vị trí chi trên chưa phân nhóm	Hai vai		Hai vai	Body region	Hai vai	Anatomical_Distribution	Distribution	1	1	0	0	1	0	0	0	0	0	0	0	0	0	0	requires_manual_body_region_mapping
Body_region	Body region	Chi dưới	Vị trí chi dưới chưa phân nhóm	Hai đùi		Hai đùi	Body region	Hai đùi	Anatomical_Distribution	Distribution	1	1	0	0	1	1	1	0	0	1	0	0	0	0	0	requires_manual_body_region_mapping
Body_region	Body region	Đầu	Mặt	Hàm		Hàm	Body region	Hàm || hàm	Anatomical_Distribution	Distribution	3	4	0	1	4	16	17	0	4	17	5	6	0	1	6	curated_body_region_path
Body_region	Body region	Đầu	Mặt	Vị trí mặt chưa phân nhóm	Hàm dưới	Hàm dưới	Body region	Hàm dưới	Anatomical_Distribution	Distribution	0	0	0	0	0	1	1	0	0	1	0	0	0	0	0	requires_manual_body_region_mapping
Body_region	Body region	Đầu	Mặt	Vị trí mặt chưa phân nhóm	Hàm trên trước	Hàm trên trước	Body region	Hàm trên trước	Anatomical_Distribution	Distribution	0	0	0	0	0	1	1	0	1	1	0	0	0	0	0	requires_manual_body_region_mapping
Body_region	Body region	Thân mình	Hông			Hông	Body region	Hông	Anatomical_Distribution	Distribution	1	1	0	0	1	4	4	0	0	4	1	1	0	0	1	curated_body_region_path
Body_region	Body region	Thân mình	Vị trí thân mình chưa phân nhóm	Hông bên		Hông bên	Body region	Hông bên	Anatomical_Distribution	Distribution	0	0	0	0	0	1	1	0	0	1	1	1	0	0	1	requires_manual_body_region_mapping
Body_region	Body region	Chi dưới	Vị trí chi dưới chưa phân nhóm	hông đùi		hông đùi	Body region	hông đùi	Anatomical_Distribution	Distribution	0	0	0	0	0	0	1	0	0	1	0	0	0	0	0	requires_manual_body_region_mapping
Body_region	Body region	Thân mình	Ngực	Hõm ức		Hõm ức	Body region	Hõm ức	Anatomical_Distribution	Distribution	0	0	0	0	0	1	1	0	1	1	0	0	0	0	0	curated_body_region_path
Body_region	Body region	Vùng sinh dục-hậu môn	Vị trí chưa phân nhóm	hậu môn		hậu môn	Body region	hậu môn || Hậu môn	Anatomical_Distribution	Distribution	0	0	0	0	0	2	2	0	1	2	1	1	0	1	1	requires_manual_body_region_mapping
Body_region	Body region	Đầu	Mặt	Vị trí mặt chưa phân nhóm	Hố loa tai	Hố loa tai	Body region	Hố loa tai	Anatomical_Distribution	Distribution	0	0	0	0	0	2	2	0	1	2	0	0	0	0	0	requires_manual_body_region_mapping
Body_region	Body region	Thân mình	Nách	Hố nách		Hố nách	Body region	Hố nách	Anatomical_Distribution	Distribution	1	1	0	0	1	4	4	0	1	4	1	1	0	1	1	curated_body_region_path
Body_region	Body region	Đầu	Mặt	Vị trí mặt chưa phân nhóm	hố tai	hố tai	Body region	hố tai	Anatomical_Distribution	Distribution	0	0	0	0	0	1	1	0	1	1	0	0	0	0	0	requires_manual_body_region_mapping
Body_region	Body region	Chi dưới	Vị trí chi dưới chưa phân nhóm	Khe liên mông		Khe liên mông	Body region	Khe liên mông	Anatomical_Distribution	Distribution	0	0	0	0	0	1	1	0	0	1	0	0	0	0	0	requires_manual_body_region_mapping
Body_region	Body region	Chi dưới	Vị trí chi dưới chưa phân nhóm	Khe mông		Khe mông	Body region	Khe mông	Anatomical_Distribution	Distribution	0	0	0	0	0	2	3	0	1	3	0	0	0	0	0	requires_manual_body_region_mapping
Body_region	Body region	Chưa phân nhánh giải phẫu	Khoeo			Khoeo	Body region	Khoeo	Anatomical_Distribution	Distribution	0	0	0	0	0	1	1	0	0	1	0	0	0	0	0	requires_manual_body_region_mapping
Body_region	Body region	Chi dưới	Gối	Nếp khoeo		Khoeo chân	Body region	Khoeo chân	Anatomical_Distribution	Distribution	0	0	0	0	0	4	4	0	3	4	2	2	0	2	2	curated_body_region_path
Body_region	Body region	Chi trên	Vị trí chi trên chưa phân nhóm	khuỷu		khuỷu	Body region	khuỷu || Khuỷu	Anatomical_Distribution	Distribution	1	1	0	1	1	2	3	0	1	3	0	0	0	0	0	requires_manual_body_region_mapping
Body_region	Body region	Chi trên	Khuỷu tay			Khuỷu tay	Body region	Khuỷu tay	Anatomical_Distribution	Distribution	3	3	0	0	3	26	28	0	12	28	8	9	0	3	9	curated_body_region_path
Body_region	Body region	Đầu	Mặt	Vị trí mặt chưa phân nhóm	khóe mi mắt	khóe mi mắt	Body region	khóe mi mắt	Anatomical_Distribution	Distribution	0	0	0	0	0	0	1	0	0	1	0	1	0	0	1	requires_manual_body_region_mapping
Body_region	Body region	Đầu	Mặt	Quanh miệng	Khóe miệng	khóe miệng	Body region	khóe miệng || Khóe miệng	Anatomical_Distribution	Distribution	6	7	0	2	7	33	37	0	6	37	9	10	0	2	10	curated_body_region_path
Body_region	Body region	Đầu	Mặt	Quanh miệng	khóe miệng phải	khóe miệng phải	Body region	khóe miệng phải	Anatomical_Distribution	Distribution	0	0	0	0	0	1	1	0	1	1	0	0	0	0	0	curated_body_region_path
Body_region	Body region	Đầu	Mặt	Quanh mắt	Khóe mắt	Khóe mắt	Body region	Khóe mắt	Anatomical_Distribution	Distribution	0	0	0	0	0	6	6	0	1	6	2	2	0	0	2	curated_body_region_path
Body_region	Body region	Đầu	Mặt	Vị trí mặt chưa phân nhóm	khóe mắt ngoài	khóe mắt ngoài	Body region	khóe mắt ngoài	Anatomical_Distribution	Distribution	0	0	0	0	0	1	1	0	1	1	0	0	0	0	0	requires_manual_body_region_mapping
Body_region	Body region	Đầu	Mặt	Vị trí mặt chưa phân nhóm	Khóe mắt trong	Khóe mắt trong	Body region	Khóe mắt trong	Anatomical_Distribution	Distribution	0	0	0	0	0	2	2	0	1	2	0	0	0	0	0	requires_manual_body_region_mapping
Body_region	Body region	Chi chưa xác định	Ngón chưa xác định chi	khớp ngón		khớp ngón	Body region	khớp ngón || Khớp ngón	Anatomical_Distribution	Distribution	1	1	0	1	1	1	1	0	0	1	0	0	0	0	0	requires_manual_body_region_mapping
Body_region	Body region	Chi trên	Bàn tay	Ngón tay	Khớp ngón tay	Khớp ngón tay	Body region	Khớp ngón tay	Anatomical_Distribution	Distribution	0	0	0	0	0	9	12	0	2	12	2	3	0	0	3	curated_body_region_path
Body_region	Body region	Chi dưới	Vị trí chi dưới chưa phân nhóm	Kẽ liên mông		Kẽ liên mông	Body region	Kẽ liên mông	Anatomical_Distribution	Distribution	0	0	0	0	0	3	3	0	0	3	0	0	0	0	0	requires_manual_body_region_mapping
Body_region	Body region	Chi dưới	Vị trí chi dưới chưa phân nhóm	Kẽ mông		Kẽ mông	Body region	Kẽ mông	Anatomical_Distribution	Distribution	0	0	0	0	0	6	6	0	2	6	2	2	0	1	2	requires_manual_body_region_mapping
Body_region	Body region	Da	Nếp gấp/kẽ	kẽ ngón		kẽ ngón	Body region	kẽ ngón || Kẽ ngón	Anatomical_Distribution	Distribution	1	1	0	1	1	7	7	0	0	7	3	3	0	0	3	curated_body_region_path
Body_region	Body region	Chi dưới	Bàn chân	Ngón chân	Kẽ ngón chân	kẽ ngón chân	Body region	kẽ ngón chân || Kẽ ngón chân	Anatomical_Distribution	Distribution	2	2	0	2	2	10	13	0	1	13	2	2	0	0	2	curated_body_region_path
Body_region	Body region	Da	Nếp gấp/kẽ	Kẽ ngón cái		Kẽ ngón cái	Body region	Kẽ ngón cái	Anatomical_Distribution	Distribution	0	0	0	0	0	1	1	0	0	1	0	0	0	0	0	curated_body_region_path
Body_region	Body region	Chi trên	Bàn tay	Ngón tay	Kẽ ngón tay	Kẽ ngón tay	Body region	Kẽ ngón tay	Anatomical_Distribution	Distribution	1	1	0	1	1	13	14	0	4	14	5	6	0	2	6	curated_body_region_path
Body_region	Body region	Da	Nếp gấp/kẽ	Kẽ sinh dục		Kẽ sinh dục	Body region	Kẽ sinh dục	Anatomical_Distribution	Distribution	0	0	0	0	0	1	1	0	1	1	1	1	0	1	1	curated_body_region_path
Body_region	Body region	Đầu	Mắt	Kết mạc		Kết mạc	Body region	Kết mạc	Anatomical_Distribution	Distribution	1	1	0	0	1	1	1	0	0	1	0	0	0	0	0	curated_body_region_path
Body_region	Body region	Đầu	Mắt	Kết mạc mắt		Kết mạc mắt	Body region	Kết mạc mắt	Anatomical_Distribution	Distribution	0	0	0	0	0	1	1	0	0	1	0	0	0	0	0	curated_body_region_path
Body_region	Body region	Đầu	Tai	Vành tai		Loa tai	Body region	Loa tai	Anatomical_Distribution	Distribution	0	0	0	0	0	2	3	0	0	3	0	0	0	0	0	curated_body_region_path
Body_region	Body region	Chi dưới	Bàn chân	Lòng bàn chân		Lòng bàn chân	Body region	Lòng bàn chân	Anatomical_Distribution	Distribution	9	12	0	2	12	89	97	0	25	97	26	27	0	8	27	curated_body_region_path
Body_region	Body region	Chi trên	Bàn tay	Lòng bàn tay		Lòng bàn tay	Body region	Lòng bàn tay || lòng bàn tay	Anatomical_Distribution	Distribution	18	22	0	11	22	114	131	0	43	131	29	36	0	11	36	curated_body_region_path
Body_region	Body region	Đầu	Mặt	Quanh mắt	Lông mi	Lông mi	Body region	Lông mi	Anatomical_Distribution	Distribution	0	0	0	0	0	1	1	0	0	1	0	0	0	0	0	curated_body_region_path
Body_region	Body region	Đầu	Mặt	Vùng quanh mắt	Lông mày	Lông mày	Body region	Lông mày	Anatomical_Distribution	Distribution	0	0	0	0	0	7	8	0	1	8	3	3	0	1	3	curated_body_region_path
Body_region	Body region	Thân mình	Lưng			Lưng	Body region	Lưng || lưng	Anatomical_Distribution	Distribution	3	5	0	1	5	68	80	0	25	80	15	21	0	7	21	curated_body_region_path
Body_region	Body region	Thân mình	Vị trí thân mình chưa phân nhóm	Lưng bên		Lưng bên	Body region	Lưng bên	Anatomical_Distribution	Distribution	0	0	0	0	0	1	1	0	0	1	0	0	0	0	0	requires_manual_body_region_mapping
Body_region	Body region	Thân mình	Lưng	Lưng dưới		Lưng dưới	Body region	Lưng dưới	Anatomical_Distribution	Distribution	1	1	0	0	1	3	3	0	1	3	2	2	0	1	2	curated_body_region_path
Body_region	Body region	Thân mình	Vị trí thân mình chưa phân nhóm	Lưng giữa		Lưng giữa	Body region	Lưng giữa	Anatomical_Distribution	Distribution	0	0	0	0	0	1	1	0	0	1	1	1	0	0	1	requires_manual_body_region_mapping
Body_region	Body region	Thân mình	Lưng	Lưng trên		Lưng trên	Body region	Lưng trên || lưng trên	Anatomical_Distribution	Distribution	3	4	0	0	4	62	78	0	21	78	23	29	0	9	29	curated_body_region_path
Body_region	Body region	Thân mình	Vị trí thân mình chưa phân nhóm	Lồng ngực		Lồng ngực	Body region	Lồng ngực	Anatomical_Distribution	Distribution	0	0	0	0	0	1	1	0	1	1	0	0	0	0	0	requires_manual_body_region_mapping
Body_region	Body region	Đầu	Mặt	Quanh mắt	Mi mắt	Mi mắt	Body region	Mi mắt	Anatomical_Distribution	Distribution	4	5	0	1	5	33	35	0	10	35	7	7	0	2	7	curated_body_region_path
Body_region	Body region	Đầu	Mặt	Quanh mắt	Mi mắt dưới	Mi mắt dưới	Body region	Mi mắt dưới	Anatomical_Distribution	Distribution	4	5	0	2	5	17	20	0	7	20	2	2	0	1	2	curated_body_region_path
Body_region	Body region	Đầu	Mặt	Vị trí mặt chưa phân nhóm	Mi mắt ngoài	Mi mắt ngoài	Body region	Mi mắt ngoài	Anatomical_Distribution	Distribution	0	0	0	0	0	1	1	0	0	1	0	0	0	0	0	requires_manual_body_region_mapping
Body_region	Body region	Đầu	Mặt	Quanh mắt	Mi mắt trên	Mi mắt trên	Body region	Mi mắt trên	Anatomical_Distribution	Distribution	6	6	0	2	6	36	38	0	16	38	14	15	0	8	15	curated_body_region_path
Body_region	Body region	Đầu	Mặt	Quanh mắt	Mi trên trong	Mi trên trong	Body region	Mi trên trong	Anatomical_Distribution	Distribution	0	0	0	0	0	1	2	0	1	2	0	1	0	0	1	curated_body_region_path
Body_region	Body region	Chi dưới	Bàn chân	Mu bàn chân		Mu bàn chân	Body region	Mu bàn chân	Anatomical_Distribution	Distribution	6	6	0	1	6	50	56	0	12	56	18	18	0	5	18	curated_body_region_path
Body_region	Body region	Chi trên	Bàn tay	Mu bàn tay		Mu bàn tay	Body region	Mu bàn tay	Anatomical_Distribution	Distribution	21	23	0	8	23	154	181	0	43	181	61	76	0	15	76	curated_body_region_path
Body_region	Body region	Chi trên	Bàn tay	Mu hai bàn tay		Mu hai bàn tay	Body region	Mu hai bàn tay	Anatomical_Distribution	Distribution	0	0	0	0	0	3	3	0	1	3	2	2	0	0	2	curated_body_region_path
Body_region	Body region	Chưa phân nhánh giải phẫu	Mu khớp ngón			Mu khớp ngón	Body region	Mu khớp ngón	Anatomical_Distribution	Distribution	0	0	0	0	0	1	1	0	0	1	0	0	0	0	0	requires_manual_body_region_mapping
Body_region	Body region	Chi chưa xác định	Ngón chưa xác định chi	Mu ngón		Mu ngón	Body region	Mu ngón	Anatomical_Distribution	Distribution	1	1	0	0	1	2	2	0	1	2	1	1	0	0	1	requires_manual_body_region_mapping
Body_region	Body region	Chi trên	Bàn tay	Ngón tay	Mu ngón tay	Mu ngón tay	Body region	Mu ngón tay	Anatomical_Distribution	Distribution	2	2	0	0	2	10	11	0	3	11	0	0	0	0	0	curated_body_region_path
Body_region	Body region	Chi chưa xác định	Ngón chưa xác định chi	Mu đốt ngón		Mu đốt ngón	Body region	Mu đốt ngón	Anatomical_Distribution	Distribution	0	0	0	0	0	1	1	0	1	1	0	0	0	0	0	requires_manual_body_region_mapping
Body_region	Body region	Đầu	Mặt	Má		Má	Body region	Má	Anatomical_Distribution	Distribution	26	35	0	19	48	365	413	0	232	538	129	143	0	80	184	curated_body_region_path
Body_region	Body region	Đầu	Mặt	Vị trí mặt chưa phân nhóm	má bên	má bên	Body region	má bên || Má bên	Anatomical_Distribution	Distribution	0	0	0	0	0	2	3	0	2	3	1	2	0	1	2	requires_manual_body_region_mapping
Body_region	Body region	Đầu	Mặt	Vị trí mặt chưa phân nhóm	Má cạnh mũi	Má cạnh mũi	Body region	Má cạnh mũi	Anatomical_Distribution	Distribution	0	0	0	0	0	1	1	0	0	1	0	0	0	0	0	requires_manual_body_region_mapping
Body_region	Body region	Đầu	Mặt	Vị trí mặt chưa phân nhóm	má dưới	má dưới	Body region	má dưới || Má dưới	Anatomical_Distribution	Distribution	0	0	0	0	0	2	3	0	1	3	1	2	0	1	2	requires_manual_body_region_mapping
Body_region	Body region	Đầu	Mặt	Vùng dưới mắt		Má dưới mắt	Body region	Má dưới mắt	Anatomical_Distribution	Distribution	0	0	0	0	0	2	2	0	1	2	1	1	0	1	1	curated_body_region_path
Body_region	Body region	Đầu	Mặt	Vị trí mặt chưa phân nhóm	má phải	má phải	Body region	má phải || Má phải	Anatomical_Distribution	Distribution	2	2	0	1	2	0	0	0	0	0	0	0	0	0	0	requires_manual_body_region_mapping
Body_region	Body region	Đầu	Mặt	Vị trí mặt chưa phân nhóm	má thái dương	má thái dương	Body region	má thái dương	Anatomical_Distribution	Distribution	0	0	0	0	0	0	1	0	0	1	0	0	0	0	0	requires_manual_body_region_mapping
Body_region	Body region	Đầu	Mặt	Vị trí mặt chưa phân nhóm	Má trong	Má trong	Body region	Má trong	Anatomical_Distribution	Distribution	0	0	0	0	0	3	3	0	0	3	2	2	0	0	2	requires_manual_body_region_mapping
Body_region	Body region	Đầu	Mặt	Má trên		má trên	Body region	má trên || Má trên	Anatomical_Distribution	Distribution	2	2	0	1	2	2	3	0	0	3	0	1	0	0	1	curated_body_region_path
Body_region	Body region	Đầu	Mặt	Vị trí mặt chưa phân nhóm	má trẻ nhỏ	má trẻ nhỏ	Body region	má trẻ nhỏ	Anatomical_Distribution	Distribution	0	0	0	0	0	0	1	0	0	1	0	1	0	0	1	requires_manual_body_region_mapping
Body_region	Body region	Đầu	Mặt	Quanh miệng	Khóe miệng	mép miệng	Body region	mép miệng || Mép miệng	Anatomical_Distribution	Distribution	2	2	0	1	2	3	3	0	0	3	1	1	0	0	1	curated_body_region_path
Body_region	Body region	Đầu	Mặt	Quanh miệng	Mép môi	Mép môi	Body region	Mép môi || mép môi	Anatomical_Distribution	Distribution	0	0	0	0	0	2	3	0	2	3	1	1	0	1	1	curated_body_region_path
Body_region	Body region	Đầu	Mặt	Quanh miệng	Mép môi trái	Mép môi trái	Body region	Mép môi trái	Anatomical_Distribution	Distribution	0	0	0	0	0	1	1	0	1	1	1	1	0	1	1	curated_body_region_path
Body_region	Body region	Đầu	Mặt	Quanh miệng	Mép môi trên	Mép môi trên	Body region	Mép môi trên	Anatomical_Distribution	Distribution	0	0	0	0	0	1	1	0	0	1	0	0	0	0	0	curated_body_region_path
Body_region	Body region	Niêm mạc	Vị trí niêm mạc chưa xác định	Mép niêm mạc		Mép niêm mạc	Body region	Mép niêm mạc	Anatomical_Distribution	Distribution	0	0	0	0	0	1	1	0	0	1	1	1	0	0	1	requires_manual_body_region_mapping
Body_region	Body region	Da	Nếp gấp/kẽ	Mép nếp gấp		Mép nếp gấp	Body region	Mép nếp gấp	Anatomical_Distribution	Distribution	0	0	0	0	0	1	1	0	1	1	0	0	0	0	0	curated_body_region_path
Body_region	Body region	Chi chưa xác định	Móng	Vị trí móng chưa xác định	Móng	Móng	Body region	Móng	Anatomical_Distribution	Distribution	0	0	0	0	0	4	4	0	2	4	1	1	0	0	1	requires_manual_body_region_mapping
Body_region	Body region	Chi dưới	Bàn chân	Ngón chân	Móng chân	Móng chân	Body region	Móng chân	Anatomical_Distribution	Distribution	2	2	0	0	2	14	15	0	3	15	3	4	0	2	4	curated_body_region_path
Body_region	Body region	Chi dưới	Bàn chân	Ngón chân	Móng chân	Móng chân cái	Body region	Móng chân cái	Anatomical_Distribution	Distribution	0	0	0	0	0	3	3	0	0	3	1	1	0	0	1	curated_body_region_path
Body_region	Body region	Chi dưới	Bàn chân	Ngón chân	Móng chân	Móng ngón chân	Body region	Móng ngón chân	Anatomical_Distribution	Distribution	0	0	0	0	0	9	11	0	4	11	2	2	0	0	2	curated_body_region_path
Body_region	Body region	Chi dưới	Bàn chân	Ngón chân	Móng chân	Móng ngón chân cái	Body region	Móng ngón chân cái	Anatomical_Distribution	Distribution	0	0	0	0	0	3	3	0	1	3	1	1	0	0	1	curated_body_region_path
Body_region	Body region	Chi chưa xác định	Ngón chưa xác định chi	Móng ngón cái		Móng ngón cái	Body region	Móng ngón cái	Anatomical_Distribution	Distribution	0	0	0	0	0	1	1	0	0	1	1	1	0	0	1	requires_manual_body_region_mapping
Body_region	Body region	Chi trên	Bàn tay	Ngón tay	Móng tay	Móng ngón tay	Body region	Móng ngón tay	Anatomical_Distribution	Distribution	0	0	0	0	0	0	1	0	0	1	0	0	0	0	0	curated_body_region_path
Body_region	Body region	Chi trên	Bàn tay	Ngón tay	Móng tay	Móng tay	Body region	Móng tay || móng tay	Anatomical_Distribution	Distribution	4	5	0	2	5	44	47	0	17	47	9	10	0	5	10	curated_body_region_path
Body_region	Body region	Chi trên	Bàn tay	Mô cái		Mô cái	Body region	Mô cái	Anatomical_Distribution	Distribution	0	0	0	0	0	4	4	0	2	4	2	2	0	1	2	curated_body_region_path
Body_region	Body region	Vùng sinh dục-hậu môn	Âm hộ	Môi bé		Môi bé	Body region	Môi bé	Anatomical_Distribution	Distribution	0	0	0	0	0	1	1	0	0	1	0	0	0	0	0	curated_body_region_path
Body_region	Body region	Vùng sinh dục-hậu môn	Âm hộ	Môi lớn		Môi lớn	Body region	Môi lớn	Anatomical_Distribution	Distribution	0	0	0	0	0	1	1	0	1	1	0	0	0	0	0	curated_body_region_path
Body_region	Body region	Đầu	Mặt	Quanh miệng	Môi âm hộ	Môi âm hộ	Body region	Môi âm hộ	Anatomical_Distribution	Distribution	0	0	0	0	0	0	1	0	0	1	0	0	0	0	0	curated_body_region_path
Body_region	Body region	Chi dưới	Mông			Mông	Body region	Mông || mông	Anatomical_Distribution	Distribution	3	4	0	1	4	25	29	0	8	29	5	5	0	2	5	curated_body_region_path
Body_region	Body region	Chi dưới	Vị trí chi dưới chưa phân nhóm	Mông bẹn		Mông bẹn	Body region	Mông bẹn	Anatomical_Distribution	Distribution	0	0	0	0	0	1	1	0	0	1	0	0	0	0	0	requires_manual_body_region_mapping
Body_region	Body region	Chi dưới	Vị trí chi dưới chưa phân nhóm	Mông trên		Mông trên	Body region	Mông trên	Anatomical_Distribution	Distribution	0	0	0	0	0	1	1	0	1	1	1	1	0	1	1	requires_manual_body_region_mapping
Body_region	Body region	Đầu	Mặt	Mũi		mũi	Body region	mũi || Mũi	Anatomical_Distribution	Distribution	12	16	0	6	16	116	130	0	43	130	38	40	0	15	40	curated_body_region_path
Body_region	Body region	Đầu	Mặt	Vị trí mặt chưa phân nhóm	Mũi má	Mũi má	Body region	Mũi má || mũi má	Anatomical_Distribution	Distribution	0	0	0	0	0	3	4	0	0	4	1	1	0	0	1	requires_manual_body_region_mapping
Body_region	Body region	Thân mình	Mạn sườn			Mạn sườn	Body region	Mạn sườn	Anatomical_Distribution	Distribution	0	0	0	0	0	3	3	0	2	3	0	0	0	0	0	curated_body_region_path
Body_region	Body region	Chi dưới	Cổ chân	Mắt cá		Mắt cá	Body region	Mắt cá	Anatomical_Distribution	Distribution	0	0	0	0	0	0	1	0	0	1	0	0	0	0	0	curated_body_region_path
Body_region	Body region	Chi dưới	Cổ chân	Mắt cá		Mắt cá chân	Body region	Mắt cá chân	Anatomical_Distribution	Distribution	1	1	0	0	1	1	1	0	1	1	0	0	0	0	0	curated_body_region_path
Body_region	Body region	Đầu	Mặt			Mặt	Body region	Mặt	Anatomical_Distribution	Distribution	13	16	9	49	70	137	161	64	417	596	49	59	22	140	202	curated_body_region_path
Body_region	Body region	Đầu	Mặt	Vị trí mặt chưa phân nhóm	Mặt bên bàn chân	Mặt bên bàn chân	Body region	Mặt bên bàn chân	Anatomical_Distribution	Distribution	0	0	0	0	0	1	1	0	0	1	0	0	0	0	0	requires_manual_body_region_mapping
Body_region	Body region	Đầu	Mặt	Vị trí mặt chưa phân nhóm	mặt bên cổ	mặt bên cổ	Body region	mặt bên cổ	Anatomical_Distribution	Distribution	0	0	0	0	0	0	1	0	0	1	0	1	0	0	1	requires_manual_body_region_mapping
Body_region	Body region	Đầu	Mặt	Vị trí mặt chưa phân nhóm	Mặt bên cổ chân	Mặt bên cổ chân	Body region	Mặt bên cổ chân	Anatomical_Distribution	Distribution	0	0	0	0	0	1	1	0	0	1	0	0	0	0	0	requires_manual_body_region_mapping
Body_region	Body region	Đầu	Mặt	Vị trí mặt chưa phân nhóm	Mặt bên ngón	Mặt bên ngón	Body region	Mặt bên ngón	Anatomical_Distribution	Distribution	0	0	0	0	0	1	1	0	0	1	0	0	0	0	0	requires_manual_body_region_mapping
Body_region	Body region	Đầu	Mặt	Vị trí mặt chưa phân nhóm	Mặt bên ngón tay	Mặt bên ngón tay	Body region	Mặt bên ngón tay	Anatomical_Distribution	Distribution	0	0	0	0	0	1	1	0	0	1	0	0	0	0	0	requires_manual_body_region_mapping
Body_region	Body region	Đầu	Mặt	Vị trí mặt chưa phân nhóm	Mặt dưới vú	Mặt dưới vú	Body region	Mặt dưới vú	Anatomical_Distribution	Distribution	0	0	0	0	0	1	1	0	0	1	1	1	0	0	1	requires_manual_body_region_mapping
Body_region	Body region	Đầu	Mặt	Vị trí mặt chưa phân nhóm	mặt gan	mặt gan	Body region	mặt gan || Mặt gan	Anatomical_Distribution	Distribution	0	0	0	0	0	1	2	0	1	2	0	1	0	0	1	requires_manual_body_region_mapping
Body_region	Body region	Đầu	Mặt	Vị trí mặt chưa phân nhóm	Mặt gan ngón	Mặt gan ngón	Body region	Mặt gan ngón	Anatomical_Distribution	Distribution	1	1	0	0	1	0	0	0	0	0	0	0	0	0	0	requires_manual_body_region_mapping
Body_region	Body region	Đầu	Mặt	Vị trí mặt chưa phân nhóm	Mặt gan tay	Mặt gan tay	Body region	Mặt gan tay	Anatomical_Distribution	Distribution	0	0	0	0	0	1	1	0	0	1	0	0	0	0	0	requires_manual_body_region_mapping
Body_region	Body region	Đầu	Mặt	Vị trí mặt chưa phân nhóm	Mặt lòng	Mặt lòng	Body region	Mặt lòng	Anatomical_Distribution	Distribution	0	0	0	0	0	1	1	0	0	1	0	0	0	0	0	requires_manual_body_region_mapping
Body_region	Body region	Đầu	Mặt	Vị trí mặt chưa phân nhóm	Mặt lòng bàn chân	Mặt lòng bàn chân	Body region	Mặt lòng bàn chân	Anatomical_Distribution	Distribution	0	0	0	0	0	1	1	0	1	1	0	0	0	0	0	requires_manual_body_region_mapping
Body_region	Body region	Đầu	Mặt	Vị trí mặt chưa phân nhóm	Mặt lòng ngón	Mặt lòng ngón	Body region	Mặt lòng ngón	Anatomical_Distribution	Distribution	0	0	0	0	0	1	1	0	0	1	1	1	0	0	1	requires_manual_body_region_mapping
Body_region	Body region	Đầu	Mặt	Vị trí mặt chưa phân nhóm	Mặt lưng	Mặt lưng	Body region	Mặt lưng	Anatomical_Distribution	Distribution	0	0	0	0	0	1	1	0	0	1	0	0	0	0	0	requires_manual_body_region_mapping
Body_region	Body region	Đầu	Mặt	Vị trí mặt chưa phân nhóm	Mặt lưng bên	Mặt lưng bên	Body region	Mặt lưng bên	Anatomical_Distribution	Distribution	0	0	0	0	0	1	1	0	0	1	0	0	0	0	0	requires_manual_body_region_mapping
Body_region	Body region	Đầu	Mặt	Vị trí mặt chưa phân nhóm	Mặt lưng ngón	Mặt lưng ngón	Body region	Mặt lưng ngón	Anatomical_Distribution	Distribution	0	0	0	0	0	1	1	0	1	1	0	0	0	0	0	requires_manual_body_region_mapping
Body_region	Body region	Đầu	Mặt	Vị trí mặt chưa phân nhóm	mặt mu	mặt mu	Body region	mặt mu || Mặt mu	Anatomical_Distribution	Distribution	1	1	0	1	1	0	1	0	0	1	0	0	0	0	0	requires_manual_body_region_mapping
Body_region	Body region	Chi trên	Cánh tay	Mặt ngoài cánh tay		Mặt ngoài cánh tay	Body region	Mặt ngoài cánh tay	Anatomical_Distribution	Distribution	0	0	0	0	0	2	2	0	1	2	0	0	0	0	0	curated_body_region_path
Body_region	Body region	Chi dưới	Đùi	Mặt sau đùi		Mặt sau đùi	Body region	Mặt sau đùi || mặt sau đùi	Anatomical_Distribution	Distribution	1	1	0	0	1	4	6	0	1	6	1	2	0	1	2	curated_body_region_path
Body_region	Body region	Chi trên	Cánh tay	Mặt trong cánh tay		Mặt trong cánh tay	Body region	Mặt trong cánh tay	Anatomical_Distribution	Distribution	0	0	0	0	0	3	3	0	1	3	1	1	0	0	1	curated_body_region_path
Body_region	Body region	Chi dưới	Đùi	Mặt trong đùi		Mặt trong đùi	Body region	Mặt trong đùi || mặt trong đùi	Anatomical_Distribution	Distribution	1	1	0	1	1	11	12	0	5	12	1	2	0	1	2	curated_body_region_path
Body_region	Body region	Đầu	Mặt	Vị trí mặt chưa phân nhóm	Mặt trước cẳng chân	Mặt trước cẳng chân	Body region	Mặt trước cẳng chân	Anatomical_Distribution	Distribution	0	0	0	0	0	2	2	0	0	2	1	1	0	0	1	requires_manual_body_region_mapping
Body_region	Body region	Đầu	Mặt	Vị trí mặt chưa phân nhóm	Mặt trước cổ	Mặt trước cổ	Body region	Mặt trước cổ	Anatomical_Distribution	Distribution	0	0	0	0	0	1	1	0	1	1	0	0	0	0	0	requires_manual_body_region_mapping
Body_region	Body region	Đầu	Mặt	Vị trí mặt chưa phân nhóm	Mặt trước gối	Mặt trước gối	Body region	Mặt trước gối	Anatomical_Distribution	Distribution	0	0	0	0	0	0	1	0	0	1	0	1	0	0	1	requires_manual_body_region_mapping
Body_region	Body region	Đầu	Mặt	Vị trí mặt chưa phân nhóm	mặt trước ngoài	mặt trước ngoài	Body region	mặt trước ngoài	Anatomical_Distribution	Distribution	0	0	0	0	0	1	1	0	1	1	0	0	0	0	0	requires_manual_body_region_mapping
Body_region	Body region	Đầu	Mặt	Vị trí mặt chưa phân nhóm	Mặt trước đùi	Mặt trước đùi	Body region	Mặt trước đùi	Anatomical_Distribution	Distribution	0	0	0	0	0	1	1	0	1	1	1	1	0	1	1	requires_manual_body_region_mapping
Body_region	Body region	Vị trí cơ thể chưa phân định	Mỏm cụt			Mỏm cụt	Body region	Mỏm cụt	Anatomical_Distribution	Distribution	0	0	0	0	0	4	4	0	1	4	2	2	0	1	2	requires_manual_body_region_mapping
Body_region	Body region	Chi trên	Vị trí chi trên chưa phân nhóm	Một ngón tay		Một ngón tay	Body region	Một ngón tay	Anatomical_Distribution	Distribution	0	0	0	0	0	1	1	0	0	1	0	0	0	0	0	requires_manual_body_region_mapping
Body_region	Body region	Đầu	Mặt	Quanh miệng	ngang môi	ngang môi	Body region	ngang môi	Anatomical_Distribution	Distribution	0	0	0	0	0	1	1	0	1	1	0	0	0	0	0	curated_body_region_path
Body_region	Body region	Thân mình	Vị trí thân mình chưa phân nhóm	Ngang thân mình		Ngang thân mình	Body region	Ngang thân mình	Anatomical_Distribution	Distribution	0	0	0	0	0	1	1	0	1	1	0	0	0	0	0	requires_manual_body_region_mapping
Body_region	Body region	Chi	Ngón chưa xác định chi	Ngón		Ngón	Body region	Ngón	Anatomical_Distribution	Distribution	0	0	0	0	0	1	1	0	0	1	1	1	0	0	1	requires_manual_body_region_mapping
Body_region	Body region	Chi dưới	Bàn chân	Ngón chân		Ngón chân	Body region	Ngón chân || ngón chân	Anatomical_Distribution	Distribution	6	7	0	1	7	35	44	0	13	44	11	15	0	5	15	curated_body_region_path
Body_region	Body region	Chi dưới	Bàn chân	Ngón chân	Ngón chân cái	Ngón chân cái	Body region	Ngón chân cái	Anatomical_Distribution	Distribution	1	1	0	0	1	13	20	0	4	20	5	10	0	0	10	curated_body_region_path
Body_region	Body region	Chi	Ngón chưa xác định chi	Ngón cái		Ngón cái	Body region	Ngón cái || ngón cái	Anatomical_Distribution	Distribution	0	0	0	0	0	4	4	0	3	4	2	2	0	1	2	requires_manual_body_region_mapping
Body_region	Body region	Chi trên	Bàn tay	Ngón tay		ngón tay	Body region	ngón tay || Ngón tay	Anatomical_Distribution	Distribution	18	24	0	8	24	121	147	0	42	147	43	54	0	14	54	curated_body_region_path
Body_region	Body region	Chi trên	Bàn tay	Ngón tay	Ngón tay cái	Ngón tay cái	Body region	Ngón tay cái	Anatomical_Distribution	Distribution	0	0	0	0	0	3	4	0	1	4	0	1	0	0	1	curated_body_region_path
Body_region	Body region	Chi chưa xác định	Ngón chưa xác định chi	Ngón áp út		Ngón áp út	Body region	Ngón áp út	Anatomical_Distribution	Distribution	0	0	0	0	0	0	1	0	0	1	0	0	0	0	0	requires_manual_body_region_mapping
Body_region	Body region	Thân mình	Ngực			Ngực	Body region	Ngực	Anatomical_Distribution	Distribution	3	5	0	1	5	47	56	0	19	56	17	19	0	10	19	curated_body_region_path
Body_region	Body region	Thân mình	Ngực	Ngực bên		Ngực bên	Body region	Ngực bên || ngực bên	Anatomical_Distribution	Distribution	0	0	0	0	0	5	6	0	2	6	1	2	0	0	2	curated_body_region_path
Body_region	Body region	Thân mình	Vị trí thân mình chưa phân nhóm	Ngực bụng		Ngực bụng	Body region	Ngực bụng	Anatomical_Distribution	Distribution	0	0	0	0	0	1	2	0	1	2	0	1	0	0	1	requires_manual_body_region_mapping
Body_region	Body region	Thân mình	Vị trí thân mình chưa phân nhóm	Ngực giữa		Ngực giữa	Body region	Ngực giữa	Anatomical_Distribution	Distribution	0	0	0	0	0	1	1	0	1	1	0	0	0	0	0	requires_manual_body_region_mapping
Body_region	Body region	Thân mình	Ngực	Ngực trên		Ngực trên	Body region	Ngực trên || ngực trên	Anatomical_Distribution	Distribution	3	3	0	0	3	26	30	0	10	30	10	11	0	2	11	curated_body_region_path
Body_region	Body region	Thân mình	Ngực	Ngực trước		ngực trước	Body region	ngực trước || Ngực trước	Anatomical_Distribution	Distribution	0	0	0	0	0	6	7	0	3	7	2	3	0	1	3	curated_body_region_path
Body_region	Body region	Chi trên	Vị trí chi trên chưa phân nhóm	Ngực vai		Ngực vai	Body region	Ngực vai	Anatomical_Distribution	Distribution	0	0	0	0	0	2	2	0	0	2	0	0	0	0	0	requires_manual_body_region_mapping
Body_region	Body region	Niêm mạc	Vị trí niêm mạc chưa xác định	Niêm mạc		Niêm mạc	Body region	Niêm mạc	Anatomical_Distribution	Distribution	1	1	0	0	1	11	12	0	5	12	3	3	0	1	3	requires_manual_body_region_mapping
Body_region	Body region	Niêm mạc	Vị trí niêm mạc chưa xác định	Niêm mạc hậu môn		Niêm mạc hậu môn	Body region	Niêm mạc hậu môn	Anatomical_Distribution	Distribution	0	0	0	0	0	0	1	0	0	1	0	0	0	0	0	requires_manual_body_region_mapping
Body_region	Body region	Niêm mạc	Vị trí niêm mạc chưa xác định	Niêm mạc sinh dục		Niêm mạc sinh dục	Body region	Niêm mạc sinh dục	Anatomical_Distribution	Distribution	0	0	0	0	0	1	1	0	0	1	0	0	0	0	0	requires_manual_body_region_mapping
Body_region	Body region	Niêm mạc	Vị trí niêm mạc chưa xác định	Niêm mạc âm hộ		Niêm mạc âm hộ	Body region	Niêm mạc âm hộ	Anatomical_Distribution	Distribution	0	0	0	0	0	0	1	0	0	1	0	0	0	0	0	requires_manual_body_region_mapping
Body_region	Body region	Thân mình	Nách			Nách	Body region	Nách	Anatomical_Distribution	Distribution	9	11	0	4	11	66	82	0	20	82	24	31	0	7	31	curated_body_region_path
Body_region	Body region	Thân mình	Vị trí thân mình chưa phân nhóm	Nách bên		Nách bên	Body region	Nách bên	Anatomical_Distribution	Distribution	0	0	0	0	0	1	1	0	0	1	1	1	0	0	1	requires_manual_body_region_mapping
Body_region	Body region	Thân mình	Vị trí thân mình chưa phân nhóm	Nách trước		Nách trước	Body region	Nách trước	Anatomical_Distribution	Distribution	0	0	0	0	0	1	1	0	0	1	0	0	0	0	0	requires_manual_body_region_mapping
Body_region	Body region	Thân mình	Ngực	Vú	Núm vú	núm vú	Body region	núm vú || Núm vú	Anatomical_Distribution	Distribution	2	2	0	1	2	2	3	0	0	3	0	0	0	0	0	curated_body_region_path
Body_region	Body region	Thân mình	Bẹn	Nếp bẹn		Nếp bẹn	Body region	Nếp bẹn || nếp bẹn	Anatomical_Distribution	Distribution	5	6	0	2	6	36	40	0	14	40	9	13	0	4	13	curated_body_region_path
Body_region	Body region	Da	Nếp gấp/kẽ	Nếp bẹn trái		Nếp bẹn trái	Body region	Nếp bẹn trái	Anatomical_Distribution	Distribution	0	0	0	0	0	2	2	0	2	2	1	1	0	1	1	curated_body_region_path
Body_region	Body region	Da	Nếp gấp/kẽ	nếp bụng		nếp bụng	Body region	nếp bụng	Anatomical_Distribution	Distribution	0	0	0	0	0	1	1	0	1	1	0	0	0	0	0	curated_body_region_path
Body_region	Body region	Cổ	Vị trí cổ chưa phân nhóm	Nếp cổ		Nếp cổ	Body region	Nếp cổ	Anatomical_Distribution	Distribution	0	0	0	0	0	5	5	0	1	5	1	1	0	0	1	requires_manual_body_region_mapping
Body_region	Body region	Da	Nếp gấp/kẽ	nếp da		nếp da	Body region	nếp da || Nếp da	Anatomical_Distribution	Distribution	1	1	0	1	1	4	4	0	1	4	2	2	0	1	2	curated_body_region_path
Body_region	Body region	Da	Nếp gấp/kẽ	Nếp dưới bụng		Nếp dưới bụng	Body region	Nếp dưới bụng	Anatomical_Distribution	Distribution	0	0	0	0	0	1	1	0	0	1	0	0	0	0	0	curated_body_region_path
Body_region	Body region	Thân mình	Ngực	Vú	Nếp dưới vú	Nếp dưới vú	Body region	Nếp dưới vú	Anatomical_Distribution	Distribution	1	2	0	0	2	16	17	0	6	17	5	6	0	0	6	curated_body_region_path
Body_region	Body region	Da	Nếp gấp			Nếp gấp	Body region	Nếp gấp	Anatomical_Distribution	Distribution	11	12	0	2	12	104	117	0	31	117	32	39	0	12	39	curated_body_region_path
Body_region	Body region	Da	Nếp gấp/kẽ	Nếp gấp bẹn		Nếp gấp bẹn	Body region	Nếp gấp bẹn	Anatomical_Distribution	Distribution	0	0	0	0	0	2	3	0	0	3	1	2	0	0	2	curated_body_region_path
Body_region	Body region	Da	Nếp gấp/kẽ	Nếp gấp bụng		Nếp gấp bụng	Body region	Nếp gấp bụng	Anatomical_Distribution	Distribution	0	0	0	0	0	1	1	0	0	1	0	0	0	0	0	curated_body_region_path
Body_region	Body region	Da	Nếp gấp/kẽ	Nếp gấp chi		Nếp gấp chi	Body region	Nếp gấp chi	Anatomical_Distribution	Distribution	0	0	0	0	0	1	3	0	1	3	0	0	0	0	0	curated_body_region_path
Body_region	Body region	Cổ	Vị trí cổ chưa phân nhóm	Nếp gấp cổ		Nếp gấp cổ	Body region	Nếp gấp cổ	Anatomical_Distribution	Distribution	1	1	0	0	1	2	3	0	0	3	0	1	0	0	1	requires_manual_body_region_mapping
Body_region	Body region	Chi dưới	Vị trí chi dưới chưa phân nhóm	Nếp gấp cổ chân		Nếp gấp cổ chân	Body region	Nếp gấp cổ chân	Anatomical_Distribution	Distribution	0	0	0	0	0	1	1	0	1	1	1	1	0	1	1	requires_manual_body_region_mapping
Body_region	Body region	Chi trên	Vị trí chi trên chưa phân nhóm	Nếp gấp cổ tay		Nếp gấp cổ tay	Body region	Nếp gấp cổ tay	Anatomical_Distribution	Distribution	0	0	0	0	0	1	1	0	1	1	0	0	0	0	0	requires_manual_body_region_mapping
Body_region	Body region	Chi dưới	Vị trí chi dưới chưa phân nhóm	Nếp gấp gối		Nếp gấp gối	Body region	Nếp gấp gối	Anatomical_Distribution	Distribution	0	0	0	0	0	1	1	0	0	1	0	0	0	0	0	requires_manual_body_region_mapping
Body_region	Body region	Chi trên	Vị trí chi trên chưa phân nhóm	Nếp gấp khuỷu		Nếp gấp khuỷu	Body region	Nếp gấp khuỷu	Anatomical_Distribution	Distribution	0	0	0	0	0	2	3	0	1	3	2	2	0	1	2	requires_manual_body_region_mapping
Body_region	Body region	Chi trên	Khuỷu tay	Nếp khuỷu		Nếp gấp khuỷu tay	Body region	Nếp gấp khuỷu tay	Anatomical_Distribution	Distribution	0	0	0	0	0	4	4	0	2	4	1	1	0	0	1	curated_body_region_path
Body_region	Body region	Da	Nếp gấp/kẽ	Nếp gấp nách		Nếp gấp nách	Body region	Nếp gấp nách	Anatomical_Distribution	Distribution	0	0	0	0	0	2	2	0	1	2	1	1	0	1	1	curated_body_region_path
Body_region	Body region	Đầu	Mặt	Vị trí mặt chưa phân nhóm	Nếp gấp tai	Nếp gấp tai	Body region	Nếp gấp tai	Anatomical_Distribution	Distribution	0	0	0	0	0	1	1	0	1	1	0	0	0	0	0	requires_manual_body_region_mapping
Body_region	Body region	Chi	Vị trí chi chưa xác định	Nếp gấp tay		Nếp gấp tay	Body region	Nếp gấp tay	Anatomical_Distribution	Distribution	0	0	0	0	0	1	1	0	0	1	0	0	0	0	0	requires_manual_body_region_mapping
Body_region	Body region	Chi dưới	Vị trí chi dưới chưa phân nhóm	Nếp gấp đùi		Nếp gấp đùi	Body region	Nếp gấp đùi	Anatomical_Distribution	Distribution	0	0	0	0	0	0	1	0	0	1	0	0	0	0	0	requires_manual_body_region_mapping
Body_region	Body region	Chi dưới	Gối	Nếp khoeo		Nếp khoeo	Body region	Nếp khoeo	Anatomical_Distribution	Distribution	1	1	0	1	1	2	2	0	0	2	0	0	0	0	0	curated_body_region_path
Body_region	Body region	Chi trên	Khuỷu tay	Nếp khuỷu		Nếp khuỷu	Body region	Nếp khuỷu	Anatomical_Distribution	Distribution	0	0	0	0	0	3	4	0	0	4	1	1	0	0	1	curated_body_region_path
Body_region	Body region	Chi trên	Khuỷu tay	Nếp khuỷu		Nếp khuỷu tay	Body region	Nếp khuỷu tay	Anatomical_Distribution	Distribution	0	0	0	0	0	5	5	0	4	5	0	0	0	0	0	curated_body_region_path
Body_region	Body region	Da	Nếp gấp/kẽ	Nếp kẽ		Nếp kẽ	Body region	Nếp kẽ	Anatomical_Distribution	Distribution	0	0	0	0	0	18	18	0	8	18	7	7	0	5	7	curated_body_region_path
Body_region	Body region	Da	Nếp gấp/kẽ	Nếp kẽ hậu môn		Nếp kẽ hậu môn	Body region	Nếp kẽ hậu môn	Anatomical_Distribution	Distribution	0	0	0	0	0	1	1	0	0	1	0	0	0	0	0	curated_body_region_path
Body_region	Body region	Chi dưới	Vị trí chi dưới chưa phân nhóm	Nếp kẽ mông		Nếp kẽ mông	Body region	Nếp kẽ mông	Anatomical_Distribution	Distribution	0	0	0	0	0	4	5	0	2	5	2	2	0	1	2	requires_manual_body_region_mapping
Body_region	Body region	Da	Nếp gấp/kẽ	Nếp kẽ quanh sinh dục		Nếp kẽ quanh sinh dục	Body region	Nếp kẽ quanh sinh dục	Anatomical_Distribution	Distribution	0	0	0	0	0	1	1	0	1	1	0	0	0	0	0	curated_body_region_path
Body_region	Body region	Đầu	Mặt	Vị trí mặt chưa phân nhóm	Nếp kẽ sau tai	Nếp kẽ sau tai	Body region	Nếp kẽ sau tai	Anatomical_Distribution	Distribution	0	0	0	0	0	1	1	0	0	1	0	0	0	0	0	requires_manual_body_region_mapping
Body_region	Body region	Chi dưới	Mông	Nếp liên mông		Nếp liên mông	Body region	Nếp liên mông	Anatomical_Distribution	Distribution	0	0	0	0	0	6	7	0	1	7	2	2	0	1	2	curated_body_region_path
Body_region	Body region	Chi chưa xác định	Móng	Vị trí móng chưa xác định	Nếp móng	Nếp móng	Body region	Nếp móng	Anatomical_Distribution	Distribution	1	1	0	1	1	5	6	0	1	6	2	2	0	0	2	requires_manual_body_region_mapping
Body_region	Body region	Chi chưa xác định	Móng	Vị trí móng chưa xác định	Nếp móng bên	Nếp móng bên	Body region	Nếp móng bên	Anatomical_Distribution	Distribution	0	0	0	0	0	7	9	0	2	9	1	2	0	0	2	requires_manual_body_region_mapping
Body_region	Body region	Chi chưa xác định	Móng	Vị trí móng chưa xác định	Nếp móng gần	Nếp móng gần	Body region	Nếp móng gần	Anatomical_Distribution	Distribution	2	2	0	1	2	7	10	0	3	10	2	3	0	1	3	requires_manual_body_region_mapping
Body_region	Body region	Chi dưới	Vị trí chi dưới chưa phân nhóm	Nếp mông		Nếp mông	Body region	Nếp mông	Anatomical_Distribution	Distribution	1	1	0	0	1	3	3	0	1	3	1	1	0	0	1	requires_manual_body_region_mapping
Body_region	Body region	Đầu	Mặt	Vị trí mặt chưa phân nhóm	Nếp mũi má	Nếp mũi má	Body region	Nếp mũi má	Anatomical_Distribution	Distribution	0	0	0	0	0	1	1	0	0	1	1	1	0	0	1	requires_manual_body_region_mapping
Body_region	Body region	Da	Nếp gấp/kẽ	Nếp nách		Nếp nách	Body region	Nếp nách	Anatomical_Distribution	Distribution	0	0	0	0	0	1	1	0	1	1	1	1	0	1	1	curated_body_region_path
Body_region	Body region	Đầu	Mặt	Vị trí mặt chưa phân nhóm	Nếp sau tai	Nếp sau tai	Body region	Nếp sau tai	Anatomical_Distribution	Distribution	0	0	0	0	0	2	2	0	1	2	0	0	0	0	0	requires_manual_body_region_mapping
Body_region	Body region	Đầu	Mặt	Vị trí mặt chưa phân nhóm	nếp tai	nếp tai	Body region	nếp tai	Anatomical_Distribution	Distribution	0	0	0	0	0	1	1	0	1	1	0	0	0	0	0	requires_manual_body_region_mapping
Body_region	Body region	Chi chưa xác định	Móng	Vị trí móng chưa xác định	Phiến móng	Phiến móng	Body region	Phiến móng	Anatomical_Distribution	Distribution	0	0	0	0	0	2	2	0	1	2	1	1	0	0	1	requires_manual_body_region_mapping
Body_region	Body region	Đầu	Mặt	Vị trí mặt chưa phân nhóm	Quai hàm	Quai hàm	Body region	Quai hàm	Anatomical_Distribution	Distribution	0	0	0	0	0	1	1	0	0	1	0	0	0	0	0	requires_manual_body_region_mapping
Body_region	Body region	Đầu	Mặt	Quanh mắt	Bờ mi	Quanh bờ mi	Body region	Quanh bờ mi	Anatomical_Distribution	Distribution	0	0	0	0	0	1	1	0	0	1	0	0	0	0	0	curated_body_region_path
Body_region	Body region	Chi chưa xác định	Móng	Vị trí móng chưa xác định	Quanh bờ móng	Quanh bờ móng	Body region	Quanh bờ móng	Anatomical_Distribution	Distribution	0	0	0	0	0	1	1	0	1	1	0	0	0	0	0	requires_manual_body_region_mapping
Body_region	Body region	Đầu	Da đầu	Đường chân tóc		Quanh chân tóc	Body region	Quanh chân tóc	Anatomical_Distribution	Distribution	0	0	0	0	0	2	2	0	1	2	2	2	0	1	2	curated_body_region_path
Body_region	Body region	Chi dưới	Cổ chân	Quanh cổ chân		Quanh cổ chân	Body region	Quanh cổ chân	Anatomical_Distribution	Distribution	1	1	0	0	1	3	4	0	1	4	1	2	0	1	2	curated_body_region_path
Body_region	Body region	Chi chưa xác định	Móng	Vị trí móng chưa xác định	Quanh gốc móng	Quanh gốc móng	Body region	Quanh gốc móng	Anatomical_Distribution	Distribution	0	0	0	0	0	1	1	0	1	1	0	0	0	0	0	requires_manual_body_region_mapping
Body_region	Body region	Chi dưới	Gối	Quanh gối		Quanh gối	Body region	Quanh gối || quanh gối	Anatomical_Distribution	Distribution	3	3	0	0	3	7	7	0	4	7	1	1	0	1	1	curated_body_region_path
Body_region	Body region	Vùng sinh dục-hậu môn	Hậu môn	Quanh hậu môn		Quanh hậu môn	Body region	Quanh hậu môn	Anatomical_Distribution	Distribution	3	3	0	1	3	19	21	0	3	21	7	7	0	2	7	curated_body_region_path
Body_region	Body region	Đầu	Mặt	Vị trí mặt chưa phân nhóm	quanh khóe mắt trong	quanh khóe mắt trong	Body region	quanh khóe mắt trong	Anatomical_Distribution	Distribution	0	0	0	0	0	0	1	0	0	1	0	1	0	0	1	requires_manual_body_region_mapping
Body_region	Body region	Vị trí cơ thể chưa phân định	Quanh khớp			Quanh khớp	Body region	Quanh khớp || quanh khớp	Anatomical_Distribution	Distribution	0	0	0	0	0	4	4	0	1	4	0	0	0	0	0	requires_manual_body_region_mapping
Body_region	Body region	Đầu	Mặt	Quanh mắt	Lông mi	Quanh lông mi	Body region	Quanh lông mi	Anatomical_Distribution	Distribution	0	0	0	0	0	1	1	0	0	1	0	0	0	0	0	curated_body_region_path
Body_region	Body region	Đầu	Mặt	Quanh mắt	Quanh lông mày	Quanh lông mày	Body region	Quanh lông mày	Anatomical_Distribution	Distribution	0	0	0	0	0	4	4	0	3	4	2	2	0	1	2	curated_body_region_path
Body_region	Body region	Chi dưới	Vị trí chi dưới chưa phân nhóm	quanh lỗ chân lông		quanh lỗ chân lông	Body region	quanh lỗ chân lông	Anatomical_Distribution	Distribution	0	0	0	0	0	0	1	0	0	1	0	0	0	0	0	requires_manual_body_region_mapping
Body_region	Body region	Đầu	Mặt	Vị trí mặt chưa phân nhóm	Quanh lỗ mũi	Quanh lỗ mũi	Body region	Quanh lỗ mũi	Anatomical_Distribution	Distribution	0	0	0	0	0	1	1	0	0	1	0	0	0	0	0	requires_manual_body_region_mapping
Body_region	Body region	Đầu	Mặt	Vị trí mặt chưa phân nhóm	Quanh mi mắt	Quanh mi mắt	Body region	Quanh mi mắt	Anatomical_Distribution	Distribution	0	0	0	0	0	1	1	0	0	1	0	0	0	0	0	requires_manual_body_region_mapping
Body_region	Body region	Đầu	Mặt	Quanh miệng	Quanh miệng	Quanh miệng	Body region	Quanh miệng	Anatomical_Distribution	Distribution	9	10	0	4	10	119	135	0	43	135	52	57	0	19	57	curated_body_region_path
Body_region	Body region	Đầu	Mặt	Quanh miệng	Quanh mép miệng	Quanh mép miệng	Body region	Quanh mép miệng	Anatomical_Distribution	Distribution	0	0	0	0	0	2	2	0	0	2	0	0	0	0	0	curated_body_region_path
Body_region	Body region	Chi chưa xác định	Móng	Vị trí móng chưa xác định	Quanh móng	Quanh móng	Body region	Quanh móng	Anatomical_Distribution	Distribution	6	9	0	1	9	77	92	0	25	92	29	32	0	9	32	requires_manual_body_region_mapping
Body_region	Body region	Chi dưới	Bàn chân	Ngón chân	Móng chân	Quanh móng chân	Body region	Quanh móng chân	Anatomical_Distribution	Distribution	0	0	0	0	0	0	1	0	0	1	0	0	0	0	0	curated_body_region_path
Body_region	Body region	Đầu	Mặt	Quanh miệng	Quanh môi	Quanh môi	Body region	Quanh môi	Anatomical_Distribution	Distribution	1	1	0	0	1	7	10	0	3	10	2	3	0	0	3	curated_body_region_path
Body_region	Body region	Đầu	Mặt	Quanh miệng	Quanh môi trên	Quanh môi trên	Body region	Quanh môi trên	Anatomical_Distribution	Distribution	0	0	0	0	0	1	1	0	0	1	0	0	0	0	0	curated_body_region_path
Body_region	Body region	Đầu	Mặt	Mũi	Quanh mũi	Quanh mũi	Body region	Quanh mũi	Anatomical_Distribution	Distribution	3	3	0	1	3	12	14	0	4	14	8	9	0	2	9	curated_body_region_path
Body_region	Body region	Đầu	Mặt	Quanh mắt		Quanh mắt	Body region	Quanh mắt	Anatomical_Distribution	Distribution	14	14	0	4	14	89	99	0	28	99	26	32	0	9	32	curated_body_region_path
Body_region	Body region	Chi dưới	Cổ chân	Mắt cá		quanh mắt cá	Body region	quanh mắt cá || Quanh mắt cá	Anatomical_Distribution	Distribution	0	0	0	0	0	1	2	0	0	2	1	2	0	0	2	curated_body_region_path
Body_region	Body region	Đầu	Mặt	Vị trí mặt chưa phân nhóm	Quanh mắt dưới	Quanh mắt dưới	Body region	Quanh mắt dưới	Anatomical_Distribution	Distribution	0	0	0	0	0	1	1	0	1	1	0	0	0	0	0	requires_manual_body_region_mapping
Body_region	Body region	Chưa phân nhánh giải phẫu	Quanh ngón			Quanh ngón	Body region	Quanh ngón	Anatomical_Distribution	Distribution	1	1	0	0	1	0	0	0	0	0	0	0	0	0	0	requires_manual_body_region_mapping
Body_region	Body region	Vùng sinh dục-hậu môn	Niệu đạo	Quanh niệu đạo		Quanh niệu đạo	Body region	Quanh niệu đạo	Anatomical_Distribution	Distribution	0	0	0	0	0	1	1	0	0	1	1	1	0	0	1	curated_body_region_path
Body_region	Body region	Thân mình	Ngực	Vú	Quanh núm vú	Quanh núm vú	Body region	Quanh núm vú	Anatomical_Distribution	Distribution	0	0	0	0	0	3	3	0	1	3	0	0	0	0	0	curated_body_region_path
Body_region	Body region	Da	Nếp gấp/kẽ	Quanh nếp gấp		Quanh nếp gấp	Body region	Quanh nếp gấp	Anatomical_Distribution	Distribution	1	1	0	0	1	1	1	0	0	1	0	0	0	0	0	curated_body_region_path
Body_region	Body region	Thân mình	Ngực	Vú	Quanh quầng vú	Quanh quầng vú	Body region	Quanh quầng vú	Anatomical_Distribution	Distribution	0	0	0	0	0	1	1	0	0	1	1	1	0	0	1	curated_body_region_path
Body_region	Body region	Vùng sinh dục-hậu môn	Vị trí chưa phân nhóm	Quanh rãnh quy đầu		Quanh rãnh quy đầu	Body region	Quanh rãnh quy đầu	Anatomical_Distribution	Distribution	0	0	0	0	0	1	1	0	1	1	0	0	0	0	0	requires_manual_body_region_mapping
Body_region	Body region	Thân mình	Bụng	Quanh rốn		Quanh rốn	Body region	Quanh rốn || quanh rốn	Anatomical_Distribution	Distribution	6	7	0	1	7	9	11	0	3	11	3	3	0	1	3	curated_body_region_path
Body_region	Body region	Vùng sinh dục-hậu môn	Vị trí chưa phân nhóm	Quanh sinh dục		Quanh sinh dục	Body region	Quanh sinh dục	Anatomical_Distribution	Distribution	0	0	0	0	0	2	2	0	0	2	1	1	0	0	1	requires_manual_body_region_mapping
Body_region	Body region	Đầu	Tai	Quanh tai		Quanh tai	Body region	Quanh tai	Anatomical_Distribution	Distribution	2	2	0	0	2	11	17	0	3	17	4	6	0	1	6	curated_body_region_path
Body_region	Body region	Vùng sinh dục-hậu môn	Vị trí chưa phân nhóm	Quanh vành quy đầu		Quanh vành quy đầu	Body region	Quanh vành quy đầu	Anatomical_Distribution	Distribution	0	0	0	0	0	1	1	0	1	1	0	0	0	0	0	requires_manual_body_region_mapping
Body_region	Body region	Thân mình	Ngực	Quanh xương ức		Quanh xương ức	Body region	Quanh xương ức	Anatomical_Distribution	Distribution	0	0	0	0	0	1	1	0	0	1	0	0	0	0	0	curated_body_region_path
Body_region	Body region	Vùng sinh dục-hậu môn	Dương vật	Quy đầu		quy đầu	Body region	quy đầu || Quy đầu	Anatomical_Distribution	Distribution	0	1	0	0	1	16	18	0	5	18	8	9	0	3	9	curated_body_region_path
Body_region	Body region	Vùng sinh dục-hậu môn	Vị trí chưa phân nhóm	Quy đầu dương vật		Quy đầu dương vật	Body region	Quy đầu dương vật	Anatomical_Distribution	Distribution	0	0	0	0	0	1	1	0	1	1	0	0	0	0	0	requires_manual_body_region_mapping
Body_region	Body region	Thân mình	Ngực	Vú	Quầng vú	Quầng vú	Body region	Quầng vú	Anatomical_Distribution	Distribution	2	2	0	1	2	4	5	0	2	5	0	0	0	0	0	curated_body_region_path
Body_region	Body region	Đầu	Mặt	Quanh miệng	Ria mép	Ria mép	Body region	Ria mép	Anatomical_Distribution	Distribution	0	0	0	0	0	2	2	0	1	2	1	1	0	1	1	curated_body_region_path
Body_region	Body region	Đầu	Mặt	Quanh miệng	Rãnh liên môi	Rãnh liên môi	Body region	Rãnh liên môi	Anatomical_Distribution	Distribution	0	0	0	0	0	1	1	0	0	1	0	0	0	0	0	curated_body_region_path
Body_region	Body region	Chi dưới	Vị trí chi dưới chưa phân nhóm	Rãnh liên mông		Rãnh liên mông	Body region	Rãnh liên mông || rãnh liên mông	Anatomical_Distribution	Distribution	0	0	0	0	0	4	4	0	1	4	1	1	0	0	1	requires_manual_body_region_mapping
Body_region	Body region	Chi chưa xác định	Móng	Vị trí móng chưa xác định	Rãnh móng bên	Rãnh móng bên	Body region	Rãnh móng bên	Anatomical_Distribution	Distribution	0	0	0	0	0	1	1	0	0	1	0	0	0	0	0	requires_manual_body_region_mapping
Body_region	Body region	Đầu	Mặt	Quanh miệng	Rãnh mũi má	Rãnh mũi má	Body region	Rãnh mũi má || rãnh mũi má	Anatomical_Distribution	Distribution	2	2	0	0	2	11	12	0	2	12	4	5	0	1	5	curated_body_region_path
Body_region	Body region	Vùng sinh dục-hậu môn	Dương vật	Rãnh quy đầu		rãnh quy đầu	Body region	rãnh quy đầu || Rãnh quy đầu	Anatomical_Distribution	Distribution	0	0	0	0	0	6	8	0	4	8	2	4	0	2	4	curated_body_region_path
Body_region	Body region	Chi dưới	Vị trí chi dưới chưa phân nhóm	Rìa bàn chân		Rìa bàn chân	Body region	Rìa bàn chân	Anatomical_Distribution	Distribution	0	0	0	0	0	1	1	0	0	1	1	1	0	0	1	requires_manual_body_region_mapping
Body_region	Body region	Chi chưa xác định	Móng	Vị trí móng chưa xác định	rìa bên móng	rìa bên móng	Body region	rìa bên móng	Anatomical_Distribution	Distribution	0	1	0	0	1	0	0	0	0	0	0	0	0	0	0	requires_manual_body_region_mapping
Body_region	Body region	Đầu	Da đầu	Đường chân tóc		Rìa chân tóc	Body region	Rìa chân tóc	Anatomical_Distribution	Distribution	0	0	0	0	0	1	1	0	1	1	1	1	0	1	1	curated_body_region_path
Body_region	Body region	Vùng sinh dục-hậu môn	Vị trí chưa phân nhóm	Rìa hậu môn		Rìa hậu môn	Body region	Rìa hậu môn	Anatomical_Distribution	Distribution	1	1	0	1	1	0	0	0	0	0	0	0	0	0	0	requires_manual_body_region_mapping
Body_region	Body region	Chi chưa xác định	Móng	Vị trí móng chưa xác định	Rìa móng	Rìa móng	Body region	Rìa móng	Anatomical_Distribution	Distribution	0	0	0	0	0	2	2	0	1	2	1	1	0	1	1	requires_manual_body_region_mapping
Body_region	Body region	Chi dưới	Bàn chân	Ngón chân	Móng chân	Rìa móng chân	Body region	Rìa móng chân	Anatomical_Distribution	Distribution	0	0	0	0	0	1	1	0	1	1	0	0	0	0	0	curated_body_region_path
Body_region	Body region	Chi chưa xác định	Ngón chưa xác định chi	Rìa ngón		Rìa ngón	Body region	Rìa ngón	Anatomical_Distribution	Distribution	0	0	0	0	0	1	1	0	0	1	1	1	0	0	1	requires_manual_body_region_mapping
Body_region	Body region	Chi trên	Vị trí chi trên chưa phân nhóm	Rìa ngón tay		Rìa ngón tay	Body region	Rìa ngón tay	Anatomical_Distribution	Distribution	0	0	0	0	0	1	1	0	1	1	1	1	0	1	1	requires_manual_body_region_mapping
Body_region	Body region	Chi chưa xác định	Móng	Vị trí móng chưa xác định	Rìa xa móng	Rìa xa móng	Body region	Rìa xa móng	Anatomical_Distribution	Distribution	0	0	0	0	0	1	1	0	0	1	1	1	0	0	1	requires_manual_body_region_mapping
Body_region	Body region	Đầu	Mặt	Vị trí mặt chưa phân nhóm	Sau dái tai	Sau dái tai	Body region	Sau dái tai	Anatomical_Distribution	Distribution	0	0	0	0	0	1	1	0	0	1	0	0	0	0	0	requires_manual_body_region_mapping
Body_region	Body region	Đầu	Tai	Sau tai		Sau tai	Body region	Sau tai	Anatomical_Distribution	Distribution	2	2	0	1	2	15	17	0	7	17	6	6	0	2	6	curated_body_region_path
Body_region	Body region	Vùng sinh dục-hậu môn	Vị trí chưa phân nhóm	Sinh dục		Sinh dục	Body region	Sinh dục	Anatomical_Distribution	Distribution	1	1	0	0	1	25	29	0	12	29	10	12	0	5	12	requires_manual_body_region_mapping
Body_region	Body region	Vùng sinh dục-hậu môn	Vị trí chưa phân nhóm	Sinh dục ngoài		Sinh dục ngoài	Body region	Sinh dục ngoài	Anatomical_Distribution	Distribution	1	1	0	0	1	0	0	0	0	0	0	0	0	0	0	requires_manual_body_region_mapping
Body_region	Body region	Đầu	Da đầu	Đường chân tóc		Sát chân tóc	Body region	Sát chân tóc	Anatomical_Distribution	Distribution	0	0	0	0	0	3	3	0	0	3	1	1	0	0	1	curated_body_region_path
Body_region	Body region	Chi chưa xác định	Móng	Vị trí móng chưa xác định	Sát móng	Sát móng	Body region	Sát móng	Anatomical_Distribution	Distribution	0	0	0	0	0	2	2	0	1	2	0	0	0	0	0	requires_manual_body_region_mapping
Body_region	Body region	Đầu	Da đầu	Đường chân tóc		Sát đường chân tóc	Body region	Sát đường chân tóc	Anatomical_Distribution	Distribution	0	0	0	0	0	1	1	0	0	1	0	0	0	0	0	curated_body_region_path
Body_region	Body region	Đầu	Mặt	Mũi	Sống mũi	Sống mũi	Body region	Sống mũi || sống mũi	Anatomical_Distribution	Distribution	1	1	0	0	1	20	23	0	9	23	6	7	0	4	7	curated_body_region_path
Body_region	Body region	Đầu	Tai			Tai	Body region	Tai	Anatomical_Distribution	Distribution	2	2	0	19	20	13	14	0	126	135	3	4	0	39	43	curated_body_region_path
Body_region	Body region	Chi trên	Vị trí chi trên chưa xác định	tay		tay	Body region	tay || Tay	Anatomical_Distribution	Distribution	3	3	2	1	5	6	7	20	1	27	1	1	7	0	8	requires_manual_body_region_mapping
Body_region	Body region	Da	Nếp gấp/kẽ	Theo kẽ ngón		Theo kẽ ngón	Body region	Theo kẽ ngón	Anatomical_Distribution	Distribution	0	0	0	0	0	1	1	0	1	1	0	0	0	0	0	curated_body_region_path
Body_region	Body region	Da	Nếp gấp/kẽ	Theo nếp gấp		Theo nếp gấp	Body region	Theo nếp gấp	Anatomical_Distribution	Distribution	0	0	0	0	0	2	2	0	0	2	0	0	0	0	0	curated_body_region_path
Body_region	Body region	Đầu	Mặt	Quanh miệng	Theo viền môi	Theo viền môi	Body region	Theo viền môi	Anatomical_Distribution	Distribution	0	0	0	0	0	1	1	0	0	1	0	0	0	0	0	curated_body_region_path
Body_region	Body region	Thân mình	Vị trí thân mình chưa phân nhóm	Thành ngực		Thành ngực	Body region	Thành ngực	Anatomical_Distribution	Distribution	0	0	0	0	0	1	1	0	0	1	1	1	0	0	1	requires_manual_body_region_mapping
Body_region	Body region	Thân mình	Vị trí thân mình chưa phân nhóm	Thành ngực bên		Thành ngực bên	Body region	Thành ngực bên	Anatomical_Distribution	Distribution	0	0	0	0	0	1	2	0	1	2	0	0	0	0	0	requires_manual_body_region_mapping
Body_region	Body region	Đầu	Da đầu	Thái dương		Thái dương	Body region	Thái dương	Anatomical_Distribution	Distribution	9	10	0	4	10	44	50	0	15	50	17	22	0	6	22	curated_body_region_path
Body_region	Body region	Thân mình	Vị trí thân mình chưa phân nhóm	Thân bên		Thân bên	Body region	Thân bên	Anatomical_Distribution	Distribution	0	0	0	0	0	1	1	0	0	1	0	0	0	0	0	requires_manual_body_region_mapping
Body_region	Body region	Vùng sinh dục-hậu môn	Dương vật	Thân dương vật		Thân dương vật	Body region	Thân dương vật	Anatomical_Distribution	Distribution	0	0	0	0	0	5	5	0	1	5	3	3	0	1	3	curated_body_region_path
Body_region	Body region	Thân mình	Thân dưới			Thân dưới	Body region	Thân dưới	Anatomical_Distribution	Distribution	0	0	0	0	0	2	2	0	2	2	1	1	0	1	1	curated_body_region_path
Body_region	Body region	Thân mình				Thân mình	Body region	Thân mình	Anatomical_Distribution	Distribution	43	46	9	61	100	335	380	77	453	790	102	123	22	147	258	curated_body_region_path
Body_region	Body region	Thân mình	Thân mình bên			Thân mình bên	Body region	Thân mình bên	Anatomical_Distribution	Distribution	0	0	0	0	0	2	2	0	1	2	2	2	0	1	2	curated_body_region_path
Body_region	Body region	Thân mình	thân mình sau			thân mình sau	Body region	thân mình sau	Anatomical_Distribution	Distribution	0	0	0	0	0	1	1	0	1	1	0	0	0	0	0	curated_body_region_path
Body_region	Body region	Thân mình	Thân mình trước			Thân mình trước	Body region	Thân mình trước	Anatomical_Distribution	Distribution	0	0	0	0	0	1	1	0	0	1	0	0	0	0	0	curated_body_region_path
Body_region	Body region	Thân mình	Thân trên			Thân trên	Body region	Thân trên	Anatomical_Distribution	Distribution	1	2	0	0	2	8	8	0	2	8	1	1	0	0	1	curated_body_region_path
Body_region	Body region	Thân mình	Ngực	Vùng thượng đòn		thượng đòn	Body region	thượng đòn	Anatomical_Distribution	Distribution	0	0	0	0	0	1	1	0	1	1	0	0	0	0	0	curated_body_region_path
Body_region	Body region	Thân mình	Vị trí thân mình chưa phân nhóm	Thắt lưng		Thắt lưng	Body region	Thắt lưng	Anatomical_Distribution	Distribution	0	0	0	0	0	1	1	0	0	1	0	0	0	0	0	requires_manual_body_region_mapping
Body_region	Body region	Thân mình	Vị trí thân mình chưa phân nhóm	Thắt lưng cùng		Thắt lưng cùng	Body region	Thắt lưng cùng	Anatomical_Distribution	Distribution	0	0	0	0	0	1	1	0	1	1	1	1	0	1	1	requires_manual_body_region_mapping
Body_region	Body region	Đầu	Mặt	Vị trí mặt chưa phân nhóm	Tiền đình mũi	Tiền đình mũi	Body region	Tiền đình mũi	Anatomical_Distribution	Distribution	0	0	0	0	0	1	1	0	1	1	1	1	0	1	1	requires_manual_body_region_mapping
Body_region	Body region	Vùng sinh dục-hậu môn	Vị trí chưa phân nhóm	Tiền đình âm hộ		Tiền đình âm hộ	Body region	Tiền đình âm hộ	Anatomical_Distribution	Distribution	1	1	0	0	1	0	0	0	0	0	0	0	0	0	0	requires_manual_body_region_mapping
Body_region	Body region	Vùng sinh dục-hậu môn	Âm đạo	Tiền đình âm đạo		Tiền đình âm đạo	Body region	Tiền đình âm đạo	Anatomical_Distribution	Distribution	0	0	0	0	0	0	1	0	0	1	0	0	0	0	0	curated_body_region_path
Body_region	Body region	Chi chưa xác định	Móng	Vị trí móng chưa xác định	Toàn bộ móng	Toàn bộ móng	Body region	Toàn bộ móng	Anatomical_Distribution	Distribution	0	0	0	0	0	0	1	0	0	1	0	1	0	0	1	requires_manual_body_region_mapping
Body_region	Body region	Thân mình	Vị trí thân mình chưa phân nhóm	Toàn lưng		Toàn lưng	Body region	Toàn lưng	Anatomical_Distribution	Distribution	0	0	0	0	0	1	1	0	1	1	1	1	0	1	1	requires_manual_body_region_mapping
Body_region	Body region	Đầu	Mặt	Trán		Trán	Body region	Trán	Anatomical_Distribution	Distribution	18	19	0	6	19	97	109	0	29	109	40	44	0	11	44	curated_body_region_path
Body_region	Body region	Đầu	Mặt	Vị trí mặt chưa phân nhóm	trán bên	trán bên	Body region	trán bên	Anatomical_Distribution	Distribution	0	1	0	0	1	0	0	0	0	0	0	0	0	0	0	requires_manual_body_region_mapping
Body_region	Body region	Đầu	Mặt	Vị trí mặt chưa phân nhóm	Trán thái dương	Trán thái dương	Body region	Trán thái dương	Anatomical_Distribution	Distribution	0	0	0	0	0	1	1	0	1	1	0	0	0	0	0	requires_manual_body_region_mapping
Body_region	Body region	Chi dưới	Vị trí chi dưới chưa phân nhóm	Trước cẳng chân		Trước cẳng chân	Body region	Trước cẳng chân	Anatomical_Distribution	Distribution	0	0	0	0	0	1	1	0	0	1	0	0	0	0	0	requires_manual_body_region_mapping
Body_region	Body region	Đầu	Tai	Trước tai		Trước tai	Body region	Trước tai	Anatomical_Distribution	Distribution	2	4	0	0	4	15	16	0	10	16	4	5	0	4	5	curated_body_region_path
Body_region	Body region	Vùng sinh dục-hậu môn	Tầng sinh môn			Tầng sinh môn	Body region	Tầng sinh môn	Anatomical_Distribution	Distribution	0	0	0	0	0	3	3	0	0	3	3	3	0	0	3	curated_body_region_path
Body_region	Body region	Chi trên	Vai			Vai	Body region	Vai	Anatomical_Distribution	Distribution	7	8	0	1	8	88	102	0	31	102	30	35	0	9	35	curated_body_region_path
Body_region	Body region	Chi trên	Vị trí chi trên chưa phân nhóm	Vai cổ		Vai cổ	Body region	Vai cổ	Anatomical_Distribution	Distribution	1	1	0	1	1	0	0	0	0	0	0	0	0	0	0	requires_manual_body_region_mapping
Body_region	Body region	Chi trên	Vị trí chi trên chưa phân nhóm	Vai gáy		Vai gáy	Body region	Vai gáy	Anatomical_Distribution	Distribution	0	0	0	0	0	1	1	0	0	1	0	0	0	0	0	requires_manual_body_region_mapping
Body_region	Body region	Đầu	Mặt	Vị trí mặt chưa phân nhóm	Viền hàm	Viền hàm	Body region	Viền hàm	Anatomical_Distribution	Distribution	1	1	0	0	1	1	1	0	0	1	1	1	0	0	1	requires_manual_body_region_mapping
Body_region	Body region	Đầu	Mặt	Quanh miệng	Viền môi	Viền môi	Body region	Viền môi || viền môi	Anatomical_Distribution	Distribution	0	0	0	0	0	1	2	0	0	2	1	1	0	0	1	curated_body_region_path
Body_region	Body region	Đầu	Mặt	Vị trí mặt chưa phân nhóm	Vành mũi	Vành mũi	Body region	Vành mũi	Anatomical_Distribution	Distribution	0	0	0	0	0	1	1	0	0	1	0	0	0	0	0	requires_manual_body_region_mapping
Body_region	Body region	Vùng sinh dục-hậu môn	Dương vật	Vành quy đầu		Vành quy đầu	Body region	Vành quy đầu	Anatomical_Distribution	Distribution	0	0	0	0	0	2	2	0	0	2	1	1	0	0	1	curated_body_region_path
Body_region	Body region	Đầu	Tai	Vành tai		Vành tai	Body region	Vành tai	Anatomical_Distribution	Distribution	0	0	0	0	0	19	24	0	8	24	6	7	0	1	7	curated_body_region_path
Body_region	Body region	Chi dưới	Bàn chân	Vòm bàn chân		Vòm bàn chân	Body region	Vòm bàn chân	Anatomical_Distribution	Distribution	1	1	0	0	1	3	3	0	2	3	2	2	0	1	2	curated_body_region_path
Body_region	Body region	Chi dưới	Vị trí chi dưới chưa phân nhóm	Vòm chân		Vòm chân	Body region	Vòm chân	Anatomical_Distribution	Distribution	0	0	0	0	0	1	1	0	0	1	0	0	0	0	0	requires_manual_body_region_mapping
Body_region	Body region	Chi dưới	Vị trí chi dưới chưa phân nhóm	Vòm gan chân		Vòm gan chân	Body region	Vòm gan chân	Anatomical_Distribution	Distribution	0	0	0	0	0	1	1	0	0	1	0	0	0	0	0	requires_manual_body_region_mapping
Body_region	Body region	Thân mình	Vị trí thân mình chưa phân nhóm	Vùng bụng dưới		Vùng bụng dưới	Body region	Vùng bụng dưới	Anatomical_Distribution	Distribution	0	0	0	0	0	2	3	0	0	3	0	0	0	0	0	requires_manual_body_region_mapping
Body_region	Body region	Đầu	Da đầu	Đường chân tóc		Vùng chân tóc	Body region	Vùng chân tóc	Anatomical_Distribution	Distribution	1	1	0	0	1	2	3	0	0	3	0	0	0	0	0	curated_body_region_path
Body_region	Body region	Thân mình	Vùng chậu	Vùng chậu		Vùng chậu	Body region	Vùng chậu	Anatomical_Distribution	Distribution	0	0	0	0	0	1	1	0	0	1	0	0	0	0	0	curated_body_region_path
Body_region	Body region	Chi trên	Vị trí chi trên chưa phân nhóm	Vùng cánh tay		Vùng cánh tay	Body region	Vùng cánh tay	Anatomical_Distribution	Distribution	0	0	0	0	0	1	1	0	1	1	1	1	0	1	1	requires_manual_body_region_mapping
Body_region	Body region	Đầu	Da đầu	Vùng da đầu có tóc		Vùng có tóc	Body region	Vùng có tóc	Anatomical_Distribution	Distribution	0	0	0	0	0	2	2	0	0	2	0	0	0	0	0	curated_body_region_path
Body_region	Body region	Thân mình	Vùng chậu	Vùng cùng cụt		Vùng cùng cụt	Body region	Vùng cùng cụt	Anatomical_Distribution	Distribution	0	0	0	0	0	1	1	0	1	1	1	1	0	1	1	curated_body_region_path
Body_region	Body region	Chi dưới	Vị trí chi dưới chưa phân nhóm	Vùng cẳng chân		Vùng cẳng chân	Body region	Vùng cẳng chân	Anatomical_Distribution	Distribution	0	0	0	0	0	1	1	0	0	1	1	1	0	0	1	requires_manual_body_region_mapping
Body_region	Body region	Cổ	Vị trí cổ chưa phân nhóm	Vùng cổ bên		Vùng cổ bên	Body region	Vùng cổ bên	Anatomical_Distribution	Distribution	0	0	0	0	0	2	2	0	0	2	0	0	0	0	0	requires_manual_body_region_mapping
Body_region	Body region	Chi dưới	Cổ chân	Vùng cổ chân		Vùng cổ chân	Body region	Vùng cổ chân	Anatomical_Distribution	Distribution	1	1	0	0	1	1	1	0	1	1	0	0	0	0	0	curated_body_region_path
Body_region	Body region	Cổ	Vị trí cổ chưa phân nhóm	Vùng cổ gáy		Vùng cổ gáy	Body region	Vùng cổ gáy	Anatomical_Distribution	Distribution	0	0	0	0	0	2	2	0	0	2	2	2	0	0	2	requires_manual_body_region_mapping
Body_region	Body region	Cổ	Vị trí cổ chưa phân nhóm	Vùng cổ ngực		Vùng cổ ngực	Body region	Vùng cổ ngực	Anatomical_Distribution	Distribution	0	0	0	0	0	3	3	0	3	3	0	0	0	0	0	requires_manual_body_region_mapping
Body_region	Body region	Cổ	Vị trí cổ chưa phân nhóm	Vùng cổ trước		Vùng cổ trước	Body region	Vùng cổ trước	Anatomical_Distribution	Distribution	0	0	0	0	0	1	1	0	0	1	1	1	0	0	1	requires_manual_body_region_mapping
Body_region	Body region	Đầu	Mặt	Vị trí mặt chưa phân nhóm	Vùng da mặt	Vùng da mặt	Body region	Vùng da mặt	Anatomical_Distribution	Distribution	1	1	0	1	1	2	2	0	0	2	0	0	0	0	0	requires_manual_body_region_mapping
Body_region	Body region	Đầu	Mặt	Vị trí mặt chưa phân nhóm	Vùng dưới mũi	Vùng dưới mũi	Body region	Vùng dưới mũi	Anatomical_Distribution	Distribution	0	0	0	0	0	1	1	0	0	1	1	1	0	0	1	requires_manual_body_region_mapping
Body_region	Body region	Đầu	Mặt	Vị trí mặt chưa phân nhóm	Vùng dưới mắt	Vùng dưới mắt	Body region	Vùng dưới mắt	Anatomical_Distribution	Distribution	0	0	0	0	0	1	2	0	0	2	1	2	0	0	2	requires_manual_body_region_mapping
Body_region	Body region	Thân mình	Vị trí thân mình chưa phân nhóm	Vùng dưới áo ngực		Vùng dưới áo ngực	Body region	Vùng dưới áo ngực	Anatomical_Distribution	Distribution	0	0	0	0	0	1	1	0	1	1	1	1	0	1	1	requires_manual_body_region_mapping
Body_region	Body region	Thân mình	Vị trí thân mình chưa phân nhóm	Vùng giữa ngực		Vùng giữa ngực	Body region	Vùng giữa ngực	Anatomical_Distribution	Distribution	0	0	0	0	0	1	1	0	0	1	0	0	0	0	0	requires_manual_body_region_mapping
Body_region	Body region	Cổ	Vị trí cổ chưa phân nhóm	Vùng gáy		Vùng gáy	Body region	Vùng gáy	Anatomical_Distribution	Distribution	0	0	0	0	0	1	1	0	0	1	1	1	0	0	1	requires_manual_body_region_mapping
Body_region	Body region	Chi dưới	Cổ chân	Gân gót		Vùng gân gót	Body region	Vùng gân gót	Anatomical_Distribution	Distribution	0	0	0	0	0	1	1	0	0	1	0	0	0	0	0	curated_body_region_path
Body_region	Body region	Đầu	Mặt	Vị trí mặt chưa phân nhóm	Vùng gò má	Vùng gò má	Body region	Vùng gò má	Anatomical_Distribution	Distribution	0	0	0	0	0	0	1	0	0	1	0	1	0	0	1	requires_manual_body_region_mapping
Body_region	Body region	Chi dưới	Bàn chân	Gót chân		Vùng gót	Body region	Vùng gót	Anatomical_Distribution	Distribution	0	0	0	0	0	0	1	0	0	1	0	0	0	0	0	curated_body_region_path
Body_region	Body region	Chi dưới	Bàn chân	Gót chân		Vùng gót chân	Body region	Vùng gót chân	Anatomical_Distribution	Distribution	1	1	0	0	1	1	1	0	1	1	0	0	0	0	0	curated_body_region_path
Body_region	Body region	Chi dưới	Gối	Vùng gối		Vùng gối	Body region	Vùng gối	Anatomical_Distribution	Distribution	0	0	0	0	0	1	1	0	0	1	0	0	0	0	0	curated_body_region_path
Body_region	Body region	Đầu	Mặt	Vị trí mặt chưa phân nhóm	Vùng hàm	Vùng hàm	Body region	Vùng hàm	Anatomical_Distribution	Distribution	0	0	0	0	0	1	1	0	1	1	0	0	0	0	0	requires_manual_body_region_mapping
Body_region	Body region	Thân mình	Vị trí thân mình chưa phân nhóm	Vùng hông		Vùng hông	Body region	Vùng hông	Anatomical_Distribution	Distribution	1	1	0	0	1	2	2	0	0	2	0	0	0	0	0	requires_manual_body_region_mapping
Body_region	Body region	Vùng sinh dục-hậu môn	Hậu môn	Vùng hậu môn		Vùng hậu môn	Body region	Vùng hậu môn	Anatomical_Distribution	Distribution	0	0	0	0	0	2	2	0	2	2	1	1	0	1	1	curated_body_region_path
Body_region	Body region	Chưa phân nhánh giải phẫu	Vùng khoeo			Vùng khoeo	Body region	Vùng khoeo	Anatomical_Distribution	Distribution	0	0	0	0	0	1	1	0	0	1	0	0	0	0	0	requires_manual_body_region_mapping
Body_region	Body region	Chi trên	Vị trí chi trên chưa phân nhóm	Vùng khuỷu tay		Vùng khuỷu tay	Body region	Vùng khuỷu tay	Anatomical_Distribution	Distribution	1	1	0	0	1	2	2	0	1	2	1	1	0	1	1	requires_manual_body_region_mapping
Body_region	Body region	Đầu	Mặt	Vị trí mặt chưa phân nhóm	Vùng lông mày	Vùng lông mày	Body region	Vùng lông mày	Anatomical_Distribution	Distribution	0	0	0	0	0	1	1	0	1	1	0	0	0	0	0	requires_manual_body_region_mapping
Body_region	Body region	Thân mình	Vị trí thân mình chưa phân nhóm	Vùng lưng		Vùng lưng	Body region	Vùng lưng	Anatomical_Distribution	Distribution	0	0	0	0	0	2	2	0	1	2	1	1	0	1	1	requires_manual_body_region_mapping
Body_region	Body region	Thân mình	Vị trí thân mình chưa phân nhóm	Vùng lưng dưới		Vùng lưng dưới	Body region	Vùng lưng dưới	Anatomical_Distribution	Distribution	0	0	0	0	0	2	2	0	1	2	1	1	0	1	1	requires_manual_body_region_mapping
Body_region	Body region	Thân mình	Vị trí thân mình chưa phân nhóm	Vùng lưng trên		Vùng lưng trên	Body region	Vùng lưng trên	Anatomical_Distribution	Distribution	0	0	0	0	0	1	1	0	1	1	1	1	0	1	1	requires_manual_body_region_mapping
Body_region	Body region	Đầu	Mặt	Vị trí mặt chưa phân nhóm	Vùng má hàm	Vùng má hàm	Body region	Vùng má hàm	Anatomical_Distribution	Distribution	0	0	0	0	0	1	1	0	0	1	0	0	0	0	0	requires_manual_body_region_mapping
Body_region	Body region	Chi trên	Bàn tay	Mô cái		Vùng mô cái	Body region	Vùng mô cái	Anatomical_Distribution	Distribution	0	0	0	0	0	1	1	0	1	1	0	0	0	0	0	curated_body_region_path
Body_region	Body region	Chi dưới	Vị trí chi dưới chưa phân nhóm	Vùng mông		Vùng mông	Body region	Vùng mông	Anatomical_Distribution	Distribution	0	0	0	0	0	6	8	0	2	8	3	3	0	2	3	requires_manual_body_region_mapping
Body_region	Body region	Đầu	Mặt	Vị trí mặt chưa phân nhóm	Vùng mũi	Vùng mũi	Body region	Vùng mũi	Anatomical_Distribution	Distribution	0	0	0	0	0	2	2	0	0	2	2	2	0	0	2	requires_manual_body_region_mapping
Body_region	Body region	Thân mình	Vị trí thân mình chưa phân nhóm	Vùng ngực trên		Vùng ngực trên	Body region	Vùng ngực trên	Anatomical_Distribution	Distribution	0	0	0	0	0	2	3	0	1	3	0	0	0	0	0	requires_manual_body_region_mapping
Body_region	Body region	Niêm mạc	Vị trí niêm mạc chưa xác định	Vùng niêm mạc		Vùng niêm mạc	Body region	Vùng niêm mạc	Anatomical_Distribution	Distribution	0	0	0	0	0	1	1	0	1	1	0	0	0	0	0	requires_manual_body_region_mapping
Body_region	Body region	Da	Nếp gấp/kẽ	Vùng nếp bẹn		Vùng nếp bẹn	Body region	Vùng nếp bẹn	Anatomical_Distribution	Distribution	0	0	0	0	0	1	1	0	1	1	1	1	0	1	1	curated_body_region_path
Body_region	Body region	Đầu	Mặt	Vị trí mặt chưa phân nhóm	Vùng quanh lông mày	Vùng quanh lông mày	Body region	Vùng quanh lông mày	Anatomical_Distribution	Distribution	0	0	0	0	0	1	1	0	1	1	0	0	0	0	0	requires_manual_body_region_mapping
Body_region	Body region	Đầu	Mặt	Vị trí mặt chưa phân nhóm	vùng quanh tai	vùng quanh tai	Body region	vùng quanh tai	Anatomical_Distribution	Distribution	0	1	0	0	1	0	0	0	0	0	0	0	0	0	0	requires_manual_body_region_mapping
Body_region	Body region	Đầu	Mặt	Vùng râu		Vùng ria mép	Body region	Vùng ria mép	Anatomical_Distribution	Distribution	0	0	0	0	0	4	4	0	1	4	2	2	0	0	2	curated_body_region_path
Body_region	Body region	Đầu	Mặt	Vùng râu		Vùng râu	Body region	Vùng râu || vùng râu	Anatomical_Distribution	Distribution	3	4	0	0	4	10	10	0	3	10	4	4	0	2	4	curated_body_region_path
Body_region	Body region	Đầu	Mặt	Vị trí mặt chưa phân nhóm	Vùng râu cằm	Vùng râu cằm	Body region	Vùng râu cằm	Anatomical_Distribution	Distribution	0	0	0	0	0	1	1	0	0	1	0	0	0	0	0	requires_manual_body_region_mapping
Body_region	Body region	Đầu	Mặt	Vị trí mặt chưa phân nhóm	Vùng tai	Vùng tai	Body region	Vùng tai	Anatomical_Distribution	Distribution	1	1	0	0	1	0	0	0	0	0	0	0	0	0	0	requires_manual_body_region_mapping
Body_region	Body region	Thân mình	Vị trí thân mình chưa phân nhóm	Vùng thắt lưng		Vùng thắt lưng	Body region	Vùng thắt lưng	Anatomical_Distribution	Distribution	0	0	0	0	0	2	3	0	0	3	1	1	0	0	1	requires_manual_body_region_mapping
Body_region	Body region	Đầu	Mặt	Vị trí mặt chưa phân nhóm	Vùng trán bên	Vùng trán bên	Body region	Vùng trán bên	Anatomical_Distribution	Distribution	0	0	0	0	0	1	1	0	0	1	0	0	0	0	0	requires_manual_body_region_mapping
Body_region	Body region	Đầu	Mặt	Vị trí mặt chưa phân nhóm	Vùng trán thái dương	Vùng trán thái dương	Body region	Vùng trán thái dương	Anatomical_Distribution	Distribution	0	0	0	0	0	1	1	0	0	1	1	1	0	0	1	requires_manual_body_region_mapping
Body_region	Body region	Thân mình	Vùng tã			Vùng tã	Body region	Vùng tã	Anatomical_Distribution	Distribution	2	2	0	1	2	3	4	0	3	4	0	0	0	0	0	curated_body_region_path
Body_region	Body region	Chi dưới	Vị trí chi dưới chưa phân nhóm	Vùng đùi		Vùng đùi	Body region	Vùng đùi	Anatomical_Distribution	Distribution	0	0	0	0	0	2	4	0	0	4	1	2	0	0	2	requires_manual_body_region_mapping
Body_region	Body region	Chi dưới	Vị trí chi dưới chưa phân nhóm	Vùng đầu gối		Vùng đầu gối	Body region	Vùng đầu gối	Anatomical_Distribution	Distribution	0	0	0	0	0	1	1	0	1	1	1	1	0	1	1	requires_manual_body_region_mapping
Body_region	Body region	Thân mình	Ngực	Vú		vú	Body region	vú	Anatomical_Distribution	Distribution	0	0	0	0	0	1	1	0	1	1	1	1	0	1	1	curated_body_region_path
Body_region	Body region	Thân mình	Ngực	Xương ức		Xương ức	Body region	Xương ức	Anatomical_Distribution	Distribution	0	0	0	0	0	1	1	0	1	1	0	0	0	0	0	curated_body_region_path
Body_region	Body region	Vùng sinh dục-hậu môn	Âm hộ			Âm hộ	Body region	Âm hộ	Anatomical_Distribution	Distribution	4	4	0	2	4	13	14	0	3	14	4	5	0	1	5	curated_body_region_path
Body_region	Body region	Đầu	Mặt	Vị trí mặt chưa phân nhóm	Đuôi mắt	Đuôi mắt	Body region	Đuôi mắt	Anatomical_Distribution	Distribution	0	0	0	0	0	1	1	0	0	1	0	0	0	0	0	requires_manual_body_region_mapping
Body_region	Body region	Chi dưới	Đùi			Đùi	Body region	Đùi || đùi	Anatomical_Distribution	Distribution	4	5	0	1	5	41	49	0	14	49	13	16	0	4	16	curated_body_region_path
Body_region	Body region	Chi dưới	Vị trí chi dưới chưa phân nhóm	Đùi háng		Đùi háng	Body region	Đùi háng	Anatomical_Distribution	Distribution	0	0	0	0	0	1	1	0	1	1	0	0	0	0	0	requires_manual_body_region_mapping
Body_region	Body region	Chi dưới	Vị trí chi dưới chưa phân nhóm	Đùi trong		Đùi trong	Body region	Đùi trong	Anatomical_Distribution	Distribution	0	0	0	0	0	2	2	0	1	2	1	1	0	1	1	requires_manual_body_region_mapping
Body_region	Body region	Chi dưới	Vị trí chi dưới chưa phân nhóm	Đùi trên		Đùi trên	Body region	Đùi trên	Anatomical_Distribution	Distribution	1	1	0	0	1	2	2	0	2	2	0	0	0	0	0	requires_manual_body_region_mapping
Body_region	Body region	Chi dưới	Vị trí chi dưới chưa phân nhóm	Đùi trước		Đùi trước	Body region	Đùi trước	Anatomical_Distribution	Distribution	1	1	0	1	1	0	0	0	0	0	0	0	0	0	0	requires_manual_body_region_mapping
Body_region	Body region	Đầu	Da đầu	Đường chân tóc		đường chân tóc	Body region	đường chân tóc || Đường chân tóc	Anatomical_Distribution	Distribution	4	4	0	3	4	19	22	0	3	22	11	11	0	2	11	curated_body_region_path
Body_region	Body region	Đầu	Mặt	Đường hàm		Đường hàm	Body region	Đường hàm	Anatomical_Distribution	Distribution	0	0	0	0	0	3	3	0	2	3	1	1	0	1	1	curated_body_region_path
Body_region	Body region	Đầu	Da đầu	Đường rẽ tóc		đường rẽ tóc	Body region	đường rẽ tóc	Anatomical_Distribution	Distribution	0	0	0	0	0	1	1	0	0	1	0	0	0	0	0	curated_body_region_path
Body_region	Body region	Đầu	Mặt	Quanh miệng	Đường viền môi	Đường viền môi	Body region	Đường viền môi	Anatomical_Distribution	Distribution	0	0	0	0	0	1	1	0	1	1	1	1	0	1	1	curated_body_region_path
Body_region	Body region	Đầu				Đầu	Body region	Đầu	Anatomical_Distribution	Distribution	1	1	0	0	1	2	2	0	1	2	1	1	0	1	1	curated_body_region_path
Body_region	Body region	Chi dưới	Vị trí chi dưới chưa phân nhóm	Đầu gối		Đầu gối	Body region	Đầu gối	Anatomical_Distribution	Distribution	0	0	0	0	0	1	1	0	0	1	0	0	0	0	0	requires_manual_body_region_mapping
Body_region	Body region	Chi chưa xác định	Móng	Vị trí móng chưa xác định	Đầu móng	Đầu móng	Body region	Đầu móng	Anatomical_Distribution	Distribution	0	0	0	0	0	5	5	0	0	5	2	2	0	0	2	requires_manual_body_region_mapping
Body_region	Body region	Đầu	Mặt	Mũi	Đầu mũi	Đầu mũi	Body region	Đầu mũi	Anatomical_Distribution	Distribution	1	1	0	0	1	6	6	0	0	6	1	1	0	0	1	curated_body_region_path
Body_region	Body region	Chi	Ngón chưa xác định chi	Đầu ngón		Đầu ngón	Body region	Đầu ngón || đầu ngón	Anatomical_Distribution	Distribution	1	1	0	1	1	14	18	0	3	18	4	6	0	0	6	requires_manual_body_region_mapping
Body_region	Body region	Chi dưới	Bàn chân	Ngón chân	Đầu ngón chân	Đầu ngón chân	Body region	Đầu ngón chân || đầu ngón chân	Anatomical_Distribution	Distribution	2	2	0	0	2	10	13	0	3	13	2	4	0	1	4	curated_body_region_path
Body_region	Body region	Chi trên	Bàn tay	Ngón tay	Đầu ngón tay	Đầu ngón tay	Body region	Đầu ngón tay	Anatomical_Distribution	Distribution	3	3	0	0	3	28	29	0	8	29	9	9	0	2	9	curated_body_region_path
Body_region	Body region	Chi chưa xác định	Móng	Vị trí móng chưa xác định	Đầu xa móng	Đầu xa móng	Body region	Đầu xa móng	Anatomical_Distribution	Distribution	1	1	0	0	1	1	3	0	0	3	0	1	0	0	1	requires_manual_body_region_mapping
Body_region	Body region	Đầu	Da đầu	Đỉnh đầu		Đỉnh đầu	Body region	Đỉnh đầu	Anatomical_Distribution	Distribution	1	2	0	0	2	21	23	0	9	23	7	7	0	3	7	curated_body_region_path
Body_region	Body region	Chi chưa xác định	Ngón chưa xác định chi	Đốt ngón		Đốt ngón	Body region	Đốt ngón	Anatomical_Distribution	Distribution	0	0	0	0	0	1	1	0	0	1	0	0	0	0	0	requires_manual_body_region_mapping
Body_region	Body region	Chi trên	Vị trí chi trên chưa phân nhóm	Đốt ngón tay		Đốt ngón tay	Body region	Đốt ngón tay	Anatomical_Distribution	Distribution	0	0	0	0	0	1	1	0	0	1	0	0	0	0	0	requires_manual_body_region_mapping
Diagnosis_answer_list	Diagnosis	Disease	Acanthoma fissuratum			Acanthoma fissuratum	Diagnosis	Acanthoma fissuratum	Diagnosis	Primary_Diagnosis	0	0	0	0	0	1	1	0	0	1	1	1	0	0	1	observed_term_no_disease_translation
Diagnosis_answer_list	Diagnosis	Disease	Acanthosis palmaris			Acanthosis palmaris	Diagnosis	Acanthosis palmaris	Diagnosis	Primary_Diagnosis	0	0	0	0	0	1	1	0	0	1	1	1	0	0	1	observed_term_no_disease_translation
Diagnosis_answer_list	Diagnosis	Disease	Acne vulgaris			Acne vulgaris	Diagnosis	Acne vulgaris	Diagnosis	Primary_Diagnosis	7	7	0	0	7	86	86	0	0	86	24	24	0	0	24	observed_term_no_disease_translation
Diagnosis_answer_list	Diagnosis	Disease	Acquired dermal macular hyperpigmentation			Acquired dermal macular hyperpigmentation	Diagnosis	Acquired dermal macular hyperpigmentation	Diagnosis	Primary_Diagnosis	1	1	0	0	1	11	11	0	0	11	7	7	0	0	7	observed_term_no_disease_translation
Diagnosis_answer_list	Diagnosis	Disease	Acquired lymphangiectasia			Acquired lymphangiectasia	Diagnosis	Acquired lymphangiectasia	Diagnosis	Primary_Diagnosis	0	0	0	0	0	1	1	0	0	1	1	1	0	0	1	observed_term_no_disease_translation
Diagnosis_answer_list	Diagnosis	Disease	Acrodermatitis continua of Hallopeau			Acrodermatitis continua of Hallopeau	Diagnosis	Acrodermatitis continua of Hallopeau	Diagnosis	Primary_Diagnosis	0	0	0	0	0	3	3	0	0	3	0	0	0	0	0	observed_term_no_disease_translation
Diagnosis_answer_list	Diagnosis	Disease	Acrodermatitis enteropathica			Acrodermatitis enteropathica	Diagnosis	Acrodermatitis enteropathica	Diagnosis	Primary_Diagnosis	0	0	0	0	0	4	4	0	0	4	0	0	0	0	0	observed_term_no_disease_translation
Diagnosis_answer_list	Diagnosis	Disease	Acrokeratosis verruciformis of Hopf			Acrokeratosis verruciformis of Hopf	Diagnosis	Acrokeratosis verruciformis of Hopf	Diagnosis	Primary_Diagnosis	0	0	0	0	0	3	3	0	0	3	1	1	0	0	1	observed_term_no_disease_translation
Diagnosis_answer_list	Diagnosis	Disease	Acropustulosis of infancy			Acropustulosis of infancy	Diagnosis	Acropustulosis of infancy	Diagnosis	Primary_Diagnosis	0	0	0	0	0	2	2	0	0	2	1	1	0	0	1	observed_term_no_disease_translation
Diagnosis_answer_list	Diagnosis	Disease	Actinic cheilitis			Actinic cheilitis	Diagnosis	Actinic cheilitis	Diagnosis	Primary_Diagnosis	1	1	0	0	1	1	1	0	0	1	1	1	0	0	1	observed_term_no_disease_translation
Diagnosis_answer_list	Diagnosis	Disease	Actinic keratosis			Actinic keratosis	Diagnosis	Actinic keratosis	Diagnosis	Primary_Diagnosis	6	6	0	0	6	62	62	0	0	62	22	22	0	0	22	observed_term_no_disease_translation
Diagnosis_answer_list	Diagnosis	Disease	Acute febrile neutrophilic dermatosis (Sweet syndrome)			Acute febrile neutrophilic dermatosis (Sweet syndrome)	Diagnosis	Acute febrile neutrophilic dermatosis (Sweet syndrome)	Diagnosis	Primary_Diagnosis	0	0	0	0	0	7	7	0	0	7	4	4	0	0	4	observed_term_no_disease_translation
Diagnosis_answer_list	Diagnosis	Disease	Acute generalised exanthematous pustulosis			Acute generalised exanthematous pustulosis	Diagnosis	Acute generalised exanthematous pustulosis	Diagnosis	Primary_Diagnosis	2	2	0	0	2	4	4	0	0	4	2	2	0	0	2	observed_term_no_disease_translation
Diagnosis_answer_list	Diagnosis	Disease	Acute hepatic porphyrias			Acute hepatic porphyrias	Diagnosis	Acute hepatic porphyrias	Diagnosis	Primary_Diagnosis	0	0	0	0	0	1	1	0	0	1	1	1	0	0	1	observed_term_no_disease_translation
Diagnosis_answer_list	Diagnosis	Disease	Aeromonas skin infection			Aeromonas skin infection	Diagnosis	Aeromonas skin infection	Diagnosis	Primary_Diagnosis	0	0	0	0	0	2	2	0	0	2	1	1	0	0	1	observed_term_no_disease_translation
Diagnosis_answer_list	Diagnosis	Disease	Alopecia areata			Alopecia areata	Diagnosis	Alopecia areata	Diagnosis	Primary_Diagnosis	2	2	0	0	2	21	21	0	0	21	9	9	0	0	9	observed_term_no_disease_translation
Diagnosis_answer_list	Diagnosis	Disease	Alopecia from drugs			Alopecia from drugs	Diagnosis	Alopecia from drugs	Diagnosis	Primary_Diagnosis	0	0	0	0	0	1	1	0	0	1	1	1	0	0	1	observed_term_no_disease_translation
Diagnosis_answer_list	Diagnosis	Disease	Amelanotic melanoma			Amelanotic melanoma	Diagnosis	Amelanotic melanoma	Diagnosis	Primary_Diagnosis	4	4	0	0	4	12	12	0	0	12	6	6	0	0	6	observed_term_no_disease_translation
Diagnosis_answer_list	Diagnosis	Disease	Amputation stump dermatoses			Amputation stump dermatoses	Diagnosis	Amputation stump dermatoses	Diagnosis	Primary_Diagnosis	1	1	0	0	1	6	6	0	0	6	2	2	0	0	2	observed_term_no_disease_translation
Diagnosis_answer_list	Diagnosis	Disease	Amyloidosis cutis dyschromica			Amyloidosis cutis dyschromica	Diagnosis	Amyloidosis cutis dyschromica	Diagnosis	Primary_Diagnosis	0	0	0	0	0	1	1	0	0	1	0	0	0	0	0	observed_term_no_disease_translation
Diagnosis_answer_list	Diagnosis	Disease	Anagen effluvium			Anagen effluvium	Diagnosis	Anagen effluvium	Diagnosis	Primary_Diagnosis	0	0	0	0	0	4	4	0	0	4	1	1	0	0	1	observed_term_no_disease_translation
Diagnosis_answer_list	Diagnosis	Disease	Anal cancer and anal canal cancer			Anal cancer and anal canal cancer	Diagnosis	Anal cancer and anal canal cancer	Diagnosis	Primary_Diagnosis	0	0	0	0	0	2	2	0	0	2	1	1	0	0	1	observed_term_no_disease_translation
Diagnosis_answer_list	Diagnosis	Disease	Anetoderma			Anetoderma	Diagnosis	Anetoderma	Diagnosis	Primary_Diagnosis	1	1	0	0	1	0	0	0	0	0	0	0	0	0	0	observed_term_no_disease_translation
Diagnosis_answer_list	Diagnosis	Disease	Angiofibroma			Angiofibroma	Diagnosis	Angiofibroma	Diagnosis	Primary_Diagnosis	1	1	0	0	1	14	14	0	0	14	3	3	0	0	3	observed_term_no_disease_translation
Diagnosis_answer_list	Diagnosis	Disease	Angioma serpiginosum			Angioma serpiginosum	Diagnosis	Angioma serpiginosum	Diagnosis	Primary_Diagnosis	0	0	0	0	0	2	2	0	0	2	1	1	0	0	1	observed_term_no_disease_translation
Diagnosis_answer_list	Diagnosis	Disease	Angular cheilitis			Angular cheilitis	Diagnosis	Angular cheilitis	Diagnosis	Primary_Diagnosis	1	1	0	0	1	14	14	0	0	14	3	3	0	0	3	observed_term_no_disease_translation
Diagnosis_answer_list	Diagnosis	Disease	Anogenital wart			Anogenital wart	Diagnosis	Anogenital wart	Diagnosis	Primary_Diagnosis	0	0	0	0	0	7	7	0	0	7	3	3	0	0	3	observed_term_no_disease_translation
Diagnosis_answer_list	Diagnosis	Disease	Anthrax			Anthrax	Diagnosis	Anthrax	Diagnosis	Primary_Diagnosis	0	0	0	0	0	2	2	0	0	2	1	1	0	0	1	observed_term_no_disease_translation
Diagnosis_answer_list	Diagnosis	Disease	Antisynthetase syndrome			Antisynthetase syndrome	Diagnosis	Antisynthetase syndrome	Diagnosis	Primary_Diagnosis	0	0	0	0	0	2	2	0	0	2	1	1	0	0	1	observed_term_no_disease_translation
Diagnosis_answer_list	Diagnosis	Disease	Aphthous ulcer			Aphthous ulcer	Diagnosis	Aphthous ulcer	Diagnosis	Primary_Diagnosis	0	0	0	0	0	2	2	0	0	2	2	2	0	0	2	observed_term_no_disease_translation
Diagnosis_answer_list	Diagnosis	Disease	Apocrine chromhidrosis			Apocrine chromhidrosis	Diagnosis	Apocrine chromhidrosis	Diagnosis	Primary_Diagnosis	1	1	0	0	1	0	0	0	0	0	0	0	0	0	0	observed_term_no_disease_translation
Diagnosis_answer_list	Diagnosis	Disease	Arthropod bites and stings			Arthropod bites and stings	Diagnosis	Arthropod bites and stings	Diagnosis	Primary_Diagnosis	0	0	0	0	0	2	2	0	0	2	1	1	0	0	1	observed_term_no_disease_translation
Diagnosis_answer_list	Diagnosis	Disease	Aspergillosis			Aspergillosis	Diagnosis	Aspergillosis	Diagnosis	Primary_Diagnosis	1	1	0	0	1	1	1	0	0	1	1	1	0	0	1	observed_term_no_disease_translation
Diagnosis_answer_list	Diagnosis	Disease	Asteatotic eczema			Asteatotic eczema	Diagnosis	Asteatotic eczema	Diagnosis	Primary_Diagnosis	0	0	0	0	0	2	2	0	0	2	1	1	0	0	1	observed_term_no_disease_translation
Diagnosis_answer_list	Diagnosis	Disease	Atrophoderma of Pasini and Pierini			Atrophoderma of Pasini and Pierini	Diagnosis	Atrophoderma of Pasini and Pierini	Diagnosis	Primary_Diagnosis	0	0	0	0	0	2	2	0	0	2	2	2	0	0	2	observed_term_no_disease_translation
Diagnosis_answer_list	Diagnosis	Disease	Atypical fibroxanthoma			Atypical fibroxanthoma	Diagnosis	Atypical fibroxanthoma	Diagnosis	Primary_Diagnosis	0	0	0	0	0	1	1	0	0	1	1	1	0	0	1	observed_term_no_disease_translation
Diagnosis_answer_list	Diagnosis	Disease	Atypical solar lentigo			Atypical solar lentigo	Diagnosis	Atypical solar lentigo	Diagnosis	Primary_Diagnosis	0	0	0	0	0	1	1	0	0	1	1	1	0	0	1	observed_term_no_disease_translation
Diagnosis_answer_list	Diagnosis	Disease	Bacterial folliculitis			Bacterial folliculitis	Diagnosis	Bacterial folliculitis	Diagnosis	Primary_Diagnosis	0	0	0	0	0	1	1	0	0	1	1	1	0	0	1	observed_term_no_disease_translation
Diagnosis_answer_list	Diagnosis	Disease	Ban xuất huyết (purpura)			Ban xuất huyết (purpura)	Diagnosis	Ban xuất huyết (purpura)	Diagnosis	Primary_Diagnosis	2	2	0	0	2	36	36	0	0	36	13	13	0	0	13	observed_term_no_disease_translation
Diagnosis_answer_list	Diagnosis	Disease	Bazin_s hydroa vacciniforme			Bazin_s hydroa vacciniforme	Diagnosis	Bazin_s hydroa vacciniforme	Diagnosis	Primary_Diagnosis	0	0	0	0	0	1	1	0	0	1	0	0	0	0	0	observed_term_no_disease_translation
Diagnosis_answer_list	Diagnosis	Disease	Benign hereditary telangiectasia			Benign hereditary telangiectasia	Diagnosis	Benign hereditary telangiectasia	Diagnosis	Primary_Diagnosis	0	0	0	0	0	3	3	0	0	3	1	1	0	0	1	observed_term_no_disease_translation
Diagnosis_answer_list	Diagnosis	Disease	Blue nevus			Blue nevus	Diagnosis	Blue nevus	Diagnosis	Primary_Diagnosis	2	2	0	0	2	10	10	0	0	10	1	1	0	0	1	observed_term_no_disease_translation
Diagnosis_answer_list	Diagnosis	Disease	Bệnh mô bào lưới (reticulohistiocytosis)			Bệnh mô bào lưới (reticulohistiocytosis)	Diagnosis	Bệnh mô bào lưới (reticulohistiocytosis)	Diagnosis	Primary_Diagnosis	0	0	0	0	0	2	2	0	0	2	1	1	0	0	1	observed_term_no_disease_translation
Diagnosis_answer_list	Diagnosis	Disease	Bệnh Still khởi phát ở người lớn			Bệnh Still khởi phát ở người lớn	Diagnosis	Bệnh Still khởi phát ở người lớn	Diagnosis	Primary_Diagnosis	0	0	0	0	0	2	2	0	0	2	0	0	0	0	0	observed_term_no_disease_translation
Diagnosis_answer_list	Diagnosis	Disease	Calcinosis cutis			Calcinosis cutis	Diagnosis	Calcinosis cutis	Diagnosis	Primary_Diagnosis	2	2	0	0	2	6	6	0	0	6	2	2	0	0	2	observed_term_no_disease_translation
Diagnosis_answer_list	Diagnosis	Disease	Calciphylaxis			Calciphylaxis	Diagnosis	Calciphylaxis	Diagnosis	Primary_Diagnosis	0	0	0	0	0	8	8	0	0	8	2	2	0	0	2	observed_term_no_disease_translation
Diagnosis_answer_list	Diagnosis	Disease	Capillary vascular malformation			Capillary vascular malformation	Diagnosis	Capillary vascular malformation	Diagnosis	Primary_Diagnosis	1	1	0	0	1	4	4	0	0	4	1	1	0	0	1	observed_term_no_disease_translation
Diagnosis_answer_list	Diagnosis	Disease	Carotenoderma			Carotenoderma	Diagnosis	Carotenoderma	Diagnosis	Primary_Diagnosis	0	0	0	0	0	1	1	0	0	1	0	0	0	0	0	observed_term_no_disease_translation
Diagnosis_answer_list	Diagnosis	Disease	Cellulitis			Cellulitis	Diagnosis	Cellulitis	Diagnosis	Primary_Diagnosis	1	1	0	0	1	9	9	0	0	9	1	1	0	0	1	observed_term_no_disease_translation
Diagnosis_answer_list	Diagnosis	Disease	Chilblains			Chilblains	Diagnosis	Chilblains	Diagnosis	Primary_Diagnosis	0	0	0	0	0	1	1	0	0	1	0	0	0	0	0	observed_term_no_disease_translation
Diagnosis_answer_list	Diagnosis	Disease	Chloracne _ MADISH			Chloracne _ MADISH	Diagnosis	Chloracne _ MADISH	Diagnosis	Primary_Diagnosis	0	0	0	0	0	2	2	0	0	2	2	2	0	0	2	observed_term_no_disease_translation
Diagnosis_answer_list	Diagnosis	Disease	Chàm tổ đỉa (pompholyx)			Chàm tổ đỉa (pompholyx)	Diagnosis	Chàm tổ đỉa (pompholyx)	Diagnosis	Primary_Diagnosis	2	2	0	0	2	8	8	0	0	8	3	3	0	0	3	observed_term_no_disease_translation
Diagnosis_answer_list	Diagnosis	Disease	Cold urticaria			Cold urticaria	Diagnosis	Cold urticaria	Diagnosis	Primary_Diagnosis	1	1	0	0	1	3	3	0	0	3	1	1	0	0	1	observed_term_no_disease_translation
Diagnosis_answer_list	Diagnosis	Disease	Colloid milium			Colloid milium	Diagnosis	Colloid milium	Diagnosis	Primary_Diagnosis	0	0	0	0	0	2	2	0	0	2	1	1	0	0	1	observed_term_no_disease_translation
Diagnosis_answer_list	Diagnosis	Disease	Congenital melanocytic naevus			Congenital melanocytic naevus	Diagnosis	Congenital melanocytic naevus	Diagnosis	Primary_Diagnosis	1	1	0	0	1	6	6	0	0	6	3	3	0	0	3	observed_term_no_disease_translation
Diagnosis_answer_list	Diagnosis	Disease	Cryoglobulinaemia			Cryoglobulinaemia	Diagnosis	Cryoglobulinaemia	Diagnosis	Primary_Diagnosis	0	0	0	0	0	4	4	0	0	4	0	0	0	0	0	observed_term_no_disease_translation
Diagnosis_answer_list	Diagnosis	Disease	Cutaneous amyloidosis			Cutaneous amyloidosis	Diagnosis	Cutaneous amyloidosis	Diagnosis	Primary_Diagnosis	1	1	0	0	1	11	11	0	0	11	2	2	0	0	2	observed_term_no_disease_translation
Diagnosis_answer_list	Diagnosis	Disease	Cutaneous horn			Cutaneous horn	Diagnosis	Cutaneous horn	Diagnosis	Primary_Diagnosis	0	0	0	0	0	6	6	0	0	6	1	1	0	0	1	observed_term_no_disease_translation
Diagnosis_answer_list	Diagnosis	Disease	Cutaneous larva migrans			Cutaneous larva migrans	Diagnosis	Cutaneous larva migrans	Diagnosis	Primary_Diagnosis	0	0	0	0	0	2	2	0	0	2	1	1	0	0	1	observed_term_no_disease_translation
Diagnosis_answer_list	Diagnosis	Disease	Cutaneous lupus erythematosus			Cutaneous lupus erythematosus	Diagnosis	Cutaneous lupus erythematosus	Diagnosis	Primary_Diagnosis	3	3	0	0	3	40	40	0	0	40	10	10	0	0	10	observed_term_no_disease_translation
Diagnosis_answer_list	Diagnosis	Disease	Cutaneous tuberculosis			Cutaneous tuberculosis	Diagnosis	Cutaneous tuberculosis	Diagnosis	Primary_Diagnosis	0	0	0	0	0	11	11	0	0	11	3	3	0	0	3	observed_term_no_disease_translation
Diagnosis_answer_list	Diagnosis	Disease	Cutaneous vasculitis			Cutaneous vasculitis	Diagnosis	Cutaneous vasculitis	Diagnosis	Primary_Diagnosis	0	0	0	0	0	1	1	0	0	1	1	1	0	0	1	observed_term_no_disease_translation
Diagnosis_answer_list	Diagnosis	Disease	Cutis marmorata telangiectatica congenita			Cutis marmorata telangiectatica congenita	Diagnosis	Cutis marmorata telangiectatica congenita	Diagnosis	Primary_Diagnosis	0	0	0	0	0	3	3	0	0	3	1	1	0	0	1	observed_term_no_disease_translation
Diagnosis_answer_list	Diagnosis	Disease	Cutis verticis gyrata			Cutis verticis gyrata	Diagnosis	Cutis verticis gyrata	Diagnosis	Primary_Diagnosis	0	0	0	0	0	2	2	0	0	2	1	1	0	0	1	observed_term_no_disease_translation
Diagnosis_answer_list	Diagnosis	Disease	Delayed pressure urticaria			Delayed pressure urticaria	Diagnosis	Delayed pressure urticaria	Diagnosis	Primary_Diagnosis	0	0	0	0	0	3	3	0	0	3	1	1	0	0	1	observed_term_no_disease_translation
Diagnosis_answer_list	Diagnosis	Disease	Dermatitis artefacta			Dermatitis artefacta	Diagnosis	Dermatitis artefacta	Diagnosis	Primary_Diagnosis	0	0	0	0	0	1	1	0	0	1	1	1	0	0	1	observed_term_no_disease_translation
Diagnosis_answer_list	Diagnosis	Disease	Dermatofibroma			Dermatofibroma	Diagnosis	Dermatofibroma	Diagnosis	Primary_Diagnosis	2	2	0	0	2	8	8	0	0	8	4	4	0	0	4	observed_term_no_disease_translation
Diagnosis_answer_list	Diagnosis	Disease	Dermatosis papulosa nigra			Dermatosis papulosa nigra	Diagnosis	Dermatosis papulosa nigra	Diagnosis	Primary_Diagnosis	0	0	0	0	0	4	4	0	0	4	2	2	0	0	2	observed_term_no_disease_translation
Diagnosis_answer_list	Diagnosis	Disease	Digital myxoid pseudocyst			Digital myxoid pseudocyst	Diagnosis	Digital myxoid pseudocyst	Diagnosis	Primary_Diagnosis	1	1	0	0	1	12	12	0	0	12	5	5	0	0	5	observed_term_no_disease_translation
Diagnosis_answer_list	Diagnosis	Disease	Discoid eczema			Discoid eczema	Diagnosis	Discoid eczema	Diagnosis	Primary_Diagnosis	3	3	0	0	3	48	48	0	0	48	11	11	0	0	11	observed_term_no_disease_translation
Diagnosis_answer_list	Diagnosis	Disease	Discoid lupus erythematosus			Discoid lupus erythematosus	Diagnosis	Discoid lupus erythematosus	Diagnosis	Primary_Diagnosis	1	1	0	0	1	22	22	0	0	22	7	7	0	0	7	observed_term_no_disease_translation
Diagnosis_answer_list	Diagnosis	Disease	Disseminated secondary eczema			Disseminated secondary eczema	Diagnosis	Disseminated secondary eczema	Diagnosis	Primary_Diagnosis	0	0	0	0	0	2	2	0	0	2	1	1	0	0	1	observed_term_no_disease_translation
Diagnosis_answer_list	Diagnosis	Disease	Dowling-Degos disease			Dowling-Degos disease	Diagnosis	Dowling-Degos disease	Diagnosis	Primary_Diagnosis	0	0	0	0	0	2	2	0	0	2	1	1	0	0	1	observed_term_no_disease_translation
Diagnosis_answer_list	Diagnosis	Disease	Dry gangrene			Dry gangrene	Diagnosis	Dry gangrene	Diagnosis	Primary_Diagnosis	0	0	0	0	0	4	4	0	0	4	1	1	0	0	1	observed_term_no_disease_translation
Diagnosis_answer_list	Diagnosis	Disease	Dystrophic epidermolysis bullosa			Dystrophic epidermolysis bullosa	Diagnosis	Dystrophic epidermolysis bullosa	Diagnosis	Primary_Diagnosis	1	1	0	0	1	0	0	0	0	0	0	0	0	0	0	observed_term_no_disease_translation
Diagnosis_answer_list	Diagnosis	Disease	Ecthyma			Ecthyma	Diagnosis	Ecthyma	Diagnosis	Primary_Diagnosis	0	0	0	0	0	4	4	0	0	4	0	0	0	0	0	observed_term_no_disease_translation
Diagnosis_answer_list	Diagnosis	Disease	Eczema herpeticum			Eczema herpeticum	Diagnosis	Eczema herpeticum	Diagnosis	Primary_Diagnosis	0	0	0	0	0	12	12	0	0	12	4	4	0	0	4	observed_term_no_disease_translation
Diagnosis_answer_list	Diagnosis	Disease	Elastolytic giant cell granuloma			Elastolytic giant cell granuloma	Diagnosis	Elastolytic giant cell granuloma	Diagnosis	Primary_Diagnosis	0	0	0	0	0	1	1	0	0	1	0	0	0	0	0	observed_term_no_disease_translation
Diagnosis_answer_list	Diagnosis	Disease	Elastosis			Elastosis	Diagnosis	Elastosis	Diagnosis	Primary_Diagnosis	0	0	0	0	0	6	6	0	0	6	3	3	0	0	3	observed_term_no_disease_translation
Diagnosis_answer_list	Diagnosis	Disease	Elastosis perforans serpiginosa			Elastosis perforans serpiginosa	Diagnosis	Elastosis perforans serpiginosa	Diagnosis	Primary_Diagnosis	0	0	0	0	0	4	4	0	0	4	1	1	0	0	1	observed_term_no_disease_translation
Diagnosis_answer_list	Diagnosis	Disease	Eosinophilic pustular folliculitis			Eosinophilic pustular folliculitis	Diagnosis	Eosinophilic pustular folliculitis	Diagnosis	Primary_Diagnosis	0	0	0	0	0	3	3	0	0	3	1	1	0	0	1	observed_term_no_disease_translation
Diagnosis_answer_list	Diagnosis	Disease	Epidermal naevus			Epidermal naevus	Diagnosis	Epidermal naevus	Diagnosis	Primary_Diagnosis	1	1	0	0	1	11	11	0	0	11	5	5	0	0	5	observed_term_no_disease_translation
Diagnosis_answer_list	Diagnosis	Disease	Epidermoid cyst			Epidermoid cyst	Diagnosis	Epidermoid cyst	Diagnosis	Primary_Diagnosis	0	0	0	0	0	3	3	0	0	3	1	1	0	0	1	observed_term_no_disease_translation
Diagnosis_answer_list	Diagnosis	Disease	Epidermolysis bullosa			Epidermolysis bullosa	Diagnosis	Epidermolysis bullosa	Diagnosis	Primary_Diagnosis	1	1	0	0	1	5	5	0	0	5	0	0	0	0	0	observed_term_no_disease_translation
Diagnosis_answer_list	Diagnosis	Disease	Epidermolysis bullosa acquisita			Epidermolysis bullosa acquisita	Diagnosis	Epidermolysis bullosa acquisita	Diagnosis	Primary_Diagnosis	0	0	0	0	0	4	4	0	0	4	0	0	0	0	0	observed_term_no_disease_translation
Diagnosis_answer_list	Diagnosis	Disease	Erosive lichen planus			Erosive lichen planus	Diagnosis	Erosive lichen planus	Diagnosis	Primary_Diagnosis	2	2	0	0	2	8	8	0	0	8	3	3	0	0	3	observed_term_no_disease_translation
Diagnosis_answer_list	Diagnosis	Disease	Erysipelas			Erysipelas	Diagnosis	Erysipelas	Diagnosis	Primary_Diagnosis	1	1	0	0	1	4	4	0	0	4	2	2	0	0	2	observed_term_no_disease_translation
Diagnosis_answer_list	Diagnosis	Disease	Erysipeloid			Erysipeloid	Diagnosis	Erysipeloid	Diagnosis	Primary_Diagnosis	0	0	0	0	0	1	1	0	0	1	0	0	0	0	0	observed_term_no_disease_translation
Diagnosis_answer_list	Diagnosis	Disease	Erythema ab igne			Erythema ab igne	Diagnosis	Erythema ab igne	Diagnosis	Primary_Diagnosis	0	0	0	0	0	4	4	0	0	4	2	2	0	0	2	observed_term_no_disease_translation
Diagnosis_answer_list	Diagnosis	Disease	Erythema annulare centrifugum			Erythema annulare centrifugum	Diagnosis	Erythema annulare centrifugum	Diagnosis	Primary_Diagnosis	3	3	0	0	3	6	6	0	0	6	3	3	0	0	3	observed_term_no_disease_translation
Diagnosis_answer_list	Diagnosis	Disease	Erythema dyschromicum perstans			Erythema dyschromicum perstans	Diagnosis	Erythema dyschromicum perstans	Diagnosis	Primary_Diagnosis	0	0	0	0	0	1	1	0	0	1	1	1	0	0	1	observed_term_no_disease_translation
Diagnosis_answer_list	Diagnosis	Disease	Erythema elevatum diutinum			Erythema elevatum diutinum	Diagnosis	Erythema elevatum diutinum	Diagnosis	Primary_Diagnosis	0	0	0	0	0	1	1	0	0	1	1	1	0	0	1	observed_term_no_disease_translation
Diagnosis_answer_list	Diagnosis	Disease	Erythema infectiosum			Erythema infectiosum	Diagnosis	Erythema infectiosum	Diagnosis	Primary_Diagnosis	0	0	0	0	0	5	5	0	0	5	2	2	0	0	2	observed_term_no_disease_translation
Diagnosis_answer_list	Diagnosis	Disease	Erythema multiforme			Erythema multiforme	Diagnosis	Erythema multiforme	Diagnosis	Primary_Diagnosis	1	1	0	0	1	11	11	0	0	11	7	7	0	0	7	observed_term_no_disease_translation
Diagnosis_answer_list	Diagnosis	Disease	Erythema nodosum			Erythema nodosum	Diagnosis	Erythema nodosum	Diagnosis	Primary_Diagnosis	0	0	0	0	0	3	3	0	0	3	1	1	0	0	1	observed_term_no_disease_translation
Diagnosis_answer_list	Diagnosis	Disease	Erythrodermic psoriasis			Erythrodermic psoriasis	Diagnosis	Erythrodermic psoriasis	Diagnosis	Primary_Diagnosis	0	0	0	0	0	1	1	0	0	1	0	0	0	0	0	observed_term_no_disease_translation
Diagnosis_answer_list	Diagnosis	Disease	Erythrokeratoderma			Erythrokeratoderma	Diagnosis	Erythrokeratoderma	Diagnosis	Primary_Diagnosis	0	0	0	0	0	2	2	0	0	2	0	0	0	0	0	observed_term_no_disease_translation
Diagnosis_answer_list	Diagnosis	Disease	Exanthems			Exanthems	Diagnosis	Exanthems	Diagnosis	Primary_Diagnosis	1	1	0	0	1	3	3	0	0	3	0	0	0	0	0	observed_term_no_disease_translation
Diagnosis_answer_list	Diagnosis	Disease	Exercise-induced vasculitis			Exercise-induced vasculitis	Diagnosis	Exercise-induced vasculitis	Diagnosis	Primary_Diagnosis	0	0	0	0	0	1	1	0	0	1	1	1	0	0	1	observed_term_no_disease_translation
Diagnosis_answer_list	Diagnosis	Disease	Exfoliative cheilitis			Exfoliative cheilitis	Diagnosis	Exfoliative cheilitis	Diagnosis	Primary_Diagnosis	0	0	0	0	0	1	1	0	0	1	1	1	0	0	1	observed_term_no_disease_translation
Diagnosis_answer_list	Diagnosis	Disease	Extramammary Paget disease of skin			Extramammary Paget disease of skin	Diagnosis	Extramammary Paget disease of skin	Diagnosis	Primary_Diagnosis	1	1	0	0	1	11	11	0	0	11	6	6	0	0	6	observed_term_no_disease_translation
Diagnosis_answer_list	Diagnosis	Disease	Eyelid contact dermatitis			Eyelid contact dermatitis	Diagnosis	Eyelid contact dermatitis	Diagnosis	Primary_Diagnosis	0	0	0	0	0	6	6	0	0	6	1	1	0	0	1	observed_term_no_disease_translation
Diagnosis_answer_list	Diagnosis	Disease	Fabry disease			Fabry disease	Diagnosis	Fabry disease	Diagnosis	Primary_Diagnosis	0	0	0	0	0	1	1	0	0	1	0	0	0	0	0	observed_term_no_disease_translation
Diagnosis_answer_list	Diagnosis	Disease	Facial psoriasis			Facial psoriasis	Diagnosis	Facial psoriasis	Diagnosis	Primary_Diagnosis	1	1	0	0	1	9	9	0	0	9	4	4	0	0	4	observed_term_no_disease_translation
Diagnosis_answer_list	Diagnosis	Disease	Fissured tongue			Fissured tongue	Diagnosis	Fissured tongue	Diagnosis	Primary_Diagnosis	0	0	0	0	0	1	1	0	0	1	1	1	0	0	1	observed_term_no_disease_translation
Diagnosis_answer_list	Diagnosis	Disease	Flea bite			Flea bite	Diagnosis	Flea bite	Diagnosis	Primary_Diagnosis	2	2	0	0	2	1	1	0	0	1	0	0	0	0	0	observed_term_no_disease_translation
Diagnosis_answer_list	Diagnosis	Disease	Flexural psoriasis			Flexural psoriasis	Diagnosis	Flexural psoriasis	Diagnosis	Primary_Diagnosis	1	1	0	0	1	8	8	0	0	8	5	5	0	0	5	observed_term_no_disease_translation
Diagnosis_answer_list	Diagnosis	Disease	Generalised essential telangiectasia			Generalised essential telangiectasia	Diagnosis	Generalised essential telangiectasia	Diagnosis	Primary_Diagnosis	0	0	0	0	0	1	1	0	0	1	1	1	0	0	1	observed_term_no_disease_translation
Diagnosis_answer_list	Diagnosis	Disease	Generalised pustular psoriasis			Generalised pustular psoriasis	Diagnosis	Generalised pustular psoriasis	Diagnosis	Primary_Diagnosis	0	0	0	0	0	16	16	0	0	16	3	3	0	0	3	observed_term_no_disease_translation
Diagnosis_answer_list	Diagnosis	Disease	Genital Crohn disease			Genital Crohn disease	Diagnosis	Genital Crohn disease	Diagnosis	Primary_Diagnosis	0	0	0	0	0	1	1	0	0	1	1	1	0	0	1	observed_term_no_disease_translation
Diagnosis_answer_list	Diagnosis	Disease	Genital herpes			Genital herpes	Diagnosis	Genital herpes	Diagnosis	Primary_Diagnosis	0	0	0	0	0	1	1	0	0	1	1	1	0	0	1	observed_term_no_disease_translation
Diagnosis_answer_list	Diagnosis	Disease	Genital psoriasis			Genital psoriasis	Diagnosis	Genital psoriasis	Diagnosis	Primary_Diagnosis	0	0	0	0	0	13	13	0	0	13	3	3	0	0	3	observed_term_no_disease_translation
Diagnosis_answer_list	Diagnosis	Disease	Geographic tongue			Geographic tongue	Diagnosis	Geographic tongue	Diagnosis	Primary_Diagnosis	0	0	0	0	0	2	2	0	0	2	1	1	0	0	1	observed_term_no_disease_translation
Diagnosis_answer_list	Diagnosis	Disease	Gingivitis and periodontitis			Gingivitis and periodontitis	Diagnosis	Gingivitis and periodontitis	Diagnosis	Primary_Diagnosis	0	0	0	0	0	2	2	0	0	2	1	1	0	0	1	observed_term_no_disease_translation
Diagnosis_answer_list	Diagnosis	Disease	Giãn mao mạch			Giãn mao mạch	Diagnosis	Giãn mao mạch	Diagnosis	Primary_Diagnosis	10	10	0	0	10	41	41	0	0	41	9	9	0	0	9	observed_term_no_disease_translation
Diagnosis_answer_list	Diagnosis	Disease	Gout			Gout	Diagnosis	Gout	Diagnosis	Primary_Diagnosis	1	1	0	0	1	3	3	0	0	3	1	1	0	0	1	observed_term_no_disease_translation
Diagnosis_answer_list	Diagnosis	Disease	Granular parakeratosis			Granular parakeratosis	Diagnosis	Granular parakeratosis	Diagnosis	Primary_Diagnosis	0	0	0	0	0	4	4	0	0	4	1	1	0	0	1	observed_term_no_disease_translation
Diagnosis_answer_list	Diagnosis	Disease	Granuloma annulare			Granuloma annulare	Diagnosis	Granuloma annulare	Diagnosis	Primary_Diagnosis	2	2	0	0	2	17	17	0	0	17	6	6	0	0	6	observed_term_no_disease_translation
Diagnosis_answer_list	Diagnosis	Disease	Granuloma faciale			Granuloma faciale	Diagnosis	Granuloma faciale	Diagnosis	Primary_Diagnosis	0	0	0	0	0	1	1	0	0	1	0	0	0	0	0	observed_term_no_disease_translation
Diagnosis_answer_list	Diagnosis	Disease	Granulomatous dermatitis			Granulomatous dermatitis	Diagnosis	Granulomatous dermatitis	Diagnosis	Primary_Diagnosis	0	0	0	0	0	1	1	0	0	1	1	1	0	0	1	observed_term_no_disease_translation
Diagnosis_answer_list	Diagnosis	Disease	Hairy tongue			Hairy tongue	Diagnosis	Hairy tongue	Diagnosis	Primary_Diagnosis	0	0	0	0	0	2	2	0	0	2	1	1	0	0	1	observed_term_no_disease_translation
Diagnosis_answer_list	Diagnosis	Disease	Halo naevus			Halo naevus	Diagnosis	Halo naevus	Diagnosis	Primary_Diagnosis	0	0	0	0	0	8	8	0	0	8	2	2	0	0	2	observed_term_no_disease_translation
Diagnosis_answer_list	Diagnosis	Disease	Hand dermatitis			Hand dermatitis	Diagnosis	Hand dermatitis	Diagnosis	Primary_Diagnosis	3	3	0	0	3	45	45	0	0	45	12	12	0	0	12	observed_term_no_disease_translation
Diagnosis_answer_list	Diagnosis	Disease	Henoch–Schönlein purpura			Henoch–Schönlein purpura	Diagnosis	Henoch–Schönlein purpura	Diagnosis	Primary_Diagnosis	0	0	0	0	0	1	1	0	0	1	0	0	0	0	0	observed_term_no_disease_translation
Diagnosis_answer_list	Diagnosis	Disease	Hereditary haemorrhagic telangiectasia			Hereditary haemorrhagic telangiectasia	Diagnosis	Hereditary haemorrhagic telangiectasia	Diagnosis	Primary_Diagnosis	2	2	0	0	2	4	4	0	0	4	2	2	0	0	2	observed_term_no_disease_translation
Diagnosis_answer_list	Diagnosis	Disease	Herpangina			Herpangina	Diagnosis	Herpangina	Diagnosis	Primary_Diagnosis	1	1	0	0	1	1	1	0	0	1	1	1	0	0	1	observed_term_no_disease_translation
Diagnosis_answer_list	Diagnosis	Disease	Herpes simplex			Herpes simplex	Diagnosis	Herpes simplex	Diagnosis	Primary_Diagnosis	1	1	0	0	1	23	23	0	0	23	6	6	0	0	6	observed_term_no_disease_translation
Diagnosis_answer_list	Diagnosis	Disease	Herpes zoster			Herpes zoster	Diagnosis	Herpes zoster	Diagnosis	Primary_Diagnosis	0	0	0	0	0	11	11	0	0	11	2	2	0	0	2	observed_term_no_disease_translation
Diagnosis_answer_list	Diagnosis	Disease	Hidradenitis suppurativa			Hidradenitis suppurativa	Diagnosis	Hidradenitis suppurativa	Diagnosis	Primary_Diagnosis	1	1	0	0	1	32	32	0	0	32	10	10	0	0	10	observed_term_no_disease_translation
Diagnosis_answer_list	Diagnosis	Disease	Hyperhidrosis			Hyperhidrosis	Diagnosis	Hyperhidrosis	Diagnosis	Primary_Diagnosis	0	0	0	0	0	3	3	0	0	3	1	1	0	0	1	observed_term_no_disease_translation
Diagnosis_answer_list	Diagnosis	Disease	Hyperkeratotic palmar dermatitis			Hyperkeratotic palmar dermatitis	Diagnosis	Hyperkeratotic palmar dermatitis	Diagnosis	Primary_Diagnosis	0	0	0	0	0	1	1	0	0	1	1	1	0	0	1	observed_term_no_disease_translation
Diagnosis_answer_list	Diagnosis	Disease	Hội chứng Birt-Hogg-Dubé			Hội chứng Birt-Hogg-Dubé	Diagnosis	Hội chứng Birt-Hogg-Dubé	Diagnosis	Primary_Diagnosis	0	0	0	0	0	2	2	0	0	2	0	0	0	0	0	observed_term_no_disease_translation
Diagnosis_answer_list	Diagnosis	Disease	Ichthyosis			Ichthyosis	Diagnosis	Ichthyosis	Diagnosis	Primary_Diagnosis	1	1	0	0	1	21	21	0	0	21	9	9	0	0	9	observed_term_no_disease_translation
Diagnosis_answer_list	Diagnosis	Disease	Impetigo			Impetigo	Diagnosis	Impetigo	Diagnosis	Primary_Diagnosis	4	4	0	0	4	17	17	0	0	17	5	5	0	0	5	observed_term_no_disease_translation
Diagnosis_answer_list	Diagnosis	Disease	Intralymphatic histiocytosis			Intralymphatic histiocytosis	Diagnosis	Intralymphatic histiocytosis	Diagnosis	Primary_Diagnosis	0	0	0	0	0	1	1	0	0	1	1	1	0	0	1	observed_term_no_disease_translation
Diagnosis_answer_list	Diagnosis	Disease	Intravascular lymphoma			Intravascular lymphoma	Diagnosis	Intravascular lymphoma	Diagnosis	Primary_Diagnosis	0	0	0	0	0	2	2	0	0	2	1	1	0	0	1	observed_term_no_disease_translation
Diagnosis_answer_list	Diagnosis	Disease	Jessner lymphocytic infiltrate			Jessner lymphocytic infiltrate	Diagnosis	Jessner lymphocytic infiltrate	Diagnosis	Primary_Diagnosis	0	0	0	0	0	2	2	0	0	2	1	1	0	0	1	observed_term_no_disease_translation
Diagnosis_answer_list	Diagnosis	Disease	Kaposi sarcoma			Kaposi sarcoma	Diagnosis	Kaposi sarcoma	Diagnosis	Primary_Diagnosis	1	1	0	0	1	6	6	0	0	6	2	2	0	0	2	observed_term_no_disease_translation
Diagnosis_answer_list	Diagnosis	Disease	Keloid scar			Keloid scar	Diagnosis	Keloid scar	Diagnosis	Primary_Diagnosis	0	0	0	0	0	22	22	0	0	22	8	8	0	0	8	observed_term_no_disease_translation
Diagnosis_answer_list	Diagnosis	Disease	Keratoelastoidosis marginalis			Keratoelastoidosis marginalis	Diagnosis	Keratoelastoidosis marginalis	Diagnosis	Primary_Diagnosis	0	0	0	0	0	1	1	0	0	1	1	1	0	0	1	observed_term_no_disease_translation
Diagnosis_answer_list	Diagnosis	Disease	Keratolytic winter erythema			Keratolytic winter erythema	Diagnosis	Keratolytic winter erythema	Diagnosis	Primary_Diagnosis	0	0	0	0	0	7	7	0	0	7	4	4	0	0	4	observed_term_no_disease_translation
Diagnosis_answer_list	Diagnosis	Disease	Keratosis pilaris			Keratosis pilaris	Diagnosis	Keratosis pilaris	Diagnosis	Primary_Diagnosis	2	2	0	0	2	19	19	0	0	19	7	7	0	0	7	observed_term_no_disease_translation
Diagnosis_answer_list	Diagnosis	Disease	Kerion			Kerion	Diagnosis	Kerion	Diagnosis	Primary_Diagnosis	1	1	0	0	1	9	9	0	0	9	3	3	0	0	3	observed_term_no_disease_translation
Diagnosis_answer_list	Diagnosis	Disease	Kyrle disease			Kyrle disease	Diagnosis	Kyrle disease	Diagnosis	Primary_Diagnosis	0	0	0	0	0	3	3	0	0	3	0	0	0	0	0	observed_term_no_disease_translation
Diagnosis_answer_list	Diagnosis	Disease	Leg ulcer			Leg ulcer	Diagnosis	Leg ulcer	Diagnosis	Primary_Diagnosis	3	3	0	0	3	10	10	0	0	10	2	2	0	0	2	observed_term_no_disease_translation
Diagnosis_answer_list	Diagnosis	Disease	Leishmaniasis			Leishmaniasis	Diagnosis	Leishmaniasis	Diagnosis	Primary_Diagnosis	2	2	0	0	2	9	9	0	0	9	5	5	0	0	5	observed_term_no_disease_translation
Diagnosis_answer_list	Diagnosis	Disease	Lentigo do nắng			Lentigo do nắng	Diagnosis	Lentigo do nắng	Diagnosis	Primary_Diagnosis	1	1	0	0	1	11	11	0	0	11	4	4	0	0	4	observed_term_no_disease_translation
Diagnosis_answer_list	Diagnosis	Disease	Leprosy			Leprosy	Diagnosis	Leprosy	Diagnosis	Primary_Diagnosis	0	0	0	0	0	10	10	0	0	10	4	4	0	0	4	observed_term_no_disease_translation
Diagnosis_answer_list	Diagnosis	Disease	Lichen myxoedematosus			Lichen myxoedematosus	Diagnosis	Lichen myxoedematosus	Diagnosis	Primary_Diagnosis	0	0	0	0	0	2	2	0	0	2	0	0	0	0	0	observed_term_no_disease_translation
Diagnosis_answer_list	Diagnosis	Disease	Lichen nitidus			Lichen nitidus	Diagnosis	Lichen nitidus	Diagnosis	Primary_Diagnosis	0	0	0	0	0	3	3	0	0	3	1	1	0	0	1	observed_term_no_disease_translation
Diagnosis_answer_list	Diagnosis	Disease	Lichen planus			Lichen planus	Diagnosis	Lichen planus	Diagnosis	Primary_Diagnosis	9	9	0	0	9	58	58	0	0	58	20	20	0	0	20	observed_term_no_disease_translation
Diagnosis_answer_list	Diagnosis	Disease	Lichen simplex			Lichen simplex	Diagnosis	Lichen simplex	Diagnosis	Primary_Diagnosis	0	0	0	0	0	16	16	0	0	16	8	8	0	0	8	observed_term_no_disease_translation
Diagnosis_answer_list	Diagnosis	Disease	Lichenoid keratosis			Lichenoid keratosis	Diagnosis	Lichenoid keratosis	Diagnosis	Primary_Diagnosis	0	0	0	0	0	3	3	0	0	3	0	0	0	0	0	observed_term_no_disease_translation
Diagnosis_answer_list	Diagnosis	Disease	Lupus pernio			Lupus pernio	Diagnosis	Lupus pernio	Diagnosis	Primary_Diagnosis	0	0	0	0	0	2	2	0	0	2	0	0	0	0	0	observed_term_no_disease_translation
Diagnosis_answer_list	Diagnosis	Disease	Lymphatic malformation			Lymphatic malformation	Diagnosis	Lymphatic malformation	Diagnosis	Primary_Diagnosis	0	0	0	0	0	1	1	0	0	1	1	1	0	0	1	observed_term_no_disease_translation
Diagnosis_answer_list	Diagnosis	Disease	Macroglossia			Macroglossia	Diagnosis	Macroglossia	Diagnosis	Primary_Diagnosis	0	0	0	0	0	1	1	0	0	1	1	1	0	0	1	observed_term_no_disease_translation
Diagnosis_answer_list	Diagnosis	Disease	Macular amyloidosis			Macular amyloidosis	Diagnosis	Macular amyloidosis	Diagnosis	Primary_Diagnosis	1	1	0	0	1	2	2	0	0	2	1	1	0	0	1	observed_term_no_disease_translation
Diagnosis_answer_list	Diagnosis	Disease	Maculopapular cutaneous mastocytosis			Maculopapular cutaneous mastocytosis	Diagnosis	Maculopapular cutaneous mastocytosis	Diagnosis	Primary_Diagnosis	1	1	0	0	1	2	2	0	0	2	1	1	0	0	1	observed_term_no_disease_translation
Diagnosis_answer_list	Diagnosis	Disease	Madarosis			Madarosis	Diagnosis	Madarosis	Diagnosis	Primary_Diagnosis	0	0	0	0	0	6	6	0	0	6	3	3	0	0	3	observed_term_no_disease_translation
Diagnosis_answer_list	Diagnosis	Disease	Malassezia folliculitis			Malassezia folliculitis	Diagnosis	Malassezia folliculitis	Diagnosis	Primary_Diagnosis	0	0	0	0	0	2	2	0	0	2	0	0	0	0	0	observed_term_no_disease_translation
Diagnosis_answer_list	Diagnosis	Disease	Male pattern hair loss			Male pattern hair loss	Diagnosis	Male pattern hair loss	Diagnosis	Primary_Diagnosis	0	0	0	0	0	2	2	0	0	2	1	1	0	0	1	observed_term_no_disease_translation
Diagnosis_answer_list	Diagnosis	Disease	Malignant atrophic papulosis			Malignant atrophic papulosis	Diagnosis	Malignant atrophic papulosis	Diagnosis	Primary_Diagnosis	0	0	0	0	0	1	1	0	0	1	0	0	0	0	0	observed_term_no_disease_translation
Diagnosis_answer_list	Diagnosis	Disease	Malignant histiocytoses			Malignant histiocytoses	Diagnosis	Malignant histiocytoses	Diagnosis	Primary_Diagnosis	0	0	0	0	0	1	1	0	0	1	1	1	0	0	1	observed_term_no_disease_translation
Diagnosis_answer_list	Diagnosis	Disease	Marfan syndrome			Marfan syndrome	Diagnosis	Marfan syndrome	Diagnosis	Primary_Diagnosis	0	0	0	0	0	2	2	0	0	2	1	1	0	0	1	observed_term_no_disease_translation
Diagnosis_answer_list	Diagnosis	Disease	Marjolin ulcer			Marjolin ulcer	Diagnosis	Marjolin ulcer	Diagnosis	Primary_Diagnosis	0	0	0	0	0	1	1	0	0	1	1	1	0	0	1	observed_term_no_disease_translation
Diagnosis_answer_list	Diagnosis	Disease	Martorell ulcer			Martorell ulcer	Diagnosis	Martorell ulcer	Diagnosis	Primary_Diagnosis	0	0	0	0	0	1	1	0	0	1	0	0	0	0	0	observed_term_no_disease_translation
Diagnosis_answer_list	Diagnosis	Disease	Mastocytoma			Mastocytoma	Diagnosis	Mastocytoma	Diagnosis	Primary_Diagnosis	1	1	0	0	1	5	5	0	0	5	2	2	0	0	2	observed_term_no_disease_translation
Diagnosis_answer_list	Diagnosis	Disease	Measles			Measles	Diagnosis	Measles	Diagnosis	Primary_Diagnosis	0	0	0	0	0	15	15	0	0	15	4	4	0	0	4	observed_term_no_disease_translation
Diagnosis_answer_list	Diagnosis	Disease	Median canaliform nail dystrophy			Median canaliform nail dystrophy	Diagnosis	Median canaliform nail dystrophy	Diagnosis	Primary_Diagnosis	0	0	0	0	0	1	1	0	0	1	0	0	0	0	0	observed_term_no_disease_translation
Diagnosis_answer_list	Diagnosis	Disease	Melanocytic naevus			Melanocytic naevus	Diagnosis	Melanocytic naevus	Diagnosis	Primary_Diagnosis	5	5	0	0	5	33	33	0	0	33	9	9	0	0	9	observed_term_no_disease_translation
Diagnosis_answer_list	Diagnosis	Disease	Melanoma			Melanoma	Diagnosis	Melanoma	Diagnosis	Primary_Diagnosis	0	0	0	0	0	8	8	0	0	8	1	1	0	0	1	observed_term_no_disease_translation
Diagnosis_answer_list	Diagnosis	Disease	Melanoma in situ			Melanoma in situ	Diagnosis	Melanoma in situ	Diagnosis	Primary_Diagnosis	0	0	0	0	0	14	14	0	0	14	5	5	0	0	5	observed_term_no_disease_translation
Diagnosis_answer_list	Diagnosis	Disease	Melanonychia			Melanonychia	Diagnosis	Melanonychia	Diagnosis	Primary_Diagnosis	1	1	0	0	1	6	6	0	0	6	2	2	0	0	2	observed_term_no_disease_translation
Diagnosis_answer_list	Diagnosis	Disease	Melanotic macule			Melanotic macule	Diagnosis	Melanotic macule	Diagnosis	Primary_Diagnosis	0	0	0	0	0	2	2	0	0	2	1	1	0	0	1	observed_term_no_disease_translation
Diagnosis_answer_list	Diagnosis	Disease	Melasma			Melasma	Diagnosis	Melasma	Diagnosis	Primary_Diagnosis	1	1	0	0	1	7	7	0	0	7	3	3	0	0	3	observed_term_no_disease_translation
Diagnosis_answer_list	Diagnosis	Disease	Meningococcal disease			Meningococcal disease	Diagnosis	Meningococcal disease	Diagnosis	Primary_Diagnosis	0	0	0	0	0	3	3	0	0	3	1	1	0	0	1	observed_term_no_disease_translation
Diagnosis_answer_list	Diagnosis	Disease	Merkel cell carcinoma			Merkel cell carcinoma	Diagnosis	Merkel cell carcinoma	Diagnosis	Primary_Diagnosis	0	0	0	0	0	4	4	0	0	4	0	0	0	0	0	observed_term_no_disease_translation
Diagnosis_answer_list	Diagnosis	Disease	Mid-dermal elastolysis			Mid-dermal elastolysis	Diagnosis	Mid-dermal elastolysis	Diagnosis	Primary_Diagnosis	0	0	0	0	0	1	1	0	0	1	0	0	0	0	0	observed_term_no_disease_translation
Diagnosis_answer_list	Diagnosis	Disease	Milium			Milium	Diagnosis	Milium	Diagnosis	Primary_Diagnosis	1	1	0	0	1	7	7	0	0	7	3	3	0	0	3	observed_term_no_disease_translation
Diagnosis_answer_list	Diagnosis	Disease	Milker_s nodule			Milker_s nodule	Diagnosis	Milker_s nodule	Diagnosis	Primary_Diagnosis	0	0	0	0	0	2	2	0	0	2	1	1	0	0	1	observed_term_no_disease_translation
Diagnosis_answer_list	Diagnosis	Disease	Mixed connective tissue disease			Mixed connective tissue disease	Diagnosis	Mixed connective tissue disease	Diagnosis	Primary_Diagnosis	0	0	0	0	0	2	2	0	0	2	1	1	0	0	1	observed_term_no_disease_translation
Diagnosis_answer_list	Diagnosis	Disease	Molluscum contagiosum			Molluscum contagiosum	Diagnosis	Molluscum contagiosum	Diagnosis	Primary_Diagnosis	6	6	0	0	6	27	27	0	0	27	11	11	0	0	11	observed_term_no_disease_translation
Diagnosis_answer_list	Diagnosis	Disease	Morbilliform drug reaction			Morbilliform drug reaction	Diagnosis	Morbilliform drug reaction	Diagnosis	Primary_Diagnosis	0	0	0	0	0	1	1	0	0	1	0	0	0	0	0	observed_term_no_disease_translation
Diagnosis_answer_list	Diagnosis	Disease	Mucocoele of the lip			Mucocoele of the lip	Diagnosis	Mucocoele of the lip	Diagnosis	Primary_Diagnosis	0	0	0	0	0	1	1	0	0	1	0	0	0	0	0	observed_term_no_disease_translation
Diagnosis_answer_list	Diagnosis	Disease	Multicentric reticulohistiocytosis			Multicentric reticulohistiocytosis	Diagnosis	Multicentric reticulohistiocytosis	Diagnosis	Primary_Diagnosis	0	0	0	0	0	1	1	0	0	1	0	0	0	0	0	observed_term_no_disease_translation
Diagnosis_answer_list	Diagnosis	Disease	Multiple self-healing squamous epitheliomas of Ferguson-Smith			Multiple self-healing squamous epitheliomas of Ferguson-Smith	Diagnosis	Multiple self-healing squamous epitheliomas of Ferguson-Smith	Diagnosis	Primary_Diagnosis	0	0	0	0	0	1	1	0	0	1	1	1	0	0	1	observed_term_no_disease_translation
Diagnosis_answer_list	Diagnosis	Disease	Mycoplasma pneumoniae infection			Mycoplasma pneumoniae infection	Diagnosis	Mycoplasma pneumoniae infection	Diagnosis	Primary_Diagnosis	2	2	0	0	2	4	4	0	0	4	2	2	0	0	2	observed_term_no_disease_translation
Diagnosis_answer_list	Diagnosis	Disease	Mày đay			Mày đay	Diagnosis	Mày đay	Diagnosis	Primary_Diagnosis	0	0	0	0	0	13	13	0	0	13	0	0	0	0	0	observed_term_no_disease_translation
Diagnosis_answer_list	Diagnosis	Disease	Naevus anaemicus			Naevus anaemicus	Diagnosis	Naevus anaemicus	Diagnosis	Primary_Diagnosis	0	0	0	0	0	2	2	0	0	2	0	0	0	0	0	observed_term_no_disease_translation
Diagnosis_answer_list	Diagnosis	Disease	Naevus depigmentosus			Naevus depigmentosus	Diagnosis	Naevus depigmentosus	Diagnosis	Primary_Diagnosis	2	2	0	0	2	2	2	0	0	2	1	1	0	0	1	observed_term_no_disease_translation
Diagnosis_answer_list	Diagnosis	Disease	Naevus of Ito and naevus of Hori			Naevus of Ito and naevus of Hori	Diagnosis	Naevus of Ito and naevus of Hori	Diagnosis	Primary_Diagnosis	1	1	0	0	1	3	3	0	0	3	1	1	0	0	1	observed_term_no_disease_translation
Diagnosis_answer_list	Diagnosis	Disease	Naevus of Ota			Naevus of Ota	Diagnosis	Naevus of Ota	Diagnosis	Primary_Diagnosis	1	1	0	0	1	3	3	0	0	3	1	1	0	0	1	observed_term_no_disease_translation
Diagnosis_answer_list	Diagnosis	Disease	Nang nhầy sàn miệng (ranula)			Nang nhầy sàn miệng (ranula)	Diagnosis	Nang nhầy sàn miệng (ranula)	Diagnosis	Primary_Diagnosis	0	0	0	0	0	9	9	0	0	9	3	3	0	0	3	observed_term_no_disease_translation
Diagnosis_answer_list	Diagnosis	Disease	Napkin dermatitis			Napkin dermatitis	Diagnosis	Napkin dermatitis	Diagnosis	Primary_Diagnosis	1	1	0	0	1	8	8	0	0	8	1	1	0	0	1	observed_term_no_disease_translation
Diagnosis_answer_list	Diagnosis	Disease	Necrobiosis lipoidica			Necrobiosis lipoidica	Diagnosis	Necrobiosis lipoidica	Diagnosis	Primary_Diagnosis	0	0	0	0	0	1	1	0	0	1	0	0	0	0	0	observed_term_no_disease_translation
Diagnosis_answer_list	Diagnosis	Disease	Necrolytic migratory erythema			Necrolytic migratory erythema	Diagnosis	Necrolytic migratory erythema	Diagnosis	Primary_Diagnosis	1	1	0	0	1	3	3	0	0	3	3	3	0	0	3	observed_term_no_disease_translation
Diagnosis_answer_list	Diagnosis	Disease	Necrotising fasciitis			Necrotising fasciitis	Diagnosis	Necrotising fasciitis	Diagnosis	Primary_Diagnosis	2	2	0	0	2	11	11	0	0	11	5	5	0	0	5	observed_term_no_disease_translation
Diagnosis_answer_list	Diagnosis	Disease	Neonatal lupus			Neonatal lupus	Diagnosis	Neonatal lupus	Diagnosis	Primary_Diagnosis	0	0	0	0	0	1	1	0	0	1	0	0	0	0	0	observed_term_no_disease_translation
Diagnosis_answer_list	Diagnosis	Disease	Neonatal subcutaneous fat necrosis			Neonatal subcutaneous fat necrosis	Diagnosis	Neonatal subcutaneous fat necrosis	Diagnosis	Primary_Diagnosis	0	0	0	0	0	3	3	0	0	3	1	1	0	0	1	observed_term_no_disease_translation
Diagnosis_answer_list	Diagnosis	Disease	Neurofibromatosis			Neurofibromatosis	Diagnosis	Neurofibromatosis	Diagnosis	Primary_Diagnosis	1	1	0	0	1	15	15	0	0	15	3	3	0	0	3	observed_term_no_disease_translation
Diagnosis_answer_list	Diagnosis	Disease	Nevus comedonicus			Nevus comedonicus	Diagnosis	Nevus comedonicus	Diagnosis	Primary_Diagnosis	1	1	0	0	1	0	0	0	0	0	0	0	0	0	0	observed_term_no_disease_translation
Diagnosis_answer_list	Diagnosis	Disease	Nhiễm trùng do mycobacteria không điển hình			Nhiễm trùng do mycobacteria không điển hình	Diagnosis	Nhiễm trùng do mycobacteria không điển hình	Diagnosis	Primary_Diagnosis	0	0	0	0	0	8	8	0	0	8	3	3	0	0	3	observed_term_no_disease_translation
Diagnosis_answer_list	Diagnosis	Disease	Nhọt			Nhọt	Diagnosis	Nhọt	Diagnosis	Primary_Diagnosis	0	0	0	0	0	1	1	0	0	1	0	0	0	0	0	observed_term_no_disease_translation
Diagnosis_answer_list	Diagnosis	Disease	Niacin deficiency			Niacin deficiency	Diagnosis	Niacin deficiency	Diagnosis	Primary_Diagnosis	0	0	0	0	0	2	2	0	0	2	1	1	0	0	1	observed_term_no_disease_translation
Diagnosis_answer_list	Diagnosis	Disease	Nickel allergy			Nickel allergy	Diagnosis	Nickel allergy	Diagnosis	Primary_Diagnosis	1	1	0	0	1	6	6	0	0	6	4	4	0	0	4	observed_term_no_disease_translation
Diagnosis_answer_list	Diagnosis	Disease	Nipple eczema			Nipple eczema	Diagnosis	Nipple eczema	Diagnosis	Primary_Diagnosis	0	0	0	0	0	2	2	0	0	2	0	0	0	0	0	observed_term_no_disease_translation
Diagnosis_answer_list	Diagnosis	Disease	Nodular chondrodermatitis			Nodular chondrodermatitis	Diagnosis	Nodular chondrodermatitis	Diagnosis	Primary_Diagnosis	0	0	0	0	0	4	4	0	0	4	3	3	0	0	3	observed_term_no_disease_translation
Diagnosis_answer_list	Diagnosis	Disease	Nodular lymphangitis			Nodular lymphangitis	Diagnosis	Nodular lymphangitis	Diagnosis	Primary_Diagnosis	0	0	0	0	0	1	1	0	0	1	1	1	0	0	1	observed_term_no_disease_translation
Diagnosis_answer_list	Diagnosis	Disease	Non-albicans candida infections			Non-albicans candida infections	Diagnosis	Non-albicans candida infections	Diagnosis	Primary_Diagnosis	5	5	0	0	5	15	15	0	0	15	5	5	0	0	5	observed_term_no_disease_translation
Diagnosis_answer_list	Diagnosis	Disease	Non-sexually acquired genital ulceration			Non-sexually acquired genital ulceration	Diagnosis	Non-sexually acquired genital ulceration	Diagnosis	Primary_Diagnosis	1	1	0	0	1	1	1	0	0	1	0	0	0	0	0	observed_term_no_disease_translation
Diagnosis_answer_list	Diagnosis	Disease	Noonan syndrome with multiple lentigines			Noonan syndrome with multiple lentigines	Diagnosis	Noonan syndrome with multiple lentigines	Diagnosis	Primary_Diagnosis	0	0	0	0	0	3	3	0	0	3	2	2	0	0	2	observed_term_no_disease_translation
Diagnosis_answer_list	Diagnosis	Disease	Nummular eczematous dermatitis			Nummular eczematous dermatitis	Diagnosis	Nummular eczematous dermatitis	Diagnosis	Primary_Diagnosis	3	3	0	0	3	26	26	0	0	26	10	10	0	0	10	observed_term_no_disease_translation
Diagnosis_answer_list	Diagnosis	Disease	Nốt ruồi hắc tố không điển hình			Nốt ruồi hắc tố không điển hình	Diagnosis	Nốt ruồi hắc tố không điển hình	Diagnosis	Primary_Diagnosis	0	0	0	0	0	7	7	0	0	7	3	3	0	0	3	observed_term_no_disease_translation
Diagnosis_answer_list	Diagnosis	Disease	Onychocryptosis			Onychocryptosis	Diagnosis	Onychocryptosis	Diagnosis	Primary_Diagnosis	1	1	0	0	1	1	1	0	0	1	0	0	0	0	0	observed_term_no_disease_translation
Diagnosis_answer_list	Diagnosis	Disease	Onychogryphosis			Onychogryphosis	Diagnosis	Onychogryphosis	Diagnosis	Primary_Diagnosis	1	1	0	0	1	1	1	0	0	1	0	0	0	0	0	observed_term_no_disease_translation
Diagnosis_answer_list	Diagnosis	Disease	Onychomycosis			Onychomycosis	Diagnosis	Onychomycosis	Diagnosis	Primary_Diagnosis	0	0	0	0	0	18	18	0	0	18	6	6	0	0	6	observed_term_no_disease_translation
Diagnosis_answer_list	Diagnosis	Disease	Onychopapilloma			Onychopapilloma	Diagnosis	Onychopapilloma	Diagnosis	Primary_Diagnosis	0	0	0	0	0	2	2	0	0	2	1	1	0	0	1	observed_term_no_disease_translation
Diagnosis_answer_list	Diagnosis	Disease	Oral allergy syndrome			Oral allergy syndrome	Diagnosis	Oral allergy syndrome	Diagnosis	Primary_Diagnosis	0	0	0	0	0	1	1	0	0	1	1	1	0	0	1	observed_term_no_disease_translation
Diagnosis_answer_list	Diagnosis	Disease	Oral candidiasis			Oral candidiasis	Diagnosis	Oral candidiasis	Diagnosis	Primary_Diagnosis	1	1	0	0	1	3	3	0	0	3	2	2	0	0	2	observed_term_no_disease_translation
Diagnosis_answer_list	Diagnosis	Disease	Oral mucositis - Stomatitis			Oral mucositis - Stomatitis	Diagnosis	Oral mucositis - Stomatitis	Diagnosis	Primary_Diagnosis	3	3	0	0	3	21	21	0	0	21	4	4	0	0	4	observed_term_no_disease_translation
Diagnosis_answer_list	Diagnosis	Disease	Oral squamous cell carcinoma			Oral squamous cell carcinoma	Diagnosis	Oral squamous cell carcinoma	Diagnosis	Primary_Diagnosis	0	0	0	0	0	2	2	0	0	2	1	1	0	0	1	observed_term_no_disease_translation
Diagnosis_answer_list	Diagnosis	Disease	Orf			Orf	Diagnosis	Orf	Diagnosis	Primary_Diagnosis	1	1	0	0	1	13	13	0	0	13	5	5	0	0	5	observed_term_no_disease_translation
Diagnosis_answer_list	Diagnosis	Disease	Orofacial granulomatosis			Orofacial granulomatosis	Diagnosis	Orofacial granulomatosis	Diagnosis	Primary_Diagnosis	1	1	0	0	1	7	7	0	0	7	2	2	0	0	2	observed_term_no_disease_translation
Diagnosis_answer_list	Diagnosis	Disease	Osteoma cutis			Osteoma cutis	Diagnosis	Osteoma cutis	Diagnosis	Primary_Diagnosis	1	1	0	0	1	0	0	0	0	0	0	0	0	0	0	observed_term_no_disease_translation
Diagnosis_answer_list	Diagnosis	Disease	Pachydermodactyly			Pachydermodactyly	Diagnosis	Pachydermodactyly	Diagnosis	Primary_Diagnosis	1	1	0	0	1	1	1	0	0	1	0	0	0	0	0	observed_term_no_disease_translation
Diagnosis_answer_list	Diagnosis	Disease	Pachyonychia congenita			Pachyonychia congenita	Diagnosis	Pachyonychia congenita	Diagnosis	Primary_Diagnosis	0	0	0	0	0	6	6	0	0	6	6	6	0	0	6	observed_term_no_disease_translation
Diagnosis_answer_list	Diagnosis	Disease	Palmar fascial fibromatosis			Palmar fascial fibromatosis	Diagnosis	Palmar fascial fibromatosis	Diagnosis	Primary_Diagnosis	1	1	0	0	1	1	1	0	0	1	1	1	0	0	1	observed_term_no_disease_translation
Diagnosis_answer_list	Diagnosis	Disease	Palmoplantar keratoderma			Palmoplantar keratoderma	Diagnosis	Palmoplantar keratoderma	Diagnosis	Primary_Diagnosis	3	3	0	0	3	17	17	0	0	17	4	4	0	0	4	observed_term_no_disease_translation
Diagnosis_answer_list	Diagnosis	Disease	Palmoplantar pustulosis			Palmoplantar pustulosis	Diagnosis	Palmoplantar pustulosis	Diagnosis	Primary_Diagnosis	2	2	0	0	2	22	22	0	0	22	4	4	0	0	4	observed_term_no_disease_translation
Diagnosis_answer_list	Diagnosis	Disease	Panniculitis			Panniculitis	Diagnosis	Panniculitis	Diagnosis	Primary_Diagnosis	0	0	0	0	0	9	9	0	0	9	5	5	0	0	5	observed_term_no_disease_translation
Diagnosis_answer_list	Diagnosis	Disease	Papular acrodermatitis of childhood			Papular acrodermatitis of childhood	Diagnosis	Papular acrodermatitis of childhood	Diagnosis	Primary_Diagnosis	2	2	0	0	2	14	14	0	0	14	6	6	0	0	6	observed_term_no_disease_translation
Diagnosis_answer_list	Diagnosis	Disease	Papular mucinosis			Papular mucinosis	Diagnosis	Papular mucinosis	Diagnosis	Primary_Diagnosis	0	0	0	0	0	2	2	0	0	2	1	1	0	0	1	observed_term_no_disease_translation
Diagnosis_answer_list	Diagnosis	Disease	Papular urticaria			Papular urticaria	Diagnosis	Papular urticaria	Diagnosis	Primary_Diagnosis	0	0	0	0	0	5	5	0	0	5	1	1	0	0	1	observed_term_no_disease_translation
Diagnosis_answer_list	Diagnosis	Disease	Parakeratosis pustulosa			Parakeratosis pustulosa	Diagnosis	Parakeratosis pustulosa	Diagnosis	Primary_Diagnosis	1	1	0	0	1	2	2	0	0	2	1	1	0	0	1	observed_term_no_disease_translation
Diagnosis_answer_list	Diagnosis	Disease	Paraneoplastic acrokeratosis			Paraneoplastic acrokeratosis	Diagnosis	Paraneoplastic acrokeratosis	Diagnosis	Primary_Diagnosis	0	0	0	0	0	3	3	0	0	3	2	2	0	0	2	observed_term_no_disease_translation
Diagnosis_answer_list	Diagnosis	Disease	Paronychia			Paronychia	Diagnosis	Paronychia	Diagnosis	Primary_Diagnosis	1	1	0	0	1	15	15	0	0	15	4	4	0	0	4	observed_term_no_disease_translation
Diagnosis_answer_list	Diagnosis	Disease	Parvo B19 infection			Parvo B19 infection	Diagnosis	Parvo B19 infection	Diagnosis	Primary_Diagnosis	0	0	0	0	0	2	2	0	0	2	1	1	0	0	1	observed_term_no_disease_translation
Diagnosis_answer_list	Diagnosis	Disease	Pearly penile papules			Pearly penile papules	Diagnosis	Pearly penile papules	Diagnosis	Primary_Diagnosis	1	1	0	0	1	5	5	0	0	5	1	1	0	0	1	observed_term_no_disease_translation
Diagnosis_answer_list	Diagnosis	Disease	Pediculosis capitis			Pediculosis capitis	Diagnosis	Pediculosis capitis	Diagnosis	Primary_Diagnosis	1	1	0	0	1	3	3	0	0	3	1	1	0	0	1	observed_term_no_disease_translation
Diagnosis_answer_list	Diagnosis	Disease	Pellagra			Pellagra	Diagnosis	Pellagra	Diagnosis	Primary_Diagnosis	0	0	0	0	0	4	4	0	0	4	0	0	0	0	0	observed_term_no_disease_translation
Diagnosis_answer_list	Diagnosis	Disease	Pemphigoid bọng nước			Pemphigoid bọng nước	Diagnosis	Pemphigoid bọng nước	Diagnosis	Primary_Diagnosis	5	5	0	0	5	28	28	0	0	28	8	8	0	0	8	observed_term_no_disease_translation
Diagnosis_answer_list	Diagnosis	Disease	Pemphigoid gestationis			Pemphigoid gestationis	Diagnosis	Pemphigoid gestationis	Diagnosis	Primary_Diagnosis	3	3	0	0	3	17	17	0	0	17	8	8	0	0	8	observed_term_no_disease_translation
Diagnosis_answer_list	Diagnosis	Disease	Pemphigus foliaceus			Pemphigus foliaceus	Diagnosis	Pemphigus foliaceus	Diagnosis	Primary_Diagnosis	0	0	0	0	0	6	6	0	0	6	3	3	0	0	3	observed_term_no_disease_translation
Diagnosis_answer_list	Diagnosis	Disease	Pemphigus gia đình lành tính			Pemphigus gia đình lành tính	Diagnosis	Pemphigus gia đình lành tính	Diagnosis	Primary_Diagnosis	0	0	0	0	0	6	6	0	0	6	1	1	0	0	1	observed_term_no_disease_translation
Diagnosis_answer_list	Diagnosis	Disease	Pemphigus vulgaris			Pemphigus vulgaris	Diagnosis	Pemphigus vulgaris	Diagnosis	Primary_Diagnosis	1	1	0	0	1	17	17	0	0	17	2	2	0	0	2	observed_term_no_disease_translation
Diagnosis_answer_list	Diagnosis	Disease	Penile epithelial neoplasia			Penile epithelial neoplasia	Diagnosis	Penile epithelial neoplasia	Diagnosis	Primary_Diagnosis	1	1	0	0	1	0	0	0	0	0	0	0	0	0	0	observed_term_no_disease_translation
Diagnosis_answer_list	Diagnosis	Disease	Periarteritis nodosa			Periarteritis nodosa	Diagnosis	Periarteritis nodosa	Diagnosis	Primary_Diagnosis	0	0	0	0	0	5	5	0	0	5	0	0	0	0	0	observed_term_no_disease_translation
Diagnosis_answer_list	Diagnosis	Disease	Periorificial dermatitis			Periorificial dermatitis	Diagnosis	Periorificial dermatitis	Diagnosis	Primary_Diagnosis	1	1	0	0	1	7	7	0	0	7	1	1	0	0	1	observed_term_no_disease_translation
Diagnosis_answer_list	Diagnosis	Disease	PHACE syndrome			PHACE syndrome	Diagnosis	PHACE syndrome	Diagnosis	Primary_Diagnosis	0	0	0	0	0	1	1	0	0	1	1	1	0	0	1	observed_term_no_disease_translation
Diagnosis_answer_list	Diagnosis	Disease	Piebaldism			Piebaldism	Diagnosis	Piebaldism	Diagnosis	Primary_Diagnosis	1	1	0	0	1	3	3	0	0	3	2	2	0	0	2	observed_term_no_disease_translation
Diagnosis_answer_list	Diagnosis	Disease	Piezogenic papules			Piezogenic papules	Diagnosis	Piezogenic papules	Diagnosis	Primary_Diagnosis	0	0	0	0	0	5	5	0	0	5	4	4	0	0	4	observed_term_no_disease_translation
Diagnosis_answer_list	Diagnosis	Disease	Pigmented purpura			Pigmented purpura	Diagnosis	Pigmented purpura	Diagnosis	Primary_Diagnosis	3	3	0	0	3	9	9	0	0	9	2	2	0	0	2	observed_term_no_disease_translation
Diagnosis_answer_list	Diagnosis	Disease	Pilar cyst			Pilar cyst	Diagnosis	Pilar cyst	Diagnosis	Primary_Diagnosis	0	0	0	0	0	10	10	0	0	10	3	3	0	0	3	observed_term_no_disease_translation
Diagnosis_answer_list	Diagnosis	Disease	Pilomatricoma			Pilomatricoma	Diagnosis	Pilomatricoma	Diagnosis	Primary_Diagnosis	0	0	0	0	0	5	5	0	0	5	2	2	0	0	2	observed_term_no_disease_translation
Diagnosis_answer_list	Diagnosis	Disease	Pilonidal disease			Pilonidal disease	Diagnosis	Pilonidal disease	Diagnosis	Primary_Diagnosis	0	0	0	0	0	1	1	0	0	1	1	1	0	0	1	observed_term_no_disease_translation
Diagnosis_answer_list	Diagnosis	Disease	Pityriasis alba			Pityriasis alba	Diagnosis	Pityriasis alba	Diagnosis	Primary_Diagnosis	0	0	0	0	0	7	7	0	0	7	4	4	0	0	4	observed_term_no_disease_translation
Diagnosis_answer_list	Diagnosis	Disease	Pityriasis amiantacea			Pityriasis amiantacea	Diagnosis	Pityriasis amiantacea	Diagnosis	Primary_Diagnosis	1	1	0	0	1	11	11	0	0	11	3	3	0	0	3	observed_term_no_disease_translation
Diagnosis_answer_list	Diagnosis	Disease	Pityriasis rubra pilaris			Pityriasis rubra pilaris	Diagnosis	Pityriasis rubra pilaris	Diagnosis	Primary_Diagnosis	1	1	0	0	1	14	14	0	0	14	1	1	0	0	1	observed_term_no_disease_translation
Diagnosis_answer_list	Diagnosis	Disease	Pityriasis versicolor			Pityriasis versicolor	Diagnosis	Pityriasis versicolor	Diagnosis	Primary_Diagnosis	0	0	0	0	0	10	10	0	0	10	0	0	0	0	0	observed_term_no_disease_translation
Diagnosis_answer_list	Diagnosis	Disease	Plasma cell balanitis_vulvitis			Plasma cell balanitis_vulvitis	Diagnosis	Plasma cell balanitis_vulvitis	Diagnosis	Primary_Diagnosis	1	1	0	0	1	1	1	0	0	1	0	0	0	0	0	observed_term_no_disease_translation
Diagnosis_answer_list	Diagnosis	Disease	Plasmacytoma			Plasmacytoma	Diagnosis	Plasmacytoma	Diagnosis	Primary_Diagnosis	0	0	0	0	0	1	1	0	0	1	1	1	0	0	1	observed_term_no_disease_translation
Diagnosis_answer_list	Diagnosis	Disease	Poikiloderma of Civatte			Poikiloderma of Civatte	Diagnosis	Poikiloderma of Civatte	Diagnosis	Primary_Diagnosis	0	0	0	0	0	6	6	0	0	6	2	2	0	0	2	observed_term_no_disease_translation
Diagnosis_answer_list	Diagnosis	Disease	Poliosis			Poliosis	Diagnosis	Poliosis	Diagnosis	Primary_Diagnosis	0	0	0	0	0	9	9	0	0	9	1	1	0	0	1	observed_term_no_disease_translation
Diagnosis_answer_list	Diagnosis	Disease	Polycystic ovary syndrome			Polycystic ovary syndrome	Diagnosis	Polycystic ovary syndrome	Diagnosis	Primary_Diagnosis	0	0	0	0	0	2	2	0	0	2	1	1	0	0	1	observed_term_no_disease_translation
Diagnosis_answer_list	Diagnosis	Disease	Polymorphic eruption of pregnancy			Polymorphic eruption of pregnancy	Diagnosis	Polymorphic eruption of pregnancy	Diagnosis	Primary_Diagnosis	0	0	0	0	0	3	3	0	0	3	1	1	0	0	1	observed_term_no_disease_translation
Diagnosis_answer_list	Diagnosis	Disease	Polymorphic light eruption			Polymorphic light eruption	Diagnosis	Polymorphic light eruption	Diagnosis	Primary_Diagnosis	1	1	0	0	1	9	9	0	0	9	3	3	0	0	3	observed_term_no_disease_translation
Diagnosis_answer_list	Diagnosis	Disease	Polythelia			Polythelia	Diagnosis	Polythelia	Diagnosis	Primary_Diagnosis	1	1	0	0	1	2	2	0	0	2	1	1	0	0	1	observed_term_no_disease_translation
Diagnosis_answer_list	Diagnosis	Disease	Porokeratosis nông lan tỏa do ánh sáng (DSAP)			Porokeratosis nông lan tỏa do ánh sáng (DSAP)	Diagnosis	Porokeratosis nông lan tỏa do ánh sáng (DSAP)	Diagnosis	Primary_Diagnosis	1	1	0	0	1	1	1	0	0	1	0	0	0	0	0	observed_term_no_disease_translation
Diagnosis_answer_list	Diagnosis	Disease	Porphyria cutanea tarda			Porphyria cutanea tarda	Diagnosis	Porphyria cutanea tarda	Diagnosis	Primary_Diagnosis	1	1	0	0	1	5	5	0	0	5	2	2	0	0	2	observed_term_no_disease_translation
Diagnosis_answer_list	Diagnosis	Disease	Porphyria variegata			Porphyria variegata	Diagnosis	Porphyria variegata	Diagnosis	Primary_Diagnosis	0	0	0	0	0	1	1	0	0	1	0	0	0	0	0	observed_term_no_disease_translation
Diagnosis_answer_list	Diagnosis	Disease	Postinflammatory hyperpigmentation			Postinflammatory hyperpigmentation	Diagnosis	Postinflammatory hyperpigmentation	Diagnosis	Primary_Diagnosis	1	1	0	0	1	13	13	0	0	13	2	2	0	0	2	observed_term_no_disease_translation
Diagnosis_answer_list	Diagnosis	Disease	Pressure ulcer			Pressure ulcer	Diagnosis	Pressure ulcer	Diagnosis	Primary_Diagnosis	2	2	0	0	2	9	9	0	0	9	2	2	0	0	2	observed_term_no_disease_translation
Diagnosis_answer_list	Diagnosis	Disease	Pretibial myxoedema			Pretibial myxoedema	Diagnosis	Pretibial myxoedema	Diagnosis	Primary_Diagnosis	3	3	0	0	3	14	14	0	0	14	4	4	0	0	4	observed_term_no_disease_translation
Diagnosis_answer_list	Diagnosis	Disease	Progressive macular hypomelanosis			Progressive macular hypomelanosis	Diagnosis	Progressive macular hypomelanosis	Diagnosis	Primary_Diagnosis	0	0	0	0	0	2	2	0	0	2	1	1	0	0	1	observed_term_no_disease_translation
Diagnosis_answer_list	Diagnosis	Disease	Prurigo			Prurigo	Diagnosis	Prurigo	Diagnosis	Primary_Diagnosis	3	3	0	0	3	33	33	0	0	33	8	8	0	0	8	observed_term_no_disease_translation
Diagnosis_answer_list	Diagnosis	Disease	Pruritic urticarial papules and plaques of pregnancy			Pruritic urticarial papules and plaques of pregnancy	Diagnosis	Pruritic urticarial papules and plaques of pregnancy	Diagnosis	Primary_Diagnosis	0	0	0	0	0	2	2	0	0	2	2	2	0	0	2	observed_term_no_disease_translation
Diagnosis_answer_list	Diagnosis	Disease	Pseudofolliculitis barbae			Pseudofolliculitis barbae	Diagnosis	Pseudofolliculitis barbae	Diagnosis	Primary_Diagnosis	0	0	0	0	0	4	4	0	0	4	1	1	0	0	1	observed_term_no_disease_translation
Diagnosis_answer_list	Diagnosis	Disease	Pseudopelade of Brocq			Pseudopelade of Brocq	Diagnosis	Pseudopelade of Brocq	Diagnosis	Primary_Diagnosis	0	0	0	0	0	6	6	0	0	6	4	4	0	0	4	observed_term_no_disease_translation
Diagnosis_answer_list	Diagnosis	Disease	Pseudoporphyria			Pseudoporphyria	Diagnosis	Pseudoporphyria	Diagnosis	Primary_Diagnosis	0	0	0	0	0	2	2	0	0	2	1	1	0	0	1	observed_term_no_disease_translation
Diagnosis_answer_list	Diagnosis	Disease	Psoriasis			Psoriasis	Diagnosis	Psoriasis	Diagnosis	Primary_Diagnosis	7	7	0	0	7	26	26	0	0	26	7	7	0	0	7	observed_term_no_disease_translation
Diagnosis_answer_list	Diagnosis	Disease	Psoriatic arthritis			Psoriatic arthritis	Diagnosis	Psoriatic arthritis	Diagnosis	Primary_Diagnosis	0	0	0	0	0	1	1	0	0	1	0	0	0	0	0	observed_term_no_disease_translation
Diagnosis_answer_list	Diagnosis	Disease	Pyoderma			Pyoderma	Diagnosis	Pyoderma	Diagnosis	Primary_Diagnosis	1	1	0	0	1	24	24	0	0	24	12	12	0	0	12	observed_term_no_disease_translation
Diagnosis_answer_list	Diagnosis	Disease	Pyogenic granuloma			Pyogenic granuloma	Diagnosis	Pyogenic granuloma	Diagnosis	Primary_Diagnosis	1	1	0	0	1	11	11	0	0	11	4	4	0	0	4	observed_term_no_disease_translation
Diagnosis_answer_list	Diagnosis	Disease	Radiation dermatitis			Radiation dermatitis	Diagnosis	Radiation dermatitis	Diagnosis	Primary_Diagnosis	0	0	0	0	0	4	4	0	0	4	2	2	0	0	2	observed_term_no_disease_translation
Diagnosis_answer_list	Diagnosis	Disease	Ramsay Hunt syndrome			Ramsay Hunt syndrome	Diagnosis	Ramsay Hunt syndrome	Diagnosis	Primary_Diagnosis	2	2	0	0	2	0	0	0	0	0	0	0	0	0	0	observed_term_no_disease_translation
Diagnosis_answer_list	Diagnosis	Disease	Raynaud phenomenon			Raynaud phenomenon	Diagnosis	Raynaud phenomenon	Diagnosis	Primary_Diagnosis	0	0	0	0	0	3	3	0	0	3	1	1	0	0	1	observed_term_no_disease_translation
Diagnosis_answer_list	Diagnosis	Disease	Recessive X-linked ichthyosis			Recessive X-linked ichthyosis	Diagnosis	Recessive X-linked ichthyosis	Diagnosis	Primary_Diagnosis	0	0	0	0	0	1	1	0	0	1	0	0	0	0	0	observed_term_no_disease_translation
Diagnosis_answer_list	Diagnosis	Disease	Reed syndrome			Reed syndrome	Diagnosis	Reed syndrome	Diagnosis	Primary_Diagnosis	0	0	0	0	0	2	2	0	0	2	1	1	0	0	1	observed_term_no_disease_translation
Diagnosis_answer_list	Diagnosis	Disease	Remitting seronegative symmetrical synovitis with pitting oedema			Remitting seronegative symmetrical synovitis with pitting oedema	Diagnosis	Remitting seronegative symmetrical synovitis with pitting oedema	Diagnosis	Primary_Diagnosis	0	0	0	0	0	1	1	0	0	1	1	1	0	0	1	observed_term_no_disease_translation
Diagnosis_answer_list	Diagnosis	Disease	Reticular erythematous mucinosis			Reticular erythematous mucinosis	Diagnosis	Reticular erythematous mucinosis	Diagnosis	Primary_Diagnosis	1	1	0	0	1	1	1	0	0	1	1	1	0	0	1	observed_term_no_disease_translation
Diagnosis_answer_list	Diagnosis	Disease	Rheumatic fever			Rheumatic fever	Diagnosis	Rheumatic fever	Diagnosis	Primary_Diagnosis	1	1	0	0	1	1	1	0	0	1	0	0	0	0	0	observed_term_no_disease_translation
Diagnosis_answer_list	Diagnosis	Disease	Rhinophyma			Rhinophyma	Diagnosis	Rhinophyma	Diagnosis	Primary_Diagnosis	2	2	0	0	2	14	14	0	0	14	4	4	0	0	4	observed_term_no_disease_translation
Diagnosis_answer_list	Diagnosis	Disease	Rosacea			Rosacea	Diagnosis	Rosacea	Diagnosis	Primary_Diagnosis	1	1	0	0	1	13	13	0	0	13	1	1	0	0	1	observed_term_no_disease_translation
Diagnosis_answer_list	Diagnosis	Disease	Roseola			Roseola	Diagnosis	Roseola	Diagnosis	Primary_Diagnosis	0	0	0	0	0	6	6	0	0	6	1	1	0	0	1	observed_term_no_disease_translation
Diagnosis_answer_list	Diagnosis	Disease	Ross syndrome			Ross syndrome	Diagnosis	Ross syndrome	Diagnosis	Primary_Diagnosis	0	0	0	0	0	3	3	0	0	3	1	1	0	0	1	observed_term_no_disease_translation
Diagnosis_answer_list	Diagnosis	Disease	Rothmund-Thomson syndrome			Rothmund-Thomson syndrome	Diagnosis	Rothmund-Thomson syndrome	Diagnosis	Primary_Diagnosis	1	1	0	0	1	2	2	0	0	2	1	1	0	0	1	observed_term_no_disease_translation
Diagnosis_answer_list	Diagnosis	Disease	Rubella			Rubella	Diagnosis	Rubella	Diagnosis	Primary_Diagnosis	0	0	0	0	0	2	2	0	0	2	0	0	0	0	0	observed_term_no_disease_translation
Diagnosis_answer_list	Diagnosis	Disease	Sarcoidosis			Sarcoidosis	Diagnosis	Sarcoidosis	Diagnosis	Primary_Diagnosis	2	2	0	0	2	10	10	0	0	10	5	5	0	0	5	observed_term_no_disease_translation
Diagnosis_answer_list	Diagnosis	Disease	Scabies			Scabies	Diagnosis	Scabies	Diagnosis	Primary_Diagnosis	1	1	0	0	1	11	11	0	0	11	5	5	0	0	5	observed_term_no_disease_translation
Diagnosis_answer_list	Diagnosis	Disease	Scarlatina			Scarlatina	Diagnosis	Scarlatina	Diagnosis	Primary_Diagnosis	0	0	0	0	0	5	5	0	0	5	2	2	0	0	2	observed_term_no_disease_translation
Diagnosis_answer_list	Diagnosis	Disease	Scurvy			Scurvy	Diagnosis	Scurvy	Diagnosis	Primary_Diagnosis	1	1	0	0	1	0	0	0	0	0	0	0	0	0	0	observed_term_no_disease_translation
Diagnosis_answer_list	Diagnosis	Disease	Sebaceous carcinoma			Sebaceous carcinoma	Diagnosis	Sebaceous carcinoma	Diagnosis	Primary_Diagnosis	0	0	0	0	0	2	2	0	0	2	1	1	0	0	1	observed_term_no_disease_translation
Diagnosis_answer_list	Diagnosis	Disease	Sebaceous hyperplasia			Sebaceous hyperplasia	Diagnosis	Sebaceous hyperplasia	Diagnosis	Primary_Diagnosis	3	3	0	0	3	12	12	0	0	12	4	4	0	0	4	observed_term_no_disease_translation
Diagnosis_answer_list	Diagnosis	Disease	Sneddon syndrome			Sneddon syndrome	Diagnosis	Sneddon syndrome	Diagnosis	Primary_Diagnosis	0	0	0	0	0	1	1	0	0	1	1	1	0	0	1	observed_term_no_disease_translation
Diagnosis_answer_list	Diagnosis	Disease	Solar urticaria			Solar urticaria	Diagnosis	Solar urticaria	Diagnosis	Primary_Diagnosis	0	0	0	0	0	1	1	0	0	1	1	1	0	0	1	observed_term_no_disease_translation
Diagnosis_answer_list	Diagnosis	Disease	Spider angioma			Spider angioma	Diagnosis	Spider angioma	Diagnosis	Primary_Diagnosis	1	1	0	0	1	3	3	0	0	3	0	0	0	0	0	observed_term_no_disease_translation
Diagnosis_answer_list	Diagnosis	Disease	Steatocystoma multiplex			Steatocystoma multiplex	Diagnosis	Steatocystoma multiplex	Diagnosis	Primary_Diagnosis	0	0	0	0	0	5	5	0	0	5	1	1	0	0	1	observed_term_no_disease_translation
Diagnosis_answer_list	Diagnosis	Disease	Subungual exostosis			Subungual exostosis	Diagnosis	Subungual exostosis	Diagnosis	Primary_Diagnosis	0	0	0	0	0	3	3	0	0	3	1	1	0	0	1	observed_term_no_disease_translation
Diagnosis_answer_list	Diagnosis	Disease	Sunburn			Sunburn	Diagnosis	Sunburn	Diagnosis	Primary_Diagnosis	2	2	0	0	2	15	15	0	0	15	5	5	0	0	5	observed_term_no_disease_translation
Diagnosis_answer_list	Diagnosis	Disease	Superficial thrombophlebitis			Superficial thrombophlebitis	Diagnosis	Superficial thrombophlebitis	Diagnosis	Primary_Diagnosis	0	0	0	0	0	1	1	0	0	1	0	0	0	0	0	observed_term_no_disease_translation
Diagnosis_answer_list	Diagnosis	Disease	Swimmer_s itch			Swimmer_s itch	Diagnosis	Swimmer_s itch	Diagnosis	Primary_Diagnosis	0	0	0	0	0	1	1	0	0	1	0	0	0	0	0	observed_term_no_disease_translation
Diagnosis_answer_list	Diagnosis	Disease	Syphilis			Syphilis	Diagnosis	Syphilis	Diagnosis	Primary_Diagnosis	1	1	0	0	1	18	18	0	0	18	7	7	0	0	7	observed_term_no_disease_translation
Diagnosis_answer_list	Diagnosis	Disease	Systemic lupus erythematosus			Systemic lupus erythematosus	Diagnosis	Systemic lupus erythematosus	Diagnosis	Primary_Diagnosis	2	2	0	0	2	13	13	0	0	13	4	4	0	0	4	observed_term_no_disease_translation
Diagnosis_answer_list	Diagnosis	Disease	Systemic sclerosis			Systemic sclerosis	Diagnosis	Systemic sclerosis	Diagnosis	Primary_Diagnosis	1	1	0	0	1	7	7	0	0	7	2	2	0	0	2	observed_term_no_disease_translation
Diagnosis_answer_list	Diagnosis	Disease	Sézary syndrome			Sézary syndrome	Diagnosis	Sézary syndrome	Diagnosis	Primary_Diagnosis	0	0	0	0	0	8	8	0	0	8	1	1	0	0	1	observed_term_no_disease_translation
Diagnosis_answer_list	Diagnosis	Disease	Tinea barbae			Tinea barbae	Diagnosis	Tinea barbae	Diagnosis	Primary_Diagnosis	1	1	0	0	1	4	4	0	0	4	2	2	0	0	2	observed_term_no_disease_translation
Diagnosis_answer_list	Diagnosis	Disease	Tinea capitis			Tinea capitis	Diagnosis	Tinea capitis	Diagnosis	Primary_Diagnosis	3	3	0	0	3	8	8	0	0	8	2	2	0	0	2	observed_term_no_disease_translation
Diagnosis_answer_list	Diagnosis	Disease	Tinea corporis			Tinea corporis	Diagnosis	Tinea corporis	Diagnosis	Primary_Diagnosis	1	1	0	0	1	11	11	0	0	11	1	1	0	0	1	observed_term_no_disease_translation
Diagnosis_answer_list	Diagnosis	Disease	Tinea cruris			Tinea cruris	Diagnosis	Tinea cruris	Diagnosis	Primary_Diagnosis	1	1	0	0	1	6	6	0	0	6	1	1	0	0	1	observed_term_no_disease_translation
Diagnosis_answer_list	Diagnosis	Disease	Tinea faciei			Tinea faciei	Diagnosis	Tinea faciei	Diagnosis	Primary_Diagnosis	1	1	0	0	1	9	9	0	0	9	3	3	0	0	3	observed_term_no_disease_translation
Diagnosis_answer_list	Diagnosis	Disease	Tinea incognita			Tinea incognita	Diagnosis	Tinea incognita	Diagnosis	Primary_Diagnosis	0	0	0	0	0	2	2	0	0	2	0	0	0	0	0	observed_term_no_disease_translation
Diagnosis_answer_list	Diagnosis	Disease	Tinea manuum			Tinea manuum	Diagnosis	Tinea manuum	Diagnosis	Primary_Diagnosis	0	0	0	0	0	3	3	0	0	3	1	1	0	0	1	observed_term_no_disease_translation
Diagnosis_answer_list	Diagnosis	Disease	Tinea pedis			Tinea pedis	Diagnosis	Tinea pedis	Diagnosis	Primary_Diagnosis	1	1	0	0	1	9	9	0	0	9	2	2	0	0	2	observed_term_no_disease_translation
Diagnosis_answer_list	Diagnosis	Disease	Topical corticosteroid withdrawal			Topical corticosteroid withdrawal	Diagnosis	Topical corticosteroid withdrawal	Diagnosis	Primary_Diagnosis	0	0	0	0	0	1	1	0	0	1	1	1	0	0	1	observed_term_no_disease_translation
Diagnosis_answer_list	Diagnosis	Disease	Toxic erythema of the newborn			Toxic erythema of the newborn	Diagnosis	Toxic erythema of the newborn	Diagnosis	Primary_Diagnosis	1	1	0	0	1	1	1	0	0	1	1	1	0	0	1	observed_term_no_disease_translation
Diagnosis_answer_list	Diagnosis	Disease	Traction alopecia			Traction alopecia	Diagnosis	Traction alopecia	Diagnosis	Primary_Diagnosis	1	1	0	0	1	3	3	0	0	3	1	1	0	0	1	observed_term_no_disease_translation
Diagnosis_answer_list	Diagnosis	Disease	Transient lingual papillitis			Transient lingual papillitis	Diagnosis	Transient lingual papillitis	Diagnosis	Primary_Diagnosis	0	0	0	0	0	5	5	0	0	5	2	2	0	0	2	observed_term_no_disease_translation
Diagnosis_answer_list	Diagnosis	Disease	Transient neonatal pustular melanosis			Transient neonatal pustular melanosis	Diagnosis	Transient neonatal pustular melanosis	Diagnosis	Primary_Diagnosis	0	0	0	0	0	1	1	0	0	1	1	1	0	0	1	observed_term_no_disease_translation
Diagnosis_answer_list	Diagnosis	Disease	Triangular alopecia			Triangular alopecia	Diagnosis	Triangular alopecia	Diagnosis	Primary_Diagnosis	0	0	0	0	0	1	1	0	0	1	1	1	0	0	1	observed_term_no_disease_translation
Diagnosis_answer_list	Diagnosis	Disease	Trichotillomania			Trichotillomania	Diagnosis	Trichotillomania	Diagnosis	Primary_Diagnosis	3	3	0	0	3	9	9	0	0	9	4	4	0	0	4	observed_term_no_disease_translation
Diagnosis_answer_list	Diagnosis	Disease	Tuberous sclerosis			Tuberous sclerosis	Diagnosis	Tuberous sclerosis	Diagnosis	Primary_Diagnosis	0	0	0	0	0	13	13	0	0	13	5	5	0	0	5	observed_term_no_disease_translation
Diagnosis_answer_list	Diagnosis	Disease	U hắc tố ác tính di căn			U hắc tố ác tính di căn	Diagnosis	U hắc tố ác tính di căn	Diagnosis	Primary_Diagnosis	1	1	0	0	1	8	8	0	0	8	2	2	0	0	2	observed_term_no_disease_translation
Diagnosis_answer_list	Diagnosis	Disease	U hắc tố ác tính dạng đầu chi			U hắc tố ác tính dạng đầu chi	Diagnosis	U hắc tố ác tính dạng đầu chi	Diagnosis	Primary_Diagnosis	1	1	0	0	1	14	14	0	0	14	2	2	0	0	2	observed_term_no_disease_translation
Diagnosis_answer_list	Diagnosis	Disease	U hắc tố ác tính ở mắt			U hắc tố ác tính ở mắt	Diagnosis	U hắc tố ác tính ở mắt	Diagnosis	Primary_Diagnosis	1	1	0	0	1	2	2	0	0	2	1	1	0	0	1	observed_term_no_disease_translation
Diagnosis_answer_list	Diagnosis	Disease	U sùi dạng nấm (Mycosis fungoides)			U sùi dạng nấm (Mycosis fungoides)	Diagnosis	U sùi dạng nấm (Mycosis fungoides)	Diagnosis	Primary_Diagnosis	2	2	0	0	2	15	15	0	0	15	7	7	0	0	7	observed_term_no_disease_translation
Diagnosis_answer_list	Diagnosis	Disease	Ung thư biểu mô tế bào vảy			Ung thư biểu mô tế bào vảy	Diagnosis	Ung thư biểu mô tế bào vảy	Diagnosis	Primary_Diagnosis	1	1	0	0	1	19	19	0	0	19	7	7	0	0	7	observed_term_no_disease_translation
Diagnosis_answer_list	Diagnosis	Disease	Ung thư biểu mô tế bào vảy hậu môn sinh dục			Ung thư biểu mô tế bào vảy hậu môn sinh dục	Diagnosis	Ung thư biểu mô tế bào vảy hậu môn sinh dục	Diagnosis	Primary_Diagnosis	0	0	0	0	0	3	3	0	0	3	1	1	0	0	1	observed_term_no_disease_translation
Diagnosis_answer_list	Diagnosis	Disease	Ung thư biểu mô tế bào đáy			Ung thư biểu mô tế bào đáy	Diagnosis	Ung thư biểu mô tế bào đáy	Diagnosis	Primary_Diagnosis	6	6	0	0	6	41	41	0	0	41	11	11	0	0	11	observed_term_no_disease_translation
Diagnosis_answer_list	Diagnosis	Disease	Varicose veins			Varicose veins	Diagnosis	Varicose veins	Diagnosis	Primary_Diagnosis	1	1	0	0	1	7	7	0	0	7	3	3	0	0	3	observed_term_no_disease_translation
Diagnosis_answer_list	Diagnosis	Disease	Venous eczema			Venous eczema	Diagnosis	Venous eczema	Diagnosis	Primary_Diagnosis	2	2	0	0	2	10	10	0	0	10	4	4	0	0	4	observed_term_no_disease_translation
Diagnosis_answer_list	Diagnosis	Disease	Venous lake			Venous lake	Diagnosis	Venous lake	Diagnosis	Primary_Diagnosis	3	3	0	0	3	10	10	0	0	10	3	3	0	0	3	observed_term_no_disease_translation
Diagnosis_answer_list	Diagnosis	Disease	Vitiligo			Vitiligo	Diagnosis	Vitiligo	Diagnosis	Primary_Diagnosis	0	0	0	0	0	22	22	0	0	22	5	5	0	0	5	observed_term_no_disease_translation
Diagnosis_answer_list	Diagnosis	Disease	Viêm da cơ địa			Viêm da cơ địa	Diagnosis	Viêm da cơ địa	Diagnosis	Primary_Diagnosis	10	10	0	0	10	53	53	0	0	53	15	15	0	0	15	observed_term_no_disease_translation
Diagnosis_answer_list	Diagnosis	Disease	Viêm mạch mày đay			Viêm mạch mày đay	Diagnosis	Viêm mạch mày đay	Diagnosis	Primary_Diagnosis	2	2	0	0	2	8	8	0	0	8	4	4	0	0	4	observed_term_no_disease_translation
Diagnosis_answer_list	Diagnosis	Disease	Vulval intraepithelial neoplasia			Vulval intraepithelial neoplasia	Diagnosis	Vulval intraepithelial neoplasia	Diagnosis	Primary_Diagnosis	1	1	0	0	1	19	19	0	0	19	2	2	0	0	2	observed_term_no_disease_translation
Diagnosis_answer_list	Diagnosis	Disease	Vulvovaginal candidiasis			Vulvovaginal candidiasis	Diagnosis	Vulvovaginal candidiasis	Diagnosis	Primary_Diagnosis	0	0	0	0	0	5	5	0	0	5	5	5	0	0	5	observed_term_no_disease_translation
Diagnosis_answer_list	Diagnosis	Disease	Whipple disease			Whipple disease	Diagnosis	Whipple disease	Diagnosis	Primary_Diagnosis	1	1	0	0	1	0	0	0	0	0	0	0	0	0	0	observed_term_no_disease_translation
Diagnosis_answer_list	Diagnosis	Disease	Wound infection			Wound infection	Diagnosis	Wound infection	Diagnosis	Primary_Diagnosis	1	1	0	0	1	8	8	0	0	8	2	2	0	0	2	observed_term_no_disease_translation
Diagnosis_answer_list	Diagnosis	Disease	X linked ichthyosis			X linked ichthyosis	Diagnosis	X linked ichthyosis	Diagnosis	Primary_Diagnosis	1	1	0	0	1	4	4	0	0	4	2	2	0	0	2	observed_term_no_disease_translation
Diagnosis_answer_list	Diagnosis	Disease	Xanthoma			Xanthoma	Diagnosis	Xanthoma	Diagnosis	Primary_Diagnosis	2	2	0	0	2	13	13	0	0	13	5	5	0	0	5	observed_term_no_disease_translation
Diagnosis_answer_list	Diagnosis	Disease	Xeroderma pigmentosum			Xeroderma pigmentosum	Diagnosis	Xeroderma pigmentosum	Diagnosis	Primary_Diagnosis	0	0	0	0	0	8	8	0	0	8	2	2	0	0	2	observed_term_no_disease_translation
Diagnosis_answer_list	Diagnosis	Disease	Xâm nhiễm bạch cầu ở da			Xâm nhiễm bạch cầu ở da	Diagnosis	Xâm nhiễm bạch cầu ở da	Diagnosis	Primary_Diagnosis	1	1	0	0	1	1	1	0	0	1	1	1	0	0	1	observed_term_no_disease_translation
Diagnosis_answer_list	Diagnosis	Disease	Xơ cứng bì khu trú (morphoea)			Xơ cứng bì khu trú (morphoea)	Diagnosis	Xơ cứng bì khu trú (morphoea)	Diagnosis	Primary_Diagnosis	2	2	0	0	2	14	14	0	0	14	7	7	0	0	7	observed_term_no_disease_translation
Diagnosis_answer_list	Diagnosis	Disease	Zygomycosis			Zygomycosis	Diagnosis	Zygomycosis	Diagnosis	Primary_Diagnosis	0	0	0	0	0	1	1	0	0	1	1	1	0	0	1	observed_term_no_disease_translation
Distribution_pattern	Annular_or_circular_arrangement	Distribution	Annular_or_circular_arrangement	Ngoại vi thành vòng		Ngoại vi thành vòng	Annular_or_circular_arrangement	Ngoại vi thành vòng	Anatomical_Distribution	Distribution	1	1	0	0	1	0	0	0	0	0	0	0	0	0	0	observed_term_no_disease_translation
Distribution_pattern	Annular_or_circular_arrangement	Distribution	Annular_or_circular_arrangement	Thành vòng		Thành vòng	Annular_or_circular_arrangement	Thành vòng	Anatomical_Distribution	Distribution	0	0	0	0	0	1	1	0	0	1	1	1	0	0	1	observed_term_no_disease_translation
Distribution_pattern	Annular_or_circular_arrangement	Distribution	Annular_or_circular_arrangement	Vòng		Vòng	Annular_or_circular_arrangement	Vòng	Anatomical_Distribution	Distribution	0	0	0	0	0	1	1	0	1	1	0	0	0	0	0	observed_term_no_disease_translation
Distribution_pattern	Annular_or_circular_arrangement	Distribution	Annular_or_circular_arrangement	Xếp thành vòng		Xếp thành vòng	Annular_or_circular_arrangement	Xếp thành vòng	Anatomical_Distribution	Distribution	0	0	0	0	0	1	1	0	0	1	0	0	0	0	0	observed_term_no_disease_translation
Distribution_pattern	Annular_or_circular_arrangement	Distribution	Annular_or_circular_arrangement	Đồng tâm		Đồng tâm	Annular_or_circular_arrangement	Đồng tâm	Anatomical_Distribution	Distribution	0	0	0	0	0	1	1	0	1	1	1	1	0	1	1	observed_term_no_disease_translation
Distribution_pattern	Body_surface_orientation	Distribution	Body_surface_orientation	Mặt bên		Mặt bên	Body_surface_orientation	Mặt bên || mặt bên	Anatomical_Distribution	Distribution	2	2	0	1	2	5	7	0	2	7	4	5	0	2	5	observed_term_no_disease_translation
Distribution_pattern	Body_surface_orientation	Distribution	Body_surface_orientation	Mặt ngoài		Mặt ngoài	Body_surface_orientation	mặt ngoài	Anatomical_Distribution	Distribution	2	2	0	2	2	0	0	0	0	0	0	0	0	0	0	observed_term_no_disease_translation
Distribution_pattern	Body_surface_orientation	Distribution	Body_surface_orientation	Mặt trong		Mặt trong	Body_surface_orientation	Mặt trong	Anatomical_Distribution	Distribution	0	0	0	0	0	3	5	0	0	5	1	2	0	0	2	observed_term_no_disease_translation
Distribution_pattern	Body_surface_orientation	Distribution	Body_surface_orientation	Mặt trước		Mặt trước	Body_surface_orientation	Mặt trước || mặt trước	Anatomical_Distribution	Distribution	2	2	0	0	2	8	9	0	3	9	3	3	0	1	3	observed_term_no_disease_translation
Distribution_pattern	Clustered	Distribution	Clustered	Cụm		Cụm	Clustered	Cụm	Anatomical_Distribution	Distribution	6	6	0	1	6	53	66	0	11	66	13	15	0	2	15	observed_term_no_disease_translation
Distribution_pattern	Clustered	Distribution	Clustered	Cụm nhỏ		Cụm nhỏ	Clustered	Cụm nhỏ	Anatomical_Distribution	Distribution	3	3	0	1	3	8	9	0	0	9	5	6	0	0	6	observed_term_no_disease_translation
Distribution_pattern	Clustered	Distribution	Clustered	Cụm thưa		Cụm thưa	Clustered	Cụm thưa	Anatomical_Distribution	Distribution	0	0	0	0	0	5	5	0	1	5	1	1	0	0	1	observed_term_no_disease_translation
Distribution_pattern	Clustered	Distribution	Clustered	Nhóm		Nhóm	Clustered	Nhóm	Anatomical_Distribution	Distribution	0	0	0	0	0	2	2	0	0	2	0	0	0	0	0	observed_term_no_disease_translation
Distribution_pattern	Clustered	Distribution	Clustered	Thành cụm		Thành cụm	Clustered	Thành cụm	Anatomical_Distribution	Distribution	26	27	0	68	87	150	168	0	609	726	56	62	0	207	249	observed_term_no_disease_translation
Distribution_pattern	Clustered	Distribution	Clustered	Thành đám		Thành đám	Clustered	Thành đám	Anatomical_Distribution	Distribution	4	4	0	1	4	19	24	0	8	24	4	9	0	2	9	observed_term_no_disease_translation
Distribution_pattern	Clustered	Distribution	Clustered	Tập trung cụm		Tập trung cụm	Clustered	Tập trung cụm	Anatomical_Distribution	Distribution	1	1	0	1	1	6	8	0	2	8	1	1	0	0	1	observed_term_no_disease_translation
Distribution_pattern	Clustered	Distribution	Clustered	Tụ cụm		Tụ cụm	Clustered	Tụ cụm	Anatomical_Distribution	Distribution	0	0	0	0	0	8	12	0	3	12	3	5	0	2	5	observed_term_no_disease_translation
Distribution_pattern	Clustered	Distribution	Clustered	Tụ thành chùm		Tụ thành chùm	Clustered	Tụ thành chùm	Anatomical_Distribution	Distribution	1	1	0	1	1	1	1	0	0	1	0	0	0	0	0	observed_term_no_disease_translation
Distribution_pattern	Clustered	Distribution	Clustered	Tụ thành cụm		Tụ thành cụm	Clustered	Tụ thành cụm	Anatomical_Distribution	Distribution	1	1	0	0	1	6	7	0	1	7	1	1	0	0	1	observed_term_no_disease_translation
Distribution_pattern	Clustered	Distribution	Clustered	Tụ thành đám		Tụ thành đám	Clustered	Tụ thành đám	Anatomical_Distribution	Distribution	0	0	0	0	0	4	4	0	3	4	3	3	0	2	3	observed_term_no_disease_translation
Distribution_pattern	Clustered	Distribution	Clustered	Tụ đám		Tụ đám	Clustered	Tụ đám	Anatomical_Distribution	Distribution	2	3	0	2	3	10	10	0	4	10	3	3	0	2	3	observed_term_no_disease_translation
Distribution_pattern	Clustered	Distribution	Clustered	Từng cụm		Từng cụm	Clustered	Từng cụm	Anatomical_Distribution	Distribution	1	1	0	0	1	7	8	0	1	8	3	3	0	1	3	observed_term_no_disease_translation
Distribution_pattern	Clustered	Distribution	Clustered	Đám		Đám	Clustered	Đám	Anatomical_Distribution	Distribution	2	2	0	0	2	1	1	0	1	1	1	1	0	1	1	observed_term_no_disease_translation
Distribution_pattern	Density	Distribution	Density	Dày đặc		Dày đặc	Density	Dày đặc	Anatomical_Distribution	Distribution	2	2	0	0	2	18	21	0	5	21	10	11	0	2	11	observed_term_no_disease_translation
Distribution_pattern	Density	Distribution	Density	Thưa		Thưa	Density	Thưa	Anatomical_Distribution	Distribution	0	0	0	0	0	3	4	0	1	4	0	1	0	0	1	observed_term_no_disease_translation
Distribution_pattern	Density	Distribution	Density	Thưa thớt		Thưa thớt	Density	Thưa thớt	Anatomical_Distribution	Distribution	1	1	0	1	1	2	2	0	0	2	0	0	0	0	0	observed_term_no_disease_translation
Distribution_pattern	Exposure_or_contact	Distribution	Exposure_or_contact	Da phơi nắng		Da phơi nắng	Exposure_or_contact	Da phơi nắng	Anatomical_Distribution	Distribution	0	0	0	0	0	2	2	0	1	2	1	1	0	1	1	observed_term_no_disease_translation
Distribution_pattern	Exposure_or_contact	Distribution	Exposure_or_contact	Vùng da hở		Vùng da hở	Exposure_or_contact	Vùng da hở	Anatomical_Distribution	Distribution	1	1	0	0	1	11	14	0	3	14	7	9	0	1	9	observed_term_no_disease_translation
Distribution_pattern	Exposure_or_contact	Distribution	Exposure_or_contact	Vùng phơi nắng		Vùng phơi nắng	Exposure_or_contact	Vùng phơi nắng	Anatomical_Distribution	Distribution	0	0	0	0	0	1	1	0	1	1	1	1	0	1	1	observed_term_no_disease_translation
Distribution_pattern	Extent	Distribution	Extent	Khu trú		Khu trú	Extent	Khu trú	Anatomical_Distribution	Distribution	197	224	2	126	288	1613	1860	83	1013	2405	547	634	20	341	807	observed_term_no_disease_translation
Distribution_pattern	Extent	Distribution	Extent	Lan rộng		Lan rộng	Extent	Lan rộng	Anatomical_Distribution	Distribution	0	0	0	0	0	13	16	0	4	16	3	4	0	2	4	observed_term_no_disease_translation
Distribution_pattern	Extent	Distribution	Extent	Lan tỏa		Lan tỏa	Extent	Lan tỏa	Anatomical_Distribution	Distribution	59	68	3	108	158	476	552	70	873	1346	157	181	20	298	450	observed_term_no_disease_translation
Distribution_pattern	Extent	Distribution	Extent	Lan tỏa nhẹ		Lan tỏa nhẹ	Extent	Lan tỏa nhẹ	Anatomical_Distribution	Distribution	0	0	0	0	0	2	3	0	0	3	1	1	0	0	1	observed_term_no_disease_translation
Distribution_pattern	Extent	Distribution	Extent	Rải rác		Rải rác	Extent	Rải rác	Anatomical_Distribution	Distribution	121	132	8	85	194	994	1158	59	749	1649	324	389	23	260	569	observed_term_no_disease_translation
Distribution_pattern	Extent	Distribution	Extent	Toàn thân		Toàn thân	Extent	Toàn thân	Anatomical_Distribution	Distribution	0	0	0	0	0	1	1	0	1	1	1	1	0	1	1	observed_term_no_disease_translation
Distribution_pattern	Extent_and_configuration	Distribution	Extent_and_configuration	Hợp lưu		Hợp lưu	Extent_and_configuration	Hợp lưu	Anatomical_Distribution	Distribution	4	4	0	1	4	35	41	0	14	41	7	11	0	3	11	observed_term_no_disease_translation
Distribution_pattern	Extent_and_configuration	Distribution	Extent_and_configuration	Liên tục		Liên tục	Extent_and_configuration	Liên tục	Anatomical_Distribution	Distribution	0	0	0	0	0	6	7	0	1	7	1	2	0	0	2	observed_term_no_disease_translation
Distribution_pattern	Extent_and_configuration	Distribution	Extent_and_configuration	Rải rác hợp lưu		Rải rác hợp lưu	Extent_and_configuration	Rải rác hợp lưu	Anatomical_Distribution	Distribution	0	0	0	0	0	3	3	0	0	3	1	1	0	0	1	observed_term_no_disease_translation
Distribution_pattern	Extent_and_configuration	Distribution	Extent_and_configuration	Rời rạc		Rời rạc	Extent_and_configuration	Rời rạc	Anatomical_Distribution	Distribution	0	0	0	0	0	1	1	0	1	1	1	1	0	1	1	observed_term_no_disease_translation
Distribution_pattern	Extent_and_configuration	Distribution	Extent_and_configuration	Thành mảng		Thành mảng	Extent_and_configuration	Thành mảng	Anatomical_Distribution	Distribution	0	0	0	0	0	1	1	0	0	1	0	0	0	0	0	observed_term_no_disease_translation
Distribution_pattern	Extent_and_configuration	Distribution	Extent_and_configuration	Tách biệt		Tách biệt	Extent_and_configuration	Tách biệt	Anatomical_Distribution	Distribution	1	1	0	0	1	0	0	0	0	0	0	0	0	0	0	observed_term_no_disease_translation
Distribution_pattern	Extent_and_configuration	Distribution	Extent_and_configuration	Tập trung		Tập trung	Extent_and_configuration	Tập trung	Anatomical_Distribution	Distribution	3	4	0	1	4	21	22	0	11	22	8	8	0	5	8	observed_term_no_disease_translation
Distribution_pattern	Extent_and_laterality	Distribution	Extent_and_laterality	Khu trú một bên		Khu trú một bên	Extent_and_laterality	Khu trú một bên	Anatomical_Distribution	Distribution	1	1	0	1	1	2	5	0	0	5	1	2	0	0	2	observed_term_no_disease_translation
Distribution_pattern	Flexural_or_extensor	Distribution	Flexural_or_extensor	Mặt duỗi		Mặt duỗi	Flexural_or_extensor	Mặt duỗi	Anatomical_Distribution	Distribution	3	4	0	1	4	17	19	0	8	19	2	3	0	0	3	observed_term_no_disease_translation
Distribution_pattern	Flexural_or_extensor	Distribution	Flexural_or_extensor	Mặt gấp		Mặt gấp	Flexural_or_extensor	Mặt gấp	Anatomical_Distribution	Distribution	0	0	0	0	0	7	7	0	3	7	1	1	0	1	1	observed_term_no_disease_translation
Distribution_pattern	Flexural_or_linear	Distribution	Flexural_or_linear	Dọc nếp gấp		Dọc nếp gấp	Flexural_or_linear	Dọc nếp gấp	Anatomical_Distribution	Distribution	2	2	0	1	2	6	6	0	2	6	1	1	0	1	1	observed_term_no_disease_translation
Distribution_pattern	Follicular_pattern	Distribution	Follicular_pattern	Quanh nang lông		Quanh nang lông	Follicular_pattern	Quanh nang lông	Anatomical_Distribution	Distribution	2	2	0	0	2	5	9	0	1	9	1	3	0	1	3	observed_term_no_disease_translation
Distribution_pattern	Follicular_pattern	Distribution	Follicular_pattern	Theo nang lông		Theo nang lông	Follicular_pattern	Theo nang lông	Anatomical_Distribution	Distribution	0	0	0	0	0	8	8	0	3	8	2	2	0	1	2	observed_term_no_disease_translation
Distribution_pattern	Irregular_or_asymmetric_pattern	Distribution	Irregular_or_asymmetric_pattern	Không đều		Không đều	Irregular_or_asymmetric_pattern	Không đều	Anatomical_Distribution	Distribution	0	0	0	0	0	6	8	0	1	8	1	1	0	0	1	observed_term_no_disease_translation
Distribution_pattern	Laterality_and_symmetry	Distribution	Laterality_and_symmetry	Hai bên		Hai bên	Laterality_and_symmetry	Hai bên	Anatomical_Distribution	Distribution	48	53	0	21	53	325	369	0	119	369	92	115	0	33	115	observed_term_no_disease_translation
Distribution_pattern	Laterality_and_symmetry	Distribution	Laterality_and_symmetry	Lệch bên		Lệch bên	Laterality_and_symmetry	Lệch bên	Anatomical_Distribution	Distribution	1	1	0	0	1	2	3	0	0	3	1	1	0	0	1	observed_term_no_disease_translation
Distribution_pattern	Laterality_and_symmetry	Distribution	Laterality_and_symmetry	Một bên		Một bên	Laterality_and_symmetry	Một bên	Anatomical_Distribution	Distribution	9	9	0	78	81	60	67	0	611	652	15	18	0	209	220	observed_term_no_disease_translation
Distribution_pattern	Laterality_and_symmetry	Distribution	Laterality_and_symmetry	Đối xứng		Đối xứng	Laterality_and_symmetry	Đối xứng	Anatomical_Distribution	Distribution	51	54	15	112	164	347	392	106	915	1278	117	134	33	304	419	observed_term_no_disease_translation
Distribution_pattern	Laterality_and_symmetry	Distribution	Laterality_and_symmetry	Đối xứng hai bên		Đối xứng hai bên	Laterality_and_symmetry	Đối xứng hai bên	Anatomical_Distribution	Distribution	0	0	0	0	0	0	1	0	0	1	0	1	0	0	1	observed_term_no_disease_translation
Distribution_pattern	Linear_or_row	Distribution	Linear_or_row	Dạng dải		Dạng dải	Linear_or_row	Dạng dải	Anatomical_Distribution	Distribution	0	0	0	0	0	1	2	0	0	2	0	0	0	0	0	observed_term_no_disease_translation
Distribution_pattern	Linear_or_row	Distribution	Linear_or_row	Dạng tuyến		Dạng tuyến	Linear_or_row	Dạng tuyến	Anatomical_Distribution	Distribution	0	0	0	0	0	1	1	0	1	1	0	0	0	0	0	observed_term_no_disease_translation
Distribution_pattern	Linear_or_row	Distribution	Linear_or_row	Dạng đường		Dạng đường	Linear_or_row	Dạng đường	Anatomical_Distribution	Distribution	0	0	0	0	0	1	1	0	0	1	1	1	0	0	1	observed_term_no_disease_translation
Distribution_pattern	Linear_or_row	Distribution	Linear_or_row	Dải		Dải	Linear_or_row	Dải	Anatomical_Distribution	Distribution	0	0	0	0	0	4	4	0	2	4	3	3	0	1	3	observed_term_no_disease_translation
Distribution_pattern	Linear_or_row	Distribution	Linear_or_row	Dọc		Dọc	Linear_or_row	Dọc	Anatomical_Distribution	Distribution	1	1	0	1	1	17	20	0	1	20	5	5	0	0	5	observed_term_no_disease_translation
Distribution_pattern	Linear_or_row	Distribution	Linear_or_row	Dọc chi		Dọc chi	Linear_or_row	Dọc chi	Anatomical_Distribution	Distribution	2	2	0	1	2	4	6	0	1	6	1	1	0	1	1	observed_term_no_disease_translation
Distribution_pattern	Linear_or_row	Distribution	Linear_or_row	Dọc khe		Dọc khe	Linear_or_row	Dọc khe	Anatomical_Distribution	Distribution	0	0	0	0	0	2	2	0	0	2	1	1	0	0	1	observed_term_no_disease_translation
Distribution_pattern	Linear_or_row	Distribution	Linear_or_row	Dọc rãnh		Dọc rãnh	Linear_or_row	Dọc rãnh	Anatomical_Distribution	Distribution	0	0	0	0	0	2	2	0	1	2	1	1	0	0	1	observed_term_no_disease_translation
Distribution_pattern	Linear_or_row	Distribution	Linear_or_row	Dọc trục		Dọc trục	Linear_or_row	Dọc trục	Anatomical_Distribution	Distribution	0	0	0	0	0	3	3	0	1	3	0	0	0	0	0	observed_term_no_disease_translation
Distribution_pattern	Linear_or_row	Distribution	Linear_or_row	Lan dọc		Lan dọc	Linear_or_row	Lan dọc	Anatomical_Distribution	Distribution	2	2	0	0	2	3	3	0	2	3	0	0	0	0	0	observed_term_no_disease_translation
Distribution_pattern	Linear_or_row	Distribution	Linear_or_row	Nằm ngang		Nằm ngang	Linear_or_row	Nằm ngang	Anatomical_Distribution	Distribution	0	0	0	0	0	1	1	0	0	1	0	0	0	0	0	observed_term_no_disease_translation
Distribution_pattern	Linear_or_row	Distribution	Linear_or_row	Theo chiều ngang		Theo chiều ngang	Linear_or_row	Theo chiều ngang	Anatomical_Distribution	Distribution	0	0	0	0	0	1	1	0	0	1	1	1	0	0	1	observed_term_no_disease_translation
Distribution_pattern	Linear_or_row	Distribution	Linear_or_row	Theo dải		Theo dải	Linear_or_row	Theo dải	Anatomical_Distribution	Distribution	0	0	0	0	0	4	4	0	0	4	2	2	0	0	2	observed_term_no_disease_translation
Distribution_pattern	Linear_or_row	Distribution	Linear_or_row	Theo hàng		Theo hàng	Linear_or_row	Theo hàng	Anatomical_Distribution	Distribution	0	0	0	0	0	0	1	0	0	1	0	0	0	0	0	observed_term_no_disease_translation
Distribution_pattern	Linear_or_row	Distribution	Linear_or_row	Thành dải		Thành dải	Linear_or_row	Thành dải	Anatomical_Distribution	Distribution	2	2	0	2	2	14	16	0	4	16	5	5	0	1	5	observed_term_no_disease_translation
Distribution_pattern	Linear_or_row	Distribution	Linear_or_row	Thành hàng		Thành hàng	Linear_or_row	Thành hàng	Anatomical_Distribution	Distribution	1	1	0	1	1	6	7	0	5	7	1	1	0	1	1	observed_term_no_disease_translation
Distribution_pattern	Linear_or_row	Distribution	Linear_or_row	Tuyến tính		Tuyến tính	Linear_or_row	Tuyến tính	Anatomical_Distribution	Distribution	0	0	0	0	0	1	1	0	1	1	0	0	0	0	0	observed_term_no_disease_translation
Distribution_pattern	Linear_or_row	Distribution	Linear_or_row	Xếp dọc		Xếp dọc	Linear_or_row	Xếp dọc	Anatomical_Distribution	Distribution	0	0	0	0	0	3	3	0	1	3	2	2	0	1	2	observed_term_no_disease_translation
Distribution_pattern	Linear_or_row	Distribution	Linear_or_row	Xếp hàng		Xếp hàng	Linear_or_row	Xếp hàng	Anatomical_Distribution	Distribution	0	0	0	0	0	1	1	0	1	1	0	0	0	0	0	observed_term_no_disease_translation
Distribution_pattern	Linear_or_row	Distribution	Linear_or_row	Xếp thành hàng		Xếp thành hàng	Linear_or_row	Xếp thành hàng	Anatomical_Distribution	Distribution	0	0	0	0	0	4	4	0	2	4	1	1	0	0	1	observed_term_no_disease_translation
Distribution_pattern	Number	Distribution	Number	Một móng		Một móng	Number	Một móng	Anatomical_Distribution	Distribution	1	1	0	1	1	4	4	0	1	4	1	1	0	0	1	observed_term_no_disease_translation
Distribution_pattern	Number	Distribution	Number	Một tổn thương chính		Một tổn thương chính	Number	Một tổn thương chính	Anatomical_Distribution	Distribution	1	1	0	0	1	0	0	0	0	0	0	0	0	0	0	observed_term_no_disease_translation
Distribution_pattern	Number	Distribution	Number	Một ổ		Một ổ	Number	Một ổ	Anatomical_Distribution	Distribution	0	0	0	0	0	1	1	0	1	1	0	0	0	0	0	observed_term_no_disease_translation
Distribution_pattern	Number	Distribution	Number	Nhiều		Nhiều	Number	Nhiều	Anatomical_Distribution	Distribution	0	0	0	0	0	6	8	0	2	8	2	2	0	0	2	observed_term_no_disease_translation
Distribution_pattern	Number	Distribution	Number	Nhiều móng		Nhiều móng	Number	Nhiều móng	Anatomical_Distribution	Distribution	0	0	0	0	0	17	18	0	5	18	1	1	0	1	1	observed_term_no_disease_translation
Distribution_pattern	Number	Distribution	Number	Nhiều ngón		Nhiều ngón	Number	Nhiều ngón	Anatomical_Distribution	Distribution	5	5	0	1	5	41	47	0	17	47	10	13	0	6	13	observed_term_no_disease_translation
Distribution_pattern	Number	Distribution	Number	Nhiều nốt		Nhiều nốt	Number	Nhiều nốt	Anatomical_Distribution	Distribution	0	0	0	0	0	1	1	0	1	1	0	0	0	0	0	observed_term_no_disease_translation
Distribution_pattern	Number	Distribution	Number	Nhiều tổn thương		Nhiều tổn thương	Number	Nhiều tổn thương	Anatomical_Distribution	Distribution	3	3	0	2	3	20	25	0	7	25	3	6	0	2	6	observed_term_no_disease_translation
Distribution_pattern	Number	Distribution	Number	Nhiều vị trí		Nhiều vị trí	Number	Nhiều vị trí	Anatomical_Distribution	Distribution	1	1	0	1	1	3	4	0	1	4	1	1	0	0	1	observed_term_no_disease_translation
Distribution_pattern	Number	Distribution	Number	Nhiều đám		Nhiều đám	Number	Nhiều đám	Anatomical_Distribution	Distribution	0	0	0	0	0	1	1	0	0	1	1	1	0	0	1	observed_term_no_disease_translation
Distribution_pattern	Number	Distribution	Number	Nhiều ổ		Nhiều ổ	Number	Nhiều ổ	Anatomical_Distribution	Distribution	4	5	0	1	5	43	54	0	16	54	17	19	0	6	19	observed_term_no_disease_translation
Distribution_pattern	Number	Distribution	Number	Riêng lẻ		Riêng lẻ	Number	Riêng lẻ	Anatomical_Distribution	Distribution	0	0	0	0	0	2	2	0	0	2	0	0	0	0	0	observed_term_no_disease_translation
Distribution_pattern	Number	Distribution	Number	Đa ổ		Đa ổ	Number	Đa ổ	Anatomical_Distribution	Distribution	1	1	0	0	1	0	1	0	0	1	0	1	0	0	1	observed_term_no_disease_translation
Distribution_pattern	Number	Distribution	Number	Đơn độc		Đơn độc	Number	Đơn độc	Anatomical_Distribution	Distribution	41	49	0	19	49	348	401	0	108	401	115	134	0	40	134	observed_term_no_disease_translation
Distribution_pattern	Number	Distribution	Number	Đơn ổ		Đơn ổ	Number	Đơn ổ	Anatomical_Distribution	Distribution	0	0	0	0	0	2	2	0	0	2	0	0	0	0	0	observed_term_no_disease_translation
Distribution_pattern	Periungual_pattern	Distribution	Periungual_pattern	Dọc nếp móng		Dọc nếp móng	Periungual_pattern	Dọc nếp móng	Anatomical_Distribution	Distribution	0	0	0	0	0	2	2	0	0	2	1	1	0	0	1	observed_term_no_disease_translation
Distribution_pattern	Reticular_or_network_pattern	Distribution	Reticular_or_network_pattern	Dạng mạng lưới		Dạng mạng lưới	Reticular_or_network_pattern	Dạng mạng lưới	Anatomical_Distribution	Distribution	0	0	0	0	0	0	1	0	0	1	0	0	0	0	0	observed_term_no_disease_translation
Distribution_pattern	Spatial_or_configuration_candidate	Distribution	Spatial_or_configuration_candidate	Chồng lấp		Chồng lấp	Spatial_or_configuration_candidate	Chồng lấp	Anatomical_Distribution	Distribution	0	0	0	0	0	1	1	0	0	1	0	0	0	0	0	observed_term_no_disease_translation
Distribution_pattern	Spatial_or_configuration_candidate	Distribution	Spatial_or_configuration_candidate	Gần nhau		Gần nhau	Spatial_or_configuration_candidate	Gần nhau	Anatomical_Distribution	Distribution	0	0	0	0	0	3	5	0	1	5	1	1	0	0	1	observed_term_no_disease_translation
Distribution_pattern	Spatial_or_configuration_candidate	Distribution	Spatial_or_configuration_candidate	Liên kết		Liên kết	Spatial_or_configuration_candidate	Liên kết	Anatomical_Distribution	Distribution	2	2	0	0	2	5	5	0	3	5	3	3	0	2	3	observed_term_no_disease_translation
Distribution_pattern	Spatial_or_configuration_candidate	Distribution	Spatial_or_configuration_candidate	Liên kết mảng		Liên kết mảng	Spatial_or_configuration_candidate	Liên kết mảng	Anatomical_Distribution	Distribution	0	0	0	0	0	2	2	0	1	2	0	0	0	0	0	observed_term_no_disease_translation
Distribution_pattern	Spatial_or_configuration_candidate	Distribution	Spatial_or_configuration_candidate	Lân cận		Lân cận	Spatial_or_configuration_candidate	Lân cận	Anatomical_Distribution	Distribution	1	1	0	0	1	4	4	0	1	4	0	0	0	0	0	observed_term_no_disease_translation
Distribution_pattern	Spatial_or_configuration_candidate	Distribution	Spatial_or_configuration_candidate	Ngoại vi		Ngoại vi	Spatial_or_configuration_candidate	Ngoại vi	Anatomical_Distribution	Distribution	0	0	0	0	0	3	4	0	0	4	2	3	0	0	3	observed_term_no_disease_translation
Distribution_pattern	Spatial_or_configuration_candidate	Distribution	Spatial_or_configuration_candidate	Quanh lỗ xỏ		Quanh lỗ xỏ	Spatial_or_configuration_candidate	Quanh lỗ xỏ	Anatomical_Distribution	Distribution	0	0	0	0	0	1	2	0	0	2	0	0	0	0	0	observed_term_no_disease_translation
Distribution_pattern	Spatial_or_configuration_candidate	Distribution	Spatial_or_configuration_candidate	Quanh mạch		Quanh mạch	Spatial_or_configuration_candidate	Quanh mạch	Anatomical_Distribution	Distribution	0	0	0	0	0	2	2	0	1	2	1	1	0	1	1	observed_term_no_disease_translation
Distribution_pattern	Spatial_or_configuration_candidate	Distribution	Spatial_or_configuration_candidate	Quanh mảng		Quanh mảng	Spatial_or_configuration_candidate	Quanh mảng	Anatomical_Distribution	Distribution	0	0	0	0	0	1	1	0	1	1	0	0	0	0	0	observed_term_no_disease_translation
Distribution_pattern	Spatial_or_configuration_candidate	Distribution	Spatial_or_configuration_candidate	Quanh tổn thương		Quanh tổn thương	Spatial_or_configuration_candidate	Quanh tổn thương	Anatomical_Distribution	Distribution	0	0	0	0	0	2	2	0	1	2	0	0	0	0	0	observed_term_no_disease_translation
Distribution_pattern	Spatial_or_configuration_candidate	Distribution	Spatial_or_configuration_candidate	Theo sẹo		Theo sẹo	Spatial_or_configuration_candidate	Theo sẹo	Anatomical_Distribution	Distribution	0	0	0	0	0	1	1	0	0	1	0	0	0	0	0	observed_term_no_disease_translation
Distribution_pattern	Spatial_or_configuration_candidate	Distribution	Spatial_or_configuration_candidate	Theo đường		Theo đường	Spatial_or_configuration_candidate	Theo đường	Anatomical_Distribution	Distribution	0	0	0	0	0	1	3	0	1	3	0	1	0	0	1	observed_term_no_disease_translation
Distribution_pattern	Spatial_or_configuration_candidate	Distribution	Spatial_or_configuration_candidate	Theo đường rẽ tóc		Theo đường rẽ tóc	Spatial_or_configuration_candidate	Theo đường rẽ tóc	Anatomical_Distribution	Distribution	0	0	0	0	0	1	1	0	0	1	1	1	0	0	1	observed_term_no_disease_translation
Distribution_pattern	Spatial_or_configuration_candidate	Distribution	Spatial_or_configuration_candidate	Trung tâm		Trung tâm	Spatial_or_configuration_candidate	Trung tâm	Anatomical_Distribution	Distribution	6	7	0	3	7	36	41	0	9	41	10	11	0	2	11	observed_term_no_disease_translation
Distribution_pattern	Spatial_or_configuration_candidate	Distribution	Spatial_or_configuration_candidate	Trung tâm móng		Trung tâm móng	Spatial_or_configuration_candidate	Trung tâm móng	Anatomical_Distribution	Distribution	0	0	0	0	0	2	2	0	1	2	1	1	0	0	1	observed_term_no_disease_translation
Distribution_pattern	Spatial_or_configuration_candidate	Distribution	Spatial_or_configuration_candidate	Trung tâm mảng		Trung tâm mảng	Spatial_or_configuration_candidate	Trung tâm mảng	Anatomical_Distribution	Distribution	1	1	0	1	1	0	1	0	0	1	0	0	0	0	0	observed_term_no_disease_translation
Distribution_pattern	Spatial_or_configuration_candidate	Distribution	Spatial_or_configuration_candidate	Trung tâm nếp		Trung tâm nếp	Spatial_or_configuration_candidate	Trung tâm nếp	Anatomical_Distribution	Distribution	0	0	0	0	0	2	2	0	0	2	2	2	0	0	2	observed_term_no_disease_translation
Distribution_pattern	Spatial_or_configuration_candidate	Distribution	Spatial_or_configuration_candidate	Trung tâm quầng		Trung tâm quầng	Spatial_or_configuration_candidate	Trung tâm quầng	Anatomical_Distribution	Distribution	0	0	0	0	0	2	2	0	0	2	0	0	0	0	0	observed_term_no_disease_translation
Distribution_pattern	Spatial_or_configuration_candidate	Distribution	Spatial_or_configuration_candidate	Trung tâm ảnh		Trung tâm ảnh	Spatial_or_configuration_candidate	Trung tâm ảnh	Anatomical_Distribution	Distribution	1	1	0	0	1	3	3	0	1	3	2	2	0	1	2	observed_term_no_disease_translation
Distribution_pattern	Spatial_or_configuration_candidate	Distribution	Spatial_or_configuration_candidate	Trên nền mảng		Trên nền mảng	Spatial_or_configuration_candidate	Trên nền mảng	Anatomical_Distribution	Distribution	0	0	0	0	0	1	2	0	1	2	0	0	0	0	0	observed_term_no_disease_translation
Distribution_pattern	Spatial_or_configuration_candidate	Distribution	Spatial_or_configuration_candidate	Vòng quanh		Vòng quanh	Spatial_or_configuration_candidate	Vòng quanh	Anatomical_Distribution	Distribution	0	0	0	0	0	4	4	0	2	4	1	1	0	0	1	observed_term_no_disease_translation
Distribution_pattern	Spatial_or_configuration_candidate	Distribution	Spatial_or_configuration_candidate	Vệ tinh		Vệ tinh	Spatial_or_configuration_candidate	Vệ tinh	Anatomical_Distribution	Distribution	0	0	0	0	0	3	3	0	1	3	0	0	0	0	0	observed_term_no_disease_translation
Distribution_pattern	Spatial_or_configuration_candidate	Distribution	Spatial_or_configuration_candidate	Xung quanh		Xung quanh	Spatial_or_configuration_candidate	Xung quanh	Anatomical_Distribution	Distribution	0	0	0	0	0	1	1	0	0	1	0	0	0	0	0	observed_term_no_disease_translation
Distribution_pattern	Spatial_or_configuration_candidate	Distribution	Spatial_or_configuration_candidate	Đường giữa		Đường giữa	Spatial_or_configuration_candidate	Đường giữa	Anatomical_Distribution	Distribution	0	0	0	0	0	1	4	0	0	4	1	2	0	0	2	observed_term_no_disease_translation
Lesion_list	Primary_and_Secondary_Morphology	Lesion	Ban dát hồng ban			Ban dát hồng ban	Macule_or_patch	Ban dát hồng ban	Lesion_Recognition	Primary_and_Secondary_Morphology	0	0	0	0	0	1	1	0	1	1	0	0	0	0	0	observed_term_no_disease_translation
Lesion_list	Primary_and_Secondary_Morphology	Lesion	ban đỏ			ban đỏ	Secondary_or_mixed_change	ban đỏ	Lesion_Recognition	Primary_and_Secondary_Morphology	0	0	0	0	0	0	1	0	0	1	0	0	0	0	0	observed_term_no_disease_translation
Lesion_list	Primary_and_Secondary_Morphology	Lesion	Bong móng			Bong móng	Secondary_or_mixed_change	Bong móng	Lesion_Recognition	Primary_and_Secondary_Morphology	0	0	0	0	0	0	1	0	0	1	0	0	0	0	0	observed_term_no_disease_translation
Lesion_list	Primary_and_Secondary_Morphology	Lesion	bong vảy			bong vảy	Scale_or_crust	bong vảy || Bong vảy	Lesion_Recognition	Primary_and_Secondary_Morphology	0	0	0	0	0	1	2	0	1	2	0	0	0	0	0	observed_term_no_disease_translation
Lesion_list	Primary_and_Secondary_Morphology	Lesion	Bọng nước			Bọng nước	Vesicle_or_bulla	Bọng nước	Lesion_Recognition	Primary_and_Secondary_Morphology	2	2	0	1	3	15	15	0	30	39	2	2	0	10	11	observed_term_no_disease_translation
Lesion_list	Primary_and_Secondary_Morphology	Lesion	Bọng nước căng			Bọng nước căng	Vesicle_or_bulla	Bọng nước căng	Lesion_Recognition	Primary_and_Secondary_Morphology	0	0	0	0	0	1	1	0	0	1	0	0	0	0	0	observed_term_no_disease_translation
Lesion_list	Primary_and_Secondary_Morphology	Lesion	Bọng nước vỡ			Bọng nước vỡ	Vesicle_or_bulla	Bọng nước vỡ	Lesion_Recognition	Primary_and_Secondary_Morphology	0	0	0	0	0	2	2	0	1	2	0	0	0	0	0	observed_term_no_disease_translation
Lesion_list	Primary_and_Secondary_Morphology	Lesion	Cụm mụn nước trợt			Cụm mụn nước trợt	Secondary_or_mixed_change	Cụm mụn nước trợt	Lesion_Recognition	Primary_and_Secondary_Morphology	0	0	0	0	0	1	1	0	0	1	1	1	0	0	1	observed_term_no_disease_translation
Lesion_list	Primary_and_Secondary_Morphology	Lesion	Dát			Dát	Macule_or_patch	Dát	Lesion_Recognition	Primary_and_Secondary_Morphology	0	0	0	0	0	7	8	0	6	8	4	4	0	3	4	observed_term_no_disease_translation
Lesion_list	Primary_and_Secondary_Morphology	Lesion	Dát hồng ban			Dát hồng ban	Macule_or_patch	Dát hồng ban	Lesion_Recognition	Primary_and_Secondary_Morphology	0	0	0	0	0	3	3	0	3	3	1	1	0	1	1	observed_term_no_disease_translation
Lesion_list	Primary_and_Secondary_Morphology	Lesion	Dát sẩn viêm			Dát sẩn viêm	Macule_or_patch	Dát sẩn viêm	Lesion_Recognition	Primary_and_Secondary_Morphology	0	0	0	0	0	1	1	0	0	1	0	0	0	0	0	observed_term_no_disease_translation
Lesion_list	Primary_and_Secondary_Morphology	Lesion	Dát sắc tố			Dát sắc tố	Macule_or_patch	Dát sắc tố	Lesion_Recognition	Primary_and_Secondary_Morphology	0	0	0	0	0	1	1	0	0	1	0	0	0	0	0	observed_term_no_disease_translation
Lesion_list	Primary_and_Secondary_Morphology	Lesion	Dát thâm			Dát thâm	Macule_or_patch	Dát thâm	Lesion_Recognition	Primary_and_Secondary_Morphology	0	0	0	0	0	1	1	0	0	1	0	0	0	0	0	observed_term_no_disease_translation
Lesion_list	Primary_and_Secondary_Morphology	Lesion	Dát tăng sắc tố			Dát tăng sắc tố	Macule_or_patch	Dát tăng sắc tố	Lesion_Recognition	Primary_and_Secondary_Morphology	0	0	0	0	0	8	8	0	4	8	3	3	0	1	3	observed_term_no_disease_translation
Lesion_list	Primary_and_Secondary_Morphology	Lesion	Dát đỏ			Dát đỏ	Macule_or_patch	Dát đỏ	Lesion_Recognition	Primary_and_Secondary_Morphology	0	0	0	0	0	2	2	0	2	2	1	1	0	1	1	observed_term_no_disease_translation
Lesion_list	Primary_and_Secondary_Morphology	Lesion	Hoại tử			Hoại tử	Secondary_or_mixed_change	Hoại tử	Lesion_Recognition	Primary_and_Secondary_Morphology	0	0	0	0	0	1	1	0	0	1	0	0	0	0	0	observed_term_no_disease_translation
Lesion_list	Primary_and_Secondary_Morphology	Lesion	Khe nứt			Khe nứt	Fissure	Khe nứt	Lesion_Recognition	Primary_and_Secondary_Morphology	0	0	0	0	0	1	1	0	1	1	1	1	0	1	1	observed_term_no_disease_translation
Lesion_list	Primary_and_Secondary_Morphology	Lesion	Khối sùi			Khối sùi	Secondary_or_mixed_change	Khối sùi	Lesion_Recognition	Primary_and_Secondary_Morphology	0	0	0	0	0	0	1	0	0	1	0	1	0	0	1	observed_term_no_disease_translation
Lesion_list	Primary_and_Secondary_Morphology	Lesion	Khối u			Khối u	Nodule_or_tumour	Khối u	Lesion_Recognition	Primary_and_Secondary_Morphology	0	0	0	0	0	1	1	0	1	1	0	0	0	0	0	observed_term_no_disease_translation
Lesion_list	Primary_and_Secondary_Morphology	Lesion	Khối u gồ			Khối u gồ	Nodule_or_tumour	Khối u gồ	Lesion_Recognition	Primary_and_Secondary_Morphology	0	0	0	0	0	1	1	0	0	1	1	1	0	0	1	observed_term_no_disease_translation
Lesion_list	Primary_and_Secondary_Morphology	Lesion	Khối u sùi			Khối u sùi	Nodule_or_tumour	Khối u sùi	Lesion_Recognition	Primary_and_Secondary_Morphology	0	0	0	0	0	1	1	0	0	1	0	0	0	0	0	observed_term_no_disease_translation
Lesion_list	Primary_and_Secondary_Morphology	Lesion	Loét			Loét	Ulcer	Loét || loét	Lesion_Recognition	Primary_and_Secondary_Morphology	2	3	0	2	3	17	20	0	4	20	9	9	0	2	9	observed_term_no_disease_translation
Lesion_list	Primary_and_Secondary_Morphology	Lesion	Loét nhỏ			Loét nhỏ	Ulcer	Loét nhỏ	Lesion_Recognition	Primary_and_Secondary_Morphology	0	0	0	0	0	1	1	0	0	1	1	1	0	0	1	observed_term_no_disease_translation
Lesion_list	Primary_and_Secondary_Morphology	Lesion	Loét nông			Loét nông	Ulcer	Loét nông	Lesion_Recognition	Primary_and_Secondary_Morphology	1	1	0	1	1	9	9	0	3	9	1	1	0	1	1	observed_term_no_disease_translation
Lesion_list	Primary_and_Secondary_Morphology	Lesion	Loét đóng vảy			Loét đóng vảy	Ulcer	Loét đóng vảy	Lesion_Recognition	Primary_and_Secondary_Morphology	0	0	0	0	0	1	1	0	0	1	0	0	0	0	0	observed_term_no_disease_translation
Lesion_list	Primary_and_Secondary_Morphology	Lesion	Mụn mủ			Mụn mủ	Pustule	Mụn mủ	Lesion_Recognition	Primary_and_Secondary_Morphology	0	0	0	3	3	15	15	0	31	39	6	6	0	12	17	observed_term_no_disease_translation
Lesion_list	Primary_and_Secondary_Morphology	Lesion	Mụn mủ nang lông			Mụn mủ nang lông	Pustule	Mụn mủ nang lông	Lesion_Recognition	Primary_and_Secondary_Morphology	0	0	0	0	0	1	1	0	1	1	0	0	0	0	0	observed_term_no_disease_translation
Lesion_list	Primary_and_Secondary_Morphology	Lesion	Mụn mủ nhỏ			Mụn mủ nhỏ	Pustule	Mụn mủ nhỏ	Lesion_Recognition	Primary_and_Secondary_Morphology	1	1	0	0	1	8	9	0	3	9	2	2	0	0	2	observed_term_no_disease_translation
Lesion_list	Primary_and_Secondary_Morphology	Lesion	Mụn mủ nông			Mụn mủ nông	Pustule	Mụn mủ nông	Lesion_Recognition	Primary_and_Secondary_Morphology	1	1	0	1	1	0	0	0	0	0	0	0	0	0	0	observed_term_no_disease_translation
Lesion_list	Primary_and_Secondary_Morphology	Lesion	Mụn nước			Mụn nước	Vesicle_or_bulla	Mụn nước || mụn nước	Lesion_Recognition	Primary_and_Secondary_Morphology	2	2	0	4	5	20	24	0	27	47	6	6	0	11	16	observed_term_no_disease_translation
Lesion_list	Primary_and_Secondary_Morphology	Lesion	Mụn nước nhỏ			Mụn nước nhỏ	Vesicle_or_bulla	Mụn nước nhỏ	Lesion_Recognition	Primary_and_Secondary_Morphology	3	3	0	0	3	2	2	0	0	2	1	1	0	0	1	observed_term_no_disease_translation
Lesion_list	Primary_and_Secondary_Morphology	Lesion	Mụn nước trợt			Mụn nước trợt	Vesicle_or_bulla	Mụn nước trợt	Lesion_Recognition	Primary_and_Secondary_Morphology	0	0	0	0	0	1	1	0	0	1	0	0	0	0	0	observed_term_no_disease_translation
Lesion_list	Primary_and_Secondary_Morphology	Lesion	Mụn nước vỡ			Mụn nước vỡ	Vesicle_or_bulla	Mụn nước vỡ	Lesion_Recognition	Primary_and_Secondary_Morphology	0	0	0	0	0	2	2	0	0	2	1	1	0	0	1	observed_term_no_disease_translation
Lesion_list	Primary_and_Secondary_Morphology	Lesion	Mụn vảy tiết			Mụn vảy tiết	Secondary_or_mixed_change	Mụn vảy tiết	Lesion_Recognition	Primary_and_Secondary_Morphology	1	1	0	0	1	0	0	0	0	0	0	0	0	0	0	observed_term_no_disease_translation
Lesion_list	Primary_and_Secondary_Morphology	Lesion	Nhân mụn			Nhân mụn	Comedone	Nhân mụn	Lesion_Recognition	Primary_and_Secondary_Morphology	0	0	0	0	0	1	1	0	1	1	0	0	0	0	0	observed_term_no_disease_translation
Lesion_list	Primary_and_Secondary_Morphology	Lesion	Nốt			Nốt	Nodule_or_tumour	Nốt || nốt	Lesion_Recognition	Primary_and_Secondary_Morphology	1	2	0	2	4	14	20	0	12	29	7	9	0	4	11	observed_term_no_disease_translation
Lesion_list	Primary_and_Secondary_Morphology	Lesion	Nốt gồ			Nốt gồ	Nodule_or_tumour	Nốt gồ	Lesion_Recognition	Primary_and_Secondary_Morphology	0	0	0	0	0	1	1	0	0	1	0	0	0	0	0	observed_term_no_disease_translation
Lesion_list	Primary_and_Secondary_Morphology	Lesion	Nốt loét			Nốt loét	Nodule_or_tumour	Nốt loét	Lesion_Recognition	Primary_and_Secondary_Morphology	1	1	0	0	1	4	4	0	1	4	0	0	0	0	0	observed_term_no_disease_translation
Lesion_list	Primary_and_Secondary_Morphology	Lesion	Nốt lồi			Nốt lồi	Nodule_or_tumour	Nốt lồi	Lesion_Recognition	Primary_and_Secondary_Morphology	0	0	0	0	0	1	1	0	1	1	1	1	0	1	1	observed_term_no_disease_translation
Lesion_list	Primary_and_Secondary_Morphology	Lesion	Nốt niêm mạc			Nốt niêm mạc	Nodule_or_tumour	Nốt niêm mạc	Lesion_Recognition	Primary_and_Secondary_Morphology	1	1	0	0	1	0	0	0	0	0	0	0	0	0	0	observed_term_no_disease_translation
Lesion_list	Primary_and_Secondary_Morphology	Lesion	Nốt sùi			Nốt sùi	Nodule_or_tumour	Nốt sùi	Lesion_Recognition	Primary_and_Secondary_Morphology	0	0	0	0	0	1	1	0	0	1	1	1	0	0	1	observed_term_no_disease_translation
Lesion_list	Primary_and_Secondary_Morphology	Lesion	Nốt sẹo			Nốt sẹo	Nodule_or_tumour	Nốt sẹo	Lesion_Recognition	Primary_and_Secondary_Morphology	0	0	0	0	0	1	1	0	0	1	0	0	0	0	0	observed_term_no_disease_translation
Lesion_list	Primary_and_Secondary_Morphology	Lesion	Nốt sừng hóa			Nốt sừng hóa	Nodule_or_tumour	Nốt sừng hóa	Lesion_Recognition	Primary_and_Secondary_Morphology	0	0	0	0	0	1	1	0	0	1	0	0	0	0	0	observed_term_no_disease_translation
Lesion_list	Primary_and_Secondary_Morphology	Lesion	Nốt trợt			Nốt trợt	Nodule_or_tumour	Nốt trợt	Lesion_Recognition	Primary_and_Secondary_Morphology	1	1	0	1	1	1	1	0	0	1	0	0	0	0	0	observed_term_no_disease_translation
Lesion_list	Primary_and_Secondary_Morphology	Lesion	Nốt viêm			Nốt viêm	Nodule_or_tumour	Nốt viêm	Lesion_Recognition	Primary_and_Secondary_Morphology	1	1	0	1	1	5	5	0	0	5	2	2	0	0	2	observed_term_no_disease_translation
Lesion_list	Primary_and_Secondary_Morphology	Lesion	Nốt vòm			Nốt vòm	Nodule_or_tumour	Nốt vòm	Lesion_Recognition	Primary_and_Secondary_Morphology	0	0	0	0	0	0	1	0	0	1	0	0	0	0	0	observed_term_no_disease_translation
Lesion_list	Primary_and_Secondary_Morphology	Lesion	Nốt đỏ			Nốt đỏ	Nodule_or_tumour	Nốt đỏ	Lesion_Recognition	Primary_and_Secondary_Morphology	0	0	0	0	0	2	2	0	2	2	1	1	0	1	1	observed_term_no_disease_translation
Lesion_list	Primary_and_Secondary_Morphology	Lesion	Nứt			Nứt	Fissure	Nứt	Lesion_Recognition	Primary_and_Secondary_Morphology	0	0	0	0	0	1	1	0	0	1	0	0	0	0	0	observed_term_no_disease_translation
Lesion_list	Primary_and_Secondary_Morphology	Lesion	Nứt da			Nứt da	Fissure	Nứt da	Lesion_Recognition	Primary_and_Secondary_Morphology	0	0	0	0	0	2	2	0	2	2	0	0	0	0	0	observed_term_no_disease_translation
Lesion_list	Primary_and_Secondary_Morphology	Lesion	Nứt kẽ			Nứt kẽ	Fissure	Nứt kẽ	Lesion_Recognition	Primary_and_Secondary_Morphology	0	0	0	0	0	1	1	0	1	1	0	0	0	0	0	observed_term_no_disease_translation
Lesion_list	Primary_and_Secondary_Morphology	Lesion	Rãnh nứt			Rãnh nứt	Fissure	Rãnh nứt	Lesion_Recognition	Primary_and_Secondary_Morphology	0	0	0	0	0	1	1	0	1	1	0	0	0	0	0	observed_term_no_disease_translation
Lesion_list	Primary_and_Secondary_Morphology	Lesion	Sẩn			Sẩn	Papule	Sẩn || sẩn	Lesion_Recognition	Primary_and_Secondary_Morphology	9	10	0	8	11	66	74	0	38	80	24	25	0	19	28	observed_term_no_disease_translation
Lesion_list	Primary_and_Secondary_Morphology	Lesion	Sẩn bóng			Sẩn bóng	Papule	Sẩn bóng	Lesion_Recognition	Primary_and_Secondary_Morphology	0	0	0	0	0	1	1	0	1	1	1	1	0	1	1	observed_term_no_disease_translation
Lesion_list	Primary_and_Secondary_Morphology	Lesion	Sẩn chắc			Sẩn chắc	Papule	Sẩn chắc	Lesion_Recognition	Primary_and_Secondary_Morphology	0	0	0	0	0	1	1	0	1	1	0	0	0	0	0	observed_term_no_disease_translation
Lesion_list	Primary_and_Secondary_Morphology	Lesion	Sẩn gồ			Sẩn gồ	Papule	Sẩn gồ	Lesion_Recognition	Primary_and_Secondary_Morphology	0	0	0	0	0	1	1	0	1	1	0	0	0	0	0	observed_term_no_disease_translation
Lesion_list	Primary_and_Secondary_Morphology	Lesion	Sẩn hồng ban			Sẩn hồng ban	Papule	Sẩn hồng ban	Lesion_Recognition	Primary_and_Secondary_Morphology	0	0	0	0	0	6	6	0	2	6	4	4	0	2	4	observed_term_no_disease_translation
Lesion_list	Primary_and_Secondary_Morphology	Lesion	Sẩn loét			Sẩn loét	Papule	Sẩn loét	Lesion_Recognition	Primary_and_Secondary_Morphology	0	0	0	0	0	1	1	0	1	1	1	1	0	1	1	observed_term_no_disease_translation
Lesion_list	Primary_and_Secondary_Morphology	Lesion	Sẩn lõm giữa			Sẩn lõm giữa	Papule	Sẩn lõm giữa	Lesion_Recognition	Primary_and_Secondary_Morphology	0	0	0	0	0	3	4	0	2	4	1	1	0	1	1	observed_term_no_disease_translation
Lesion_list	Primary_and_Secondary_Morphology	Lesion	Sẩn mụn mủ			Sẩn mụn mủ	Papule	Sẩn mụn mủ	Lesion_Recognition	Primary_and_Secondary_Morphology	1	1	0	0	1	0	0	0	0	0	0	0	0	0	0	observed_term_no_disease_translation
Lesion_list	Primary_and_Secondary_Morphology	Lesion	sẩn nang			sẩn nang	Papule	sẩn nang	Lesion_Recognition	Primary_and_Secondary_Morphology	0	0	0	0	0	0	1	0	0	1	0	0	0	0	0	observed_term_no_disease_translation
Lesion_list	Primary_and_Secondary_Morphology	Lesion	Sẩn nang lông			Sẩn nang lông	Papule	Sẩn nang lông	Lesion_Recognition	Primary_and_Secondary_Morphology	0	0	0	0	0	2	2	0	2	2	0	0	0	0	0	observed_term_no_disease_translation
Lesion_list	Primary_and_Secondary_Morphology	Lesion	Sẩn nhú			Sẩn nhú	Papule	Sẩn nhú	Lesion_Recognition	Primary_and_Secondary_Morphology	0	0	0	0	0	0	1	0	0	1	0	1	0	0	1	observed_term_no_disease_translation
Lesion_list	Primary_and_Secondary_Morphology	Lesion	Sẩn nhỏ			Sẩn nhỏ	Papule	Sẩn nhỏ	Lesion_Recognition	Primary_and_Secondary_Morphology	0	0	0	0	0	6	6	0	3	6	3	3	0	2	3	observed_term_no_disease_translation
Lesion_list	Primary_and_Secondary_Morphology	Lesion	Sẩn nâu			Sẩn nâu	Papule	Sẩn nâu	Lesion_Recognition	Primary_and_Secondary_Morphology	0	0	0	0	0	1	1	0	0	1	0	0	0	0	0	observed_term_no_disease_translation
Lesion_list	Primary_and_Secondary_Morphology	Lesion	Sẩn phù			Sẩn phù	Papule	Sẩn phù || sẩn phù	Lesion_Recognition	Primary_and_Secondary_Morphology	0	0	0	7	7	0	0	0	33	33	0	0	0	13	13	observed_term_no_disease_translation
Lesion_list	Primary_and_Secondary_Morphology	Lesion	Sẩn sẹo			Sẩn sẹo	Papule	Sẩn sẹo	Lesion_Recognition	Primary_and_Secondary_Morphology	0	0	0	0	0	1	1	0	0	1	0	0	0	0	0	observed_term_no_disease_translation
Lesion_list	Primary_and_Secondary_Morphology	Lesion	sẩn trợt			sẩn trợt	Papule	sẩn trợt || Sẩn trợt	Lesion_Recognition	Primary_and_Secondary_Morphology	0	1	0	0	1	5	6	0	1	6	1	1	0	0	1	observed_term_no_disease_translation
Lesion_list	Primary_and_Secondary_Morphology	Lesion	Sẩn tăng sắc tố			Sẩn tăng sắc tố	Papule	Sẩn tăng sắc tố	Lesion_Recognition	Primary_and_Secondary_Morphology	1	1	0	0	1	1	1	0	0	1	0	0	0	0	0	observed_term_no_disease_translation
Lesion_list	Primary_and_Secondary_Morphology	Lesion	Sẩn viêm			Sẩn viêm	Papule	Sẩn viêm || sẩn viêm	Lesion_Recognition	Primary_and_Secondary_Morphology	1	1	0	1	1	3	4	0	1	4	0	0	0	0	0	observed_term_no_disease_translation
Lesion_list	Primary_and_Secondary_Morphology	Lesion	Sẩn vòm			Sẩn vòm	Papule	Sẩn vòm	Lesion_Recognition	Primary_and_Secondary_Morphology	0	0	0	0	0	0	1	0	0	1	0	0	0	0	0	observed_term_no_disease_translation
Lesion_list	Primary_and_Secondary_Morphology	Lesion	Sẩn vảy			Sẩn vảy	Papule	Sẩn vảy	Lesion_Recognition	Primary_and_Secondary_Morphology	0	0	0	0	0	1	1	0	1	1	1	1	0	1	1	observed_term_no_disease_translation
Lesion_list	Primary_and_Secondary_Morphology	Lesion	Sẩn vảy tiết			Sẩn vảy tiết	Papule	Sẩn vảy tiết	Lesion_Recognition	Primary_and_Secondary_Morphology	0	0	0	0	0	3	4	0	2	4	0	0	0	0	0	observed_term_no_disease_translation
Lesion_list	Primary_and_Secondary_Morphology	Lesion	Sẩn xuất huyết			Sẩn xuất huyết	Papule	Sẩn xuất huyết	Lesion_Recognition	Primary_and_Secondary_Morphology	0	0	0	0	0	1	1	0	1	1	1	1	0	1	1	observed_term_no_disease_translation
Lesion_list	Primary_and_Secondary_Morphology	Lesion	Sẩn đóng vảy			Sẩn đóng vảy	Papule	Sẩn đóng vảy	Lesion_Recognition	Primary_and_Secondary_Morphology	0	0	0	0	0	0	1	0	0	1	0	0	0	0	0	observed_term_no_disease_translation
Lesion_list	Primary_and_Secondary_Morphology	Lesion	Sẩn đỏ			Sẩn đỏ	Papule	Sẩn đỏ	Lesion_Recognition	Primary_and_Secondary_Morphology	6	6	0	0	6	31	32	0	14	32	7	7	0	1	7	observed_term_no_disease_translation
Lesion_list	Primary_and_Secondary_Morphology	Lesion	Sẹo			Sẹo	Scar	Sẹo || sẹo	Lesion_Recognition	Primary_and_Secondary_Morphology	0	0	0	0	0	14	18	0	4	18	7	8	0	3	8	observed_term_no_disease_translation
Lesion_list	Primary_and_Secondary_Morphology	Lesion	Sẹo gồ			Sẹo gồ	Scar	Sẹo gồ	Lesion_Recognition	Primary_and_Secondary_Morphology	0	0	0	0	0	1	1	0	1	1	0	0	0	0	0	observed_term_no_disease_translation
Lesion_list	Primary_and_Secondary_Morphology	Lesion	Sẹo lõm			Sẹo lõm	Scar	Sẹo lõm	Lesion_Recognition	Primary_and_Secondary_Morphology	0	0	0	0	0	2	3	0	0	3	0	0	0	0	0	observed_term_no_disease_translation
Lesion_list	Primary_and_Secondary_Morphology	Lesion	Sẹo xơ			Sẹo xơ	Scar	Sẹo xơ	Lesion_Recognition	Primary_and_Secondary_Morphology	0	0	0	0	0	1	1	0	0	1	0	0	0	0	0	observed_term_no_disease_translation
Lesion_list	Primary_and_Secondary_Morphology	Lesion	Sẹo đường			Sẹo đường	Scar	Sẹo đường	Lesion_Recognition	Primary_and_Secondary_Morphology	0	0	0	0	0	1	1	0	0	1	0	0	0	0	0	observed_term_no_disease_translation
Lesion_list	Primary_and_Secondary_Morphology	Lesion	Trợt			Trợt	Erosion	Trợt || trợt	Lesion_Recognition	Primary_and_Secondary_Morphology	8	8	0	2	8	41	46	0	13	46	10	12	0	4	12	observed_term_no_disease_translation
Lesion_list	Primary_and_Secondary_Morphology	Lesion	Trợt da			Trợt da	Erosion	Trợt da || trợt da	Lesion_Recognition	Primary_and_Secondary_Morphology	2	2	0	0	2	9	10	0	2	10	2	2	0	0	2	observed_term_no_disease_translation
Lesion_list	Primary_and_Secondary_Morphology	Lesion	Trợt loét			Trợt loét	Erosion	Trợt loét	Lesion_Recognition	Primary_and_Secondary_Morphology	0	0	0	0	0	3	3	0	1	3	2	2	0	0	2	observed_term_no_disease_translation
Lesion_list	Primary_and_Secondary_Morphology	Lesion	Trợt loét nông			Trợt loét nông	Erosion	Trợt loét nông	Lesion_Recognition	Primary_and_Secondary_Morphology	1	1	0	0	1	0	0	0	0	0	0	0	0	0	0	observed_term_no_disease_translation
Lesion_list	Primary_and_Secondary_Morphology	Lesion	Trợt niêm mạc			Trợt niêm mạc	Erosion	Trợt niêm mạc	Lesion_Recognition	Primary_and_Secondary_Morphology	0	0	0	0	0	1	1	0	0	1	0	0	0	0	0	observed_term_no_disease_translation
Lesion_list	Primary_and_Secondary_Morphology	Lesion	Trợt nông			Trợt nông	Erosion	Trợt nông	Lesion_Recognition	Primary_and_Secondary_Morphology	0	0	0	0	0	8	9	0	3	9	3	3	0	0	3	observed_term_no_disease_translation
Lesion_list	Primary_and_Secondary_Morphology	Lesion	Trợt đỏ			Trợt đỏ	Erosion	Trợt đỏ	Lesion_Recognition	Primary_and_Secondary_Morphology	0	0	0	0	0	0	1	0	0	1	0	1	0	0	1	observed_term_no_disease_translation
Lesion_list	Primary_and_Secondary_Morphology	Lesion	tăng sừng			tăng sừng	Secondary_or_mixed_change	tăng sừng	Lesion_Recognition	Primary_and_Secondary_Morphology	0	0	0	0	0	0	1	0	0	1	0	0	0	0	0	observed_term_no_disease_translation
Lesion_list	Primary_and_Secondary_Morphology	Lesion	U cục			U cục	Nodule_or_tumour	U cục	Lesion_Recognition	Primary_and_Secondary_Morphology	0	0	0	0	0	1	1	0	1	1	1	1	0	1	1	observed_term_no_disease_translation
Lesion_list	Primary_and_Secondary_Morphology	Lesion	Vảy			Vảy	Scale_or_crust	Vảy	Lesion_Recognition	Primary_and_Secondary_Morphology	0	0	0	0	0	1	1	0	1	1	0	0	0	0	0	observed_term_no_disease_translation
Lesion_list	Primary_and_Secondary_Morphology	Lesion	Vảy da			Vảy da	Scale_or_crust	Vảy da	Lesion_Recognition	Primary_and_Secondary_Morphology	0	0	0	0	0	1	1	0	0	1	1	1	0	0	1	observed_term_no_disease_translation
Lesion_list	Primary_and_Secondary_Morphology	Lesion	Vảy mịn			Vảy mịn	Scale_or_crust	Vảy mịn	Lesion_Recognition	Primary_and_Secondary_Morphology	0	0	0	0	0	1	1	0	1	1	1	1	0	1	1	observed_term_no_disease_translation
Lesion_list	Primary_and_Secondary_Morphology	Lesion	vảy mỏng			vảy mỏng	Scale_or_crust	vảy mỏng	Lesion_Recognition	Primary_and_Secondary_Morphology	0	0	0	0	0	0	1	0	0	1	0	0	0	0	0	observed_term_no_disease_translation
Lesion_list	Primary_and_Secondary_Morphology	Lesion	Vảy tiết			Vảy tiết	Scale_or_crust	Vảy tiết || vảy tiết	Lesion_Recognition	Primary_and_Secondary_Morphology	4	4	0	3	4	27	29	0	4	29	9	9	0	1	9	observed_term_no_disease_translation
Lesion_list	Primary_and_Secondary_Morphology	Lesion	Vết loét			Vết loét	Ulcer	Vết loét	Lesion_Recognition	Primary_and_Secondary_Morphology	0	0	0	6	6	1	1	0	56	57	1	1	0	25	26	observed_term_no_disease_translation
Lesion_list	Primary_and_Secondary_Morphology	Lesion	Vết loét nhỏ			Vết loét nhỏ	Ulcer	Vết loét nhỏ	Lesion_Recognition	Primary_and_Secondary_Morphology	0	0	0	0	0	2	2	0	0	2	1	1	0	0	1	observed_term_no_disease_translation
Lesion_list	Primary_and_Secondary_Morphology	Lesion	Vết loét nông			Vết loét nông	Ulcer	Vết loét nông	Lesion_Recognition	Primary_and_Secondary_Morphology	1	1	0	0	1	3	3	0	0	3	1	1	0	0	1	observed_term_no_disease_translation
Lesion_list	Primary_and_Secondary_Morphology	Lesion	Vết nứt			Vết nứt	Secondary_or_mixed_change	Vết nứt	Lesion_Recognition	Primary_and_Secondary_Morphology	0	0	0	0	0	1	1	0	1	1	0	0	0	0	0	observed_term_no_disease_translation
Lesion_list	Primary_and_Secondary_Morphology	Lesion	Vết trợt			Vết trợt	Erosion	Vết trợt || vết trợt	Lesion_Recognition	Primary_and_Secondary_Morphology	5	5	0	0	5	16	17	0	4	17	7	7	0	2	7	observed_term_no_disease_translation
Lesion_list	Primary_and_Secondary_Morphology	Lesion	Vết trợt nhỏ			Vết trợt nhỏ	Erosion	Vết trợt nhỏ	Lesion_Recognition	Primary_and_Secondary_Morphology	0	0	0	0	0	4	4	0	0	4	2	2	0	0	2	observed_term_no_disease_translation
Lesion_list	Primary_and_Secondary_Morphology	Lesion	Đám sẩn đỏ			Đám sẩn đỏ	Secondary_or_mixed_change	Đám sẩn đỏ	Lesion_Recognition	Primary_and_Secondary_Morphology	0	0	0	0	0	1	1	0	0	1	0	0	0	0	0	observed_term_no_disease_translation
Lesion_list	Primary_and_Secondary_Morphology	Lesion	Đóng vảy			Đóng vảy	Scale_or_crust	Đóng vảy	Lesion_Recognition	Primary_and_Secondary_Morphology	1	1	0	0	1	0	0	0	0	0	0	0	0	0	0	observed_term_no_disease_translation
Lesion_list	Primary_and_Secondary_Morphology	Lesion	Ổ loét			Ổ loét	Ulcer	Ổ loét	Lesion_Recognition	Primary_and_Secondary_Morphology	1	1	0	1	1	0	0	0	0	0	0	0	0	0	0	observed_term_no_disease_translation
Lesion_list	Primary_Lesion_Type	Lesion	Ban dát			Ban dát	Macule_or_patch	Ban dát	Lesion_Recognition	Primary_Lesion_Type	0	0	0	0	0	0	1	0	0	1	0	0	0	0	0	observed_term_no_disease_translation
Lesion_list	Primary_Lesion_Type	Lesion	Ban dát đỏ			Ban dát đỏ	Macule_or_patch	Ban dát đỏ	Lesion_Recognition	Primary_Lesion_Type	0	0	0	0	0	2	2	0	1	2	1	1	0	0	1	observed_term_no_disease_translation
Lesion_list	Primary_Lesion_Type	Lesion	Bọng máu			Bọng máu	Other_or_unclassified_lesion_label	Bọng máu	Lesion_Recognition	Primary_Lesion_Type	0	0	0	0	0	0	1	0	0	1	0	0	0	0	0	observed_term_no_disease_translation
Lesion_list	Primary_Lesion_Type	Lesion	bọng nước			bọng nước	Vesicle_or_bulla	bọng nước || Bọng nước	Lesion_Recognition	Primary_Lesion_Type	1	2	10	2	14	23	26	53	35	111	7	9	20	11	40	observed_term_no_disease_translation
Lesion_list	Primary_Lesion_Type	Lesion	Bọng nước căng			Bọng nước căng	Vesicle_or_bulla	Bọng nước căng	Lesion_Recognition	Primary_Lesion_Type	0	0	0	0	0	3	3	0	0	3	2	2	0	0	2	observed_term_no_disease_translation
Lesion_list	Primary_Lesion_Type	Lesion	Bọng nước vỡ			Bọng nước vỡ	Vesicle_or_bulla	Bọng nước vỡ	Lesion_Recognition	Primary_Lesion_Type	0	0	0	0	0	0	1	0	0	1	0	0	0	0	0	observed_term_no_disease_translation
Lesion_list	Primary_Lesion_Type	Lesion	cục			cục	Other_or_unclassified_lesion_label	cục	Lesion_Recognition	Primary_Lesion_Type	0	0	0	0	0	0	1	0	0	1	0	0	0	0	0	observed_term_no_disease_translation
Lesion_list	Primary_Lesion_Type	Lesion	da dày			da dày	Other_or_unclassified_lesion_label	da dày	Lesion_Recognition	Primary_Lesion_Type	0	0	0	0	0	0	1	0	0	1	0	0	0	0	0	observed_term_no_disease_translation
Lesion_list	Primary_Lesion_Type	Lesion	Dát			Dát	Macule_or_patch	Dát || dát	Lesion_Recognition	Primary_Lesion_Type	6	8	0	2	8	63	71	0	11	71	18	23	0	3	23	observed_term_no_disease_translation
Lesion_list	Primary_Lesion_Type	Lesion	dát ban			dát ban	Macule_or_patch	dát ban || Dát ban	Lesion_Recognition	Primary_Lesion_Type	0	0	0	0	0	1	3	0	0	3	0	1	0	0	1	observed_term_no_disease_translation
Lesion_list	Primary_Lesion_Type	Lesion	Dát ban đỏ			Dát ban đỏ	Macule_or_patch	Dát ban đỏ	Lesion_Recognition	Primary_Lesion_Type	1	1	0	0	1	0	0	0	0	0	0	0	0	0	0	observed_term_no_disease_translation
Lesion_list	Primary_Lesion_Type	Lesion	dát giảm sắc tố			dát giảm sắc tố	Macule_or_patch	dát giảm sắc tố || Dát giảm sắc tố	Lesion_Recognition	Primary_Lesion_Type	0	1	0	0	1	8	12	0	2	12	3	4	0	0	4	observed_term_no_disease_translation
Lesion_list	Primary_Lesion_Type	Lesion	Dát hồng ban			Dát hồng ban	Macule_or_patch	Dát hồng ban || dát hồng ban	Lesion_Recognition	Primary_Lesion_Type	1	3	0	0	3	25	32	0	5	32	8	10	0	0	10	observed_term_no_disease_translation
Lesion_list	Primary_Lesion_Type	Lesion	Dát hồng nhạt			Dát hồng nhạt	Macule_or_patch	Dát hồng nhạt	Lesion_Recognition	Primary_Lesion_Type	0	0	0	0	0	1	1	0	0	1	1	1	0	0	1	observed_term_no_disease_translation
Lesion_list	Primary_Lesion_Type	Lesion	Dát mạch máu			Dát mạch máu	Macule_or_patch	Dát mạch máu	Lesion_Recognition	Primary_Lesion_Type	0	0	0	0	0	2	2	0	0	2	1	1	0	0	1	observed_term_no_disease_translation
Lesion_list	Primary_Lesion_Type	Lesion	Dát nâu			Dát nâu	Macule_or_patch	Dát nâu	Lesion_Recognition	Primary_Lesion_Type	0	0	0	0	0	1	5	0	0	5	1	2	0	0	2	observed_term_no_disease_translation
Lesion_list	Primary_Lesion_Type	Lesion	Dát nâu nhạt			Dát nâu nhạt	Macule_or_patch	Dát nâu nhạt	Lesion_Recognition	Primary_Lesion_Type	0	0	0	0	0	1	2	0	0	2	1	2	0	0	2	observed_term_no_disease_translation
Lesion_list	Primary_Lesion_Type	Lesion	Dát nâu nhỏ			Dát nâu nhỏ	Macule_or_patch	Dát nâu nhỏ	Lesion_Recognition	Primary_Lesion_Type	0	0	0	0	0	1	1	0	0	1	0	0	0	0	0	observed_term_no_disease_translation
Lesion_list	Primary_Lesion_Type	Lesion	Dát sẩn			Dát sẩn	Macule_or_patch	Dát sẩn	Lesion_Recognition	Primary_Lesion_Type	0	0	0	0	0	2	2	0	0	2	1	1	0	0	1	observed_term_no_disease_translation
Lesion_list	Primary_Lesion_Type	Lesion	Dát sẫm			Dát sẫm	Macule_or_patch	Dát sẫm	Lesion_Recognition	Primary_Lesion_Type	0	0	0	0	0	3	4	0	0	4	1	1	0	0	1	observed_term_no_disease_translation
Lesion_list	Primary_Lesion_Type	Lesion	Dát sắc tố			Dát sắc tố	Macule_or_patch	Dát sắc tố || dát sắc tố	Lesion_Recognition	Primary_Lesion_Type	1	1	0	0	1	19	22	0	3	22	7	9	0	1	9	observed_term_no_disease_translation
Lesion_list	Primary_Lesion_Type	Lesion	Dát thâm			Dát thâm	Macule_or_patch	Dát thâm	Lesion_Recognition	Primary_Lesion_Type	0	0	0	0	0	1	1	0	0	1	0	0	0	0	0	observed_term_no_disease_translation
Lesion_list	Primary_Lesion_Type	Lesion	Dát tăng sắc tố			Dát tăng sắc tố	Macule_or_patch	Dát tăng sắc tố	Lesion_Recognition	Primary_Lesion_Type	6	6	0	1	6	15	20	0	3	20	7	11	0	1	11	observed_term_no_disease_translation
Lesion_list	Primary_Lesion_Type	Lesion	Dát vòng			Dát vòng	Macule_or_patch	Dát vòng	Lesion_Recognition	Primary_Lesion_Type	0	0	0	0	0	1	1	0	0	1	1	1	0	0	1	observed_term_no_disease_translation
Lesion_list	Primary_Lesion_Type	Lesion	Dát xuất huyết			Dát xuất huyết	Macule_or_patch	Dát xuất huyết	Lesion_Recognition	Primary_Lesion_Type	1	1	0	1	1	3	5	0	1	5	0	0	0	0	0	observed_term_no_disease_translation
Lesion_list	Primary_Lesion_Type	Lesion	Dát đỏ			Dát đỏ	Macule_or_patch	Dát đỏ	Lesion_Recognition	Primary_Lesion_Type	0	0	0	0	0	5	5	0	1	5	3	3	0	1	3	observed_term_no_disease_translation
Lesion_list	Primary_Lesion_Type	Lesion	Dát đỏ nhỏ			Dát đỏ nhỏ	Macule_or_patch	Dát đỏ nhỏ	Lesion_Recognition	Primary_Lesion_Type	0	0	0	0	0	1	1	0	1	1	1	1	0	1	1	observed_term_no_disease_translation
Lesion_list	Primary_Lesion_Type	Lesion	Dát đỏ nâu			Dát đỏ nâu	Macule_or_patch	Dát đỏ nâu || Dát Đỏ nâu	Lesion_Recognition	Primary_Lesion_Type	0	0	0	0	0	3	3	0	1	3	3	3	0	1	3	observed_term_no_disease_translation
Lesion_list	Primary_Lesion_Type	Lesion	Dải hồng ban			Dải hồng ban	Other_or_unclassified_lesion_label	Dải hồng ban	Lesion_Recognition	Primary_Lesion_Type	0	0	0	0	0	0	1	0	0	1	0	0	0	0	0	observed_term_no_disease_translation
Lesion_list	Primary_Lesion_Type	Lesion	lõm			lõm	Other_or_unclassified_lesion_label	lõm	Lesion_Recognition	Primary_Lesion_Type	0	1	0	0	1	0	1	0	0	1	0	1	0	0	1	observed_term_no_disease_translation
Lesion_list	Primary_Lesion_Type	Lesion	lỗ rò nhỏ			lỗ rò nhỏ	Other_or_unclassified_lesion_label	lỗ rò nhỏ	Lesion_Recognition	Primary_Lesion_Type	0	0	0	0	0	0	1	0	0	1	0	0	0	0	0	observed_term_no_disease_translation
Lesion_list	Primary_Lesion_Type	Lesion	Mụn mủ			Mụn mủ	Pustule	Mụn mủ || mụn mủ	Lesion_Recognition	Primary_Lesion_Type	4	4	8	2	14	37	47	64	37	140	11	14	27	9	46	observed_term_no_disease_translation
Lesion_list	Primary_Lesion_Type	Lesion	Mụn mủ nang lông			Mụn mủ nang lông	Pustule	Mụn mủ nang lông	Lesion_Recognition	Primary_Lesion_Type	0	0	0	0	0	1	2	0	0	2	1	1	0	0	1	observed_term_no_disease_translation
Lesion_list	Primary_Lesion_Type	Lesion	Mụn mủ nhỏ			Mụn mủ nhỏ	Pustule	Mụn mủ nhỏ || mụn mủ nhỏ	Lesion_Recognition	Primary_Lesion_Type	3	4	0	0	4	25	32	0	3	32	7	10	0	1	10	observed_term_no_disease_translation
Lesion_list	Primary_Lesion_Type	Lesion	Mụn nước			Mụn nước	Vesicle_or_bulla	Mụn nước || mụn nước	Lesion_Recognition	Primary_Lesion_Type	2	3	7	1	11	27	33	82	36	147	8	11	27	7	45	observed_term_no_disease_translation
Lesion_list	Primary_Lesion_Type	Lesion	Mụn nước nhỏ			Mụn nước nhỏ	Vesicle_or_bulla	Mụn nước nhỏ	Lesion_Recognition	Primary_Lesion_Type	3	3	0	0	3	14	18	0	1	18	8	8	0	0	8	observed_term_no_disease_translation
Lesion_list	Primary_Lesion_Type	Lesion	Mụn đầu trắng			Mụn đầu trắng	Comedone	Mụn đầu trắng	Lesion_Recognition	Primary_Lesion_Type	0	0	0	0	0	8	8	0	1	8	2	2	0	0	2	observed_term_no_disease_translation
Lesion_list	Primary_Lesion_Type	Lesion	mụn đầu đen			mụn đầu đen	Comedone	mụn đầu đen || Mụn đầu đen	Lesion_Recognition	Primary_Lesion_Type	0	1	0	0	1	2	2	0	0	2	1	1	0	0	1	observed_term_no_disease_translation
Lesion_list	Primary_Lesion_Type	Lesion	Nang			Nang	Other_or_unclassified_lesion_label	Nang	Lesion_Recognition	Primary_Lesion_Type	0	0	0	0	0	1	1	0	1	1	1	1	0	1	1	observed_term_no_disease_translation
Lesion_list	Primary_Lesion_Type	Lesion	Nang nhỏ			Nang nhỏ	Other_or_unclassified_lesion_label	Nang nhỏ	Lesion_Recognition	Primary_Lesion_Type	0	0	0	0	0	1	1	0	0	1	0	0	0	0	0	observed_term_no_disease_translation
Lesion_list	Primary_Lesion_Type	Lesion	Nang nông			Nang nông	Other_or_unclassified_lesion_label	Nang nông	Lesion_Recognition	Primary_Lesion_Type	0	0	0	0	0	1	1	0	0	1	0	0	0	0	0	observed_term_no_disease_translation
Lesion_list	Primary_Lesion_Type	Lesion	Nhân mụn			Nhân mụn	Comedone	Nhân mụn	Lesion_Recognition	Primary_Lesion_Type	1	1	0	0	1	0	2	0	0	2	0	1	0	0	1	observed_term_no_disease_translation
Lesion_list	Primary_Lesion_Type	Lesion	Nhân mụn kín			Nhân mụn kín	Comedone	Nhân mụn kín	Lesion_Recognition	Primary_Lesion_Type	0	0	0	0	0	2	2	0	0	2	0	0	0	0	0	observed_term_no_disease_translation
Lesion_list	Primary_Lesion_Type	Lesion	Nhân trứng cá			Nhân trứng cá	Comedone	Nhân trứng cá	Lesion_Recognition	Primary_Lesion_Type	0	0	0	0	0	5	5	0	1	5	3	3	0	1	3	observed_term_no_disease_translation
Lesion_list	Primary_Lesion_Type	Lesion	Nhân trứng cá mở			Nhân trứng cá mở	Comedone	Nhân trứng cá mở	Lesion_Recognition	Primary_Lesion_Type	0	0	0	0	0	2	2	0	0	2	1	1	0	0	1	observed_term_no_disease_translation
Lesion_list	Primary_Lesion_Type	Lesion	Nhú nổi rõ			Nhú nổi rõ	Other_or_unclassified_lesion_label	Nhú nổi rõ	Lesion_Recognition	Primary_Lesion_Type	0	0	0	0	0	0	1	0	0	1	0	1	0	0	1	observed_term_no_disease_translation
Lesion_list	Primary_Lesion_Type	Lesion	Nốt			Nốt	Nodule_or_tumour	Nốt || nốt	Lesion_Recognition	Primary_Lesion_Type	3	7	6	2	15	39	53	75	23	146	14	18	21	5	43	observed_term_no_disease_translation
Lesion_list	Primary_Lesion_Type	Lesion	Nốt bọng máu			Nốt bọng máu	Nodule_or_tumour	Nốt bọng máu	Lesion_Recognition	Primary_Lesion_Type	0	0	0	0	0	1	1	0	0	1	1	1	0	0	1	observed_term_no_disease_translation
Lesion_list	Primary_Lesion_Type	Lesion	Nốt da			Nốt da	Nodule_or_tumour	Nốt da	Lesion_Recognition	Primary_Lesion_Type	0	0	0	0	0	1	1	0	0	1	0	0	0	0	0	observed_term_no_disease_translation
Lesion_list	Primary_Lesion_Type	Lesion	Nốt gồ			Nốt gồ	Nodule_or_tumour	Nốt gồ || nốt gồ	Lesion_Recognition	Primary_Lesion_Type	3	3	0	0	3	7	9	0	0	9	0	0	0	0	0	observed_term_no_disease_translation
Lesion_list	Primary_Lesion_Type	Lesion	Nốt hồng			Nốt hồng	Nodule_or_tumour	Nốt hồng	Lesion_Recognition	Primary_Lesion_Type	0	0	0	0	0	6	6	0	0	6	2	2	0	0	2	observed_term_no_disease_translation
Lesion_list	Primary_Lesion_Type	Lesion	nốt hồng ban			nốt hồng ban	Nodule_or_tumour	nốt hồng ban || Nốt hồng ban	Lesion_Recognition	Primary_Lesion_Type	0	1	0	0	1	3	4	0	2	4	1	1	0	1	1	observed_term_no_disease_translation
Lesion_list	Primary_Lesion_Type	Lesion	Nốt phồng			Nốt phồng	Nodule_or_tumour	Nốt phồng	Lesion_Recognition	Primary_Lesion_Type	0	0	0	0	0	1	1	0	0	1	0	0	0	0	0	observed_term_no_disease_translation
Lesion_list	Primary_Lesion_Type	Lesion	Nốt polyp			Nốt polyp	Nodule_or_tumour	Nốt polyp	Lesion_Recognition	Primary_Lesion_Type	0	0	0	0	0	1	1	0	0	1	1	1	0	0	1	observed_term_no_disease_translation
Lesion_list	Primary_Lesion_Type	Lesion	Nốt sùi			Nốt sùi	Nodule_or_tumour	Nốt sùi	Lesion_Recognition	Primary_Lesion_Type	0	0	0	0	0	2	4	0	1	4	1	1	0	1	1	observed_term_no_disease_translation
Lesion_list	Primary_Lesion_Type	Lesion	Nốt sắc tố			Nốt sắc tố	Nodule_or_tumour	Nốt sắc tố	Lesion_Recognition	Primary_Lesion_Type	0	0	0	0	0	3	3	0	0	3	0	0	0	0	0	observed_term_no_disease_translation
Lesion_list	Primary_Lesion_Type	Lesion	Nốt viêm			Nốt viêm	Nodule_or_tumour	Nốt viêm || nốt viêm	Lesion_Recognition	Primary_Lesion_Type	0	0	0	0	0	6	9	0	0	9	1	2	0	0	2	observed_term_no_disease_translation
Lesion_list	Primary_Lesion_Type	Lesion	Nốt đỏ			Nốt đỏ	Nodule_or_tumour	Nốt đỏ	Lesion_Recognition	Primary_Lesion_Type	1	1	0	0	1	5	5	0	1	5	1	1	0	0	1	observed_term_no_disease_translation
Lesion_list	Primary_Lesion_Type	Lesion	Sẩn			Sẩn	Papule	Sẩn || sẩn	Lesion_Recognition	Primary_Lesion_Type	19	26	6	4	34	177	245	62	49	327	48	75	20	10	99	observed_term_no_disease_translation
Lesion_list	Primary_Lesion_Type	Lesion	Sẩn bóng			Sẩn bóng	Papule	Sẩn bóng	Lesion_Recognition	Primary_Lesion_Type	1	1	0	0	1	8	8	0	2	8	1	1	0	0	1	observed_term_no_disease_translation
Lesion_list	Primary_Lesion_Type	Lesion	Sẩn bọng nước			Sẩn bọng nước	Papule	Sẩn bọng nước	Lesion_Recognition	Primary_Lesion_Type	0	0	0	0	0	1	1	0	0	1	0	0	0	0	0	observed_term_no_disease_translation
Lesion_list	Primary_Lesion_Type	Lesion	Sẩn cuống			Sẩn cuống	Papule	Sẩn cuống	Lesion_Recognition	Primary_Lesion_Type	0	0	0	0	0	1	1	0	1	1	0	0	0	0	0	observed_term_no_disease_translation
Lesion_list	Primary_Lesion_Type	Lesion	Sẩn da			Sẩn da	Papule	Sẩn da	Lesion_Recognition	Primary_Lesion_Type	0	0	0	0	0	1	1	0	0	1	0	0	0	0	0	observed_term_no_disease_translation
Lesion_list	Primary_Lesion_Type	Lesion	Sẩn dày sừng			Sẩn dày sừng	Papule	Sẩn dày sừng	Lesion_Recognition	Primary_Lesion_Type	0	0	0	0	0	1	1	0	0	1	0	0	0	0	0	observed_term_no_disease_translation
Lesion_list	Primary_Lesion_Type	Lesion	sẩn dát			sẩn dát	Papule	sẩn dát	Lesion_Recognition	Primary_Lesion_Type	0	0	0	0	0	0	1	0	0	1	0	0	0	0	0	observed_term_no_disease_translation
Lesion_list	Primary_Lesion_Type	Lesion	Sẩn dạng cục			Sẩn dạng cục	Papule	Sẩn dạng cục	Lesion_Recognition	Primary_Lesion_Type	0	0	0	0	0	1	1	0	0	1	0	0	0	0	0	observed_term_no_disease_translation
Lesion_list	Primary_Lesion_Type	Lesion	Sẩn dạng hạt			Sẩn dạng hạt	Papule	Sẩn dạng hạt	Lesion_Recognition	Primary_Lesion_Type	0	0	0	0	0	3	3	0	0	3	1	1	0	0	1	observed_term_no_disease_translation
Lesion_list	Primary_Lesion_Type	Lesion	Sẩn dạng u			Sẩn dạng u	Papule	Sẩn dạng u	Lesion_Recognition	Primary_Lesion_Type	1	1	0	0	1	1	1	0	0	1	0	0	0	0	0	observed_term_no_disease_translation
Lesion_list	Primary_Lesion_Type	Lesion	Sẩn dạng vòm			Sẩn dạng vòm	Papule	Sẩn dạng vòm	Lesion_Recognition	Primary_Lesion_Type	0	0	0	0	0	7	9	0	0	9	3	4	0	0	4	observed_term_no_disease_translation
Lesion_list	Primary_Lesion_Type	Lesion	Sẩn giảm sắc tố			Sẩn giảm sắc tố	Papule	Sẩn giảm sắc tố	Lesion_Recognition	Primary_Lesion_Type	0	0	0	0	0	1	1	0	0	1	0	0	0	0	0	observed_term_no_disease_translation
Lesion_list	Primary_Lesion_Type	Lesion	Sẩn gồ			Sẩn gồ	Papule	Sẩn gồ	Lesion_Recognition	Primary_Lesion_Type	0	0	0	0	0	2	2	0	0	2	1	1	0	0	1	observed_term_no_disease_translation
Lesion_list	Primary_Lesion_Type	Lesion	Sẩn hình vòm			Sẩn hình vòm	Papule	Sẩn hình vòm	Lesion_Recognition	Primary_Lesion_Type	0	0	0	0	0	5	6	0	0	6	0	0	0	0	0	observed_term_no_disease_translation
Lesion_list	Primary_Lesion_Type	Lesion	Sẩn hồng			Sẩn hồng	Papule	Sẩn hồng	Lesion_Recognition	Primary_Lesion_Type	0	0	0	0	0	5	5	0	2	5	2	2	0	1	2	observed_term_no_disease_translation
Lesion_list	Primary_Lesion_Type	Lesion	sẩn hồng ban			sẩn hồng ban	Papule	sẩn hồng ban || Sẩn hồng ban	Lesion_Recognition	Primary_Lesion_Type	0	4	0	0	4	14	18	0	1	18	4	6	0	0	6	observed_term_no_disease_translation
Lesion_list	Primary_Lesion_Type	Lesion	Sẩn kê			Sẩn kê	Papule	Sẩn kê	Lesion_Recognition	Primary_Lesion_Type	0	0	0	0	0	1	1	0	0	1	1	1	0	0	1	observed_term_no_disease_translation
Lesion_list	Primary_Lesion_Type	Lesion	sẩn lõm giữa			sẩn lõm giữa	Papule	sẩn lõm giữa || Sẩn lõm giữa	Lesion_Recognition	Primary_Lesion_Type	1	2	0	0	2	17	24	0	3	24	4	7	0	1	7	observed_term_no_disease_translation
Lesion_list	Primary_Lesion_Type	Lesion	Sẩn lõm rốn			Sẩn lõm rốn	Papule	Sẩn lõm rốn	Lesion_Recognition	Primary_Lesion_Type	1	1	0	0	1	3	3	0	0	3	3	3	0	0	3	observed_term_no_disease_translation
Lesion_list	Primary_Lesion_Type	Lesion	Sẩn màu da			Sẩn màu da	Papule	Sẩn màu da	Lesion_Recognition	Primary_Lesion_Type	0	0	0	0	0	3	3	0	0	3	1	1	0	0	1	observed_term_no_disease_translation
Lesion_list	Primary_Lesion_Type	Lesion	Sẩn mụn nước			Sẩn mụn nước	Papule	Sẩn mụn nước	Lesion_Recognition	Primary_Lesion_Type	0	0	0	0	0	1	1	0	1	1	0	0	0	0	0	observed_term_no_disease_translation
Lesion_list	Primary_Lesion_Type	Lesion	Sẩn mủ			Sẩn mủ	Papule	Sẩn mủ	Lesion_Recognition	Primary_Lesion_Type	0	0	0	0	0	2	2	0	0	2	1	1	0	0	1	observed_term_no_disease_translation
Lesion_list	Primary_Lesion_Type	Lesion	Sẩn nang lông			Sẩn nang lông	Papule	Sẩn nang lông	Lesion_Recognition	Primary_Lesion_Type	4	4	0	0	4	13	16	0	0	16	2	2	0	0	2	observed_term_no_disease_translation
Lesion_list	Primary_Lesion_Type	Lesion	Sẩn nhỏ			Sẩn nhỏ	Papule	Sẩn nhỏ || sẩn nhỏ	Lesion_Recognition	Primary_Lesion_Type	3	4	0	0	4	56	73	0	7	73	22	27	0	4	27	observed_term_no_disease_translation
Lesion_list	Primary_Lesion_Type	Lesion	sẩn phù			sẩn phù	Papule	sẩn phù || Sẩn phù	Lesion_Recognition	Primary_Lesion_Type	0	0	0	1	1	0	0	0	48	48	0	0	0	13	13	observed_term_no_disease_translation
Lesion_list	Primary_Lesion_Type	Lesion	Sẩn sùi			Sẩn sùi	Papule	Sẩn sùi	Lesion_Recognition	Primary_Lesion_Type	0	0	0	0	0	0	1	0	0	1	0	0	0	0	0	observed_term_no_disease_translation
Lesion_list	Primary_Lesion_Type	Lesion	Sẩn sắc tố			Sẩn sắc tố	Papule	Sẩn sắc tố || sẩn sắc tố	Lesion_Recognition	Primary_Lesion_Type	2	2	0	0	2	8	11	0	1	11	4	4	0	1	4	observed_term_no_disease_translation
Lesion_list	Primary_Lesion_Type	Lesion	Sẩn sừng			Sẩn sừng	Papule	Sẩn sừng	Lesion_Recognition	Primary_Lesion_Type	0	0	0	0	0	1	1	0	0	1	0	0	0	0	0	observed_term_no_disease_translation
Lesion_list	Primary_Lesion_Type	Lesion	Sẩn trong			Sẩn trong	Papule	Sẩn trong	Lesion_Recognition	Primary_Lesion_Type	0	0	0	0	0	0	1	0	0	1	0	0	0	0	0	observed_term_no_disease_translation
Lesion_list	Primary_Lesion_Type	Lesion	Sẩn trắng			Sẩn trắng	Papule	Sẩn trắng	Lesion_Recognition	Primary_Lesion_Type	0	0	0	0	0	1	2	0	0	2	1	2	0	0	2	observed_term_no_disease_translation
Lesion_list	Primary_Lesion_Type	Lesion	Sẩn tím			Sẩn tím	Papule	Sẩn tím	Lesion_Recognition	Primary_Lesion_Type	0	0	0	0	0	2	2	0	0	2	1	1	0	0	1	observed_term_no_disease_translation
Lesion_list	Primary_Lesion_Type	Lesion	Sẩn tăng sắc tố			Sẩn tăng sắc tố	Papule	Sẩn tăng sắc tố	Lesion_Recognition	Primary_Lesion_Type	1	1	0	0	1	1	1	0	0	1	0	0	0	0	0	observed_term_no_disease_translation
Lesion_list	Primary_Lesion_Type	Lesion	Sẩn viêm			Sẩn viêm	Papule	Sẩn viêm	Lesion_Recognition	Primary_Lesion_Type	1	1	0	0	1	17	23	0	3	23	5	7	0	1	7	observed_term_no_disease_translation
Lesion_list	Primary_Lesion_Type	Lesion	sẩn viền gờ			sẩn viền gờ	Papule	sẩn viền gờ	Lesion_Recognition	Primary_Lesion_Type	0	1	0	0	1	0	0	0	0	0	0	0	0	0	0	observed_term_no_disease_translation
Lesion_list	Primary_Lesion_Type	Lesion	Sẩn vòm			Sẩn vòm	Papule	Sẩn vòm	Lesion_Recognition	Primary_Lesion_Type	1	1	0	0	1	2	2	0	0	2	1	1	0	0	1	observed_term_no_disease_translation
Lesion_list	Primary_Lesion_Type	Lesion	Sẩn đỏ			Sẩn đỏ	Papule	Sẩn đỏ	Lesion_Recognition	Primary_Lesion_Type	9	9	0	0	9	63	81	0	9	81	25	30	0	2	30	observed_term_no_disease_translation
Lesion_list	Primary_Lesion_Type	Lesion	Sẩn đỏ nhỏ			Sẩn đỏ nhỏ	Papule	Sẩn đỏ nhỏ	Lesion_Recognition	Primary_Lesion_Type	0	0	0	0	0	4	7	0	1	7	2	2	0	1	2	observed_term_no_disease_translation
Lesion_list	Primary_Lesion_Type	Lesion	Sẩn đỏ nâu			Sẩn đỏ nâu	Papule	Sẩn đỏ nâu	Lesion_Recognition	Primary_Lesion_Type	0	0	0	0	0	0	1	0	0	1	0	0	0	0	0	observed_term_no_disease_translation
Lesion_list	Primary_Lesion_Type	Lesion	U cục			U cục	Nodule_or_tumour	U cục	Lesion_Recognition	Primary_Lesion_Type	1	1	0	0	1	3	4	0	1	4	2	2	0	1	2	observed_term_no_disease_translation
Lesion_list	Primary_Lesion_Type	Lesion	U cục gồ			U cục gồ	Nodule_or_tumour	U cục gồ	Lesion_Recognition	Primary_Lesion_Type	0	0	0	0	0	1	1	0	0	1	0	0	0	0	0	observed_term_no_disease_translation
Lesion_list	Primary_Lesion_Type	Lesion	U cục lồi			U cục lồi	Nodule_or_tumour	U cục lồi	Lesion_Recognition	Primary_Lesion_Type	0	0	0	0	0	1	1	0	0	1	0	0	0	0	0	observed_term_no_disease_translation
Lesion_list	Primary_Lesion_Type	Lesion	U cục nhỏ			U cục nhỏ	Nodule_or_tumour	U cục nhỏ	Lesion_Recognition	Primary_Lesion_Type	0	0	0	0	0	1	1	0	0	1	1	1	0	0	1	observed_term_no_disease_translation
Lesion_list	Primary_Lesion_Type	Lesion	U dạng vòm			U dạng vòm	Other_or_unclassified_lesion_label	U dạng vòm	Lesion_Recognition	Primary_Lesion_Type	0	0	0	0	0	1	1	0	0	1	1	1	0	0	1	observed_term_no_disease_translation
Lesion_list	Primary_Lesion_Type	Lesion	U lồi			U lồi	Other_or_unclassified_lesion_label	U lồi	Lesion_Recognition	Primary_Lesion_Type	0	0	0	0	0	1	1	0	0	1	0	0	0	0	0	observed_term_no_disease_translation
Lesion_list	Primary_Lesion_Type	Lesion	U mềm			U mềm	Nodule_or_tumour	U mềm	Lesion_Recognition	Primary_Lesion_Type	0	0	0	0	0	2	2	0	0	2	0	0	0	0	0	observed_term_no_disease_translation
Lesion_list	Primary_Lesion_Type	Lesion	U nhú			U nhú	Nodule_or_tumour	U nhú	Lesion_Recognition	Primary_Lesion_Type	1	1	0	0	1	0	0	0	0	0	0	0	0	0	0	observed_term_no_disease_translation
Oral_region	Oral cavity	Khoang miệng	Lưỡi	Bờ bên lưỡi		Bờ bên lưỡi	Oral cavity	Bờ bên lưỡi	Anatomical_Distribution	Distribution	0	0	0	0	0	2	3	0	1	3	1	2	0	0	2	curated_body_region_path
Oral_region	Oral cavity	Khoang miệng	Răng	bờ răng		bờ răng	Oral cavity	bờ răng	Anatomical_Distribution	Distribution	0	0	0	0	0	1	1	0	0	1	1	1	0	0	1	curated_body_region_path
Oral_region	Oral cavity	Khoang miệng	Lưỡi	Giữa lưỡi		Giữa lưỡi	Oral cavity	Giữa lưỡi	Anatomical_Distribution	Distribution	0	0	0	0	0	3	3	0	0	3	1	1	0	0	1	curated_body_region_path
Oral_region	Oral cavity	Khoang miệng	Lưỡi	Gần gốc lưỡi		Gần gốc lưỡi	Oral cavity	Gần gốc lưỡi	Anatomical_Distribution	Distribution	0	0	0	0	0	1	1	0	0	1	1	1	0	0	1	curated_body_region_path
Oral_region	Oral cavity	Khoang miệng	Lưỡi	Gốc lưỡi		Gốc lưỡi	Oral cavity	Gốc lưỡi	Anatomical_Distribution	Distribution	0	0	0	0	0	1	1	0	0	1	0	0	0	0	0	curated_body_region_path
Oral_region	Oral cavity	Hầu họng	Hầu họng			Hầu họng	Oral cavity	Hầu họng	Anatomical_Distribution	Distribution	0	0	0	0	0	1	1	0	0	1	1	1	0	0	1	curated_body_region_path
Oral_region	Oral cavity	Khoang miệng	Niêm mạc miệng	Khoang miệng		Khoang miệng	Oral cavity	Khoang miệng	Anatomical_Distribution	Distribution	0	0	0	0	0	3	4	0	1	4	1	1	0	0	1	curated_body_region_path
Oral_region	Oral cavity	Khoang miệng	Khẩu cái	Khẩu cái		Khẩu cái	Oral cavity	Khẩu cái || khẩu cái	Anatomical_Distribution	Distribution	1	2	0	0	2	4	5	0	1	5	2	2	0	0	2	curated_body_region_path
Oral_region	Oral cavity	Khoang miệng	Khẩu cái	Khẩu cái cứng		Khẩu cái cứng	Oral cavity	Khẩu cái cứng	Anatomical_Distribution	Distribution	0	0	0	0	0	1	1	0	0	1	0	0	0	0	0	curated_body_region_path
Oral_region	Oral cavity	Khoang miệng	Khẩu cái	Khẩu cái mềm		Khẩu cái mềm	Oral cavity	Khẩu cái mềm	Anatomical_Distribution	Distribution	0	0	0	0	0	2	2	0	1	2	1	1	0	1	1	curated_body_region_path
Oral_region	Oral cavity	Khoang miệng	Lưỡi	Lưng lưỡi		Lưng lưỡi	Oral cavity	Lưng lưỡi	Anatomical_Distribution	Distribution	0	0	0	0	0	0	1	0	0	1	0	1	0	0	1	curated_body_region_path
Oral_region	Oral cavity	Khoang miệng	Lưỡi	Lưỡi		Lưỡi	Oral cavity	Lưỡi || lưỡi	Anatomical_Distribution	Distribution	0	0	0	0	0	7	10	0	2	10	2	4	0	0	4	curated_body_region_path
Oral_region	Oral cavity	Khoang miệng	Lợi			lợi	Oral cavity	lợi	Anatomical_Distribution	Distribution	0	0	0	0	0	1	1	0	1	1	0	0	0	0	0	curated_body_region_path
Oral_region	Oral cavity	Khoang miệng	Lợi	Lợi hàm dưới		Lợi hàm dưới	Oral cavity	Lợi hàm dưới	Anatomical_Distribution	Distribution	0	0	0	0	0	2	2	0	1	2	1	1	0	0	1	curated_body_region_path
Oral_region	Oral cavity	Khoang miệng	Lợi	Lợi hàm trên		Lợi hàm trên	Oral cavity	Lợi hàm trên	Anatomical_Distribution	Distribution	0	0	0	0	0	1	1	0	0	1	1	1	0	0	1	curated_body_region_path
Oral_region	Oral cavity	Khoang miệng	Lợi	Lợi răng trước		Lợi răng trước	Oral cavity	Lợi răng trước	Anatomical_Distribution	Distribution	0	0	0	0	0	1	1	0	0	1	0	0	0	0	0	curated_body_region_path
Oral_region	Oral cavity	Khoang miệng	Lợi	Lợi trên		Lợi trên	Oral cavity	Lợi trên	Anatomical_Distribution	Distribution	0	0	0	0	0	1	1	0	0	1	0	0	0	0	0	curated_body_region_path
Oral_region	Oral cavity	Khoang miệng	Lợi	Lợi viền		Lợi viền	Oral cavity	Lợi viền	Anatomical_Distribution	Distribution	0	0	0	0	0	1	1	0	1	1	0	0	0	0	0	curated_body_region_path
Oral_region	Oral cavity	Khoang miệng	Môi	Môi		Môi	Oral cavity	Môi || môi	Anatomical_Distribution	Distribution	1	1	0	0	1	22	25	0	8	25	9	10	0	3	10	curated_body_region_path
Oral_region	Oral cavity	Khoang miệng	Môi	Môi dưới		Môi dưới	Oral cavity	Môi dưới || môi dưới	Anatomical_Distribution	Distribution	5	5	0	1	5	81	89	0	23	89	27	27	0	6	27	curated_body_region_path
Oral_region	Oral cavity	Khoang miệng	Môi	Môi trên		Môi trên	Oral cavity	Môi trên || môi trên	Anatomical_Distribution	Distribution	5	6	0	2	6	50	55	0	18	55	18	19	0	9	19	curated_body_region_path
Oral_region	Oral cavity	Khoang miệng	Lưỡi	Mặt dưới lưỡi		Mặt dưới lưỡi	Oral cavity	Mặt dưới lưỡi	Anatomical_Distribution	Distribution	0	0	0	0	0	2	3	0	0	3	0	1	0	0	1	curated_body_region_path
Oral_region	Oral cavity	Khoang miệng	Lưỡi	Mặt lưng lưỡi		Mặt lưng lưỡi	Oral cavity	Mặt lưng lưỡi || mặt lưng lưỡi	Anatomical_Distribution	Distribution	0	0	0	0	0	19	25	0	6	25	5	8	0	1	8	curated_body_region_path
Oral_region	Oral cavity	Khoang miệng	Môi	Mặt trong môi		Mặt trong môi	Oral cavity	Mặt trong môi || mặt trong môi	Anatomical_Distribution	Distribution	1	1	0	0	1	3	4	0	1	4	2	2	0	1	2	curated_body_region_path
Oral_region	Oral cavity	Khoang miệng	Niêm mạc miệng	Niêm mạc miệng		Niêm mạc miệng	Oral cavity	Niêm mạc miệng	Anatomical_Distribution	Distribution	1	1	0	0	1	12	13	0	3	13	4	4	0	1	4	curated_body_region_path
Oral_region	Oral cavity	Khoang miệng	Niêm mạc miệng	Niêm mạc má	Niêm mạc má	Niêm mạc má	Oral cavity	Niêm mạc má	Anatomical_Distribution	Distribution	0	0	0	0	0	4	6	0	0	6	1	2	0	0	2	curated_body_region_path
Oral_region	Oral cavity	Khoang miệng	Môi	Niêm mạc môi		Niêm mạc môi	Oral cavity	Niêm mạc môi || niêm mạc môi	Anatomical_Distribution	Distribution	0	0	0	0	0	12	15	0	1	15	5	5	0	0	5	curated_body_region_path
Oral_region	Oral cavity	Khoang miệng	Môi	Niêm mạc môi dưới		Niêm mạc môi dưới	Oral cavity	Niêm mạc môi dưới	Anatomical_Distribution	Distribution	1	1	0	1	1	1	1	0	1	1	0	0	0	0	0	curated_body_region_path
Oral_region	Oral cavity	Khoang miệng	Răng	quanh cổ răng		quanh cổ răng	Oral cavity	quanh cổ răng || Quanh cổ răng	Anatomical_Distribution	Distribution	0	0	0	0	0	1	2	0	0	2	0	0	0	0	0	curated_body_region_path
Oral_region	Oral cavity	Khoang miệng	Lưỡi	Rìa lưỡi		Rìa lưỡi	Oral cavity	Rìa lưỡi	Anatomical_Distribution	Distribution	0	0	0	0	0	0	1	0	0	1	0	1	0	0	1	curated_body_region_path
Oral_region	Oral cavity	Khoang miệng	Lưỡi	Sau lưỡi		Sau lưỡi	Oral cavity	Sau lưỡi	Anatomical_Distribution	Distribution	0	0	0	0	0	1	1	0	0	1	0	0	0	0	0	curated_body_region_path
Oral_region	Oral cavity	Khoang miệng	Sàn miệng	Sàn miệng		Sàn miệng	Oral cavity	Sàn miệng	Anatomical_Distribution	Distribution	0	0	0	0	0	1	1	0	0	1	0	0	0	0	0	curated_body_region_path
Oral_region	Oral cavity	Khoang miệng	Khẩu cái	Vòm khẩu cái		Vòm khẩu cái	Oral cavity	Vòm khẩu cái	Anatomical_Distribution	Distribution	1	1	0	0	1	0	0	0	0	0	0	0	0	0	0	curated_body_region_path
Oral_region	Oral cavity	Khoang miệng	Khẩu cái	Vòm miệng		Vòm miệng	Oral cavity	Vòm miệng	Anatomical_Distribution	Distribution	0	0	0	0	0	3	3	0	0	3	0	0	0	0	0	curated_body_region_path
Oral_region	Oral cavity	Khoang miệng	Răng	Vùng răng cửa		Vùng răng cửa	Oral cavity	Vùng răng cửa	Anatomical_Distribution	Distribution	0	0	0	0	0	1	1	0	0	1	0	0	0	0	0	curated_body_region_path
Oral_region	Oral cavity	Khoang miệng	Lưỡi	Đầu lưỡi		Đầu lưỡi	Oral cavity	Đầu lưỡi	Anatomical_Distribution	Distribution	0	0	0	0	0	1	3	0	0	3	0	1	0	0	1	curated_body_region_path
Source_disease_label	Source disease	Disease	Acanthoma fissuratum			Acanthoma fissuratum	Source disease	Acanthoma fissuratum	Anatomical_Distribution || Attribute_Characteristics || Attribute_Color || Attribute_Shape || Diagnosis || Lesion_Recognition	Color || Distribution || Primary_Diagnosis || Primary_Lesion_Type || Shape || Surface_or_secondary_change	0	0	0	0	0	9	9	0	0	2	6	6	0	0	1	observed_term_no_disease_translation
Source_disease_label	Source disease	Disease	Acanthosis palmaris			Acanthosis palmaris	Source disease	Acanthosis palmaris	Anatomical_Distribution || Attribute_Characteristics || Attribute_Color || Attribute_Shape || Diagnosis	Color || Distribution || Primary_Diagnosis || Shape || Surface_or_secondary_change	0	0	0	0	0	9	9	0	0	2	5	5	0	0	1	observed_term_no_disease_translation
Source_disease_label	Source disease	Disease	Acne vulgaris			Acne vulgaris	Source disease	Acne vulgaris	Anatomical_Distribution || Attribute_Characteristics || Attribute_Color || Attribute_Shape || Diagnosis || Lesion_Recognition	Color || Distribution || Primary_Diagnosis || Primary_Lesion_Type || Primary_and_Secondary_Morphology || Secondary_Change || Shape || Surface_or_secondary_change	79	79	0	0	72	925	925	0	0	201	238	238	0	0	50	observed_term_no_disease_translation
Source_disease_label	Source disease	Disease	Acquired dermal macular hyperpigmentation			Acquired dermal macular hyperpigmentation	Source disease	Acquired dermal macular hyperpigmentation	Anatomical_Distribution || Attribute_Characteristics || Attribute_Color || Attribute_Shape || Diagnosis || Lesion_Recognition	Color || Distribution || Primary_Diagnosis || Primary_Lesion_Type || Secondary_Change || Shape || Surface_or_secondary_change	7	7	0	0	7	70	70	0	0	15	45	45	0	0	9	observed_term_no_disease_translation
Source_disease_label	Source disease	Disease	Acquired lymphangiectasia			Acquired lymphangiectasia	Source disease	Acquired lymphangiectasia	Anatomical_Distribution || Attribute_Characteristics || Attribute_Color || Attribute_Shape || Diagnosis || Lesion_Recognition	Color || Distribution || Primary_Diagnosis || Primary_Lesion_Type || Shape || Surface_or_secondary_change	1	1	0	0	1	10	10	0	0	2	6	6	0	0	1	observed_term_no_disease_translation
Source_disease_label	Source disease	Disease	Acral lentiginous melanoma			Acral lentiginous melanoma	Source disease	Acral lentiginous melanoma	Anatomical_Distribution || Attribute_Characteristics || Attribute_Color || Attribute_Shape || Diagnosis || Lesion_Recognition	Color || Distribution || Primary_Diagnosis || Primary_Lesion_Type || Shape || Surface_or_secondary_change	10	10	0	0	9	127	127	0	0	29	35	35	0	0	9	observed_term_no_disease_translation
Source_disease_label	Source disease	Disease	Acrodermatitis continua of Hallopeau			Acrodermatitis continua of Hallopeau	Source disease	Acrodermatitis continua of Hallopeau	Anatomical_Distribution || Attribute_Characteristics || Attribute_Color || Attribute_Shape || Diagnosis	Color || Distribution || Primary_Diagnosis || Shape || Surface_or_secondary_change	2	2	0	0	2	25	25	0	0	6	8	8	0	0	2	observed_term_no_disease_translation
Source_disease_label	Source disease	Disease	Acrodermatitis enteropathica			Acrodermatitis enteropathica	Source disease	Acrodermatitis enteropathica	Anatomical_Distribution || Attribute_Characteristics || Attribute_Color || Attribute_Shape || Diagnosis || Lesion_Recognition	Color || Distribution || Primary_Diagnosis || Primary_Lesion_Type || Shape || Surface_or_secondary_change	1	1	0	0	1	37	37	0	0	9	4	4	0	0	1	observed_term_no_disease_translation
Source_disease_label	Source disease	Disease	Acrokeratosis verruciformis of Hopf			Acrokeratosis verruciformis of Hopf	Source disease	Acrokeratosis verruciformis of Hopf	Anatomical_Distribution || Attribute_Characteristics || Attribute_Color || Attribute_Shape || Diagnosis || Lesion_Recognition	Color || Distribution || Primary_Diagnosis || Primary_Lesion_Type || Shape || Surface_or_secondary_change	3	3	0	0	3	20	20	0	0	4	5	5	0	0	1	observed_term_no_disease_translation
Source_disease_label	Source disease	Disease	Acropustulosis of infancy			Acropustulosis of infancy	Source disease	Acropustulosis of infancy	Anatomical_Distribution || Attribute_Characteristics || Attribute_Color || Attribute_Shape || Diagnosis || Lesion_Recognition	Color || Distribution || Primary_Diagnosis || Primary_and_Secondary_Morphology || Shape || Surface_or_secondary_change	2	2	0	0	1	9	9	0	0	2	4	4	0	0	1	observed_term_no_disease_translation
Source_disease_label	Source disease	Disease	Actinic cheilitis			Actinic cheilitis	Source disease	Actinic cheilitis	Anatomical_Distribution || Attribute_Characteristics || Attribute_Color || Attribute_Shape || Diagnosis	Color || Distribution || Primary_Diagnosis || Shape || Surface_or_secondary_change	4	4	0	0	4	9	9	0	0	2	9	9	0	0	2	observed_term_no_disease_translation
Source_disease_label	Source disease	Disease	Actinic keratosis			Actinic keratosis	Source disease	Actinic keratosis	Anatomical_Distribution || Attribute_Characteristics || Attribute_Color || Attribute_Shape || Diagnosis || Lesion_Recognition	Color || Distribution || Primary_Diagnosis || Primary_Lesion_Type || Primary_and_Secondary_Morphology || Secondary_Change || Shape || Surface_or_secondary_change	52	52	0	0	45	491	491	0	0	111	164	164	0	0	37	observed_term_no_disease_translation
Source_disease_label	Source disease	Disease	Actinic prurigo			Actinic prurigo	Source disease	Actinic prurigo	Anatomical_Distribution || Attribute_Characteristics || Attribute_Color || Attribute_Shape	Color || Distribution || Secondary_Change || Shape || Surface_or_secondary_change	1	1	0	0	1	9	9	0	0	2	5	5	0	0	1	observed_term_no_disease_translation
Source_disease_label	Source disease	Disease	Acute febrile neutrophilic dermatosis (Sweet syndrome)			Acute febrile neutrophilic dermatosis (Sweet syndrome)	Source disease	Acute febrile neutrophilic dermatosis (Sweet syndrome)	Anatomical_Distribution || Attribute_Characteristics || Attribute_Color || Attribute_Shape || Diagnosis || Lesion_Recognition	Color || Distribution || Primary_Diagnosis || Primary_Lesion_Type || Primary_and_Secondary_Morphology || Shape || Surface_or_secondary_change	9	9	0	0	5	122	122	0	0	29	41	41	0	0	9	observed_term_no_disease_translation
Source_disease_label	Source disease	Disease	Acute generalised exanthematous pustulosis			Acute generalised exanthematous pustulosis	Source disease	Acute generalised exanthematous pustulosis	Anatomical_Distribution || Attribute_Characteristics || Attribute_Color || Attribute_Shape || Diagnosis || Lesion_Recognition	Color || Distribution || Primary_Diagnosis || Primary_and_Secondary_Morphology || Secondary_Change || Shape || Surface_or_secondary_change	5	5	0	0	5	46	46	0	0	12	19	19	0	0	5	observed_term_no_disease_translation
Source_disease_label	Source disease	Disease	Acute hepatic porphyrias			Acute hepatic porphyrias	Source disease	Acute hepatic porphyrias	Anatomical_Distribution || Attribute_Characteristics || Attribute_Color || Attribute_Shape || Diagnosis || Lesion_Recognition	Color || Distribution || Primary_Diagnosis || Primary_and_Secondary_Morphology || Shape || Surface_or_secondary_change	0	0	0	0	0	9	9	0	0	2	5	5	0	0	1	observed_term_no_disease_translation
Source_disease_label	Source disease	Disease	Acute localised exanthematous pustulosis			Acute localised exanthematous pustulosis	Source disease	Acute localised exanthematous pustulosis	Anatomical_Distribution || Attribute_Characteristics || Attribute_Color || Attribute_Shape || Lesion_Recognition	Color || Distribution || Primary_Lesion_Type || Shape || Surface_or_secondary_change	0	0	0	0	0	8	8	0	0	2	3	3	0	0	1	observed_term_no_disease_translation
Source_disease_label	Source disease	Disease	Adult-onset Still disease			Adult-onset Still disease	Source disease	Adult-onset Still disease	Anatomical_Distribution || Attribute_Characteristics || Attribute_Color || Attribute_Shape || Diagnosis	Color || Distribution || Primary_Diagnosis || Shape || Surface_or_secondary_change	1	1	0	0	1	9	9	0	0	2	0	0	0	0	0	observed_term_no_disease_translation
Source_disease_label	Source disease	Disease	Aeromonas skin infection			Aeromonas skin infection	Source disease	Aeromonas skin infection	Anatomical_Distribution || Attribute_Characteristics || Attribute_Color || Attribute_Shape || Diagnosis	Color || Distribution || Primary_Diagnosis || Shape || Surface_or_secondary_change	0	0	0	0	0	8	8	0	0	2	5	5	0	0	1	observed_term_no_disease_translation
Source_disease_label	Source disease	Disease	Airborne contact dermatitis			Airborne contact dermatitis	Source disease	Airborne contact dermatitis	Anatomical_Distribution || Attribute_Characteristics || Attribute_Color || Attribute_Shape	Color || Distribution || Shape || Surface_or_secondary_change	2	2	0	0	2	8	8	0	0	2	4	4	0	0	1	observed_term_no_disease_translation
Source_disease_label	Source disease	Disease	Alkaptonuria and ochronosis			Alkaptonuria and ochronosis	Source disease	Alkaptonuria and ochronosis	Anatomical_Distribution || Attribute_Characteristics || Attribute_Color || Attribute_Shape	Color || Distribution || Shape || Surface_or_secondary_change	0	0	0	0	0	11	11	0	0	3	3	3	0	0	1	observed_term_no_disease_translation
Source_disease_label	Source disease	Disease	Alopecia areata			Alopecia areata	Source disease	Alopecia areata	Anatomical_Distribution || Attribute_Characteristics || Attribute_Color || Attribute_Shape || Diagnosis || Lesion_Recognition	Color || Distribution || Hair_Morphology || Hair_and_Surface_Characteristics || Primary_Diagnosis || Primary_Lesion_Type || Shape || Surface_or_secondary_change	11	11	0	0	10	149	149	0	0	38	58	58	0	0	15	observed_term_no_disease_translation
Source_disease_label	Source disease	Disease	Alopecia from drugs			Alopecia from drugs	Source disease	Alopecia from drugs	Anatomical_Distribution || Attribute_Characteristics || Attribute_Color || Diagnosis	Color || Distribution || Primary_Diagnosis || Surface_or_secondary_change	1	1	0	0	1	6	6	0	0	2	4	4	0	0	1	observed_term_no_disease_translation
Source_disease_label	Source disease	Disease	Alopecia mucinosa			Alopecia mucinosa	Source disease	Alopecia mucinosa	Anatomical_Distribution || Attribute_Characteristics || Attribute_Color || Attribute_Shape || Lesion_Recognition	Color || Distribution || Hair_and_Surface_Characteristics || Primary_Lesion_Type || Secondary_Change || Shape || Surface_or_secondary_change	2	2	0	0	2	10	10	0	0	3	3	3	0	0	1	observed_term_no_disease_translation
Source_disease_label	Source disease	Disease	Amelanotic melanoma			Amelanotic melanoma	Source disease	Amelanotic melanoma	Anatomical_Distribution || Attribute_Characteristics || Attribute_Color || Attribute_Shape || Diagnosis || Lesion_Recognition	Color || Distribution || Primary_Diagnosis || Primary_Lesion_Type || Primary_and_Secondary_Morphology || Secondary_Change || Shape || Surface_or_secondary_change	14	14	0	0	13	121	121	0	0	26	59	59	0	0	12	observed_term_no_disease_translation
Source_disease_label	Source disease	Disease	Amputation stump dermatoses			Amputation stump dermatoses	Source disease	Amputation stump dermatoses	Anatomical_Distribution || Attribute_Characteristics || Attribute_Color || Attribute_Shape || Diagnosis || Lesion_Recognition	Color || Distribution || Primary_Diagnosis || Primary_Lesion_Type || Shape || Surface_or_secondary_change	2	2	0	0	2	42	42	0	0	8	12	12	0	0	2	observed_term_no_disease_translation
Source_disease_label	Source disease	Disease	Amyloidosis cutis dyschromica			Amyloidosis cutis dyschromica	Source disease	Amyloidosis cutis dyschromica	Anatomical_Distribution || Attribute_Characteristics || Attribute_Color || Attribute_Shape || Diagnosis || Lesion_Recognition	Color || Distribution || Primary_Diagnosis || Primary_Lesion_Type || Primary_and_Secondary_Morphology || Shape || Surface_or_secondary_change	0	0	0	0	0	10	10	0	0	2	4	4	0	0	1	observed_term_no_disease_translation
Source_disease_label	Source disease	Disease	Anagen effluvium			Anagen effluvium	Source disease	Anagen effluvium	Anatomical_Distribution || Attribute_Characteristics || Attribute_Color || Attribute_Shape || Diagnosis || Lesion_Recognition	Color || Distribution || Hair_Morphology || Hair_and_Surface_Characteristics || Primary_Diagnosis || Primary_Lesion_Type || Primary_and_Secondary_Morphology || Shape || Surface_or_secondary_change	9	9	0	0	6	45	45	0	0	10	9	9	0	0	2	observed_term_no_disease_translation
Source_disease_label	Source disease	Disease	Anal cancer and anal canal cancer			Anal cancer and anal canal cancer	Source disease	Anal cancer and anal canal cancer	Anatomical_Distribution || Attribute_Characteristics || Attribute_Color || Attribute_Shape || Diagnosis || Lesion_Recognition	Color || Distribution || Primary_Diagnosis || Primary_Lesion_Type || Shape || Surface_or_secondary_change	0	0	0	0	0	16	16	0	0	3	5	5	0	0	1	observed_term_no_disease_translation
Source_disease_label	Source disease	Disease	Anetoderma			Anetoderma	Source disease	Anetoderma	Anatomical_Distribution || Attribute_Characteristics || Attribute_Color || Attribute_Shape || Diagnosis || Lesion_Recognition	Color || Distribution || Primary_Diagnosis || Primary_Lesion_Type || Shape || Surface_or_secondary_change	2	2	0	0	2	5	5	0	0	1	5	5	0	0	1	observed_term_no_disease_translation
Source_disease_label	Source disease	Disease	Angiofibroma			Angiofibroma	Source disease	Angiofibroma	Anatomical_Distribution || Attribute_Characteristics || Attribute_Color || Attribute_Shape || Diagnosis || Lesion_Recognition	Color || Distribution || Primary_Diagnosis || Primary_Lesion_Type || Shape || Surface_or_secondary_change	12	12	0	0	11	144	144	0	0	30	47	47	0	0	10	observed_term_no_disease_translation
Source_disease_label	Source disease	Disease	Angioma serpiginosum			Angioma serpiginosum	Source disease	Angioma serpiginosum	Anatomical_Distribution || Attribute_Color || Attribute_Shape || Diagnosis	Color || Distribution || Primary_Diagnosis || Shape	1	1	0	0	1	8	8	0	0	2	4	4	0	0	1	observed_term_no_disease_translation
Source_disease_label	Source disease	Disease	Angular cheilitis			Angular cheilitis	Source disease	Angular cheilitis	Anatomical_Distribution || Attribute_Characteristics || Attribute_Color || Attribute_Shape || Diagnosis || Lesion_Recognition	Color || Distribution || Primary_Diagnosis || Primary_Lesion_Type || Primary_and_Secondary_Morphology || Secondary_Change || Shape || Surface_or_secondary_change	11	11	0	0	10	116	116	0	0	25	20	20	0	0	4	observed_term_no_disease_translation
Source_disease_label	Source disease	Disease	Anogenital squamous cell carcinoma			Anogenital squamous cell carcinoma	Source disease	Anogenital squamous cell carcinoma	Anatomical_Distribution || Attribute_Characteristics || Attribute_Color || Attribute_Shape || Diagnosis || Lesion_Recognition	Color || Distribution || Primary_Diagnosis || Primary_Lesion_Type || Shape || Surface_or_secondary_change	1	1	0	0	1	27	27	0	0	6	5	5	0	0	1	observed_term_no_disease_translation
Source_disease_label	Source disease	Disease	Anogenital wart			Anogenital wart	Source disease	Anogenital wart	Anatomical_Distribution || Attribute_Characteristics || Attribute_Color || Attribute_Shape || Diagnosis || Lesion_Recognition	Color || Distribution || Primary_Diagnosis || Primary_Lesion_Type || Primary_and_Secondary_Morphology || Secondary_Change || Shape || Surface_or_secondary_change	11	11	0	0	9	82	82	0	0	19	29	29	0	0	7	observed_term_no_disease_translation
Source_disease_label	Source disease	Disease	Anthrax			Anthrax	Source disease	Anthrax	Anatomical_Distribution || Attribute_Characteristics || Attribute_Color || Attribute_Shape || Diagnosis || Lesion_Recognition	Color || Distribution || Primary_Diagnosis || Primary_Lesion_Type || Secondary_Change || Shape || Surface_or_secondary_change	1	1	0	0	1	16	16	0	0	3	6	6	0	0	1	observed_term_no_disease_translation
Source_disease_label	Source disease	Disease	Antisynthetase syndrome			Antisynthetase syndrome	Source disease	Antisynthetase syndrome	Anatomical_Distribution || Attribute_Characteristics || Attribute_Color || Attribute_Shape || Diagnosis	Color || Distribution || Primary_Diagnosis || Shape || Surface_or_secondary_change	0	0	0	0	0	13	13	0	0	3	5	5	0	0	1	observed_term_no_disease_translation
Source_disease_label	Source disease	Disease	Aphthous ulcer			Aphthous ulcer	Source disease	Aphthous ulcer	Anatomical_Distribution || Attribute_Characteristics || Attribute_Color || Attribute_Shape || Diagnosis || Lesion_Recognition	Color || Distribution || Primary_Diagnosis || Primary_and_Secondary_Morphology || Secondary_Change || Shape || Surface_or_secondary_change	1	1	0	0	1	16	16	0	0	3	16	16	0	0	3	observed_term_no_disease_translation
Source_disease_label	Source disease	Disease	Apocrine chromhidrosis			Apocrine chromhidrosis	Source disease	Apocrine chromhidrosis	Anatomical_Distribution || Attribute_Characteristics || Attribute_Color || Attribute_Shape || Diagnosis	Color || Distribution || Primary_Diagnosis || Shape || Surface_or_secondary_change	3	3	0	0	2	4	4	0	0	1	4	4	0	0	1	observed_term_no_disease_translation
Source_disease_label	Source disease	Disease	Arthropod bites and stings			Arthropod bites and stings	Source disease	Arthropod bites and stings	Anatomical_Distribution || Attribute_Characteristics || Attribute_Color || Attribute_Shape || Diagnosis || Lesion_Recognition	Color || Distribution || Primary_Diagnosis || Primary_Lesion_Type || Primary_and_Secondary_Morphology || Shape || Surface_or_secondary_change	0	0	0	0	0	28	28	0	0	7	13	13	0	0	4	observed_term_no_disease_translation
Source_disease_label	Source disease	Disease	Aspergillosis			Aspergillosis	Source disease	Aspergillosis	Anatomical_Distribution || Attribute_Characteristics || Attribute_Color || Attribute_Shape || Diagnosis	Color || Distribution || Primary_Diagnosis || Shape || Surface_or_secondary_change	3	3	0	0	2	5	5	0	0	1	5	5	0	0	1	observed_term_no_disease_translation
Source_disease_label	Source disease	Disease	Asteatotic eczema			Asteatotic eczema	Source disease	Asteatotic eczema	Anatomical_Distribution || Attribute_Characteristics || Attribute_Color || Attribute_Shape || Diagnosis || Lesion_Recognition	Color || Distribution || Primary_Diagnosis || Primary_Lesion_Type || Shape || Surface_or_secondary_change	0	0	0	0	0	25	25	0	0	6	8	8	0	0	2	observed_term_no_disease_translation
Source_disease_label	Source disease	Disease	Atopic dermatitis			Atopic dermatitis	Source disease	Atopic dermatitis	Anatomical_Distribution || Attribute_Characteristics || Attribute_Color || Attribute_Shape || Diagnosis || Lesion_Recognition	Color || Distribution || Primary_Diagnosis || Primary_Lesion_Type || Primary_and_Secondary_Morphology || Secondary_Change || Shape || Surface_or_secondary_change	49	49	0	0	44	467	467	0	0	107	171	171	0	0	41	observed_term_no_disease_translation
Source_disease_label	Source disease	Disease	Atrophoderma of Pasini and Pierini			Atrophoderma of Pasini and Pierini	Source disease	Atrophoderma of Pasini and Pierini	Anatomical_Distribution || Attribute_Characteristics || Attribute_Color || Attribute_Shape || Diagnosis	Color || Distribution || Primary_Diagnosis || Shape || Surface_or_secondary_change	2	2	0	0	2	24	24	0	0	6	10	10	0	0	2	observed_term_no_disease_translation
Source_disease_label	Source disease	Disease	Atypical fibroxanthoma			Atypical fibroxanthoma	Source disease	Atypical fibroxanthoma	Anatomical_Distribution || Attribute_Characteristics || Attribute_Color || Attribute_Shape || Diagnosis || Lesion_Recognition	Color || Distribution || Primary_Diagnosis || Primary_Lesion_Type || Primary_and_Secondary_Morphology || Shape || Surface_or_secondary_change	5	5	0	0	4	10	10	0	0	2	10	10	0	0	2	observed_term_no_disease_translation
Source_disease_label	Source disease	Disease	Atypical melanocytic naevus			Atypical melanocytic naevus	Source disease	Atypical melanocytic naevus	Anatomical_Distribution || Attribute_Characteristics || Attribute_Color || Attribute_Shape || Diagnosis || Lesion_Recognition	Color || Distribution || Primary_Diagnosis || Primary_Lesion_Type || Shape || Surface_or_secondary_change	7	7	0	0	6	56	56	0	0	12	25	25	0	0	5	observed_term_no_disease_translation
Source_disease_label	Source disease	Disease	Atypical mycobacterial infection			Atypical mycobacterial infection	Source disease	Atypical mycobacterial infection	Anatomical_Distribution || Attribute_Characteristics || Attribute_Color || Attribute_Shape || Diagnosis || Lesion_Recognition	Color || Distribution || Primary_Diagnosis || Primary_Lesion_Type || Primary_and_Secondary_Morphology || Secondary_Change || Shape || Surface_or_secondary_change	19	19	0	0	18	134	134	0	0	30	41	41	0	0	9	observed_term_no_disease_translation
Source_disease_label	Source disease	Disease	Atypical solar lentigo			Atypical solar lentigo	Source disease	Atypical solar lentigo	Anatomical_Distribution || Attribute_Characteristics || Attribute_Color || Attribute_Shape || Diagnosis || Lesion_Recognition	Color || Distribution || Primary_Diagnosis || Primary_Lesion_Type || Primary_and_Secondary_Morphology || Shape || Surface_or_secondary_change	1	1	0	0	1	10	10	0	0	2	6	6	0	0	1	observed_term_no_disease_translation
Source_disease_label	Source disease	Disease	Bacterial folliculitis			Bacterial folliculitis	Source disease	Bacterial folliculitis	Anatomical_Distribution || Attribute_Characteristics || Attribute_Color || Attribute_Shape || Diagnosis || Lesion_Recognition	Color || Distribution || Primary_Diagnosis || Primary_Lesion_Type || Shape || Surface_or_secondary_change	1	1	0	0	1	5	5	0	0	1	5	5	0	0	1	observed_term_no_disease_translation
Source_disease_label	Source disease	Disease	Basal cell carcinoma			Basal cell carcinoma	Source disease	Basal cell carcinoma	Anatomical_Distribution || Attribute_Characteristics || Attribute_Color || Attribute_Shape || Diagnosis || Lesion_Recognition	Color || Distribution || Primary_Diagnosis || Primary_Lesion_Type || Primary_and_Secondary_Morphology || Secondary_Change || Shape || Surface_or_secondary_change	48	48	0	0	44	447	447	0	0	99	130	130	0	0	29	observed_term_no_disease_translation
Source_disease_label	Source disease	Disease	Bazin_s hydroa vacciniforme			Bazin_s hydroa vacciniforme	Source disease	Bazin_s hydroa vacciniforme	Anatomical_Distribution || Attribute_Characteristics || Attribute_Color || Attribute_Shape || Diagnosis || Lesion_Recognition	Color || Distribution || Primary_Diagnosis || Primary_and_Secondary_Morphology || Shape || Surface_or_secondary_change	3	3	0	0	2	13	13	0	0	3	4	4	0	0	1	observed_term_no_disease_translation
Source_disease_label	Source disease	Disease	Benign familial pemphigus			Benign familial pemphigus	Source disease	Benign familial pemphigus	Anatomical_Distribution || Attribute_Characteristics || Attribute_Color || Attribute_Shape || Diagnosis	Color || Distribution || Primary_Diagnosis || Shape || Surface_or_secondary_change	1	1	0	0	1	31	31	0	0	7	4	4	0	0	1	observed_term_no_disease_translation
Source_disease_label	Source disease	Disease	Benign hereditary telangiectasia			Benign hereditary telangiectasia	Source disease	Benign hereditary telangiectasia	Anatomical_Distribution || Attribute_Characteristics || Attribute_Color || Attribute_Shape || Diagnosis || Lesion_Recognition	Color || Distribution || Primary_Diagnosis || Primary_Lesion_Type || Shape || Surface_or_secondary_change	3	3	0	0	3	30	30	0	0	6	13	13	0	0	3	observed_term_no_disease_translation
Source_disease_label	Source disease	Disease	Birt-Hogg-Dubé syndrome			Birt-Hogg-Dubé syndrome	Source disease	Birt-Hogg-Dubé syndrome	Anatomical_Distribution || Attribute_Characteristics || Attribute_Color || Attribute_Shape || Diagnosis || Lesion_Recognition	Color || Distribution || Primary_Diagnosis || Primary_Lesion_Type || Shape || Surface_or_secondary_change	4	4	0	0	4	32	32	0	0	8	10	10	0	0	3	observed_term_no_disease_translation
Source_disease_label	Source disease	Disease	Blue nevus			Blue nevus	Source disease	Blue nevus	Anatomical_Distribution || Attribute_Characteristics || Attribute_Color || Attribute_Shape || Diagnosis || Lesion_Recognition	Color || Distribution || Primary_Diagnosis || Primary_Lesion_Type || Secondary_Change || Shape || Surface_or_secondary_change	13	13	0	0	11	102	102	0	0	21	4	4	0	0	1	observed_term_no_disease_translation
Source_disease_label	Source disease	Disease	Boil			Boil	Source disease	Boil	Anatomical_Distribution || Attribute_Characteristics || Attribute_Color || Attribute_Shape || Diagnosis || Lesion_Recognition	Color || Distribution || Primary_Diagnosis || Primary_Lesion_Type || Primary_and_Secondary_Morphology || Shape || Surface_or_secondary_change	2	2	0	0	2	22	22	0	0	5	14	14	0	0	3	observed_term_no_disease_translation
Source_disease_label	Source disease	Disease	Bullous pemphigoid			Bullous pemphigoid	Source disease	Bullous pemphigoid	Anatomical_Distribution || Attribute_Characteristics || Attribute_Color || Attribute_Shape || Diagnosis || Lesion_Recognition	Color || Distribution || Primary_Diagnosis || Primary_Lesion_Type || Primary_and_Secondary_Morphology || Shape || Surface_or_secondary_change	23	23	0	0	21	246	246	0	0	54	60	60	0	0	13	observed_term_no_disease_translation
Source_disease_label	Source disease	Disease	Calcinosis cutis			Calcinosis cutis	Source disease	Calcinosis cutis	Anatomical_Distribution || Attribute_Characteristics || Attribute_Color || Attribute_Shape || Diagnosis || Lesion_Recognition	Color || Distribution || Primary_Diagnosis || Primary_Lesion_Type || Shape || Surface_or_secondary_change	16	16	0	0	11	41	41	0	0	8	16	16	0	0	3	observed_term_no_disease_translation
Source_disease_label	Source disease	Disease	Calciphylaxis			Calciphylaxis	Source disease	Calciphylaxis	Anatomical_Distribution || Attribute_Characteristics || Attribute_Color || Attribute_Shape || Diagnosis || Lesion_Recognition	Color || Distribution || Primary_Diagnosis || Primary_and_Secondary_Morphology || Shape || Surface_or_secondary_change	5	5	0	0	3	43	43	0	0	9	10	10	0	0	2	observed_term_no_disease_translation
Source_disease_label	Source disease	Disease	Capillary vascular malformation			Capillary vascular malformation	Source disease	Capillary vascular malformation	Anatomical_Distribution || Attribute_Characteristics || Attribute_Color || Attribute_Shape || Diagnosis || Lesion_Recognition	Color || Distribution || Primary_Diagnosis || Primary_Lesion_Type || Shape || Surface_or_secondary_change	3	3	0	0	2	52	52	0	0	11	14	14	0	0	3	observed_term_no_disease_translation
Source_disease_label	Source disease	Disease	Carotenoderma			Carotenoderma	Source disease	Carotenoderma	Anatomical_Distribution || Attribute_Characteristics || Attribute_Color || Diagnosis	Color || Distribution || Primary_Diagnosis || Surface_or_secondary_change	0	0	0	0	0	7	7	0	0	2	3	3	0	0	1	observed_term_no_disease_translation
Source_disease_label	Source disease	Disease	Cellulitis			Cellulitis	Source disease	Cellulitis	Anatomical_Distribution || Attribute_Characteristics || Attribute_Color || Attribute_Shape || Diagnosis || Lesion_Recognition	Color || Distribution || Primary_Diagnosis || Primary_Lesion_Type || Shape || Surface_or_secondary_change	7	7	0	0	7	59	59	0	0	13	8	8	0	0	2	observed_term_no_disease_translation
Source_disease_label	Source disease	Disease	Cherry angioma			Cherry angioma	Source disease	Cherry angioma	Anatomical_Distribution || Attribute_Characteristics || Attribute_Color || Attribute_Shape || Lesion_Recognition	Color || Distribution || Primary_Lesion_Type || Shape || Surface_or_secondary_change	5	5	0	0	4	15	15	0	0	4	7	7	0	0	2	observed_term_no_disease_translation
Source_disease_label	Source disease	Disease	Chilblains			Chilblains	Source disease	Chilblains	Anatomical_Distribution || Attribute_Characteristics || Attribute_Color || Attribute_Shape || Diagnosis	Color || Distribution || Primary_Diagnosis || Shape || Surface_or_secondary_change	3	3	0	0	2	13	13	0	0	3	4	4	0	0	1	observed_term_no_disease_translation
Source_disease_label	Source disease	Disease	Chloracne _ MADISH			Chloracne _ MADISH	Source disease	Chloracne _ MADISH	Anatomical_Distribution || Attribute_Characteristics || Attribute_Color || Attribute_Shape || Diagnosis || Lesion_Recognition	Color || Distribution || Primary_Diagnosis || Primary_Lesion_Type || Shape || Surface_or_secondary_change	0	0	0	0	0	15	15	0	0	3	15	15	0	0	3	observed_term_no_disease_translation
Source_disease_label	Source disease	Disease	Cold urticaria			Cold urticaria	Source disease	Cold urticaria	Anatomical_Distribution || Attribute_Characteristics || Attribute_Color || Attribute_Shape || Diagnosis || Lesion_Recognition	Color || Distribution || Primary_Diagnosis || Primary_Lesion_Type || Shape || Surface_or_secondary_change	3	3	0	0	3	24	24	0	0	5	5	5	0	0	1	observed_term_no_disease_translation
Source_disease_label	Source disease	Disease	Colloid milium			Colloid milium	Source disease	Colloid milium	Anatomical_Distribution || Attribute_Characteristics || Attribute_Color || Attribute_Shape || Diagnosis || Lesion_Recognition	Color || Distribution || Primary_Diagnosis || Primary_Lesion_Type || Shape || Surface_or_secondary_change	0	0	0	0	0	16	16	0	0	3	10	10	0	0	2	observed_term_no_disease_translation
Source_disease_label	Source disease	Disease	Congenital melanocytic naevus			Congenital melanocytic naevus	Source disease	Congenital melanocytic naevus	Anatomical_Distribution || Attribute_Characteristics || Attribute_Color || Attribute_Shape || Diagnosis || Lesion_Recognition	Color || Distribution || Hair_Morphology || Hair_and_Surface_Characteristics || Primary_Diagnosis || Primary_Lesion_Type || Shape || Surface_or_secondary_change	9	9	0	0	7	50	50	0	0	11	18	18	0	0	4	observed_term_no_disease_translation
Source_disease_label	Source disease	Disease	Cryoglobulinaemia			Cryoglobulinaemia	Source disease	Cryoglobulinaemia	Anatomical_Distribution || Attribute_Characteristics || Attribute_Color || Attribute_Shape || Diagnosis || Lesion_Recognition	Color || Distribution || Primary_Diagnosis || Primary_Lesion_Type || Shape || Surface_or_secondary_change	6	6	0	0	5	38	38	0	0	9	4	4	0	0	1	observed_term_no_disease_translation
Source_disease_label	Source disease	Disease	Cutaneous abscess			Cutaneous abscess	Source disease	Cutaneous abscess	Anatomical_Distribution || Attribute_Characteristics || Attribute_Color || Attribute_Shape || Lesion_Recognition	Color || Distribution || Primary_Lesion_Type || Primary_and_Secondary_Morphology || Shape || Surface_or_secondary_change	2	2	0	0	2	20	20	0	0	4	5	5	0	0	1	observed_term_no_disease_translation
Source_disease_label	Source disease	Disease	Cutaneous amyloidosis			Cutaneous amyloidosis	Source disease	Cutaneous amyloidosis	Anatomical_Distribution || Attribute_Characteristics || Attribute_Color || Attribute_Shape || Diagnosis || Lesion_Recognition	Color || Distribution || Primary_Diagnosis || Primary_Lesion_Type || Primary_and_Secondary_Morphology || Secondary_Change || Shape || Surface_or_secondary_change	14	14	0	0	12	103	103	0	0	23	20	20	0	0	5	observed_term_no_disease_translation
Source_disease_label	Source disease	Disease	Cutaneous horn			Cutaneous horn	Source disease	Cutaneous horn	Anatomical_Distribution || Attribute_Characteristics || Attribute_Color || Attribute_Shape || Diagnosis || Lesion_Recognition	Color || Distribution || Primary_Diagnosis || Primary_Lesion_Type || Secondary_Change || Shape || Surface_or_secondary_change	6	6	0	0	6	92	92	0	0	22	40	40	0	0	9	observed_term_no_disease_translation
Source_disease_label	Source disease	Disease	Cutaneous larva migrans			Cutaneous larva migrans	Source disease	Cutaneous larva migrans	Anatomical_Distribution || Attribute_Characteristics || Attribute_Color || Attribute_Shape || Diagnosis	Color || Distribution || Primary_Diagnosis || Secondary_Change || Shape || Surface_or_secondary_change	0	0	0	0	0	11	11	0	0	3	4	4	0	0	1	observed_term_no_disease_translation
Source_disease_label	Source disease	Disease	Cutaneous lupus erythematosus			Cutaneous lupus erythematosus	Source disease	Cutaneous lupus erythematosus	Anatomical_Distribution || Attribute_Characteristics || Attribute_Color || Attribute_Shape || Diagnosis || Lesion_Recognition	Color || Distribution || Hair_and_Surface_Characteristics || Primary_Diagnosis || Primary_Lesion_Type || Primary_and_Secondary_Morphology || Secondary_Change || Shape || Surface_or_secondary_change	33	33	0	0	28	308	308	0	0	68	96	96	0	0	21	observed_term_no_disease_translation
Source_disease_label	Source disease	Disease	Cutaneous tuberculosis			Cutaneous tuberculosis	Source disease	Cutaneous tuberculosis	Anatomical_Distribution || Attribute_Characteristics || Attribute_Color || Attribute_Shape || Diagnosis || Lesion_Recognition	Color || Distribution || Primary_Diagnosis || Primary_Lesion_Type || Primary_and_Secondary_Morphology || Secondary_Change || Shape || Surface_or_secondary_change	9	9	0	0	8	75	75	0	0	15	25	25	0	0	5	observed_term_no_disease_translation
Source_disease_label	Source disease	Disease	Cutaneous vasculitis			Cutaneous vasculitis	Source disease	Cutaneous vasculitis	Anatomical_Distribution || Attribute_Characteristics || Attribute_Color || Attribute_Shape || Diagnosis || Lesion_Recognition	Color || Distribution || Primary_Diagnosis || Primary_and_Secondary_Morphology || Secondary_Change || Shape || Surface_or_secondary_change	1	1	0	0	1	21	21	0	0	5	14	14	0	0	3	observed_term_no_disease_translation
Source_disease_label	Source disease	Disease	Cutis marmorata telangiectatica congenita			Cutis marmorata telangiectatica congenita	Source disease	Cutis marmorata telangiectatica congenita	Anatomical_Distribution || Attribute_Characteristics || Attribute_Color || Attribute_Shape || Diagnosis || Lesion_Recognition	Color || Distribution || Primary_Diagnosis || Primary_Lesion_Type || Shape || Surface_or_secondary_change	1	1	0	0	1	23	23	0	0	4	6	6	0	0	1	observed_term_no_disease_translation
Source_disease_label	Source disease	Disease	Cutis verticis gyrata			Cutis verticis gyrata	Source disease	Cutis verticis gyrata	Anatomical_Distribution || Attribute_Characteristics || Attribute_Color || Attribute_Shape || Diagnosis	Color || Distribution || Hair_and_Surface_Characteristics || Primary_Diagnosis || Shape	3	3	0	0	2	8	8	0	0	2	4	4	0	0	1	observed_term_no_disease_translation
Source_disease_label	Source disease	Disease	Cytophagic histiocytic panniculitis			Cytophagic histiocytic panniculitis	Source disease	Cytophagic histiocytic panniculitis	Anatomical_Distribution || Attribute_Color	Color || Distribution	2	2	0	0	1	0	0	0	0	0	0	0	0	0	0	observed_term_no_disease_translation
Source_disease_label	Source disease	Disease	Delayed pressure urticaria			Delayed pressure urticaria	Source disease	Delayed pressure urticaria	Anatomical_Distribution || Attribute_Characteristics || Attribute_Color || Attribute_Shape || Diagnosis	Color || Distribution || Primary_Diagnosis || Shape || Surface_or_secondary_change	0	0	0	0	0	14	14	0	0	3	4	4	0	0	1	observed_term_no_disease_translation
Source_disease_label	Source disease	Disease	Dermatitis artefacta			Dermatitis artefacta	Source disease	Dermatitis artefacta	Anatomical_Distribution || Attribute_Characteristics || Attribute_Color || Attribute_Shape || Diagnosis || Lesion_Recognition	Color || Distribution || Primary_Diagnosis || Primary_and_Secondary_Morphology || Shape || Surface_or_secondary_change	1	1	0	0	1	6	6	0	0	1	6	6	0	0	1	observed_term_no_disease_translation
Source_disease_label	Source disease	Disease	Dermatofibroma			Dermatofibroma	Source disease	Dermatofibroma	Anatomical_Distribution || Attribute_Characteristics || Attribute_Color || Attribute_Shape || Diagnosis || Lesion_Recognition	Color || Distribution || Primary_Diagnosis || Primary_Lesion_Type || Primary_and_Secondary_Morphology || Shape || Surface_or_secondary_change	11	11	0	0	8	86	86	0	0	17	41	41	0	0	8	observed_term_no_disease_translation
Source_disease_label	Source disease	Disease	Dermatosis papulosa nigra			Dermatosis papulosa nigra	Source disease	Dermatosis papulosa nigra	Anatomical_Distribution || Attribute_Characteristics || Attribute_Color || Attribute_Shape || Diagnosis || Lesion_Recognition	Color || Distribution || Primary_Diagnosis || Primary_Lesion_Type || Primary_and_Secondary_Morphology || Shape || Surface_or_secondary_change	1	1	0	0	1	37	37	0	0	7	12	12	0	0	2	observed_term_no_disease_translation
Source_disease_label	Source disease	Disease	Digital myxoid pseudocyst			Digital myxoid pseudocyst	Source disease	Digital myxoid pseudocyst	Anatomical_Distribution || Attribute_Characteristics || Attribute_Color || Attribute_Shape || Diagnosis || Lesion_Recognition	Color || Distribution || Primary_Diagnosis || Primary_Lesion_Type || Primary_and_Secondary_Morphology || Secondary_Change || Shape || Surface_or_secondary_change	6	6	0	0	5	89	89	0	0	19	35	35	0	0	8	observed_term_no_disease_translation
Source_disease_label	Source disease	Disease	Discoid eczema			Discoid eczema	Source disease	Discoid eczema	Anatomical_Distribution || Attribute_Characteristics || Attribute_Color || Attribute_Shape || Diagnosis || Lesion_Recognition	Color || Distribution || Primary_Diagnosis || Primary_Lesion_Type || Primary_and_Secondary_Morphology || Secondary_Change || Shape || Surface_or_secondary_change	46	46	0	0	36	396	396	0	0	91	105	105	0	0	24	observed_term_no_disease_translation
Source_disease_label	Source disease	Disease	Discoid lupus erythematosus			Discoid lupus erythematosus	Source disease	Discoid lupus erythematosus	Anatomical_Distribution || Attribute_Characteristics || Attribute_Color || Attribute_Shape || Diagnosis || Lesion_Recognition	Color || Distribution || Hair_Morphology || Hair_and_Surface_Characteristics || Primary_Diagnosis || Primary_Lesion_Type || Primary_and_Secondary_Morphology || Secondary_Change || Shape || Surface_or_secondary_change	25	25	0	0	20	205	205	0	0	48	56	56	0	0	12	observed_term_no_disease_translation
Source_disease_label	Source disease	Disease	Disseminate and recurrent infundibulofolliculitis			Disseminate and recurrent infundibulofolliculitis	Source disease	Disseminate and recurrent infundibulofolliculitis	Anatomical_Distribution || Attribute_Characteristics || Attribute_Color || Attribute_Shape || Lesion_Recognition	Color || Distribution || Primary_Lesion_Type || Shape || Surface_or_secondary_change	0	0	0	0	0	12	12	0	0	3	3	3	0	0	1	observed_term_no_disease_translation
Source_disease_label	Source disease	Disease	Disseminated secondary eczema			Disseminated secondary eczema	Source disease	Disseminated secondary eczema	Anatomical_Distribution || Attribute_Characteristics || Attribute_Color || Attribute_Shape || Diagnosis	Color || Distribution || Primary_Diagnosis || Shape || Surface_or_secondary_change	0	0	0	0	0	8	8	0	0	2	3	3	0	0	1	observed_term_no_disease_translation
Source_disease_label	Source disease	Disease	Disseminated superficial actinic porokeratosis			Disseminated superficial actinic porokeratosis	Source disease	Disseminated superficial actinic porokeratosis	Anatomical_Distribution || Attribute_Characteristics || Attribute_Color || Attribute_Shape || Diagnosis || Lesion_Recognition	Color || Distribution || Hair_and_Surface_Characteristics || Primary_Diagnosis || Primary_Lesion_Type || Shape || Surface_or_secondary_change	5	5	0	0	4	10	10	0	0	2	4	4	0	0	1	observed_term_no_disease_translation
Source_disease_label	Source disease	Disease	Dowling-Degos disease			Dowling-Degos disease	Source disease	Dowling-Degos disease	Anatomical_Distribution || Attribute_Characteristics || Attribute_Color || Attribute_Shape || Diagnosis || Lesion_Recognition	Color || Distribution || Primary_Diagnosis || Primary_Lesion_Type || Shape || Surface_or_secondary_change	0	0	0	0	0	15	15	0	0	3	10	10	0	0	2	observed_term_no_disease_translation
Source_disease_label	Source disease	Disease	Dry gangrene			Dry gangrene	Source disease	Dry gangrene	Anatomical_Distribution || Attribute_Characteristics || Attribute_Color || Attribute_Shape || Diagnosis	Color || Distribution || Primary_Diagnosis || Shape || Surface_or_secondary_change	0	0	0	0	0	23	23	0	0	6	5	5	0	0	1	observed_term_no_disease_translation
Source_disease_label	Source disease	Disease	Dyshidrotic eczema (pompholyx)			Dyshidrotic eczema (pompholyx)	Source disease	Dyshidrotic eczema (pompholyx)	Anatomical_Distribution || Attribute_Characteristics || Attribute_Color || Attribute_Shape || Diagnosis || Lesion_Recognition	Color || Distribution || Primary_Diagnosis || Primary_Lesion_Type || Primary_and_Secondary_Morphology || Secondary_Change || Shape || Surface_or_secondary_change	7	7	0	0	7	84	84	0	0	18	31	31	0	0	7	observed_term_no_disease_translation
Source_disease_label	Source disease	Disease	Dystrophic epidermolysis bullosa			Dystrophic epidermolysis bullosa	Source disease	Dystrophic epidermolysis bullosa	Anatomical_Distribution || Attribute_Characteristics || Attribute_Color || Attribute_Shape || Diagnosis || Lesion_Recognition	Color || Distribution || Primary_Diagnosis || Primary_and_Secondary_Morphology || Shape || Surface_or_secondary_change	4	4	0	0	3	9	9	0	0	2	4	4	0	0	1	observed_term_no_disease_translation
Source_disease_label	Source disease	Disease	Eccrine porocarcinoma			Eccrine porocarcinoma	Source disease	Eccrine porocarcinoma	Anatomical_Distribution || Attribute_Characteristics || Attribute_Color || Attribute_Shape || Lesion_Recognition	Color || Distribution || Primary_and_Secondary_Morphology || Shape || Surface_or_secondary_change	0	0	0	0	0	9	9	0	0	2	5	5	0	0	1	observed_term_no_disease_translation
Source_disease_label	Source disease	Disease	Ecthyma			Ecthyma	Source disease	Ecthyma	Anatomical_Distribution || Attribute_Characteristics || Attribute_Color || Attribute_Shape || Diagnosis || Lesion_Recognition	Color || Distribution || Primary_Diagnosis || Primary_Lesion_Type || Primary_and_Secondary_Morphology || Secondary_Change || Shape || Surface_or_secondary_change	0	0	0	0	0	38	38	0	0	8	4	4	0	0	1	observed_term_no_disease_translation
Source_disease_label	Source disease	Disease	Eczema herpeticum			Eczema herpeticum	Source disease	Eczema herpeticum	Anatomical_Distribution || Attribute_Characteristics || Attribute_Color || Attribute_Shape || Diagnosis || Lesion_Recognition	Color || Distribution || Primary_Diagnosis || Primary_Lesion_Type || Primary_and_Secondary_Morphology || Shape || Surface_or_secondary_change	7	7	0	0	5	78	78	0	0	18	23	23	0	0	6	observed_term_no_disease_translation
Source_disease_label	Source disease	Disease	Elastolytic giant cell granuloma			Elastolytic giant cell granuloma	Source disease	Elastolytic giant cell granuloma	Anatomical_Distribution || Attribute_Characteristics || Attribute_Color || Attribute_Shape || Diagnosis	Color || Distribution || Primary_Diagnosis || Shape || Surface_or_secondary_change	0	0	0	0	0	8	8	0	0	2	3	3	0	0	1	observed_term_no_disease_translation
Source_disease_label	Source disease	Disease	Elastosis			Elastosis	Source disease	Elastosis	Anatomical_Distribution || Attribute_Characteristics || Attribute_Color || Attribute_Shape || Diagnosis || Lesion_Recognition	Color || Distribution || Hair_and_Surface_Characteristics || Primary_Diagnosis || Primary_Lesion_Type || Shape || Surface_or_secondary_change	3	3	0	0	3	51	51	0	0	13	18	18	0	0	4	observed_term_no_disease_translation
Source_disease_label	Source disease	Disease	Elastosis perforans serpiginosa			Elastosis perforans serpiginosa	Source disease	Elastosis perforans serpiginosa	Anatomical_Distribution || Attribute_Characteristics || Attribute_Color || Attribute_Shape || Diagnosis || Lesion_Recognition	Color || Distribution || Primary_Diagnosis || Primary_Lesion_Type || Shape || Surface_or_secondary_change	4	4	0	0	4	38	38	0	0	9	13	13	0	0	3	observed_term_no_disease_translation
Source_disease_label	Source disease	Disease	Eosinophilic pustular folliculitis			Eosinophilic pustular folliculitis	Source disease	Eosinophilic pustular folliculitis	Anatomical_Distribution || Attribute_Characteristics || Attribute_Color || Attribute_Shape || Diagnosis || Lesion_Recognition	Color || Distribution || Hair_and_Surface_Characteristics || Primary_Diagnosis || Primary_Lesion_Type || Shape || Surface_or_secondary_change	2	2	0	0	1	36	36	0	0	9	15	15	0	0	4	observed_term_no_disease_translation
Source_disease_label	Source disease	Disease	Epidermal naevus			Epidermal naevus	Source disease	Epidermal naevus	Anatomical_Distribution || Attribute_Characteristics || Attribute_Color || Attribute_Shape || Diagnosis || Lesion_Recognition	Color || Distribution || Primary_Diagnosis || Primary_Lesion_Type || Primary_and_Secondary_Morphology || Shape || Surface_or_secondary_change	9	9	0	0	8	73	73	0	0	15	34	34	0	0	7	observed_term_no_disease_translation
Source_disease_label	Source disease	Disease	Epidermoid cyst			Epidermoid cyst	Source disease	Epidermoid cyst	Anatomical_Distribution || Attribute_Characteristics || Attribute_Color || Attribute_Shape || Diagnosis || Lesion_Recognition	Color || Distribution || Primary_Diagnosis || Primary_Lesion_Type || Primary_and_Secondary_Morphology || Shape || Surface_or_secondary_change	3	3	0	0	2	22	22	0	0	4	6	6	0	0	1	observed_term_no_disease_translation
Source_disease_label	Source disease	Disease	Epidermolysis bullosa			Epidermolysis bullosa	Source disease	Epidermolysis bullosa	Anatomical_Distribution || Attribute_Characteristics || Attribute_Color || Attribute_Shape || Diagnosis || Lesion_Recognition	Color || Distribution || Primary_Diagnosis || Primary_Lesion_Type || Primary_and_Secondary_Morphology || Shape || Surface_or_secondary_change	2	2	0	0	2	58	58	0	0	12	9	9	0	0	2	observed_term_no_disease_translation
Source_disease_label	Source disease	Disease	Epidermolysis bullosa acquisita			Epidermolysis bullosa acquisita	Source disease	Epidermolysis bullosa acquisita	Anatomical_Distribution || Attribute_Characteristics || Attribute_Color || Attribute_Shape || Diagnosis || Lesion_Recognition	Color || Distribution || Primary_Diagnosis || Primary_Lesion_Type || Primary_and_Secondary_Morphology || Shape || Surface_or_secondary_change	7	7	0	0	6	32	32	0	0	7	4	4	0	0	1	observed_term_no_disease_translation
Source_disease_label	Source disease	Disease	Erosive lichen planus			Erosive lichen planus	Source disease	Erosive lichen planus	Anatomical_Distribution || Attribute_Characteristics || Attribute_Color || Attribute_Shape || Diagnosis || Lesion_Recognition	Color || Distribution || Primary_Diagnosis || Primary_Lesion_Type || Primary_and_Secondary_Morphology || Secondary_Change || Shape || Surface_or_secondary_change	7	7	0	0	5	67	67	0	0	14	21	21	0	0	4	observed_term_no_disease_translation
Source_disease_label	Source disease	Disease	Erysipelas			Erysipelas	Source disease	Erysipelas	Anatomical_Distribution || Attribute_Characteristics || Attribute_Color || Attribute_Shape || Diagnosis || Lesion_Recognition	Color || Distribution || Primary_Diagnosis || Primary_Lesion_Type || Secondary_Change || Shape || Surface_or_secondary_change	5	5	0	0	4	37	37	0	0	8	19	19	0	0	4	observed_term_no_disease_translation
Source_disease_label	Source disease	Disease	Erysipeloid			Erysipeloid	Source disease	Erysipeloid	Anatomical_Distribution || Attribute_Characteristics || Attribute_Color || Attribute_Shape || Diagnosis	Color || Distribution || Primary_Diagnosis || Shape || Surface_or_secondary_change	0	0	0	0	0	13	13	0	0	3	4	4	0	0	1	observed_term_no_disease_translation
Source_disease_label	Source disease	Disease	Erythema ab igne			Erythema ab igne	Source disease	Erythema ab igne	Anatomical_Distribution || Attribute_Characteristics || Attribute_Color || Attribute_Shape || Diagnosis || Lesion_Recognition	Color || Distribution || Primary_Diagnosis || Primary_Lesion_Type || Shape || Surface_or_secondary_change	1	1	0	0	1	21	21	0	0	4	11	11	0	0	2	observed_term_no_disease_translation
Source_disease_label	Source disease	Disease	Erythema annulare centrifugum			Erythema annulare centrifugum	Source disease	Erythema annulare centrifugum	Anatomical_Distribution || Attribute_Characteristics || Attribute_Color || Attribute_Shape || Diagnosis || Lesion_Recognition	Color || Distribution || Primary_Diagnosis || Primary_Lesion_Type || Shape || Surface_or_secondary_change	11	11	0	0	9	72	72	0	0	17	36	36	0	0	8	observed_term_no_disease_translation
Source_disease_label	Source disease	Disease	Erythema dyschromicum perstans			Erythema dyschromicum perstans	Source disease	Erythema dyschromicum perstans	Anatomical_Distribution || Attribute_Characteristics || Attribute_Color || Attribute_Shape || Diagnosis	Color || Distribution || Primary_Diagnosis || Shape || Surface_or_secondary_change	0	0	0	0	0	18	18	0	0	5	5	5	0	0	1	observed_term_no_disease_translation
Source_disease_label	Source disease	Disease	Erythema elevatum diutinum			Erythema elevatum diutinum	Source disease	Erythema elevatum diutinum	Anatomical_Distribution || Attribute_Characteristics || Attribute_Shape || Diagnosis	Distribution || Primary_Diagnosis || Shape || Surface_or_secondary_change	1	1	0	0	1	4	4	0	0	1	4	4	0	0	1	observed_term_no_disease_translation
Source_disease_label	Source disease	Disease	Erythema infectiosum			Erythema infectiosum	Source disease	Erythema infectiosum	Anatomical_Distribution || Attribute_Characteristics || Attribute_Color || Attribute_Shape || Diagnosis || Lesion_Recognition	Color || Distribution || Primary_Diagnosis || Primary_Lesion_Type || Secondary_Change || Shape || Surface_or_secondary_change	3	3	0	0	3	41	41	0	0	10	16	16	0	0	4	observed_term_no_disease_translation
Source_disease_label	Source disease	Disease	Erythema multiforme			Erythema multiforme	Source disease	Erythema multiforme	Anatomical_Distribution || Attribute_Characteristics || Attribute_Color || Attribute_Shape || Diagnosis || Lesion_Recognition	Color || Distribution || Primary_Diagnosis || Primary_Lesion_Type || Primary_and_Secondary_Morphology || Secondary_Change || Shape || Surface_or_secondary_change	8	8	0	0	8	112	112	0	0	26	55	55	0	0	12	observed_term_no_disease_translation
Source_disease_label	Source disease	Disease	Erythema nodosum			Erythema nodosum	Source disease	Erythema nodosum	Anatomical_Distribution || Attribute_Characteristics || Attribute_Color || Attribute_Shape || Diagnosis || Lesion_Recognition	Color || Distribution || Primary_Diagnosis || Primary_Lesion_Type || Shape || Surface_or_secondary_change	5	5	0	0	5	40	40	0	0	11	13	13	0	0	3	observed_term_no_disease_translation
Source_disease_label	Source disease	Disease	Erythrodermic psoriasis			Erythrodermic psoriasis	Source disease	Erythrodermic psoriasis	Anatomical_Distribution || Attribute_Characteristics || Attribute_Color || Attribute_Shape || Diagnosis	Color || Distribution || Primary_Diagnosis || Shape || Surface_or_secondary_change	4	4	0	0	4	11	11	0	0	3	6	6	0	0	2	observed_term_no_disease_translation
Source_disease_label	Source disease	Disease	Erythrokeratoderma			Erythrokeratoderma	Source disease	Erythrokeratoderma	Anatomical_Distribution || Attribute_Characteristics || Attribute_Color || Attribute_Shape || Diagnosis	Color || Distribution || Primary_Diagnosis || Shape || Surface_or_secondary_change	2	2	0	0	2	12	12	0	0	3	4	4	0	0	1	observed_term_no_disease_translation
Source_disease_label	Source disease	Disease	Exanthems			Exanthems	Source disease	Exanthems	Anatomical_Distribution || Attribute_Characteristics || Attribute_Color || Attribute_Shape || Diagnosis || Lesion_Recognition	Color || Distribution || Primary_Diagnosis || Primary_Lesion_Type || Shape || Surface_or_secondary_change	2	2	0	0	2	31	31	0	0	7	6	6	0	0	2	observed_term_no_disease_translation
Source_disease_label	Source disease	Disease	Exercise-induced vasculitis			Exercise-induced vasculitis	Source disease	Exercise-induced vasculitis	Anatomical_Distribution || Attribute_Characteristics || Attribute_Color || Attribute_Shape || Diagnosis	Color || Distribution || Primary_Diagnosis || Shape || Surface_or_secondary_change	0	0	0	0	0	10	10	0	0	3	4	4	0	0	1	observed_term_no_disease_translation
Source_disease_label	Source disease	Disease	Exfoliative cheilitis			Exfoliative cheilitis	Source disease	Exfoliative cheilitis	Anatomical_Distribution || Attribute_Characteristics || Attribute_Color || Attribute_Shape || Diagnosis	Color || Distribution || Primary_Diagnosis || Secondary_Change || Shape || Surface_or_secondary_change	1	1	0	0	1	6	6	0	0	1	6	6	0	0	1	observed_term_no_disease_translation
Source_disease_label	Source disease	Disease	Extramammary Paget disease of skin			Extramammary Paget disease of skin	Source disease	Extramammary Paget disease of skin	Anatomical_Distribution || Attribute_Characteristics || Attribute_Color || Attribute_Shape || Diagnosis || Lesion_Recognition	Color || Distribution || Primary_Diagnosis || Primary_Lesion_Type || Shape || Surface_or_secondary_change	9	9	0	0	8	92	92	0	0	22	34	34	0	0	8	observed_term_no_disease_translation
Source_disease_label	Source disease	Disease	Eyelid contact dermatitis			Eyelid contact dermatitis	Source disease	Eyelid contact dermatitis	Anatomical_Distribution || Attribute_Characteristics || Attribute_Color || Attribute_Shape || Diagnosis	Color || Distribution || Primary_Diagnosis || Shape || Surface_or_secondary_change	2	2	0	0	2	43	43	0	0	10	9	9	0	0	2	observed_term_no_disease_translation
Source_disease_label	Source disease	Disease	Fabry disease			Fabry disease	Source disease	Fabry disease	Anatomical_Distribution || Attribute_Characteristics || Attribute_Color || Attribute_Shape || Diagnosis || Lesion_Recognition	Color || Distribution || Primary_Diagnosis || Primary_Lesion_Type || Shape || Surface_or_secondary_change	1	1	0	0	1	9	9	0	0	2	4	4	0	0	1	observed_term_no_disease_translation
Source_disease_label	Source disease	Disease	Facial psoriasis			Facial psoriasis	Source disease	Facial psoriasis	Anatomical_Distribution || Attribute_Characteristics || Attribute_Color || Attribute_Shape || Diagnosis || Lesion_Recognition	Color || Distribution || Primary_Diagnosis || Primary_Lesion_Type || Secondary_Change || Shape || Surface_or_secondary_change	9	9	0	0	7	72	72	0	0	20	32	32	0	0	10	observed_term_no_disease_translation
Source_disease_label	Source disease	Disease	Fissured tongue			Fissured tongue	Source disease	Fissured tongue	Anatomical_Distribution || Attribute_Characteristics || Attribute_Color || Attribute_Shape || Diagnosis	Color || Distribution || Primary_Diagnosis || Secondary_Change || Shape || Surface_or_secondary_change	3	3	0	0	3	5	5	0	0	1	5	5	0	0	1	observed_term_no_disease_translation
Source_disease_label	Source disease	Disease	Flea bite			Flea bite	Source disease	Flea bite	Anatomical_Distribution || Attribute_Characteristics || Attribute_Color || Attribute_Shape || Diagnosis || Lesion_Recognition	Color || Distribution || Primary_Diagnosis || Primary_Lesion_Type || Shape || Surface_or_secondary_change	2	2	0	0	2	9	9	0	0	2	4	4	0	0	1	observed_term_no_disease_translation
Source_disease_label	Source disease	Disease	Flexural psoriasis			Flexural psoriasis	Source disease	Flexural psoriasis	Anatomical_Distribution || Attribute_Characteristics || Attribute_Color || Attribute_Shape || Diagnosis || Lesion_Recognition	Color || Distribution || Primary_Diagnosis || Primary_Lesion_Type || Shape || Surface_or_secondary_change	7	7	0	0	6	68	68	0	0	17	30	30	0	0	7	observed_term_no_disease_translation
Source_disease_label	Source disease	Disease	Foreign body granuloma			Foreign body granuloma	Source disease	Foreign body granuloma	Anatomical_Distribution || Attribute_Characteristics || Attribute_Color || Attribute_Shape	Color || Distribution || Shape || Surface_or_secondary_change	1	1	0	0	1	4	4	0	0	1	4	4	0	0	1	observed_term_no_disease_translation
Source_disease_label	Source disease	Disease	Generalised essential telangiectasia			Generalised essential telangiectasia	Source disease	Generalised essential telangiectasia	Anatomical_Distribution || Attribute_Characteristics || Attribute_Color || Attribute_Shape || Diagnosis	Color || Distribution || Primary_Diagnosis || Shape || Surface_or_secondary_change	1	1	0	0	1	12	12	0	0	3	4	4	0	0	1	observed_term_no_disease_translation
Source_disease_label	Source disease	Disease	Generalised pustular psoriasis			Generalised pustular psoriasis	Source disease	Generalised pustular psoriasis	Anatomical_Distribution || Attribute_Characteristics || Attribute_Color || Attribute_Shape || Diagnosis || Lesion_Recognition	Color || Distribution || Primary_Diagnosis || Primary_Lesion_Type || Primary_and_Secondary_Morphology || Secondary_Change || Shape || Surface_or_secondary_change	12	12	0	0	11	140	140	0	0	35	34	34	0	0	8	observed_term_no_disease_translation
Source_disease_label	Source disease	Disease	Genital Crohn disease			Genital Crohn disease	Source disease	Genital Crohn disease	Anatomical_Distribution || Attribute_Characteristics || Attribute_Color || Attribute_Shape || Diagnosis	Color || Distribution || Primary_Diagnosis || Shape || Surface_or_secondary_change	0	0	0	0	0	7	7	0	0	2	5	5	0	0	1	observed_term_no_disease_translation
Source_disease_label	Source disease	Disease	Genital herpes			Genital herpes	Source disease	Genital herpes	Anatomical_Distribution || Attribute_Characteristics || Attribute_Color || Attribute_Shape || Diagnosis	Color || Distribution || Primary_Diagnosis || Shape || Surface_or_secondary_change	2	2	0	0	2	4	4	0	0	1	4	4	0	0	1	observed_term_no_disease_translation
Source_disease_label	Source disease	Disease	Genital psoriasis			Genital psoriasis	Source disease	Genital psoriasis	Anatomical_Distribution || Attribute_Characteristics || Attribute_Color || Attribute_Shape || Diagnosis || Lesion_Recognition	Color || Distribution || Hair_and_Surface_Characteristics || Primary_Diagnosis || Primary_Lesion_Type || Secondary_Change || Shape || Surface_or_secondary_change	15	15	0	0	12	112	112	0	0	27	41	41	0	0	10	observed_term_no_disease_translation
Source_disease_label	Source disease	Disease	Geographic tongue			Geographic tongue	Source disease	Geographic tongue	Anatomical_Distribution || Attribute_Characteristics || Attribute_Color || Attribute_Shape || Diagnosis	Color || Distribution || Primary_Diagnosis || Shape || Surface_or_secondary_change	4	4	0	0	3	14	14	0	0	3	5	5	0	0	1	observed_term_no_disease_translation
Source_disease_label	Source disease	Disease	Gingivitis and periodontitis			Gingivitis and periodontitis	Source disease	Gingivitis and periodontitis	Anatomical_Distribution || Attribute_Characteristics || Attribute_Color || Attribute_Shape || Diagnosis	Color || Distribution || Primary_Diagnosis || Shape || Surface_or_secondary_change	3	3	0	0	3	13	13	0	0	3	4	4	0	0	1	observed_term_no_disease_translation
Source_disease_label	Source disease	Disease	Glomus tumour			Glomus tumour	Source disease	Glomus tumour	Anatomical_Distribution || Attribute_Characteristics || Attribute_Color || Attribute_Shape || Lesion_Recognition	Color || Distribution || Primary_and_Secondary_Morphology || Shape || Surface_or_secondary_change	0	0	0	0	0	7	7	0	0	2	7	7	0	0	2	observed_term_no_disease_translation
Source_disease_label	Source disease	Disease	Gout			Gout	Source disease	Gout	Anatomical_Distribution || Attribute_Characteristics || Attribute_Color || Attribute_Shape || Diagnosis	Color || Distribution || Primary_Diagnosis || Secondary_Change || Shape || Surface_or_secondary_change	2	2	0	0	2	31	31	0	0	7	9	9	0	0	2	observed_term_no_disease_translation
Source_disease_label	Source disease	Disease	Granular parakeratosis			Granular parakeratosis	Source disease	Granular parakeratosis	Anatomical_Distribution || Attribute_Characteristics || Attribute_Color || Attribute_Shape || Diagnosis || Lesion_Recognition	Color || Distribution || Primary_Diagnosis || Primary_Lesion_Type || Shape || Surface_or_secondary_change	3	3	0	0	3	32	32	0	0	8	4	4	0	0	1	observed_term_no_disease_translation
Source_disease_label	Source disease	Disease	Granuloma annulare			Granuloma annulare	Source disease	Granuloma annulare	Anatomical_Distribution || Attribute_Characteristics || Attribute_Color || Attribute_Shape || Diagnosis || Lesion_Recognition	Color || Distribution || Primary_Diagnosis || Primary_Lesion_Type || Primary_and_Secondary_Morphology || Secondary_Change || Shape || Surface_or_secondary_change	24	24	0	0	22	173	173	0	0	39	60	60	0	0	13	observed_term_no_disease_translation
Source_disease_label	Source disease	Disease	Granuloma faciale			Granuloma faciale	Source disease	Granuloma faciale	Anatomical_Distribution || Attribute_Characteristics || Attribute_Color || Attribute_Shape || Diagnosis || Lesion_Recognition	Color || Distribution || Primary_Diagnosis || Primary_Lesion_Type || Shape || Surface_or_secondary_change	4	4	0	0	3	14	14	0	0	3	4	4	0	0	1	observed_term_no_disease_translation
Source_disease_label	Source disease	Disease	Granuloma inguinale			Granuloma inguinale	Source disease	Granuloma inguinale	Attribute_Characteristics || Attribute_Shape	Secondary_Change || Shape	2	2	0	0	2	0	0	0	0	0	0	0	0	0	0	observed_term_no_disease_translation
Source_disease_label	Source disease	Disease	Granulomatous dermatitis			Granulomatous dermatitis	Source disease	Granulomatous dermatitis	Anatomical_Distribution || Attribute_Characteristics || Attribute_Color || Attribute_Shape || Diagnosis	Color || Distribution || Primary_Diagnosis || Shape || Surface_or_secondary_change	2	2	0	0	2	8	8	0	0	2	4	4	0	0	1	observed_term_no_disease_translation
Source_disease_label	Source disease	Disease	Hairy tongue			Hairy tongue	Source disease	Hairy tongue	Anatomical_Distribution || Attribute_Characteristics || Attribute_Color || Attribute_Shape || Diagnosis || Lesion_Recognition	Color || Distribution || Primary_Diagnosis || Primary_Lesion_Type || Shape || Surface_or_secondary_change	2	2	0	0	2	20	20	0	0	5	5	5	0	0	1	observed_term_no_disease_translation
Source_disease_label	Source disease	Disease	Halo naevus			Halo naevus	Source disease	Halo naevus	Anatomical_Distribution || Attribute_Characteristics || Attribute_Color || Attribute_Shape || Diagnosis || Lesion_Recognition	Color || Distribution || Primary_Diagnosis || Primary_Lesion_Type || Shape || Surface_or_secondary_change	11	11	0	0	10	73	73	0	0	16	24	24	0	0	5	observed_term_no_disease_translation
Source_disease_label	Source disease	Disease	Hand dermatitis			Hand dermatitis	Source disease	Hand dermatitis	Anatomical_Distribution || Attribute_Characteristics || Attribute_Color || Attribute_Shape || Diagnosis || Lesion_Recognition	Color || Distribution || Primary_Diagnosis || Primary_Lesion_Type || Primary_and_Secondary_Morphology || Secondary_Change || Shape || Surface_or_secondary_change	40	40	0	0	33	387	387	0	0	90	135	135	0	0	31	observed_term_no_disease_translation
Source_disease_label	Source disease	Disease	Henoch–Schönlein purpura			Henoch–Schönlein purpura	Source disease	Henoch–Schönlein purpura	Anatomical_Distribution || Attribute_Characteristics || Attribute_Color || Attribute_Shape || Diagnosis || Lesion_Recognition	Color || Distribution || Primary_Diagnosis || Primary_Lesion_Type || Shape || Surface_or_secondary_change	0	0	0	0	0	21	21	0	0	5	3	3	0	0	1	observed_term_no_disease_translation
Source_disease_label	Source disease	Disease	Hereditary haemorrhagic telangiectasia			Hereditary haemorrhagic telangiectasia	Source disease	Hereditary haemorrhagic telangiectasia	Anatomical_Distribution || Attribute_Characteristics || Attribute_Color || Attribute_Shape || Diagnosis || Lesion_Recognition	Color || Distribution || Primary_Diagnosis || Primary_Lesion_Type || Primary_and_Secondary_Morphology || Shape || Surface_or_secondary_change	5	5	0	0	4	20	20	0	0	4	9	9	0	0	2	observed_term_no_disease_translation
Source_disease_label	Source disease	Disease	Herpangina			Herpangina	Source disease	Herpangina	Anatomical_Distribution || Attribute_Characteristics || Attribute_Color || Attribute_Shape || Diagnosis	Color || Distribution || Primary_Diagnosis || Shape || Surface_or_secondary_change	1	1	0	0	1	5	5	0	0	1	5	5	0	0	1	observed_term_no_disease_translation
Source_disease_label	Source disease	Disease	Herpes simplex			Herpes simplex	Source disease	Herpes simplex	Anatomical_Distribution || Attribute_Characteristics || Attribute_Color || Attribute_Shape || Diagnosis || Lesion_Recognition	Color || Distribution || Primary_Diagnosis || Primary_Lesion_Type || Primary_and_Secondary_Morphology || Secondary_Change || Shape || Surface_or_secondary_change	30	30	0	0	28	229	229	0	0	52	74	74	0	0	17	observed_term_no_disease_translation
Source_disease_label	Source disease	Disease	Herpes zoster			Herpes zoster	Source disease	Herpes zoster	Anatomical_Distribution || Attribute_Characteristics || Attribute_Color || Attribute_Shape || Diagnosis || Lesion_Recognition	Color || Distribution || Primary_Diagnosis || Primary_Lesion_Type || Primary_and_Secondary_Morphology || Shape || Surface_or_secondary_change	9	9	0	0	9	111	111	0	0	27	22	22	0	0	5	observed_term_no_disease_translation
Source_disease_label	Source disease	Disease	Hidradenitis suppurativa			Hidradenitis suppurativa	Source disease	Hidradenitis suppurativa	Anatomical_Distribution || Attribute_Characteristics || Attribute_Color || Attribute_Shape || Diagnosis || Lesion_Recognition	Color || Distribution || Hair_Morphology || Hair_and_Surface_Characteristics || Primary_Diagnosis || Primary_Lesion_Type || Primary_and_Secondary_Morphology || Secondary_Change || Shape || Surface_or_secondary_change	47	47	0	0	43	335	335	0	0	73	111	111	0	0	23	observed_term_no_disease_translation
Source_disease_label	Source disease	Disease	Hyperhidrosis			Hyperhidrosis	Source disease	Hyperhidrosis	Anatomical_Distribution || Attribute_Characteristics || Attribute_Color || Attribute_Shape || Diagnosis	Color || Distribution || Primary_Diagnosis || Shape || Surface_or_secondary_change	2	2	0	0	2	17	17	0	0	4	8	8	0	0	2	observed_term_no_disease_translation
Source_disease_label	Source disease	Disease	Hyperkeratotic palmar dermatitis			Hyperkeratotic palmar dermatitis	Source disease	Hyperkeratotic palmar dermatitis	Anatomical_Distribution || Attribute_Characteristics || Attribute_Color || Diagnosis	Color || Distribution || Primary_Diagnosis || Secondary_Change || Surface_or_secondary_change	3	3	0	0	3	4	4	0	0	1	4	4	0	0	1	observed_term_no_disease_translation
Source_disease_label	Source disease	Disease	Ichthyosis			Ichthyosis	Source disease	Ichthyosis	Anatomical_Distribution || Attribute_Characteristics || Attribute_Color || Attribute_Shape || Diagnosis || Lesion_Recognition	Color || Distribution || Primary_Diagnosis || Primary_Lesion_Type || Primary_and_Secondary_Morphology || Secondary_Change || Shape || Surface_or_secondary_change	19	19	0	0	16	168	168	0	0	42	63	63	0	0	16	observed_term_no_disease_translation
Source_disease_label	Source disease	Disease	Impetigo			Impetigo	Source disease	Impetigo	Anatomical_Distribution || Attribute_Characteristics || Attribute_Color || Attribute_Shape || Diagnosis || Lesion_Recognition	Color || Distribution || Primary_Diagnosis || Primary_Lesion_Type || Primary_and_Secondary_Morphology || Shape || Surface_or_secondary_change	14	14	0	0	13	163	163	0	0	36	57	57	0	0	13	observed_term_no_disease_translation
Source_disease_label	Source disease	Disease	Intralymphatic histiocytosis			Intralymphatic histiocytosis	Source disease	Intralymphatic histiocytosis	Anatomical_Distribution || Attribute_Characteristics || Attribute_Color || Attribute_Shape || Diagnosis || Lesion_Recognition	Color || Distribution || Primary_Diagnosis || Primary_Lesion_Type || Shape || Surface_or_secondary_change	1	1	0	0	1	9	9	0	0	2	9	9	0	0	2	observed_term_no_disease_translation
Source_disease_label	Source disease	Disease	Intravascular lymphoma			Intravascular lymphoma	Source disease	Intravascular lymphoma	Anatomical_Distribution || Attribute_Color || Attribute_Shape || Diagnosis || Lesion_Recognition	Color || Configuration || Distribution || Primary_Diagnosis || Primary_Lesion_Type || Shape	1	1	0	0	1	9	9	0	0	2	4	4	0	0	1	observed_term_no_disease_translation
Source_disease_label	Source disease	Disease	Jessner lymphocytic infiltrate			Jessner lymphocytic infiltrate	Source disease	Jessner lymphocytic infiltrate	Anatomical_Distribution || Attribute_Characteristics || Attribute_Color || Attribute_Shape || Diagnosis || Lesion_Recognition	Color || Distribution || Primary_Diagnosis || Primary_Lesion_Type || Shape || Surface_or_secondary_change	5	5	0	0	4	14	14	0	0	3	5	5	0	0	1	observed_term_no_disease_translation
Source_disease_label	Source disease	Disease	Kaposi sarcoma			Kaposi sarcoma	Source disease	Kaposi sarcoma	Anatomical_Distribution || Attribute_Characteristics || Attribute_Color || Attribute_Shape || Diagnosis || Lesion_Recognition	Color || Distribution || Primary_Diagnosis || Primary_Lesion_Type || Primary_and_Secondary_Morphology || Shape || Surface_or_secondary_change	12	12	0	0	8	59	59	0	0	14	14	14	0	0	3	observed_term_no_disease_translation
Source_disease_label	Source disease	Disease	Keloid scar			Keloid scar	Source disease	Keloid scar	Anatomical_Distribution || Attribute_Characteristics || Attribute_Color || Attribute_Shape || Diagnosis || Lesion_Recognition	Color || Distribution || Primary_Diagnosis || Primary_Lesion_Type || Primary_and_Secondary_Morphology || Secondary_Change || Shape || Surface_or_secondary_change	23	23	0	0	23	210	210	0	0	47	72	72	0	0	16	observed_term_no_disease_translation
Source_disease_label	Source disease	Disease	Keratoelastoidosis marginalis			Keratoelastoidosis marginalis	Source disease	Keratoelastoidosis marginalis	Anatomical_Distribution || Attribute_Characteristics || Attribute_Color || Attribute_Shape || Diagnosis	Color || Distribution || Primary_Diagnosis || Secondary_Change || Shape || Surface_or_secondary_change	2	2	0	0	2	6	6	0	0	1	6	6	0	0	1	observed_term_no_disease_translation
Source_disease_label	Source disease	Disease	Keratolytic winter erythema			Keratolytic winter erythema	Source disease	Keratolytic winter erythema	Anatomical_Distribution || Attribute_Characteristics || Attribute_Color || Attribute_Shape || Diagnosis || Lesion_Recognition	Color || Distribution || Primary_Diagnosis || Primary_Lesion_Type || Secondary_Change || Shape || Surface_or_secondary_change	14	14	0	0	11	57	57	0	0	13	39	39	0	0	9	observed_term_no_disease_translation
Source_disease_label	Source disease	Disease	Keratosis pilaris			Keratosis pilaris	Source disease	Keratosis pilaris	Anatomical_Distribution || Attribute_Characteristics || Attribute_Color || Attribute_Shape || Diagnosis || Lesion_Recognition	Color || Distribution || Hair_and_Surface_Characteristics || Primary_Diagnosis || Primary_Lesion_Type || Primary_and_Secondary_Morphology || Shape || Surface_or_secondary_change	11	11	0	0	9	144	144	0	0	30	65	65	0	0	14	observed_term_no_disease_translation
Source_disease_label	Source disease	Disease	Kerion			Kerion	Source disease	Kerion	Anatomical_Distribution || Attribute_Characteristics || Attribute_Color || Attribute_Shape || Diagnosis || Lesion_Recognition	Color || Distribution || Hair_Morphology || Hair_and_Surface_Characteristics || Primary_Diagnosis || Primary_Lesion_Type || Secondary_Change || Shape || Surface_or_secondary_change	5	5	0	0	4	55	55	0	0	13	17	17	0	0	4	observed_term_no_disease_translation
Source_disease_label	Source disease	Disease	Kyrle disease			Kyrle disease	Source disease	Kyrle disease	Anatomical_Distribution || Attribute_Characteristics || Attribute_Color || Attribute_Shape || Diagnosis || Lesion_Recognition	Color || Distribution || Primary_Diagnosis || Primary_Lesion_Type || Primary_and_Secondary_Morphology || Shape || Surface_or_secondary_change	2	2	0	0	2	25	25	0	0	6	4	4	0	0	1	observed_term_no_disease_translation
Source_disease_label	Source disease	Disease	Leg ulcer			Leg ulcer	Source disease	Leg ulcer	Anatomical_Distribution || Attribute_Characteristics || Attribute_Color || Attribute_Shape || Diagnosis || Lesion_Recognition	Color || Distribution || Primary_Diagnosis || Primary_Lesion_Type || Shape || Surface_or_secondary_change	9	9	0	0	8	114	114	0	0	30	46	46	0	0	13	observed_term_no_disease_translation
Source_disease_label	Source disease	Disease	Leishmaniasis			Leishmaniasis	Source disease	Leishmaniasis	Anatomical_Distribution || Attribute_Characteristics || Attribute_Color || Attribute_Shape || Diagnosis || Lesion_Recognition	Color || Distribution || Primary_Diagnosis || Primary_Lesion_Type || Shape || Surface_or_secondary_change	15	15	0	0	12	70	70	0	0	16	26	26	0	0	6	observed_term_no_disease_translation
Source_disease_label	Source disease	Disease	Leprosy			Leprosy	Source disease	Leprosy	Anatomical_Distribution || Attribute_Characteristics || Attribute_Color || Attribute_Shape || Diagnosis || Lesion_Recognition	Color || Distribution || Primary_Diagnosis || Primary_Lesion_Type || Shape || Surface_or_secondary_change	3	3	0	0	3	68	68	0	0	16	25	25	0	0	6	observed_term_no_disease_translation
Source_disease_label	Source disease	Disease	Leukaemia cutis			Leukaemia cutis	Source disease	Leukaemia cutis	Anatomical_Distribution || Attribute_Characteristics || Attribute_Color || Attribute_Shape || Diagnosis || Lesion_Recognition	Color || Distribution || Primary_Diagnosis || Primary_Lesion_Type || Shape || Surface_or_secondary_change	3	3	0	0	3	13	13	0	0	3	9	9	0	0	2	observed_term_no_disease_translation
Source_disease_label	Source disease	Disease	Lichen myxoedematosus			Lichen myxoedematosus	Source disease	Lichen myxoedematosus	Anatomical_Distribution || Attribute_Characteristics || Attribute_Color || Attribute_Shape || Diagnosis || Lesion_Recognition	Color || Distribution || Primary_Diagnosis || Primary_Lesion_Type || Shape || Surface_or_secondary_change	0	0	0	0	0	26	26	0	0	6	8	8	0	0	2	observed_term_no_disease_translation
Source_disease_label	Source disease	Disease	Lichen nitidus			Lichen nitidus	Source disease	Lichen nitidus	Anatomical_Distribution || Attribute_Characteristics || Attribute_Color || Attribute_Shape || Diagnosis || Lesion_Recognition	Color || Distribution || Primary_Diagnosis || Primary_Lesion_Type || Shape || Surface_or_secondary_change	0	0	0	0	0	14	14	0	0	3	5	5	0	0	1	observed_term_no_disease_translation
Source_disease_label	Source disease	Disease	Lichen planus			Lichen planus	Source disease	Lichen planus	Anatomical_Distribution || Attribute_Characteristics || Attribute_Color || Attribute_Shape || Diagnosis || Lesion_Recognition	Color || Distribution || Hair_and_Surface_Characteristics || Nail_Morphology || Primary_Diagnosis || Primary_Lesion_Type || Secondary_Change || Shape || Surface_or_secondary_change	56	56	0	0	48	465	465	0	0	107	157	157	0	0	38	observed_term_no_disease_translation
Source_disease_label	Source disease	Disease	Lichen simplex			Lichen simplex	Source disease	Lichen simplex	Anatomical_Distribution || Attribute_Characteristics || Attribute_Color || Attribute_Shape || Diagnosis || Lesion_Recognition	Color || Distribution || Hair_and_Surface_Characteristics || Primary_Diagnosis || Primary_Lesion_Type || Secondary_Change || Shape || Surface_or_secondary_change	18	18	0	0	17	162	162	0	0	38	71	71	0	0	16	observed_term_no_disease_translation
Source_disease_label	Source disease	Disease	Lichenoid keratosis			Lichenoid keratosis	Source disease	Lichenoid keratosis	Anatomical_Distribution || Attribute_Characteristics || Attribute_Color || Attribute_Shape || Diagnosis || Lesion_Recognition	Color || Distribution || Hair_and_Surface_Characteristics || Primary_Diagnosis || Primary_Lesion_Type || Shape || Surface_or_secondary_change	3	3	0	0	2	19	19	0	0	4	4	4	0	0	1	observed_term_no_disease_translation
Source_disease_label	Source disease	Disease	Lupus pernio			Lupus pernio	Source disease	Lupus pernio	Anatomical_Distribution || Attribute_Characteristics || Attribute_Color || Attribute_Shape || Diagnosis	Color || Distribution || Primary_Diagnosis || Shape || Surface_or_secondary_change	0	0	0	0	0	13	13	0	0	3	4	4	0	0	1	observed_term_no_disease_translation
Source_disease_label	Source disease	Disease	Lymphatic malformation			Lymphatic malformation	Source disease	Lymphatic malformation	Anatomical_Distribution || Attribute_Characteristics || Attribute_Color || Attribute_Shape || Diagnosis || Lesion_Recognition	Color || Distribution || Primary_Diagnosis || Primary_and_Secondary_Morphology || Shape || Surface_or_secondary_change	4	4	0	0	3	9	9	0	0	2	9	9	0	0	2	observed_term_no_disease_translation
Source_disease_label	Source disease	Disease	Macroglossia			Macroglossia	Source disease	Macroglossia	Anatomical_Distribution || Attribute_Characteristics || Attribute_Color || Attribute_Shape || Diagnosis	Color || Distribution || Primary_Diagnosis || Secondary_Change || Shape || Surface_or_secondary_change	0	0	0	0	0	14	14	0	0	3	6	6	0	0	1	observed_term_no_disease_translation
Source_disease_label	Source disease	Disease	Macular amyloidosis			Macular amyloidosis	Source disease	Macular amyloidosis	Anatomical_Distribution || Attribute_Characteristics || Attribute_Color || Attribute_Shape || Diagnosis || Lesion_Recognition	Color || Distribution || Primary_Diagnosis || Primary_Lesion_Type || Shape || Surface_or_secondary_change	1	1	0	0	1	27	27	0	0	7	12	12	0	0	3	observed_term_no_disease_translation
Source_disease_label	Source disease	Disease	Maculopapular cutaneous mastocytosis			Maculopapular cutaneous mastocytosis	Source disease	Maculopapular cutaneous mastocytosis	Anatomical_Distribution || Attribute_Characteristics || Attribute_Color || Attribute_Shape || Diagnosis || Lesion_Recognition	Color || Distribution || Primary_Diagnosis || Primary_Lesion_Type || Primary_and_Secondary_Morphology || Secondary_Change || Shape || Surface_or_secondary_change	6	6	0	0	5	30	30	0	0	7	12	12	0	0	3	observed_term_no_disease_translation
Source_disease_label	Source disease	Disease	Madarosis			Madarosis	Source disease	Madarosis	Anatomical_Distribution || Attribute_Characteristics || Attribute_Color || Attribute_Shape || Diagnosis || Lesion_Recognition	Color || Distribution || Hair_and_Surface_Characteristics || Primary_Diagnosis || Primary_Lesion_Type || Shape || Surface_or_secondary_change	4	4	0	0	4	52	52	0	0	12	20	20	0	0	5	observed_term_no_disease_translation
Source_disease_label	Source disease	Disease	Majocchi granuloma			Majocchi granuloma	Source disease	Majocchi granuloma	Anatomical_Distribution || Attribute_Characteristics || Attribute_Color || Attribute_Shape	Color || Distribution || Shape || Surface_or_secondary_change	3	3	0	0	3	3	3	0	0	1	3	3	0	0	1	observed_term_no_disease_translation
Source_disease_label	Source disease	Disease	Malassezia folliculitis			Malassezia folliculitis	Source disease	Malassezia folliculitis	Anatomical_Distribution || Attribute_Characteristics || Attribute_Color || Attribute_Shape || Diagnosis || Lesion_Recognition	Color || Distribution || Primary_Diagnosis || Primary_Lesion_Type || Shape || Surface_or_secondary_change	3	3	0	0	3	16	16	0	0	3	4	4	0	0	1	observed_term_no_disease_translation
Source_disease_label	Source disease	Disease	Male pattern hair loss			Male pattern hair loss	Source disease	Male pattern hair loss	Anatomical_Distribution || Attribute_Characteristics || Attribute_Color || Attribute_Shape || Diagnosis || Lesion_Recognition	Color || Distribution || Primary_Diagnosis || Primary_Lesion_Type || Shape || Surface_or_secondary_change	0	0	0	0	0	14	14	0	0	3	4	4	0	0	1	observed_term_no_disease_translation
Source_disease_label	Source disease	Disease	Malignant atrophic papulosis			Malignant atrophic papulosis	Source disease	Malignant atrophic papulosis	Anatomical_Distribution || Attribute_Characteristics || Attribute_Color || Attribute_Shape || Diagnosis || Lesion_Recognition	Color || Distribution || Primary_Diagnosis || Primary_Lesion_Type || Primary_and_Secondary_Morphology || Shape || Surface_or_secondary_change	0	0	0	0	0	14	14	0	0	3	4	4	0	0	1	observed_term_no_disease_translation
Source_disease_label	Source disease	Disease	Malignant histiocytoses			Malignant histiocytoses	Source disease	Malignant histiocytoses	Anatomical_Distribution || Attribute_Characteristics || Attribute_Color || Attribute_Shape || Diagnosis	Color || Distribution || Primary_Diagnosis || Shape || Surface_or_secondary_change	0	0	0	0	0	9	9	0	0	2	5	5	0	0	1	observed_term_no_disease_translation
Source_disease_label	Source disease	Disease	Marfan syndrome			Marfan syndrome	Source disease	Marfan syndrome	Anatomical_Distribution || Attribute_Characteristics || Attribute_Color || Attribute_Shape || Diagnosis	Color || Distribution || Primary_Diagnosis || Shape || Surface_or_secondary_change	0	0	0	0	0	10	10	0	0	2	5	5	0	0	1	observed_term_no_disease_translation
Source_disease_label	Source disease	Disease	Marjolin ulcer			Marjolin ulcer	Source disease	Marjolin ulcer	Anatomical_Distribution || Attribute_Characteristics || Attribute_Color || Attribute_Shape || Diagnosis	Color || Distribution || Primary_Diagnosis || Shape || Surface_or_secondary_change	7	7	0	0	5	22	22	0	0	7	6	6	0	0	2	observed_term_no_disease_translation
Source_disease_label	Source disease	Disease	Martorell ulcer			Martorell ulcer	Source disease	Martorell ulcer	Anatomical_Distribution || Attribute_Characteristics || Attribute_Color || Attribute_Shape || Diagnosis	Color || Distribution || Primary_Diagnosis || Shape || Surface_or_secondary_change	1	1	0	0	1	7	7	0	0	2	2	2	0	0	1	observed_term_no_disease_translation
Source_disease_label	Source disease	Disease	Mastocytoma			Mastocytoma	Source disease	Mastocytoma	Anatomical_Distribution || Attribute_Characteristics || Attribute_Color || Attribute_Shape || Diagnosis || Lesion_Recognition	Color || Distribution || Primary_Diagnosis || Primary_Lesion_Type || Shape || Surface_or_secondary_change	1	1	0	0	1	45	45	0	0	10	18	18	0	0	4	observed_term_no_disease_translation
Source_disease_label	Source disease	Disease	Measles			Measles	Source disease	Measles	Anatomical_Distribution || Attribute_Characteristics || Attribute_Color || Attribute_Shape || Diagnosis || Lesion_Recognition	Color || Distribution || Primary_Diagnosis || Primary_Lesion_Type || Primary_and_Secondary_Morphology || Shape || Surface_or_secondary_change	11	11	0	0	9	104	104	0	0	24	27	27	0	0	7	observed_term_no_disease_translation
Source_disease_label	Source disease	Disease	Median canaliform nail dystrophy			Median canaliform nail dystrophy	Source disease	Median canaliform nail dystrophy	Anatomical_Distribution || Attribute_Characteristics || Attribute_Color || Attribute_Shape || Diagnosis	Color || Distribution || Nail_Morphology || Primary_Diagnosis || Shape || Surface_or_secondary_change || Swelling	0	0	0	0	0	17	17	0	0	4	5	5	0	0	1	observed_term_no_disease_translation
Source_disease_label	Source disease	Disease	Melanocytic naevus			Melanocytic naevus	Source disease	Melanocytic naevus	Anatomical_Distribution || Attribute_Characteristics || Attribute_Color || Attribute_Shape || Diagnosis || Lesion_Recognition	Color || Distribution || Hair_Morphology || Hair_and_Surface_Characteristics || Primary_Diagnosis || Primary_Lesion_Type || Primary_and_Secondary_Morphology || Secondary_Change || Shape || Surface_or_secondary_change	40	40	0	0	34	265	265	0	0	62	77	77	0	0	18	observed_term_no_disease_translation
Source_disease_label	Source disease	Disease	Melanoma			Melanoma	Source disease	Melanoma	Anatomical_Distribution || Attribute_Characteristics || Attribute_Color || Attribute_Shape || Diagnosis || Lesion_Recognition	Color || Distribution || Primary_Diagnosis || Primary_Lesion_Type || Shape || Surface_or_secondary_change	5	5	0	0	4	50	50	0	0	11	13	13	0	0	3	observed_term_no_disease_translation
Source_disease_label	Source disease	Disease	Melanoma in situ			Melanoma in situ	Source disease	Melanoma in situ	Anatomical_Distribution || Attribute_Characteristics || Attribute_Color || Attribute_Shape || Diagnosis || Lesion_Recognition	Color || Distribution || Hair_and_Surface_Characteristics || Primary_Diagnosis || Primary_Lesion_Type || Shape || Surface_or_secondary_change	17	17	0	0	15	152	152	0	0	36	71	71	0	0	17	observed_term_no_disease_translation
Source_disease_label	Source disease	Disease	Melanonychia			Melanonychia	Source disease	Melanonychia	Anatomical_Distribution || Attribute_Characteristics || Attribute_Color || Attribute_Shape || Diagnosis || Lesion_Recognition	Color || Distribution || Nail_Morphology || Primary_Diagnosis || Primary_Lesion_Type || Secondary_Change || Shape || Surface_or_secondary_change	7	7	0	0	6	104	104	0	0	25	25	25	0	0	6	observed_term_no_disease_translation
Source_disease_label	Source disease	Disease	Melanotic macule			Melanotic macule	Source disease	Melanotic macule	Anatomical_Distribution || Attribute_Characteristics || Attribute_Color || Attribute_Shape || Diagnosis	Color || Distribution || Primary_Diagnosis || Shape || Surface_or_secondary_change	0	0	0	0	0	13	13	0	0	3	4	4	0	0	1	observed_term_no_disease_translation
Source_disease_label	Source disease	Disease	Melasma			Melasma	Source disease	Melasma	Anatomical_Distribution || Attribute_Characteristics || Attribute_Color || Attribute_Shape || Diagnosis || Lesion_Recognition	Color || Distribution || Primary_Diagnosis || Primary_Lesion_Type || Shape || Surface_or_secondary_change	10	10	0	0	8	89	89	0	0	21	28	28	0	0	6	observed_term_no_disease_translation
Source_disease_label	Source disease	Disease	Meningococcal disease			Meningococcal disease	Source disease	Meningococcal disease	Anatomical_Distribution || Attribute_Characteristics || Attribute_Color || Attribute_Shape || Diagnosis || Lesion_Recognition	Color || Distribution || Primary_Diagnosis || Primary_Lesion_Type || Shape || Surface_or_secondary_change	3	3	0	0	3	19	19	0	0	4	8	8	0	0	2	observed_term_no_disease_translation
Source_disease_label	Source disease	Disease	Merkel cell carcinoma			Merkel cell carcinoma	Source disease	Merkel cell carcinoma	Anatomical_Distribution || Attribute_Characteristics || Attribute_Color || Attribute_Shape || Diagnosis || Lesion_Recognition	Color || Distribution || Primary_Diagnosis || Primary_Lesion_Type || Shape || Surface_or_secondary_change	5	5	0	0	5	35	35	0	0	9	4	4	0	0	1	observed_term_no_disease_translation
Source_disease_label	Source disease	Disease	Metastatic melanoma			Metastatic melanoma	Source disease	Metastatic melanoma	Anatomical_Distribution || Attribute_Characteristics || Attribute_Color || Attribute_Shape || Diagnosis || Lesion_Recognition	Color || Distribution || Hair_and_Surface_Characteristics || Primary_Diagnosis || Primary_Lesion_Type || Shape || Surface_or_secondary_change	7	7	0	0	6	93	93	0	0	22	28	28	0	0	7	observed_term_no_disease_translation
Source_disease_label	Source disease	Disease	Meyerson naevus			Meyerson naevus	Source disease	Meyerson naevus	Anatomical_Distribution || Attribute_Characteristics || Attribute_Color || Attribute_Shape || Lesion_Recognition	Color || Distribution || Primary_Lesion_Type || Shape || Surface_or_secondary_change	2	2	0	0	2	12	12	0	0	3	4	4	0	0	1	observed_term_no_disease_translation
Source_disease_label	Source disease	Disease	Mid-dermal elastolysis			Mid-dermal elastolysis	Source disease	Mid-dermal elastolysis	Anatomical_Distribution || Attribute_Characteristics || Attribute_Color || Attribute_Shape || Diagnosis || Lesion_Recognition	Color || Distribution || Primary_Diagnosis || Primary_Lesion_Type || Shape || Surface_or_secondary_change	3	3	0	0	3	10	10	0	0	2	4	4	0	0	1	observed_term_no_disease_translation
Source_disease_label	Source disease	Disease	Milium			Milium	Source disease	Milium	Anatomical_Distribution || Attribute_Characteristics || Attribute_Color || Attribute_Shape || Diagnosis || Lesion_Recognition	Color || Distribution || Primary_Diagnosis || Primary_Lesion_Type || Shape || Surface_or_secondary_change	7	7	0	0	6	66	66	0	0	15	25	25	0	0	5	observed_term_no_disease_translation
Source_disease_label	Source disease	Disease	Milker_s nodule			Milker_s nodule	Source disease	Milker_s nodule	Anatomical_Distribution || Attribute_Characteristics || Attribute_Color || Attribute_Shape || Diagnosis || Lesion_Recognition	Color || Distribution || Primary_Diagnosis || Primary_Lesion_Type || Primary_and_Secondary_Morphology || Shape || Surface_or_secondary_change	2	2	0	0	2	18	18	0	0	4	8	8	0	0	2	observed_term_no_disease_translation
Source_disease_label	Source disease	Disease	Mixed connective tissue disease			Mixed connective tissue disease	Source disease	Mixed connective tissue disease	Anatomical_Distribution || Attribute_Characteristics || Attribute_Color || Attribute_Shape || Diagnosis	Color || Distribution || Primary_Diagnosis || Shape || Surface_or_secondary_change	0	0	0	0	0	14	14	0	0	3	9	9	0	0	2	observed_term_no_disease_translation
Source_disease_label	Source disease	Disease	Molluscum contagiosum			Molluscum contagiosum	Source disease	Molluscum contagiosum	Anatomical_Distribution || Attribute_Characteristics || Attribute_Color || Attribute_Shape || Diagnosis || Lesion_Recognition	Color || Distribution || Hair_and_Surface_Characteristics || Primary_Diagnosis || Primary_Lesion_Type || Primary_and_Secondary_Morphology || Shape || Surface_or_secondary_change	33	33	0	0	27	304	304	0	0	63	126	126	0	0	26	observed_term_no_disease_translation
Source_disease_label	Source disease	Disease	Morbilliform drug reaction			Morbilliform drug reaction	Source disease	Morbilliform drug reaction	Anatomical_Distribution || Attribute_Characteristics || Attribute_Color || Attribute_Shape || Diagnosis	Color || Distribution || Primary_Diagnosis || Shape || Surface_or_secondary_change	0	0	0	0	0	12	12	0	0	3	4	4	0	0	1	observed_term_no_disease_translation
Source_disease_label	Source disease	Disease	Morphoea			Morphoea	Source disease	Morphoea	Anatomical_Distribution || Attribute_Characteristics || Attribute_Color || Attribute_Shape || Diagnosis || Lesion_Recognition	Color || Distribution || Hair_and_Surface_Characteristics || Primary_Diagnosis || Primary_Lesion_Type || Secondary_Change || Shape || Surface_or_secondary_change	12	12	0	0	12	109	109	0	0	25	54	54	0	0	12	observed_term_no_disease_translation
Source_disease_label	Source disease	Disease	Morphoea en coup de sabre			Morphoea en coup de sabre	Source disease	Morphoea en coup de sabre	Attribute_Characteristics || Attribute_Color	Color || Surface_or_secondary_change	2	2	0	0	2	0	0	0	0	0	0	0	0	0	0	observed_term_no_disease_translation
Source_disease_label	Source disease	Disease	Mucocoele of the lip			Mucocoele of the lip	Source disease	Mucocoele of the lip	Anatomical_Distribution || Attribute_Characteristics || Attribute_Color || Attribute_Shape || Diagnosis || Lesion_Recognition	Color || Distribution || Primary_Diagnosis || Primary_and_Secondary_Morphology || Shape || Surface_or_secondary_change	0	0	0	0	0	9	9	0	0	2	5	5	0	0	1	observed_term_no_disease_translation
Source_disease_label	Source disease	Disease	Multicentric reticulohistiocytosis			Multicentric reticulohistiocytosis	Source disease	Multicentric reticulohistiocytosis	Anatomical_Distribution || Attribute_Characteristics || Attribute_Color || Attribute_Shape || Diagnosis || Lesion_Recognition	Color || Distribution || Primary_Diagnosis || Primary_Lesion_Type || Secondary_Change || Shape || Surface_or_secondary_change	3	3	0	0	3	22	22	0	0	5	4	4	0	0	1	observed_term_no_disease_translation
Source_disease_label	Source disease	Disease	Multiple self-healing squamous epitheliomas of Ferguson-Smith			Multiple self-healing squamous epitheliomas of Ferguson-Smith	Source disease	Multiple self-healing squamous epitheliomas of Ferguson-Smith	Anatomical_Distribution || Attribute_Characteristics || Attribute_Color || Attribute_Shape || Diagnosis || Lesion_Recognition	Color || Distribution || Primary_Diagnosis || Primary_Lesion_Type || Shape || Surface_or_secondary_change	1	1	0	0	1	13	13	0	0	3	13	13	0	0	3	observed_term_no_disease_translation
Source_disease_label	Source disease	Disease	Mycetoma			Mycetoma	Source disease	Mycetoma	Lesion_Recognition	Primary_and_Secondary_Morphology	1	1	0	0	1	0	0	0	0	0	0	0	0	0	0	observed_term_no_disease_translation
Source_disease_label	Source disease	Disease	Mycoplasma pneumoniae infection			Mycoplasma pneumoniae infection	Source disease	Mycoplasma pneumoniae infection	Anatomical_Distribution || Attribute_Characteristics || Attribute_Color || Attribute_Shape || Diagnosis || Lesion_Recognition	Color || Distribution || Primary_Diagnosis || Primary_Lesion_Type || Shape || Surface_or_secondary_change	11	11	0	0	10	35	35	0	0	9	15	15	0	0	4	observed_term_no_disease_translation
Source_disease_label	Source disease	Disease	Mycosis fungoides			Mycosis fungoides	Source disease	Mycosis fungoides	Anatomical_Distribution || Attribute_Characteristics || Attribute_Color || Attribute_Shape || Diagnosis || Lesion_Recognition	Color || Distribution || Primary_Diagnosis || Primary_Lesion_Type || Primary_and_Secondary_Morphology || Shape || Surface_or_secondary_change	16	16	0	0	15	123	123	0	0	30	39	39	0	0	9	observed_term_no_disease_translation
Source_disease_label	Source disease	Disease	Myxoma syndrome			Myxoma syndrome	Source disease	Myxoma syndrome	Anatomical_Distribution || Attribute_Characteristics || Attribute_Color || Lesion_Recognition	Color || Distribution || Primary_Lesion_Type || Surface_or_secondary_change	0	0	0	0	0	4	4	0	0	1	4	4	0	0	1	observed_term_no_disease_translation
Source_disease_label	Source disease	Disease	Naevus anaemicus			Naevus anaemicus	Source disease	Naevus anaemicus	Anatomical_Distribution || Attribute_Characteristics || Attribute_Color || Attribute_Shape || Diagnosis || Lesion_Recognition	Color || Configuration || Distribution || Primary_Diagnosis || Primary_Lesion_Type || Shape || Surface_or_secondary_change	3	3	0	0	3	38	38	0	0	9	4	4	0	0	1	observed_term_no_disease_translation
Source_disease_label	Source disease	Disease	Naevus depigmentosus			Naevus depigmentosus	Source disease	Naevus depigmentosus	Anatomical_Distribution || Attribute_Characteristics || Attribute_Color || Attribute_Shape || Diagnosis	Color || Distribution || Primary_Diagnosis || Shape || Surface_or_secondary_change	6	6	0	0	5	27	27	0	0	7	8	8	0	0	2	observed_term_no_disease_translation
Source_disease_label	Source disease	Disease	Naevus flammeus simplex			Naevus flammeus simplex	Source disease	Naevus flammeus simplex	Anatomical_Distribution || Attribute_Characteristics || Attribute_Color || Attribute_Shape	Color || Distribution || Hair_Morphology || Shape || Surface_or_secondary_change	3	3	0	0	3	8	8	0	0	2	4	4	0	0	1	observed_term_no_disease_translation
Source_disease_label	Source disease	Disease	Naevus of Ota, naevus of Ito and naevus of Hori			Naevus of Ota, naevus of Ito and naevus of Hori	Source disease	Naevus of Ota, naevus of Ito and naevus of Hori	Anatomical_Distribution || Attribute_Characteristics || Attribute_Color || Attribute_Shape || Diagnosis || Lesion_Recognition	Color || Configuration || Distribution || Primary_Diagnosis || Primary_and_Secondary_Morphology || Shape || Surface_or_secondary_change	4	4	0	0	3	27	27	0	0	6	13	13	0	0	3	observed_term_no_disease_translation
Source_disease_label	Source disease	Disease	Napkin dermatitis			Napkin dermatitis	Source disease	Napkin dermatitis	Anatomical_Distribution || Attribute_Characteristics || Attribute_Color || Attribute_Shape || Diagnosis || Lesion_Recognition	Color || Distribution || Primary_Diagnosis || Primary_and_Secondary_Morphology || Shape || Surface_or_secondary_change	16	16	0	0	13	71	71	0	0	18	8	8	0	0	2	observed_term_no_disease_translation
Source_disease_label	Source disease	Disease	Necrobiosis lipoidica			Necrobiosis lipoidica	Source disease	Necrobiosis lipoidica	Anatomical_Distribution || Attribute_Characteristics || Attribute_Color || Attribute_Shape || Diagnosis || Lesion_Recognition	Color || Distribution || Primary_Diagnosis || Primary_Lesion_Type || Secondary_Change || Shape || Surface_or_secondary_change	9	9	0	0	8	26	26	0	0	6	5	5	0	0	1	observed_term_no_disease_translation
Source_disease_label	Source disease	Disease	Necrolytic migratory erythema			Necrolytic migratory erythema	Source disease	Necrolytic migratory erythema	Anatomical_Distribution || Attribute_Characteristics || Attribute_Color || Attribute_Shape || Diagnosis	Color || Distribution || Primary_Diagnosis || Shape || Surface_or_secondary_change	6	6	0	0	5	19	19	0	0	5	14	14	0	0	3	observed_term_no_disease_translation
Source_disease_label	Source disease	Disease	Necrotising fasciitis			Necrotising fasciitis	Source disease	Necrotising fasciitis	Anatomical_Distribution || Attribute_Characteristics || Attribute_Color || Attribute_Shape || Diagnosis || Lesion_Recognition	Color || Distribution || Primary_Diagnosis || Primary_Lesion_Type || Primary_and_Secondary_Morphology || Shape || Surface_or_secondary_change	11	11	0	0	11	98	98	0	0	24	38	38	0	0	10	observed_term_no_disease_translation
Source_disease_label	Source disease	Disease	Neonatal lupus			Neonatal lupus	Source disease	Neonatal lupus	Anatomical_Distribution || Attribute_Characteristics || Attribute_Color || Attribute_Shape || Diagnosis	Color || Configuration || Distribution || Hair_Morphology || Primary_Diagnosis || Shape || Surface_or_secondary_change	3	3	0	0	3	24	24	0	0	6	11	11	0	0	3	observed_term_no_disease_translation
Source_disease_label	Source disease	Disease	Neonatal subcutaneous fat necrosis			Neonatal subcutaneous fat necrosis	Source disease	Neonatal subcutaneous fat necrosis	Anatomical_Distribution || Attribute_Characteristics || Attribute_Color || Attribute_Shape || Diagnosis || Lesion_Recognition	Color || Distribution || Primary_Diagnosis || Primary_Lesion_Type || Shape || Surface_or_secondary_change	0	0	0	0	0	13	13	0	0	3	6	6	0	0	1	observed_term_no_disease_translation
Source_disease_label	Source disease	Disease	Neurofibromatosis			Neurofibromatosis	Source disease	Neurofibromatosis	Anatomical_Distribution || Attribute_Characteristics || Attribute_Color || Attribute_Shape || Diagnosis || Lesion_Recognition	Color || Distribution || Hair_and_Surface_Characteristics || Primary_Diagnosis || Primary_Lesion_Type || Shape || Surface_or_secondary_change	7	7	0	0	6	115	115	0	0	26	30	30	0	0	8	observed_term_no_disease_translation
Source_disease_label	Source disease	Disease	Nevus comedonicus			Nevus comedonicus	Source disease	Nevus comedonicus	Anatomical_Distribution || Attribute_Characteristics || Attribute_Color || Attribute_Shape || Diagnosis || Lesion_Recognition	Color || Distribution || Primary_Diagnosis || Primary_Lesion_Type || Shape || Surface_or_secondary_change	3	3	0	0	2	4	4	0	0	1	4	4	0	0	1	observed_term_no_disease_translation
Source_disease_label	Source disease	Disease	Niacin deficiency			Niacin deficiency	Source disease	Niacin deficiency	Anatomical_Distribution || Attribute_Characteristics || Attribute_Color || Attribute_Shape || Diagnosis	Color || Distribution || Primary_Diagnosis || Shape || Surface_or_secondary_change	4	4	0	0	4	16	16	0	0	4	4	4	0	0	1	observed_term_no_disease_translation
Source_disease_label	Source disease	Disease	Nickel allergy			Nickel allergy	Source disease	Nickel allergy	Anatomical_Distribution || Attribute_Characteristics || Attribute_Color || Attribute_Shape || Diagnosis || Lesion_Recognition	Color || Distribution || Hair_and_Surface_Characteristics || Primary_Diagnosis || Primary_Lesion_Type || Secondary_Change || Shape || Surface_or_secondary_change	9	9	0	0	7	66	66	0	0	15	26	26	0	0	6	observed_term_no_disease_translation
Source_disease_label	Source disease	Disease	Nicotine stomatitis			Nicotine stomatitis	Source disease	Nicotine stomatitis	Anatomical_Distribution || Attribute_Characteristics || Attribute_Color	Color || Distribution || Surface_or_secondary_change	0	0	0	0	0	3	3	0	0	1	3	3	0	0	1	observed_term_no_disease_translation
Source_disease_label	Source disease	Disease	Nipple eczema			Nipple eczema	Source disease	Nipple eczema	Anatomical_Distribution || Attribute_Characteristics || Attribute_Color || Attribute_Shape || Diagnosis	Color || Distribution || Primary_Diagnosis || Shape || Surface_or_secondary_change	4	4	0	0	4	26	26	0	0	7	3	3	0	0	1	observed_term_no_disease_translation
Source_disease_label	Source disease	Disease	Nodular chondrodermatitis			Nodular chondrodermatitis	Source disease	Nodular chondrodermatitis	Anatomical_Distribution || Attribute_Characteristics || Attribute_Color || Attribute_Shape || Diagnosis || Lesion_Recognition	Color || Distribution || Primary_Diagnosis || Primary_Lesion_Type || Shape || Surface_or_secondary_change	5	5	0	0	5	21	21	0	0	5	12	12	0	0	3	observed_term_no_disease_translation
Source_disease_label	Source disease	Disease	Nodular lymphangitis			Nodular lymphangitis	Source disease	Nodular lymphangitis	Anatomical_Distribution || Attribute_Characteristics || Attribute_Color || Attribute_Shape || Diagnosis	Color || Distribution || Primary_Diagnosis || Secondary_Change || Shape || Surface_or_secondary_change	2	2	0	0	2	6	6	0	0	1	6	6	0	0	1	observed_term_no_disease_translation
Source_disease_label	Source disease	Disease	Nodular melanoma			Nodular melanoma	Source disease	Nodular melanoma	Anatomical_Distribution || Attribute_Characteristics || Attribute_Color || Attribute_Shape || Lesion_Recognition	Color || Distribution || Primary_Lesion_Type || Primary_and_Secondary_Morphology || Shape || Surface_or_secondary_change	2	2	0	0	2	20	20	0	0	6	3	3	0	0	1	observed_term_no_disease_translation
Source_disease_label	Source disease	Disease	Non-albicans candida infections			Non-albicans candida infections	Source disease	Non-albicans candida infections	Anatomical_Distribution || Attribute_Characteristics || Attribute_Color || Attribute_Shape || Diagnosis || Lesion_Recognition	Color || Distribution || Nail_Morphology || Primary_Diagnosis || Primary_Lesion_Type || Secondary_Change || Shape || Surface_or_secondary_change	21	21	0	0	21	159	159	0	0	40	47	47	0	0	11	observed_term_no_disease_translation
Source_disease_label	Source disease	Disease	Non-sexually acquired genital ulceration			Non-sexually acquired genital ulceration	Source disease	Non-sexually acquired genital ulceration	Anatomical_Distribution || Attribute_Characteristics || Attribute_Color || Attribute_Shape || Diagnosis	Color || Distribution || Primary_Diagnosis || Shape || Surface_or_secondary_change	6	6	0	0	6	23	23	0	0	6	8	8	0	0	2	observed_term_no_disease_translation
Source_disease_label	Source disease	Disease	Noonan syndrome with multiple lentigines			Noonan syndrome with multiple lentigines	Source disease	Noonan syndrome with multiple lentigines	Anatomical_Distribution || Attribute_Characteristics || Attribute_Color || Attribute_Shape || Diagnosis || Lesion_Recognition	Color || Distribution || Primary_Diagnosis || Primary_Lesion_Type || Shape || Surface_or_secondary_change	1	1	0	0	1	22	22	0	0	5	12	12	0	0	3	observed_term_no_disease_translation
Source_disease_label	Source disease	Disease	Notalgia paraesthetica			Notalgia paraesthetica	Source disease	Notalgia paraesthetica	Anatomical_Distribution || Attribute_Characteristics || Attribute_Color || Attribute_Shape || Lesion_Recognition	Color || Distribution || Hair_and_Surface_Characteristics || Primary_Lesion_Type || Shape || Surface_or_secondary_change	8	8	0	0	8	48	48	0	0	12	20	20	0	0	5	observed_term_no_disease_translation
Source_disease_label	Source disease	Disease	Nummular eczematous dermatitis			Nummular eczematous dermatitis	Source disease	Nummular eczematous dermatitis	Anatomical_Distribution || Attribute_Characteristics || Attribute_Color || Attribute_Shape || Diagnosis || Lesion_Recognition	Color || Distribution || Primary_Diagnosis || Primary_Lesion_Type || Secondary_Change || Shape || Surface_or_secondary_change	25	25	0	0	21	215	215	0	0	52	76	76	0	0	19	observed_term_no_disease_translation
Source_disease_label	Source disease	Disease	Ocular melanoma			Ocular melanoma	Source disease	Ocular melanoma	Anatomical_Distribution || Attribute_Characteristics || Attribute_Color || Attribute_Shape || Diagnosis || Lesion_Recognition	Color || Distribution || Primary_Diagnosis || Primary_Lesion_Type || Shape || Surface_or_secondary_change	4	4	0	0	3	10	10	0	0	3	5	5	0	0	1	observed_term_no_disease_translation
Source_disease_label	Source disease	Disease	Onychocryptosis			Onychocryptosis	Source disease	Onychocryptosis	Anatomical_Distribution || Attribute_Characteristics || Attribute_Color || Attribute_Shape || Diagnosis	Color || Distribution || Primary_Diagnosis || Shape || Surface_or_secondary_change	5	5	0	0	3	25	25	0	0	7	14	14	0	0	4	observed_term_no_disease_translation
Source_disease_label	Source disease	Disease	Onychogryphosis			Onychogryphosis	Source disease	Onychogryphosis	Anatomical_Distribution || Attribute_Characteristics || Attribute_Color || Attribute_Shape || Diagnosis	Color || Distribution || Nail_Morphology || Primary_Diagnosis || Shape || Surface_or_secondary_change	7	7	0	0	6	13	13	0	0	3	4	4	0	0	1	observed_term_no_disease_translation
Source_disease_label	Source disease	Disease	Onychomycosis			Onychomycosis	Source disease	Onychomycosis	Anatomical_Distribution || Attribute_Characteristics || Attribute_Color || Attribute_Shape || Diagnosis || Lesion_Recognition	Color || Distribution || Nail_Morphology || Primary_Diagnosis || Primary_Lesion_Type || Secondary_Change || Shape || Surface_or_secondary_change	19	19	0	0	17	202	202	0	0	45	70	70	0	0	15	observed_term_no_disease_translation
Source_disease_label	Source disease	Disease	Onychopapilloma			Onychopapilloma	Source disease	Onychopapilloma	Anatomical_Distribution || Attribute_Characteristics || Attribute_Color || Attribute_Shape || Diagnosis || Lesion_Recognition	Color || Distribution || Nail_Morphology || Primary_Diagnosis || Primary_Lesion_Type || Secondary_Change || Shape || Surface_or_secondary_change	7	7	0	0	5	25	25	0	0	5	6	6	0	0	1	observed_term_no_disease_translation
Source_disease_label	Source disease	Disease	Oral allergy syndrome			Oral allergy syndrome	Source disease	Oral allergy syndrome	Diagnosis	Primary_Diagnosis	0	0	0	0	0	1	1	0	0	1	1	1	0	0	1	observed_term_no_disease_translation
Source_disease_label	Source disease	Disease	Oral candidiasis			Oral candidiasis	Source disease	Oral candidiasis	Anatomical_Distribution || Attribute_Characteristics || Attribute_Color || Attribute_Shape || Diagnosis || Lesion_Recognition	Color || Distribution || Primary_Diagnosis || Primary_Lesion_Type || Secondary_Change || Shape || Surface_or_secondary_change	4	4	0	0	4	37	37	0	0	9	15	15	0	0	3	observed_term_no_disease_translation
Source_disease_label	Source disease	Disease	Oral mucositis - Stomatitis			Oral mucositis - Stomatitis	Source disease	Oral mucositis - Stomatitis	Anatomical_Distribution || Attribute_Characteristics || Attribute_Color || Attribute_Shape || Diagnosis || Lesion_Recognition	Color || Distribution || Primary_Diagnosis || Primary_Lesion_Type || Primary_and_Secondary_Morphology || Shape || Surface_or_secondary_change	33	33	0	0	28	202	202	0	0	48	60	60	0	0	15	observed_term_no_disease_translation
Source_disease_label	Source disease	Disease	Oral squamous cell carcinoma			Oral squamous cell carcinoma	Source disease	Oral squamous cell carcinoma	Anatomical_Distribution || Attribute_Characteristics || Attribute_Color || Attribute_Shape || Diagnosis	Color || Distribution || Primary_Diagnosis || Shape || Surface_or_secondary_change	1	1	0	0	1	13	13	0	0	3	5	5	0	0	1	observed_term_no_disease_translation
Source_disease_label	Source disease	Disease	Orf			Orf	Source disease	Orf	Anatomical_Distribution || Attribute_Characteristics || Attribute_Color || Attribute_Shape || Diagnosis || Lesion_Recognition	Color || Distribution || Hair_Morphology || Primary_Diagnosis || Primary_Lesion_Type || Primary_and_Secondary_Morphology || Shape || Surface_or_secondary_change	14	14	0	0	12	115	115	0	0	28	34	34	0	0	8	observed_term_no_disease_translation
Source_disease_label	Source disease	Disease	Ornithonyssosis			Ornithonyssosis	Source disease	Ornithonyssosis	Attribute_Characteristics || Attribute_Color || Attribute_Shape	Color || Shape || Surface_or_secondary_change	1	1	0	0	1	2	2	0	0	1	2	2	0	0	1	observed_term_no_disease_translation
Source_disease_label	Source disease	Disease	Orofacial granulomatosis			Orofacial granulomatosis	Source disease	Orofacial granulomatosis	Anatomical_Distribution || Attribute_Characteristics || Attribute_Color || Attribute_Shape || Diagnosis || Lesion_Recognition	Color || Distribution || Primary_Diagnosis || Primary_Lesion_Type || Shape || Surface_or_secondary_change	3	3	0	0	3	76	76	0	0	17	24	24	0	0	5	observed_term_no_disease_translation
Source_disease_label	Source disease	Disease	Osteoma cutis			Osteoma cutis	Source disease	Osteoma cutis	Anatomical_Distribution || Attribute_Characteristics || Attribute_Color || Attribute_Shape || Diagnosis || Lesion_Recognition	Color || Distribution || Primary_Diagnosis || Primary_Lesion_Type || Shape || Surface_or_secondary_change	3	3	0	0	3	8	8	0	0	2	4	4	0	0	1	observed_term_no_disease_translation
Source_disease_label	Source disease	Disease	Pachydermodactyly			Pachydermodactyly	Source disease	Pachydermodactyly	Anatomical_Distribution || Attribute_Characteristics || Attribute_Color || Attribute_Shape || Diagnosis || Lesion_Recognition	Color || Distribution || Primary_Diagnosis || Primary_Lesion_Type || Shape || Surface_or_secondary_change || Swelling	3	3	0	0	3	10	10	0	0	2	4	4	0	0	1	observed_term_no_disease_translation
Source_disease_label	Source disease	Disease	Pachyonychia congenita			Pachyonychia congenita	Source disease	Pachyonychia congenita	Anatomical_Distribution || Attribute_Characteristics || Attribute_Color || Attribute_Shape || Diagnosis || Lesion_Recognition	Color || Distribution || Nail_Morphology || Primary_Diagnosis || Primary_Lesion_Type || Shape || Surface_or_secondary_change	3	3	0	0	3	53	53	0	0	12	34	34	0	0	7	observed_term_no_disease_translation
Source_disease_label	Source disease	Disease	Palmar fascial fibromatosis			Palmar fascial fibromatosis	Source disease	Palmar fascial fibromatosis	Anatomical_Distribution || Attribute_Characteristics || Attribute_Color || Attribute_Shape || Diagnosis	Color || Distribution || Primary_Diagnosis || Shape || Surface_or_secondary_change	3	3	0	0	2	12	12	0	0	3	9	9	0	0	2	observed_term_no_disease_translation
Source_disease_label	Source disease	Disease	Palmoplantar keratoderma			Palmoplantar keratoderma	Source disease	Palmoplantar keratoderma	Anatomical_Distribution || Attribute_Characteristics || Attribute_Color || Attribute_Shape || Diagnosis || Lesion_Recognition	Color || Distribution || Primary_Diagnosis || Primary_Lesion_Type || Shape || Surface_or_secondary_change	17	17	0	0	14	167	167	0	0	40	55	55	0	0	13	observed_term_no_disease_translation
Source_disease_label	Source disease	Disease	Palmoplantar pustulosis			Palmoplantar pustulosis	Source disease	Palmoplantar pustulosis	Anatomical_Distribution || Attribute_Characteristics || Attribute_Color || Attribute_Shape || Diagnosis || Lesion_Recognition	Color || Distribution || Primary_Diagnosis || Primary_Lesion_Type || Primary_and_Secondary_Morphology || Secondary_Change || Shape || Surface_or_secondary_change	24	24	0	0	23	233	233	0	0	59	55	55	0	0	15	observed_term_no_disease_translation
Source_disease_label	Source disease	Disease	Panniculitis			Panniculitis	Source disease	Panniculitis	Anatomical_Distribution || Attribute_Characteristics || Attribute_Color || Attribute_Shape || Diagnosis || Lesion_Recognition	Color || Configuration || Distribution || Primary_Diagnosis || Primary_Lesion_Type || Secondary_Change || Shape || Surface_or_secondary_change	10	10	0	0	8	96	96	0	0	23	46	46	0	0	10	observed_term_no_disease_translation
Source_disease_label	Source disease	Disease	Papular acrodermatitis of childhood			Papular acrodermatitis of childhood	Source disease	Papular acrodermatitis of childhood	Anatomical_Distribution || Attribute_Characteristics || Attribute_Color || Attribute_Shape || Diagnosis || Lesion_Recognition	Color || Distribution || Primary_Diagnosis || Primary_Lesion_Type || Shape || Surface_or_secondary_change	15	15	0	0	12	149	149	0	0	36	60	60	0	0	15	observed_term_no_disease_translation
Source_disease_label	Source disease	Disease	Papular mucinosis			Papular mucinosis	Source disease	Papular mucinosis	Anatomical_Distribution || Attribute_Characteristics || Attribute_Color || Attribute_Shape || Diagnosis	Color || Distribution || Primary_Diagnosis || Shape || Surface_or_secondary_change	0	0	0	0	0	10	10	0	0	2	5	5	0	0	1	observed_term_no_disease_translation
Source_disease_label	Source disease	Disease	Papular urticaria			Papular urticaria	Source disease	Papular urticaria	Anatomical_Distribution || Attribute_Characteristics || Attribute_Color || Attribute_Shape || Diagnosis || Lesion_Recognition	Color || Configuration || Distribution || Primary_Diagnosis || Primary_Lesion_Type || Primary_and_Secondary_Morphology || Shape || Surface_or_secondary_change	1	1	0	0	1	41	41	0	0	8	5	5	0	0	1	observed_term_no_disease_translation
Source_disease_label	Source disease	Disease	Parakeratosis pustulosa			Parakeratosis pustulosa	Source disease	Parakeratosis pustulosa	Anatomical_Distribution || Attribute_Characteristics || Attribute_Color || Attribute_Shape || Diagnosis	Color || Distribution || Primary_Diagnosis || Shape || Surface_or_secondary_change	1	1	0	0	1	12	12	0	0	3	4	4	0	0	1	observed_term_no_disease_translation
Source_disease_label	Source disease	Disease	Paraneoplastic acrokeratosis			Paraneoplastic acrokeratosis	Source disease	Paraneoplastic acrokeratosis	Anatomical_Distribution || Attribute_Characteristics || Attribute_Color || Attribute_Shape || Diagnosis || Lesion_Recognition	Color || Distribution || Primary_Diagnosis || Primary_Lesion_Type || Secondary_Change || Shape || Surface_or_secondary_change	0	0	0	0	0	21	21	0	0	4	12	12	0	0	2	observed_term_no_disease_translation
Source_disease_label	Source disease	Disease	Paronychia			Paronychia	Source disease	Paronychia	Anatomical_Distribution || Attribute_Characteristics || Attribute_Color || Attribute_Shape || Diagnosis || Lesion_Recognition	Color || Distribution || Nail_Morphology || Primary_Diagnosis || Primary_Lesion_Type || Shape || Surface_or_secondary_change	6	6	0	0	6	108	108	0	0	24	32	32	0	0	7	observed_term_no_disease_translation
Source_disease_label	Source disease	Disease	Parvo B19 infection			Parvo B19 infection	Source disease	Parvo B19 infection	Anatomical_Distribution || Attribute_Characteristics || Attribute_Color || Attribute_Shape || Diagnosis	Color || Distribution || Primary_Diagnosis || Shape || Surface_or_secondary_change	1	1	0	0	1	17	17	0	0	4	9	9	0	0	2	observed_term_no_disease_translation
Source_disease_label	Source disease	Disease	Pearly penile papules			Pearly penile papules	Source disease	Pearly penile papules	Anatomical_Distribution || Attribute_Characteristics || Attribute_Color || Attribute_Shape || Diagnosis || Lesion_Recognition	Color || Distribution || Primary_Diagnosis || Primary_Lesion_Type || Secondary_Change || Shape || Surface_or_secondary_change	7	7	0	0	7	35	35	0	0	8	9	9	0	0	2	observed_term_no_disease_translation
Source_disease_label	Source disease	Disease	Pediculosis capitis			Pediculosis capitis	Source disease	Pediculosis capitis	Anatomical_Distribution || Attribute_Characteristics || Attribute_Color || Attribute_Shape || Diagnosis || Lesion_Recognition	Color || Distribution || Hair_Morphology || Hair_and_Surface_Characteristics || Primary_Diagnosis || Primary_and_Secondary_Morphology || Shape || Surface_or_secondary_change	5	5	0	0	5	44	44	0	0	10	14	14	0	0	3	observed_term_no_disease_translation
Source_disease_label	Source disease	Disease	Pellagra			Pellagra	Source disease	Pellagra	Anatomical_Distribution || Attribute_Characteristics || Attribute_Color || Attribute_Shape || Diagnosis	Color || Distribution || Primary_Diagnosis || Shape || Surface_or_secondary_change	3	3	0	0	3	35	35	0	0	9	11	11	0	0	3	observed_term_no_disease_translation
Source_disease_label	Source disease	Disease	Pemphigoid gestationis			Pemphigoid gestationis	Source disease	Pemphigoid gestationis	Anatomical_Distribution || Attribute_Characteristics || Attribute_Color || Attribute_Shape || Diagnosis || Lesion_Recognition	Color || Distribution || Primary_Diagnosis || Primary_Lesion_Type || Primary_and_Secondary_Morphology || Shape || Surface_or_secondary_change	13	13	0	0	11	142	142	0	0	32	55	55	0	0	12	observed_term_no_disease_translation
Source_disease_label	Source disease	Disease	Pemphigus foliaceus			Pemphigus foliaceus	Source disease	Pemphigus foliaceus	Anatomical_Distribution || Attribute_Characteristics || Attribute_Color || Attribute_Shape || Diagnosis	Color || Distribution || Primary_Diagnosis || Shape || Surface_or_secondary_change	9	9	0	0	9	35	35	0	0	9	13	13	0	0	3	observed_term_no_disease_translation
Source_disease_label	Source disease	Disease	Pemphigus vulgaris			Pemphigus vulgaris	Source disease	Pemphigus vulgaris	Anatomical_Distribution || Attribute_Characteristics || Attribute_Color || Attribute_Shape || Diagnosis || Lesion_Recognition	Color || Distribution || Hair_and_Surface_Characteristics || Primary_Diagnosis || Primary_Lesion_Type || Primary_and_Secondary_Morphology || Secondary_Change || Shape || Surface_or_secondary_change	11	11	0	0	8	127	127	0	0	29	21	21	0	0	5	observed_term_no_disease_translation
Source_disease_label	Source disease	Disease	Penile epithelial neoplasia			Penile epithelial neoplasia	Source disease	Penile epithelial neoplasia	Diagnosis	Primary_Diagnosis	1	1	0	0	1	0	0	0	0	0	0	0	0	0	0	observed_term_no_disease_translation
Source_disease_label	Source disease	Disease	Periarteritis nodosa			Periarteritis nodosa	Source disease	Periarteritis nodosa	Anatomical_Distribution || Attribute_Characteristics || Attribute_Color || Attribute_Shape || Diagnosis || Lesion_Recognition	Color || Configuration || Distribution || Primary_Diagnosis || Primary_Lesion_Type || Shape || Surface_or_secondary_change	2	2	0	0	2	39	39	0	0	9	2	2	0	0	1	observed_term_no_disease_translation
Source_disease_label	Source disease	Disease	Periorificial dermatitis			Periorificial dermatitis	Source disease	Periorificial dermatitis	Anatomical_Distribution || Attribute_Characteristics || Attribute_Color || Attribute_Shape || Diagnosis || Lesion_Recognition	Color || Distribution || Primary_Diagnosis || Primary_Lesion_Type || Shape || Surface_or_secondary_change	10	10	0	0	8	87	87	0	0	21	24	24	0	0	6	observed_term_no_disease_translation
Source_disease_label	Source disease	Disease	PHACE syndrome			PHACE syndrome	Source disease	PHACE syndrome	Anatomical_Distribution || Attribute_Characteristics || Attribute_Shape || Diagnosis || Lesion_Recognition	Distribution || Primary_Diagnosis || Primary_Lesion_Type || Shape || Surface_or_secondary_change	1	1	0	0	1	5	5	0	0	1	5	5	0	0	1	observed_term_no_disease_translation
Source_disease_label	Source disease	Disease	Piebaldism			Piebaldism	Source disease	Piebaldism	Anatomical_Distribution || Attribute_Characteristics || Attribute_Color || Attribute_Shape || Diagnosis || Lesion_Recognition	Color || Distribution || Hair_Morphology || Primary_Diagnosis || Primary_Lesion_Type || Shape || Surface_or_secondary_change	6	6	0	0	5	30	30	0	0	7	9	9	0	0	2	observed_term_no_disease_translation
Source_disease_label	Source disease	Disease	Piezogenic papules			Piezogenic papules	Source disease	Piezogenic papules	Anatomical_Distribution || Attribute_Characteristics || Attribute_Color || Attribute_Shape || Diagnosis || Lesion_Recognition	Color || Distribution || Primary_Diagnosis || Primary_Lesion_Type || Shape || Surface_or_secondary_change	8	8	0	0	6	54	54	0	0	12	32	32	0	0	7	observed_term_no_disease_translation
Source_disease_label	Source disease	Disease	Pigmented purpura			Pigmented purpura	Source disease	Pigmented purpura	Anatomical_Distribution || Attribute_Characteristics || Attribute_Color || Attribute_Shape || Diagnosis || Lesion_Recognition	Color || Distribution || Primary_Diagnosis || Primary_Lesion_Type || Primary_and_Secondary_Morphology || Shape || Surface_or_secondary_change	25	25	0	0	21	99	99	0	0	24	30	30	0	0	7	observed_term_no_disease_translation
Source_disease_label	Source disease	Disease	Pilar cyst			Pilar cyst	Source disease	Pilar cyst	Anatomical_Distribution || Attribute_Characteristics || Attribute_Color || Attribute_Shape || Diagnosis || Lesion_Recognition	Color || Distribution || Hair_Morphology || Hair_and_Surface_Characteristics || Primary_Diagnosis || Primary_Lesion_Type || Shape || Surface_or_secondary_change	13	13	0	0	12	97	97	0	0	23	24	24	0	0	6	observed_term_no_disease_translation
Source_disease_label	Source disease	Disease	Pilomatricoma			Pilomatricoma	Source disease	Pilomatricoma	Anatomical_Distribution || Attribute_Characteristics || Attribute_Color || Attribute_Shape || Diagnosis || Lesion_Recognition	Color || Distribution || Primary_Diagnosis || Primary_Lesion_Type || Shape || Surface_or_secondary_change	2	2	0	0	2	45	45	0	0	10	18	18	0	0	4	observed_term_no_disease_translation
Source_disease_label	Source disease	Disease	Pilonidal disease			Pilonidal disease	Source disease	Pilonidal disease	Anatomical_Distribution || Attribute_Characteristics || Attribute_Color || Attribute_Shape || Diagnosis	Color || Distribution || Hair_and_Surface_Characteristics || Primary_Diagnosis || Secondary_Change || Shape || Surface_or_secondary_change	2	2	0	0	1	5	5	0	0	1	5	5	0	0	1	observed_term_no_disease_translation
Source_disease_label	Source disease	Disease	Pityriasis alba			Pityriasis alba	Source disease	Pityriasis alba	Anatomical_Distribution || Attribute_Characteristics || Attribute_Color || Attribute_Shape || Diagnosis || Lesion_Recognition	Color || Distribution || Primary_Diagnosis || Primary_Lesion_Type || Shape || Surface_or_secondary_change	11	11	0	0	10	41	41	0	0	9	22	22	0	0	5	observed_term_no_disease_translation
Source_disease_label	Source disease	Disease	Pityriasis amiantacea			Pityriasis amiantacea	Source disease	Pityriasis amiantacea	Anatomical_Distribution || Attribute_Characteristics || Attribute_Color || Attribute_Shape || Diagnosis || Lesion_Recognition	Color || Distribution || Hair_Morphology || Hair_and_Surface_Characteristics || Primary_Diagnosis || Primary_Lesion_Type || Shape || Surface_or_secondary_change	7	7	0	0	6	70	70	0	0	17	28	28	0	0	7	observed_term_no_disease_translation
Source_disease_label	Source disease	Disease	Pityriasis rubra pilaris			Pityriasis rubra pilaris	Source disease	Pityriasis rubra pilaris	Anatomical_Distribution || Attribute_Characteristics || Attribute_Color || Attribute_Shape || Diagnosis || Lesion_Recognition	Color || Distribution || Primary_Diagnosis || Primary_Lesion_Type || Primary_and_Secondary_Morphology || Secondary_Change || Shape || Surface_or_secondary_change	15	15	0	0	14	103	103	0	0	25	21	21	0	0	6	observed_term_no_disease_translation
Source_disease_label	Source disease	Disease	Pityriasis versicolor			Pityriasis versicolor	Source disease	Pityriasis versicolor	Anatomical_Distribution || Attribute_Characteristics || Attribute_Color || Attribute_Shape || Diagnosis || Lesion_Recognition	Color || Distribution || Primary_Diagnosis || Primary_Lesion_Type || Secondary_Change || Shape || Surface_or_secondary_change	13	13	0	0	12	93	93	0	0	24	13	13	0	0	4	observed_term_no_disease_translation
Source_disease_label	Source disease	Disease	Plasma cell balanitis_vulvitis			Plasma cell balanitis_vulvitis	Source disease	Plasma cell balanitis_vulvitis	Anatomical_Distribution || Attribute_Characteristics || Attribute_Color || Attribute_Shape || Diagnosis || Lesion_Recognition	Color || Distribution || Primary_Diagnosis || Primary_Lesion_Type || Shape || Surface_or_secondary_change	2	2	0	0	2	14	14	0	0	3	4	4	0	0	1	observed_term_no_disease_translation
Source_disease_label	Source disease	Disease	Plasmacytoma			Plasmacytoma	Source disease	Plasmacytoma	Anatomical_Distribution || Attribute_Characteristics || Attribute_Color || Attribute_Shape || Diagnosis || Lesion_Recognition	Color || Distribution || Primary_Diagnosis || Primary_Lesion_Type || Shape || Surface_or_secondary_change	3	3	0	0	3	12	12	0	0	3	5	5	0	0	1	observed_term_no_disease_translation
Source_disease_label	Source disease	Disease	Poikiloderma of Civatte			Poikiloderma of Civatte	Source disease	Poikiloderma of Civatte	Anatomical_Distribution || Attribute_Characteristics || Attribute_Color || Attribute_Shape || Diagnosis || Lesion_Recognition	Color || Distribution || Primary_Diagnosis || Primary_Lesion_Type || Shape || Surface_or_secondary_change	1	1	0	0	1	44	44	0	0	11	19	19	0	0	6	observed_term_no_disease_translation
Source_disease_label	Source disease	Disease	Poliosis			Poliosis	Source disease	Poliosis	Anatomical_Distribution || Attribute_Characteristics || Attribute_Color || Attribute_Shape || Diagnosis	Color || Distribution || Hair_Morphology || Hair_and_Surface_Characteristics || Primary_Diagnosis || Shape || Surface_or_secondary_change	3	3	0	0	3	58	58	0	0	13	4	4	0	0	1	observed_term_no_disease_translation
Source_disease_label	Source disease	Disease	Polycystic ovary syndrome			Polycystic ovary syndrome	Source disease	Polycystic ovary syndrome	Anatomical_Distribution || Attribute_Characteristics || Attribute_Color || Attribute_Shape || Diagnosis || Lesion_Recognition	Color || Distribution || Hair_Morphology || Hair_and_Surface_Characteristics || Primary_Diagnosis || Primary_Lesion_Type || Shape || Surface_or_secondary_change	1	1	0	0	1	22	22	0	0	5	9	9	0	0	2	observed_term_no_disease_translation
Source_disease_label	Source disease	Disease	Polymorphic eruption of pregnancy			Polymorphic eruption of pregnancy	Source disease	Polymorphic eruption of pregnancy	Anatomical_Distribution || Attribute_Characteristics || Attribute_Color || Attribute_Shape || Diagnosis	Color || Distribution || Primary_Diagnosis || Shape || Surface_or_secondary_change	5	5	0	0	4	24	24	0	0	6	5	5	0	0	1	observed_term_no_disease_translation
Source_disease_label	Source disease	Disease	Polymorphic light eruption			Polymorphic light eruption	Source disease	Polymorphic light eruption	Anatomical_Distribution || Attribute_Characteristics || Attribute_Color || Attribute_Shape || Diagnosis || Lesion_Recognition	Color || Distribution || Primary_Diagnosis || Primary_and_Secondary_Morphology || Secondary_Change || Shape || Surface_or_secondary_change	15	15	0	0	14	109	109	0	0	28	36	36	0	0	9	observed_term_no_disease_translation
Source_disease_label	Source disease	Disease	Polythelia			Polythelia	Source disease	Polythelia	Anatomical_Distribution || Attribute_Characteristics || Attribute_Color || Attribute_Shape || Diagnosis	Color || Distribution || Primary_Diagnosis || Shape || Surface_or_secondary_change	6	6	0	0	5	24	24	0	0	6	5	5	0	0	1	observed_term_no_disease_translation
Source_disease_label	Source disease	Disease	Porphyria cutanea tarda			Porphyria cutanea tarda	Source disease	Porphyria cutanea tarda	Anatomical_Distribution || Attribute_Characteristics || Attribute_Color || Attribute_Shape || Diagnosis || Lesion_Recognition	Color || Distribution || Primary_Diagnosis || Primary_Lesion_Type || Primary_and_Secondary_Morphology || Shape || Surface_or_secondary_change	9	9	0	0	7	29	29	0	0	7	15	15	0	0	4	observed_term_no_disease_translation
Source_disease_label	Source disease	Disease	Porphyria variegata			Porphyria variegata	Source disease	Porphyria variegata	Anatomical_Distribution || Attribute_Characteristics || Attribute_Color || Attribute_Shape || Diagnosis || Lesion_Recognition	Color || Distribution || Primary_Diagnosis || Primary_and_Secondary_Morphology || Shape || Surface_or_secondary_change	0	0	0	0	0	17	17	0	0	4	12	12	0	0	3	observed_term_no_disease_translation
Source_disease_label	Source disease	Disease	Postinflammatory hyperpigmentation			Postinflammatory hyperpigmentation	Source disease	Postinflammatory hyperpigmentation	Anatomical_Distribution || Attribute_Characteristics || Attribute_Color || Attribute_Shape || Diagnosis || Lesion_Recognition	Color || Distribution || Hair_and_Surface_Characteristics || Primary_Diagnosis || Primary_Lesion_Type || Secondary_Change || Shape || Surface_or_secondary_change	12	12	0	0	9	108	108	0	0	27	14	14	0	0	3	observed_term_no_disease_translation
Source_disease_label	Source disease	Disease	Pressure ulcer			Pressure ulcer	Source disease	Pressure ulcer	Anatomical_Distribution || Attribute_Characteristics || Attribute_Color || Attribute_Shape || Diagnosis || Lesion_Recognition	Color || Distribution || Hair_and_Surface_Characteristics || Primary_Diagnosis || Primary_and_Secondary_Morphology || Shape || Surface_or_secondary_change	6	6	0	0	6	66	66	0	0	15	9	9	0	0	2	observed_term_no_disease_translation
Source_disease_label	Source disease	Disease	Pretibial myxoedema			Pretibial myxoedema	Source disease	Pretibial myxoedema	Anatomical_Distribution || Attribute_Characteristics || Attribute_Color || Attribute_Shape || Diagnosis || Lesion_Recognition	Color || Distribution || Primary_Diagnosis || Primary_Lesion_Type || Secondary_Change || Shape || Surface_or_secondary_change	20	20	0	0	19	150	150	0	0	36	40	40	0	0	10	observed_term_no_disease_translation
Source_disease_label	Source disease	Disease	Progressive macular hypomelanosis			Progressive macular hypomelanosis	Source disease	Progressive macular hypomelanosis	Anatomical_Distribution || Attribute_Characteristics || Attribute_Color || Attribute_Shape || Diagnosis || Lesion_Recognition	Color || Distribution || Primary_Diagnosis || Primary_Lesion_Type || Shape || Surface_or_secondary_change	0	0	0	0	0	14	14	0	0	3	10	10	0	0	2	observed_term_no_disease_translation
Source_disease_label	Source disease	Disease	Prurigo			Prurigo	Source disease	Prurigo	Anatomical_Distribution || Attribute_Characteristics || Attribute_Color || Attribute_Shape || Diagnosis || Lesion_Recognition	Color || Distribution || Primary_Diagnosis || Primary_Lesion_Type || Primary_and_Secondary_Morphology || Secondary_Change || Shape || Surface_or_secondary_change	36	36	0	0	30	280	280	0	0	63	72	72	0	0	16	observed_term_no_disease_translation
Source_disease_label	Source disease	Disease	Pruritic urticarial papules and plaques of pregnancy			Pruritic urticarial papules and plaques of pregnancy	Source disease	Pruritic urticarial papules and plaques of pregnancy	Anatomical_Distribution || Attribute_Characteristics || Attribute_Color || Attribute_Shape || Diagnosis || Lesion_Recognition	Color || Distribution || Primary_Diagnosis || Primary_Lesion_Type || Shape || Surface_or_secondary_change	2	2	0	0	2	21	21	0	0	6	10	10	0	0	3	observed_term_no_disease_translation
Source_disease_label	Source disease	Disease	Pruritus			Pruritus	Source disease	Pruritus	Anatomical_Distribution || Attribute_Characteristics || Attribute_Color || Attribute_Shape || Lesion_Recognition	Color || Distribution || Hair_and_Surface_Characteristics || Primary_Lesion_Type || Primary_and_Secondary_Morphology || Secondary_Change || Shape || Surface_or_secondary_change	22	22	0	0	17	122	122	0	0	32	43	43	0	0	11	observed_term_no_disease_translation
Source_disease_label	Source disease	Disease	Pseudofolliculitis barbae			Pseudofolliculitis barbae	Source disease	Pseudofolliculitis barbae	Anatomical_Distribution || Attribute_Characteristics || Attribute_Color || Attribute_Shape || Diagnosis || Lesion_Recognition	Color || Distribution || Hair_Morphology || Hair_and_Surface_Characteristics || Primary_Diagnosis || Primary_Lesion_Type || Shape || Surface_or_secondary_change	1	1	0	0	1	47	47	0	0	10	19	19	0	0	4	observed_term_no_disease_translation
Source_disease_label	Source disease	Disease	Pseudopelade of Brocq			Pseudopelade of Brocq	Source disease	Pseudopelade of Brocq	Anatomical_Distribution || Attribute_Characteristics || Attribute_Color || Attribute_Shape || Diagnosis || Lesion_Recognition	Color || Distribution || Hair_Morphology || Hair_and_Surface_Characteristics || Primary_Diagnosis || Primary_Lesion_Type || Shape || Surface_or_secondary_change	3	3	0	0	2	44	44	0	0	10	30	30	0	0	7	observed_term_no_disease_translation
Source_disease_label	Source disease	Disease	Pseudoporphyria			Pseudoporphyria	Source disease	Pseudoporphyria	Anatomical_Distribution || Attribute_Characteristics || Attribute_Color || Attribute_Shape || Diagnosis || Lesion_Recognition	Color || Distribution || Primary_Diagnosis || Primary_Lesion_Type || Shape || Surface_or_secondary_change	4	4	0	0	4	25	25	0	0	7	9	9	0	0	2	observed_term_no_disease_translation
Source_disease_label	Source disease	Disease	Psoriasis			Psoriasis	Source disease	Psoriasis	Anatomical_Distribution || Attribute_Characteristics || Attribute_Color || Attribute_Shape || Diagnosis || Lesion_Recognition	Color || Distribution || Hair_and_Surface_Characteristics || Primary_Diagnosis || Primary_Lesion_Type || Shape || Surface_or_secondary_change	40	40	0	0	34	241	241	0	0	58	60	60	0	0	15	observed_term_no_disease_translation
Source_disease_label	Source disease	Disease	Psoriatic arthritis			Psoriatic arthritis	Source disease	Psoriatic arthritis	Anatomical_Distribution || Attribute_Characteristics || Attribute_Color || Attribute_Shape || Diagnosis	Color || Distribution || Nail_Morphology || Primary_Diagnosis || Shape || Surface_or_secondary_change	3	3	0	0	2	15	15	0	0	4	5	5	0	0	1	observed_term_no_disease_translation
Source_disease_label	Source disease	Disease	Purpura			Purpura	Source disease	Purpura	Anatomical_Distribution || Attribute_Characteristics || Attribute_Color || Attribute_Shape || Diagnosis || Lesion_Recognition	Color || Distribution || Hair_and_Surface_Characteristics || Primary_Diagnosis || Primary_Lesion_Type || Primary_and_Secondary_Morphology || Secondary_Change || Shape || Surface_or_secondary_change	35	35	0	0	30	321	321	0	0	77	101	101	0	0	24	observed_term_no_disease_translation
Source_disease_label	Source disease	Disease	Pyoderma			Pyoderma	Source disease	Pyoderma	Anatomical_Distribution || Attribute_Characteristics || Attribute_Color || Attribute_Shape || Diagnosis || Lesion_Recognition	Color || Distribution || Primary_Diagnosis || Primary_Lesion_Type || Primary_and_Secondary_Morphology || Shape || Surface_or_secondary_change	24	24	0	0	23	191	191	0	0	46	96	96	0	0	24	observed_term_no_disease_translation
Source_disease_label	Source disease	Disease	Pyogenic granuloma			Pyogenic granuloma	Source disease	Pyogenic granuloma	Anatomical_Distribution || Attribute_Characteristics || Attribute_Color || Attribute_Shape || Diagnosis || Lesion_Recognition	Color || Distribution || Nail_Morphology || Primary_Diagnosis || Primary_Lesion_Type || Primary_and_Secondary_Morphology || Shape || Surface_or_secondary_change	8	8	0	0	8	83	83	0	0	17	30	30	0	0	6	observed_term_no_disease_translation
Source_disease_label	Source disease	Disease	Radiation dermatitis			Radiation dermatitis	Source disease	Radiation dermatitis	Anatomical_Distribution || Attribute_Characteristics || Attribute_Color || Attribute_Shape || Diagnosis	Color || Distribution || Primary_Diagnosis || Shape || Surface_or_secondary_change	3	3	0	0	3	28	28	0	0	7	10	10	0	0	2	observed_term_no_disease_translation
Source_disease_label	Source disease	Disease	Ramsay Hunt syndrome			Ramsay Hunt syndrome	Source disease	Ramsay Hunt syndrome	Anatomical_Distribution || Attribute_Characteristics || Attribute_Color || Attribute_Shape || Diagnosis	Color || Distribution || Primary_Diagnosis || Shape || Surface_or_secondary_change	3	3	0	0	3	4	4	0	0	1	4	4	0	0	1	observed_term_no_disease_translation
Source_disease_label	Source disease	Disease	Ranula			Ranula	Source disease	Ranula	Anatomical_Distribution || Attribute_Characteristics || Attribute_Color || Attribute_Shape || Diagnosis || Lesion_Recognition	Color || Distribution || Primary_Diagnosis || Primary_Lesion_Type || Secondary_Change || Shape || Surface_or_secondary_change	4	4	0	0	4	73	73	0	0	18	19	19	0	0	5	observed_term_no_disease_translation
Source_disease_label	Source disease	Disease	Raynaud phenomenon			Raynaud phenomenon	Source disease	Raynaud phenomenon	Anatomical_Distribution || Attribute_Characteristics || Attribute_Color || Attribute_Shape || Diagnosis	Color || Distribution || Primary_Diagnosis || Secondary_Change || Shape || Surface_or_secondary_change	2	2	0	0	2	28	28	0	0	7	5	5	0	0	1	observed_term_no_disease_translation
Source_disease_label	Source disease	Disease	Recessive dystrophic epidermolysis bullosa			Recessive dystrophic epidermolysis bullosa	Source disease	Recessive dystrophic epidermolysis bullosa	Anatomical_Distribution || Attribute_Characteristics || Attribute_Shape	Distribution || Shape || Surface_or_secondary_change	0	0	0	0	0	3	3	0	0	1	3	3	0	0	1	observed_term_no_disease_translation
Source_disease_label	Source disease	Disease	Recessive X-linked ichthyosis			Recessive X-linked ichthyosis	Source disease	Recessive X-linked ichthyosis	Anatomical_Distribution || Attribute_Characteristics || Attribute_Color || Attribute_Shape || Diagnosis || Lesion_Recognition	Color || Distribution || Primary_Diagnosis || Primary_Lesion_Type || Shape || Surface_or_secondary_change	2	2	0	0	2	38	38	0	0	9	9	9	0	0	2	observed_term_no_disease_translation
Source_disease_label	Source disease	Disease	Reed syndrome			Reed syndrome	Source disease	Reed syndrome	Anatomical_Distribution || Attribute_Characteristics || Attribute_Color || Attribute_Shape || Diagnosis	Color || Distribution || Primary_Diagnosis || Shape || Surface_or_secondary_change	0	0	0	0	0	13	13	0	0	3	8	8	0	0	2	observed_term_no_disease_translation
Source_disease_label	Source disease	Disease	Remitting seronegative symmetrical synovitis with pitting oedema			Remitting seronegative symmetrical synovitis with pitting oedema	Source disease	Remitting seronegative symmetrical synovitis with pitting oedema	Anatomical_Distribution || Attribute_Color || Attribute_Shape || Diagnosis	Color || Distribution || Primary_Diagnosis || Shape	1	1	0	0	1	4	4	0	0	1	4	4	0	0	1	observed_term_no_disease_translation
Source_disease_label	Source disease	Disease	Reticular erythematous mucinosis			Reticular erythematous mucinosis	Source disease	Reticular erythematous mucinosis	Anatomical_Distribution || Attribute_Characteristics || Attribute_Color || Attribute_Shape || Diagnosis	Color || Distribution || Primary_Diagnosis || Shape || Surface_or_secondary_change	2	2	0	0	2	9	9	0	0	2	5	5	0	0	1	observed_term_no_disease_translation
Source_disease_label	Source disease	Disease	Reticulohistiocytosis			Reticulohistiocytosis	Source disease	Reticulohistiocytosis	Anatomical_Distribution || Attribute_Characteristics || Attribute_Color || Attribute_Shape || Diagnosis	Color || Distribution || Primary_Diagnosis || Shape || Surface_or_secondary_change	4	4	0	0	3	13	13	0	0	3	4	4	0	0	1	observed_term_no_disease_translation
Source_disease_label	Source disease	Disease	Rheumatic fever			Rheumatic fever	Source disease	Rheumatic fever	Anatomical_Distribution || Attribute_Characteristics || Attribute_Color || Attribute_Shape || Diagnosis	Color || Distribution || Primary_Diagnosis || Shape || Surface_or_secondary_change	3	3	0	0	1	9	9	0	0	2	4	4	0	0	1	observed_term_no_disease_translation
Source_disease_label	Source disease	Disease	Rhinophyma			Rhinophyma	Source disease	Rhinophyma	Anatomical_Distribution || Attribute_Characteristics || Attribute_Color || Attribute_Shape || Diagnosis || Lesion_Recognition	Color || Distribution || Hair_Morphology || Hair_and_Surface_Characteristics || Primary_Diagnosis || Primary_Lesion_Type || Secondary_Change || Shape || Surface_or_secondary_change	20	20	0	0	17	109	109	0	0	26	24	24	0	0	6	observed_term_no_disease_translation
Source_disease_label	Source disease	Disease	Rosacea			Rosacea	Source disease	Rosacea	Anatomical_Distribution || Attribute_Characteristics || Attribute_Color || Attribute_Shape || Diagnosis || Lesion_Recognition	Color || Distribution || Hair_Morphology || Hair_and_Surface_Characteristics || Primary_Diagnosis || Primary_Lesion_Type || Shape || Surface_or_secondary_change	15	15	0	0	13	140	140	0	0	33	35	35	0	0	9	observed_term_no_disease_translation
Source_disease_label	Source disease	Disease	Roseola			Roseola	Source disease	Roseola	Anatomical_Distribution || Attribute_Characteristics || Attribute_Color || Attribute_Shape || Diagnosis || Lesion_Recognition	Color || Distribution || Primary_Diagnosis || Primary_Lesion_Type || Primary_and_Secondary_Morphology || Shape || Surface_or_secondary_change	1	1	0	0	1	77	77	0	0	18	8	8	0	0	2	observed_term_no_disease_translation
Source_disease_label	Source disease	Disease	Ross syndrome			Ross syndrome	Source disease	Ross syndrome	Anatomical_Distribution || Attribute_Characteristics || Attribute_Color || Attribute_Shape || Diagnosis || Lesion_Recognition	Color || Distribution || Primary_Diagnosis || Primary_Lesion_Type || Primary_and_Secondary_Morphology || Shape || Surface_or_secondary_change	2	2	0	0	2	21	21	0	0	4	11	11	0	0	2	observed_term_no_disease_translation
Source_disease_label	Source disease	Disease	Rothmund-Thomson syndrome			Rothmund-Thomson syndrome	Source disease	Rothmund-Thomson syndrome	Anatomical_Distribution || Attribute_Characteristics || Attribute_Color || Attribute_Shape || Diagnosis || Lesion_Recognition	Color || Distribution || Primary_Diagnosis || Primary_Lesion_Type || Shape || Surface_or_secondary_change	5	5	0	0	4	22	22	0	0	5	9	9	0	0	2	observed_term_no_disease_translation
Source_disease_label	Source disease	Disease	Rubella			Rubella	Source disease	Rubella	Anatomical_Distribution || Attribute_Characteristics || Attribute_Color || Attribute_Shape || Diagnosis	Color || Configuration || Distribution || Primary_Diagnosis || Shape || Surface_or_secondary_change	2	2	0	0	2	19	19	0	0	5	4	4	0	0	1	observed_term_no_disease_translation
Source_disease_label	Source disease	Disease	Sarcoidosis			Sarcoidosis	Source disease	Sarcoidosis	Anatomical_Distribution || Attribute_Characteristics || Attribute_Color || Attribute_Shape || Diagnosis || Lesion_Recognition	Color || Distribution || Hair_and_Surface_Characteristics || Primary_Diagnosis || Primary_Lesion_Type || Shape || Surface_or_secondary_change	15	15	0	0	13	125	125	0	0	30	76	76	0	0	18	observed_term_no_disease_translation
Source_disease_label	Source disease	Disease	Scabies			Scabies	Source disease	Scabies	Anatomical_Distribution || Attribute_Characteristics || Attribute_Color || Attribute_Shape || Diagnosis || Lesion_Recognition	Color || Distribution || Primary_Diagnosis || Primary_Lesion_Type || Primary_and_Secondary_Morphology || Shape || Surface_or_secondary_change	10	10	0	0	10	116	116	0	0	26	58	58	0	0	13	observed_term_no_disease_translation
Source_disease_label	Source disease	Disease	Scarlatina			Scarlatina	Source disease	Scarlatina	Anatomical_Distribution || Attribute_Characteristics || Attribute_Color || Attribute_Shape || Diagnosis	Color || Distribution || Primary_Diagnosis || Shape || Surface_or_secondary_change	2	2	0	0	2	34	34	0	0	8	14	14	0	0	3	observed_term_no_disease_translation
Source_disease_label	Source disease	Disease	Scurvy			Scurvy	Source disease	Scurvy	Anatomical_Distribution || Attribute_Characteristics || Attribute_Color || Attribute_Shape || Diagnosis || Lesion_Recognition	Color || Distribution || Hair_and_Surface_Characteristics || Primary_Diagnosis || Primary_Lesion_Type || Primary_and_Secondary_Morphology || Shape || Surface_or_secondary_change	7	7	0	0	4	20	20	0	0	5	5	5	0	0	1	observed_term_no_disease_translation
Source_disease_label	Source disease	Disease	Sebaceous carcinoma			Sebaceous carcinoma	Source disease	Sebaceous carcinoma	Anatomical_Distribution || Attribute_Characteristics || Attribute_Color || Attribute_Shape || Diagnosis || Lesion_Recognition	Color || Distribution || Hair_and_Surface_Characteristics || Primary_Diagnosis || Primary_Lesion_Type || Shape || Surface_or_secondary_change	6	6	0	0	4	29	29	0	0	7	9	9	0	0	2	observed_term_no_disease_translation
Source_disease_label	Source disease	Disease	Sebaceous hyperplasia			Sebaceous hyperplasia	Source disease	Sebaceous hyperplasia	Anatomical_Distribution || Attribute_Characteristics || Attribute_Color || Attribute_Shape || Diagnosis || Lesion_Recognition	Color || Distribution || Hair_Morphology || Hair_and_Surface_Characteristics || Primary_Diagnosis || Primary_Lesion_Type || Secondary_Change || Shape || Surface_or_secondary_change	19	19	0	0	19	126	126	0	0	29	32	32	0	0	8	observed_term_no_disease_translation
Source_disease_label	Source disease	Disease	Sneddon syndrome			Sneddon syndrome	Source disease	Sneddon syndrome	Anatomical_Distribution || Attribute_Characteristics || Attribute_Color || Attribute_Shape || Diagnosis	Color || Distribution || Primary_Diagnosis || Shape || Surface_or_secondary_change	0	0	0	0	0	11	11	0	0	3	4	4	0	0	1	observed_term_no_disease_translation
Source_disease_label	Source disease	Disease	Solar lentigo			Solar lentigo	Source disease	Solar lentigo	Anatomical_Distribution || Attribute_Characteristics || Attribute_Color || Attribute_Shape || Diagnosis || Lesion_Recognition	Color || Distribution || Primary_Diagnosis || Primary_Lesion_Type || Secondary_Change || Shape || Surface_or_secondary_change	9	9	0	0	8	92	92	0	0	20	32	32	0	0	7	observed_term_no_disease_translation
Source_disease_label	Source disease	Disease	Solar urticaria			Solar urticaria	Source disease	Solar urticaria	Anatomical_Distribution || Attribute_Characteristics || Attribute_Color || Attribute_Shape || Diagnosis	Color || Configuration || Distribution || Primary_Diagnosis || Shape || Surface_or_secondary_change	3	3	0	0	2	17	17	0	0	4	13	13	0	0	3	observed_term_no_disease_translation
Source_disease_label	Source disease	Disease	Spider angioma			Spider angioma	Source disease	Spider angioma	Anatomical_Distribution || Attribute_Characteristics || Attribute_Color || Attribute_Shape || Diagnosis || Lesion_Recognition	Color || Distribution || Primary_Diagnosis || Primary_Lesion_Type || Primary_and_Secondary_Morphology || Shape || Surface_or_secondary_change	2	2	0	0	2	20	20	0	0	5	2	2	0	0	1	observed_term_no_disease_translation
Source_disease_label	Source disease	Disease	Squamous cell carcinoma			Squamous cell carcinoma	Source disease	Squamous cell carcinoma	Anatomical_Distribution || Attribute_Characteristics || Attribute_Color || Attribute_Shape || Diagnosis || Lesion_Recognition	Color || Distribution || Primary_Diagnosis || Primary_Lesion_Type || Secondary_Change || Shape || Surface_or_secondary_change	17	17	0	0	15	152	152	0	0	34	60	60	0	0	14	observed_term_no_disease_translation
Source_disease_label	Source disease	Disease	Steatocystoma multiplex			Steatocystoma multiplex	Source disease	Steatocystoma multiplex	Anatomical_Distribution || Attribute_Characteristics || Attribute_Color || Attribute_Shape || Diagnosis || Lesion_Recognition	Color || Distribution || Hair_and_Surface_Characteristics || Primary_Diagnosis || Primary_Lesion_Type || Shape || Surface_or_secondary_change	2	2	0	0	2	32	32	0	0	7	6	6	0	0	1	observed_term_no_disease_translation
Source_disease_label	Source disease	Disease	Subungual exostosis			Subungual exostosis	Source disease	Subungual exostosis	Anatomical_Distribution || Attribute_Characteristics || Attribute_Color || Attribute_Shape || Diagnosis	Color || Distribution || Primary_Diagnosis || Shape || Surface_or_secondary_change	1	1	0	0	1	18	18	0	0	4	5	5	0	0	1	observed_term_no_disease_translation
Source_disease_label	Source disease	Disease	Sunburn			Sunburn	Source disease	Sunburn	Anatomical_Distribution || Attribute_Characteristics || Attribute_Color || Attribute_Shape || Diagnosis || Lesion_Recognition	Color || Distribution || Primary_Diagnosis || Primary_Lesion_Type || Secondary_Change || Shape || Surface_or_secondary_change	5	5	0	0	5	137	137	0	0	33	55	55	0	0	13	observed_term_no_disease_translation
Source_disease_label	Source disease	Disease	Superficial thrombophlebitis			Superficial thrombophlebitis	Source disease	Superficial thrombophlebitis	Anatomical_Distribution || Attribute_Characteristics || Attribute_Color || Attribute_Shape || Diagnosis	Color || Distribution || Primary_Diagnosis || Secondary_Change || Shape || Surface_or_secondary_change	1	1	0	0	1	10	10	0	0	2	5	5	0	0	1	observed_term_no_disease_translation
Source_disease_label	Source disease	Disease	Swimmer_s itch			Swimmer_s itch	Source disease	Swimmer_s itch	Anatomical_Distribution || Attribute_Characteristics || Attribute_Color || Attribute_Shape || Diagnosis || Lesion_Recognition	Color || Distribution || Primary_Diagnosis || Primary_Lesion_Type || Shape || Surface_or_secondary_change	4	4	0	0	3	31	31	0	0	7	9	9	0	0	2	observed_term_no_disease_translation
Source_disease_label	Source disease	Disease	Syphilis			Syphilis	Source disease	Syphilis	Anatomical_Distribution || Attribute_Characteristics || Attribute_Color || Attribute_Shape || Diagnosis || Lesion_Recognition	Color || Configuration || Distribution || Hair_Morphology || Hair_and_Surface_Characteristics || Primary_Diagnosis || Primary_Lesion_Type || Primary_and_Secondary_Morphology || Secondary_Change || Shape || Surface_or_secondary_change	26	26	0	0	22	225	225	0	0	54	72	72	0	0	17	observed_term_no_disease_translation
Source_disease_label	Source disease	Disease	Systemic lupus erythematosus			Systemic lupus erythematosus	Source disease	Systemic lupus erythematosus	Anatomical_Distribution || Attribute_Characteristics || Attribute_Color || Attribute_Shape || Diagnosis || Lesion_Recognition	Color || Distribution || Hair_Morphology || Primary_Diagnosis || Primary_Lesion_Type || Shape || Surface_or_secondary_change	20	20	0	0	18	130	130	0	0	31	43	43	0	0	10	observed_term_no_disease_translation
Source_disease_label	Source disease	Disease	Systemic sclerosis			Systemic sclerosis	Source disease	Systemic sclerosis	Anatomical_Distribution || Attribute_Characteristics || Attribute_Color || Attribute_Shape || Diagnosis	Color || Distribution || Hair_Morphology || Hair_and_Surface_Characteristics || Primary_Diagnosis || Shape || Surface_or_secondary_change	6	6	0	0	6	71	71	0	0	18	20	20	0	0	5	observed_term_no_disease_translation
Source_disease_label	Source disease	Disease	Sézary syndrome			Sézary syndrome	Source disease	Sézary syndrome	Anatomical_Distribution || Attribute_Characteristics || Attribute_Color || Attribute_Shape || Diagnosis	Color || Distribution || Primary_Diagnosis || Shape || Surface_or_secondary_change	3	3	0	0	3	48	48	0	0	11	3	3	0	0	1	observed_term_no_disease_translation
Source_disease_label	Source disease	Disease	Telangiectasia			Telangiectasia	Source disease	Telangiectasia	Anatomical_Distribution || Attribute_Characteristics || Attribute_Color || Attribute_Shape || Diagnosis || Lesion_Recognition	Color || Distribution || Hair_Morphology || Hair_and_Surface_Characteristics || Primary_Diagnosis || Primary_Lesion_Type || Secondary_Change || Shape || Surface_or_secondary_change	40	40	0	0	40	352	352	0	0	82	104	104	0	0	24	observed_term_no_disease_translation
Source_disease_label	Source disease	Disease	Thromboangiitis obliterans			Thromboangiitis obliterans	Source disease	Thromboangiitis obliterans	Anatomical_Distribution || Attribute_Characteristics || Attribute_Color || Attribute_Shape	Color || Distribution || Shape || Surface_or_secondary_change	2	2	0	0	2	7	7	0	0	2	4	4	0	0	1	observed_term_no_disease_translation
Source_disease_label	Source disease	Disease	Tinea barbae			Tinea barbae	Source disease	Tinea barbae	Anatomical_Distribution || Attribute_Characteristics || Attribute_Color || Attribute_Shape || Diagnosis	Color || Distribution || Hair_and_Surface_Characteristics || Primary_Diagnosis || Shape || Surface_or_secondary_change	6	6	0	0	4	29	29	0	0	8	12	12	0	0	3	observed_term_no_disease_translation
Source_disease_label	Source disease	Disease	Tinea capitis			Tinea capitis	Source disease	Tinea capitis	Anatomical_Distribution || Attribute_Characteristics || Attribute_Color || Attribute_Shape || Diagnosis	Color || Distribution || Hair_Morphology || Hair_and_Surface_Characteristics || Primary_Diagnosis || Shape || Surface_or_secondary_change	13	13	0	0	12	51	51	0	0	13	16	16	0	0	4	observed_term_no_disease_translation
Source_disease_label	Source disease	Disease	Tinea corporis			Tinea corporis	Source disease	Tinea corporis	Anatomical_Distribution || Attribute_Characteristics || Attribute_Color || Attribute_Shape || Diagnosis || Lesion_Recognition	Color || Distribution || Primary_Diagnosis || Primary_and_Secondary_Morphology || Secondary_Change || Shape || Surface_or_secondary_change	12	12	0	0	11	94	94	0	0	22	4	4	0	0	1	observed_term_no_disease_translation
Source_disease_label	Source disease	Disease	Tinea cruris			Tinea cruris	Source disease	Tinea cruris	Anatomical_Distribution || Attribute_Characteristics || Attribute_Color || Attribute_Shape || Diagnosis || Lesion_Recognition	Color || Distribution || Primary_Diagnosis || Primary_Lesion_Type || Shape || Surface_or_secondary_change	5	5	0	0	5	39	39	0	0	9	4	4	0	0	1	observed_term_no_disease_translation
Source_disease_label	Source disease	Disease	Tinea faciei			Tinea faciei	Source disease	Tinea faciei	Anatomical_Distribution || Attribute_Characteristics || Attribute_Color || Attribute_Shape || Diagnosis	Color || Distribution || Primary_Diagnosis || Shape || Surface_or_secondary_change	6	6	0	0	6	63	63	0	0	15	25	25	0	0	6	observed_term_no_disease_translation
Source_disease_label	Source disease	Disease	Tinea incognita			Tinea incognita	Source disease	Tinea incognita	Anatomical_Distribution || Attribute_Characteristics || Attribute_Color || Attribute_Shape || Diagnosis	Color || Distribution || Primary_Diagnosis || Shape || Surface_or_secondary_change	2	2	0	0	2	17	17	0	0	4	7	7	0	0	2	observed_term_no_disease_translation
Source_disease_label	Source disease	Disease	Tinea manuum			Tinea manuum	Source disease	Tinea manuum	Anatomical_Distribution || Attribute_Characteristics || Attribute_Color || Attribute_Shape || Diagnosis || Lesion_Recognition	Color || Distribution || Primary_Diagnosis || Primary_Lesion_Type || Primary_and_Secondary_Morphology || Shape || Surface_or_secondary_change	1	1	0	0	1	35	35	0	0	8	5	5	0	0	1	observed_term_no_disease_translation
Source_disease_label	Source disease	Disease	Tinea pedis			Tinea pedis	Source disease	Tinea pedis	Anatomical_Distribution || Attribute_Characteristics || Attribute_Color || Attribute_Shape || Diagnosis	Color || Distribution || Primary_Diagnosis || Shape || Surface_or_secondary_change	8	8	0	0	7	85	85	0	0	21	14	14	0	0	3	observed_term_no_disease_translation
Source_disease_label	Source disease	Disease	Topical corticosteroid withdrawal			Topical corticosteroid withdrawal	Source disease	Topical corticosteroid withdrawal	Anatomical_Distribution || Attribute_Color || Attribute_Shape || Diagnosis	Color || Distribution || Primary_Diagnosis || Shape	1	1	0	0	1	4	4	0	0	1	4	4	0	0	1	observed_term_no_disease_translation
Source_disease_label	Source disease	Disease	Toxic erythema of the newborn			Toxic erythema of the newborn	Source disease	Toxic erythema of the newborn	Anatomical_Distribution || Attribute_Characteristics || Attribute_Color || Attribute_Shape || Diagnosis || Lesion_Recognition	Color || Distribution || Primary_Diagnosis || Primary_Lesion_Type || Shape || Surface_or_secondary_change	2	2	0	0	2	14	14	0	0	3	10	10	0	0	2	observed_term_no_disease_translation
Source_disease_label	Source disease	Disease	Traction alopecia			Traction alopecia	Source disease	Traction alopecia	Anatomical_Distribution || Attribute_Characteristics || Attribute_Color || Attribute_Shape || Diagnosis || Lesion_Recognition	Color || Distribution || Hair_and_Surface_Characteristics || Primary_Diagnosis || Primary_Lesion_Type || Shape	7	7	0	0	6	25	25	0	0	6	8	8	0	0	2	observed_term_no_disease_translation
Source_disease_label	Source disease	Disease	Transient lingual papillitis			Transient lingual papillitis	Source disease	Transient lingual papillitis	Anatomical_Distribution || Attribute_Characteristics || Attribute_Color || Attribute_Shape || Diagnosis || Lesion_Recognition	Color || Distribution || Primary_Diagnosis || Primary_Lesion_Type || Shape || Surface_or_secondary_change	0	0	0	0	0	36	36	0	0	8	22	22	0	0	5	observed_term_no_disease_translation
Source_disease_label	Source disease	Disease	Transient neonatal pustular melanosis			Transient neonatal pustular melanosis	Source disease	Transient neonatal pustular melanosis	Anatomical_Distribution || Attribute_Characteristics || Attribute_Color || Diagnosis || Lesion_Recognition	Color || Distribution || Primary_Diagnosis || Primary_Lesion_Type || Surface_or_secondary_change	1	1	0	0	1	5	5	0	0	1	5	5	0	0	1	observed_term_no_disease_translation
Source_disease_label	Source disease	Disease	Triangular alopecia			Triangular alopecia	Source disease	Triangular alopecia	Anatomical_Distribution || Attribute_Characteristics || Attribute_Color || Attribute_Shape || Diagnosis	Color || Distribution || Hair_Morphology || Hair_and_Surface_Characteristics || Primary_Diagnosis || Shape	2	2	0	0	2	4	4	0	0	1	4	4	0	0	1	observed_term_no_disease_translation
Source_disease_label	Source disease	Disease	Trichomycosis axillaris			Trichomycosis axillaris	Source disease	Trichomycosis axillaris	Anatomical_Distribution || Attribute_Characteristics || Attribute_Color || Attribute_Shape	Color || Distribution || Hair_Morphology || Hair_and_Surface_Characteristics || Shape	3	3	0	0	2	7	7	0	0	2	3	3	0	0	1	observed_term_no_disease_translation
Source_disease_label	Source disease	Disease	Trichotillomania			Trichotillomania	Source disease	Trichotillomania	Anatomical_Distribution || Attribute_Characteristics || Attribute_Color || Attribute_Shape || Diagnosis || Lesion_Recognition	Color || Distribution || Hair_Morphology || Hair_and_Surface_Characteristics || Primary_Diagnosis || Primary_Lesion_Type || Shape || Surface_or_secondary_change	17	17	0	0	16	105	105	0	0	25	26	26	0	0	6	observed_term_no_disease_translation
Source_disease_label	Source disease	Disease	Tuberous sclerosis			Tuberous sclerosis	Source disease	Tuberous sclerosis	Anatomical_Distribution || Attribute_Characteristics || Attribute_Color || Attribute_Shape || Diagnosis || Lesion_Recognition	Color || Distribution || Hair_and_Surface_Characteristics || Primary_Diagnosis || Primary_Lesion_Type || Secondary_Change || Shape || Surface_or_secondary_change	9	9	0	0	8	111	111	0	0	25	45	45	0	0	10	observed_term_no_disease_translation
Source_disease_label	Source disease	Disease	Urticaria			Urticaria	Source disease	Urticaria	Anatomical_Distribution || Attribute_Characteristics || Attribute_Color || Attribute_Shape || Diagnosis || Lesion_Recognition	Color || Distribution || Primary_Diagnosis || Primary_Lesion_Type || Secondary_Change || Shape || Surface_or_secondary_change	11	11	0	0	9	93	93	0	0	21	12	12	0	0	3	observed_term_no_disease_translation
Source_disease_label	Source disease	Disease	Urticarial vasculitis			Urticarial vasculitis	Source disease	Urticarial vasculitis	Anatomical_Distribution || Attribute_Characteristics || Attribute_Color || Attribute_Shape || Diagnosis || Lesion_Recognition	Color || Distribution || Primary_Diagnosis || Primary_Lesion_Type || Secondary_Change || Shape || Surface_or_secondary_change	11	11	0	0	11	84	84	0	0	20	32	32	0	0	8	observed_term_no_disease_translation
Source_disease_label	Source disease	Disease	Varicose veins			Varicose veins	Source disease	Varicose veins	Anatomical_Distribution || Attribute_Characteristics || Attribute_Color || Attribute_Shape || Diagnosis	Color || Distribution || Hair_and_Surface_Characteristics || Primary_Diagnosis || Shape || Surface_or_secondary_change	5	5	0	0	4	50	50	0	0	11	15	15	0	0	3	observed_term_no_disease_translation
Source_disease_label	Source disease	Disease	Venous eczema			Venous eczema	Source disease	Venous eczema	Anatomical_Distribution || Attribute_Characteristics || Attribute_Color || Attribute_Shape || Diagnosis	Color || Distribution || Primary_Diagnosis || Shape || Surface_or_secondary_change	12	12	0	0	10	104	104	0	0	26	45	45	0	0	11	observed_term_no_disease_translation
Source_disease_label	Source disease	Disease	Venous lake			Venous lake	Source disease	Venous lake	Anatomical_Distribution || Attribute_Characteristics || Attribute_Color || Attribute_Shape || Diagnosis || Lesion_Recognition	Color || Distribution || Primary_Diagnosis || Primary_Lesion_Type || Primary_and_Secondary_Morphology || Secondary_Change || Shape || Surface_or_secondary_change	7	7	0	0	5	105	105	0	0	23	33	33	0	0	7	observed_term_no_disease_translation
Source_disease_label	Source disease	Disease	Vitiligo			Vitiligo	Source disease	Vitiligo	Anatomical_Distribution || Attribute_Characteristics || Attribute_Color || Attribute_Shape || Diagnosis || Lesion_Recognition	Color || Distribution || Hair_Morphology || Hair_and_Surface_Characteristics || Pigmentation || Primary_Diagnosis || Primary_Lesion_Type || Shape || Surface_or_secondary_change	19	19	0	0	18	161	161	0	0	37	43	43	0	0	10	observed_term_no_disease_translation
Source_disease_label	Source disease	Disease	Vulval intraepithelial neoplasia			Vulval intraepithelial neoplasia	Source disease	Vulval intraepithelial neoplasia	Anatomical_Distribution || Attribute_Characteristics || Attribute_Color || Attribute_Shape || Diagnosis || Lesion_Recognition	Color || Distribution || Hair_Morphology || Hair_and_Surface_Characteristics || Primary_Diagnosis || Primary_Lesion_Type || Primary_and_Secondary_Morphology || Secondary_Change || Shape || Surface_or_secondary_change	16	16	0	0	13	194	194	0	0	45	45	45	0	0	10	observed_term_no_disease_translation
Source_disease_label	Source disease	Disease	Vulvovaginal candidiasis			Vulvovaginal candidiasis	Source disease	Vulvovaginal candidiasis	Anatomical_Distribution || Attribute_Characteristics || Attribute_Color || Attribute_Shape || Diagnosis	Color || Distribution || Primary_Diagnosis || Shape || Surface_or_secondary_change	5	5	0	0	5	34	34	0	0	9	25	25	0	0	6	observed_term_no_disease_translation
Source_disease_label	Source disease	Disease	Whipple disease			Whipple disease	Source disease	Whipple disease	Anatomical_Distribution || Attribute_Characteristics || Attribute_Color || Attribute_Shape || Diagnosis || Lesion_Recognition	Color || Distribution || Hair_Morphology || Primary_Diagnosis || Primary_Lesion_Type || Shape || Surface_or_secondary_change	4	4	0	0	3	11	11	0	0	3	3	3	0	0	1	observed_term_no_disease_translation
Source_disease_label	Source disease	Disease	Winter itch			Winter itch	Source disease	Winter itch	Anatomical_Distribution || Attribute_Characteristics || Attribute_Color || Attribute_Shape || Lesion_Recognition	Color || Distribution || Primary_Lesion_Type || Primary_and_Secondary_Morphology || Shape || Surface_or_secondary_change	0	0	0	0	0	14	14	0	0	3	4	4	0	0	1	observed_term_no_disease_translation
Source_disease_label	Source disease	Disease	Wound infection			Wound infection	Source disease	Wound infection	Anatomical_Distribution || Attribute_Characteristics || Attribute_Color || Attribute_Shape || Diagnosis || Lesion_Recognition	Color || Distribution || Primary_Diagnosis || Primary_Lesion_Type || Secondary_Change || Shape || Surface_or_secondary_change	3	3	0	0	3	54	54	0	0	12	17	17	0	0	4	observed_term_no_disease_translation
Source_disease_label	Source disease	Disease	X linked ichthyosis			X linked ichthyosis	Source disease	X linked ichthyosis	Anatomical_Distribution || Attribute_Characteristics || Attribute_Color || Attribute_Shape || Diagnosis	Color || Distribution || Primary_Diagnosis || Secondary_Change || Shape || Surface_or_secondary_change	8	8	0	0	8	45	45	0	0	11	14	14	0	0	3	observed_term_no_disease_translation
Source_disease_label	Source disease	Disease	Xanthoma			Xanthoma	Source disease	Xanthoma	Anatomical_Distribution || Attribute_Characteristics || Attribute_Color || Attribute_Shape || Diagnosis || Lesion_Recognition	Color || Distribution || Primary_Diagnosis || Primary_Lesion_Type || Secondary_Change || Shape || Surface_or_secondary_change	17	17	0	0	13	108	108	0	0	25	38	38	0	0	9	observed_term_no_disease_translation
Source_disease_label	Source disease	Disease	Xeroderma pigmentosum			Xeroderma pigmentosum	Source disease	Xeroderma pigmentosum	Anatomical_Distribution || Attribute_Characteristics || Attribute_Color || Attribute_Shape || Diagnosis || Lesion_Recognition	Color || Distribution || Hair_Morphology || Hair_and_Surface_Characteristics || Primary_Diagnosis || Primary_Lesion_Type || Primary_and_Secondary_Morphology || Secondary_Change || Shape || Surface_or_secondary_change	1	1	0	0	1	63	63	0	0	16	24	24	0	0	7	observed_term_no_disease_translation
Source_disease_label	Source disease	Disease	Zygomycosis			Zygomycosis	Source disease	Zygomycosis	Anatomical_Distribution || Attribute_Characteristics || Attribute_Color || Attribute_Shape || Diagnosis || Lesion_Recognition	Color || Distribution || Primary_Diagnosis || Primary_Lesion_Type || Shape || Surface_or_secondary_change	2	2	0	0	1	12	12	0	0	3	9	9	0	0	2	observed_term_no_disease_translation
