image_path,disease_name,disease_folder,status,phase1_status,phase1_raw,phase2_status,phase2_raw,error_log
Acanthoma fissuratum/acanthoma-fissuratum-01.jpg,Acanthoma fissuratum,Acanthoma fissuratum,PENDING,,,,,
Acanthoma fissuratum/acanthoma-fissuratum-02.jpg,Acanthoma fissuratum,Acanthoma fissuratum,PENDING,,,,,
Acanthosis palmaris/acanthosis.jpg,Acanthosis palmaris,Acanthosis palmaris,PENDING,,,,,
Acanthosis palmaris/tripe-palms.jpg,Acanthosis palmaris,Acanthosis palmaris,PENDING,,,,,
Acne vulgaris/141.jpg,Acne vulgaris,Acne vulgaris,PENDING,,,,,
Acne vulgaris/142.jpg,Acne vulgaris,Acne vulgaris,PENDING,,,,,
Acne vulgaris/143.jpg,Acne vulgaris,Acne vulgaris,PENDING,,,,,
Acne vulgaris/144.jpg,Acne vulgaris,Acne vulgaris,PENDING,,,,,
Acne vulgaris/146.jpg,Acne vulgaris,Acne vulgaris,PENDING,,,,,
Acne vulgaris/148.jpg,Acne vulgaris,Acne vulgaris,PENDING,,,,,
Acne vulgaris/149.jpg,Acne vulgaris,Acne vulgaris,PENDING,,,,,
Acne vulgaris/150.jpg,Acne vulgaris,Acne vulgaris,PENDING,,,,,
Acne vulgaris/151.jpg,Acne vulgaris,Acne vulgaris,PENDING,,,,,
Acne vulgaris/152.jpg,Acne vulgaris,Acne vulgaris,PENDING,,,,,
Acne vulgaris/154.jpg,Acne vulgaris,Acne vulgaris,PENDING,,,,,
Acne vulgaris/157.jpg,Acne vulgaris,Acne vulgaris,PENDING,,,,,
Acne vulgaris/159.jpg,Acne vulgaris,Acne vulgaris,PENDING,,,,,
Acne vulgaris/160.jpg,Acne vulgaris,Acne vulgaris,PENDING,,,,,
Acne vulgaris/161.jpg,Acne vulgaris,Acne vulgaris,PENDING,,,,,
Acne vulgaris/165.jpg,Acne vulgaris,Acne vulgaris,PENDING,,,,,
Acne vulgaris/166.jpg,Acne vulgaris,Acne vulgaris,PENDING,,,,,
Acne vulgaris/167.jpg,Acne vulgaris,Acne vulgaris,PENDING,,,,,
Acne vulgaris/169.jpg,Acne vulgaris,Acne vulgaris,PENDING,,,,,
Acne vulgaris/171.jpg,Acne vulgaris,Acne vulgaris,PENDING,,,,,
Acne vulgaris/172.jpg,Acne vulgaris,Acne vulgaris,PENDING,,,,,
Acne vulgaris/173.jpg,Acne vulgaris,Acne vulgaris,PENDING,,,,,
Acne vulgaris/174.jpg,Acne vulgaris,Acne vulgaris,PENDING,,,,,
Acne vulgaris/175.jpg,Acne vulgaris,Acne vulgaris,PENDING,,,,,
Acne vulgaris/176.jpg,Acne vulgaris,Acne vulgaris,PENDING,,,,,
Acne vulgaris/177.jpg,Acne vulgaris,Acne vulgaris,PENDING,,,,,
Acne vulgaris/178.jpg,Acne vulgaris,Acne vulgaris,PENDING,,,,,
Acne vulgaris/179.jpg,Acne vulgaris,Acne vulgaris,PENDING,,,,,
Acne vulgaris/181.jpg,Acne vulgaris,Acne vulgaris,PENDING,,,,,
Acne vulgaris/182.jpg,Acne vulgaris,Acne vulgaris,PENDING,,,,,
Acne vulgaris/183.jpg,Acne vulgaris,Acne vulgaris,PENDING,,,,,
Acne vulgaris/184.jpg,Acne vulgaris,Acne vulgaris,PENDING,,,,,
Acne vulgaris/185.jpg,Acne vulgaris,Acne vulgaris,PENDING,,,,,
Acne vulgaris/188.jpg,Acne vulgaris,Acne vulgaris,PENDING,,,,,
Acne vulgaris/189.jpg,Acne vulgaris,Acne vulgaris,PENDING,,,,,
Acne vulgaris/190.jpg,Acne vulgaris,Acne vulgaris,PENDING,,,,,
Acne vulgaris/192.jpg,Acne vulgaris,Acne vulgaris,PENDING,,,,,
Acne vulgaris/193.jpg,Acne vulgaris,Acne vulgaris,PENDING,,,,,
Acne vulgaris/194.jpg,Acne vulgaris,Acne vulgaris,PENDING,,,,,
Acne vulgaris/195.jpg,Acne vulgaris,Acne vulgaris,PENDING,,,,,
Acne vulgaris/196.jpg,Acne vulgaris,Acne vulgaris,PENDING,,,,,
Acne vulgaris/2652.jpg,Acne vulgaris,Acne vulgaris,PENDING,,,,,
Acne vulgaris/acne-039-v2.jpg,Acne vulgaris,Acne vulgaris,PENDING,,,,,
Acne vulgaris/acne-077-v2.jpg,Acne vulgaris,Acne vulgaris,PENDING,,,,,
Acne vulgaris/acne-089-v2.jpg,Acne vulgaris,Acne vulgaris,PENDING,,,,,
Acne vulgaris/acne-187-v2.jpg,Acne vulgaris,Acne vulgaris,PENDING,,,,,
Acne vulgaris/acne-205-v2.jpg,Acne vulgaris,Acne vulgaris,PENDING,,,,,
Acne vulgaris/acne-268-v2.jpg,Acne vulgaris,Acne vulgaris,PENDING,,,,,
Acne vulgaris/acne-comedones-57-v2.jpg,Acne vulgaris,Acne vulgaris,PENDING,,,,,
Acne vulgaris/acne-face-1-1.jpg,Acne vulgaris,Acne vulgaris,PENDING,,,,,
Acne vulgaris/acne-face-1-10.jpg,Acne vulgaris,Acne vulgaris,PENDING,,,,,
Acne vulgaris/acne-face-1-11.jpg,Acne vulgaris,Acne vulgaris,PENDING,,,,,
Acne vulgaris/acne-face-1-12.jpg,Acne vulgaris,Acne vulgaris,PENDING,,,,,
Acne vulgaris/acne-face-1-13.jpg,Acne vulgaris,Acne vulgaris,PENDING,,,,,
Acne vulgaris/acne-face-1-14.jpg,Acne vulgaris,Acne vulgaris,PENDING,,,,,
Acne vulgaris/acne-face-1-16.jpg,Acne vulgaris,Acne vulgaris,PENDING,,,,,
Acne vulgaris/acne-face-1-17.jpg,Acne vulgaris,Acne vulgaris,PENDING,,,,,
Acne vulgaris/acne-face-1-18.jpg,Acne vulgaris,Acne vulgaris,PENDING,,,,,
Acne vulgaris/acne-face-1-19.jpg,Acne vulgaris,Acne vulgaris,PENDING,,,,,
Acne vulgaris/acne-face-1-2.jpg,Acne vulgaris,Acne vulgaris,PENDING,,,,,
Acne vulgaris/acne-face-1-20.jpg,Acne vulgaris,Acne vulgaris,PENDING,,,,,
Acne vulgaris/acne-face-1-21.jpg,Acne vulgaris,Acne vulgaris,PENDING,,,,,
Acne vulgaris/acne-face-1-22.jpg,Acne vulgaris,Acne vulgaris,PENDING,,,,,
Acne vulgaris/acne-face-1-23.jpg,Acne vulgaris,Acne vulgaris,PENDING,,,,,
Acne vulgaris/acne-face-1-24.jpg,Acne vulgaris,Acne vulgaris,PENDING,,,,,
Acne vulgaris/acne-face-1-25.jpg,Acne vulgaris,Acne vulgaris,PENDING,,,,,
Acne vulgaris/acne-face-1-26.jpg,Acne vulgaris,Acne vulgaris,PENDING,,,,,
Acne vulgaris/acne-face-1-27.jpg,Acne vulgaris,Acne vulgaris,PENDING,,,,,
Acne vulgaris/acne-face-1-28.jpg,Acne vulgaris,Acne vulgaris,PENDING,,,,,
Acne vulgaris/acne-face-1-29.jpg,Acne vulgaris,Acne vulgaris,PENDING,,,,,
Acne vulgaris/acne-face-1-30.jpg,Acne vulgaris,Acne vulgaris,PENDING,,,,,
Acne vulgaris/acne-face-1-31.jpg,Acne vulgaris,Acne vulgaris,PENDING,,,,,
Acne vulgaris/acne-face-1-32.jpg,Acne vulgaris,Acne vulgaris,PENDING,,,,,
Acne vulgaris/acne-face-1-33.jpg,Acne vulgaris,Acne vulgaris,PENDING,,,,,
Acne vulgaris/acne-face-1-34.jpg,Acne vulgaris,Acne vulgaris,PENDING,,,,,
Acne vulgaris/acne-face-1-35.jpg,Acne vulgaris,Acne vulgaris,PENDING,,,,,
Acne vulgaris/acne-face-1-36.jpg,Acne vulgaris,Acne vulgaris,PENDING,,,,,
Acne vulgaris/acne-face-1-37.jpg,Acne vulgaris,Acne vulgaris,PENDING,,,,,
Acne vulgaris/acne-face-1-38.jpg,Acne vulgaris,Acne vulgaris,PENDING,,,,,
Acne vulgaris/acne-face-1-39.jpg,Acne vulgaris,Acne vulgaris,PENDING,,,,,
Acne vulgaris/acne-face-1-4.jpg,Acne vulgaris,Acne vulgaris,PENDING,,,,,
Acne vulgaris/acne-face-1-40.jpg,Acne vulgaris,Acne vulgaris,PENDING,,,,,
Acne vulgaris/acne-face-1-41.jpg,Acne vulgaris,Acne vulgaris,PENDING,,,,,
Acne vulgaris/acne-face-1-42.jpg,Acne vulgaris,Acne vulgaris,PENDING,,,,,
Acne vulgaris/acne-face-1-43.jpg,Acne vulgaris,Acne vulgaris,PENDING,,,,,
Acne vulgaris/acne-face-1-44.jpg,Acne vulgaris,Acne vulgaris,PENDING,,,,,
Acne vulgaris/acne-face-1-45.jpg,Acne vulgaris,Acne vulgaris,PENDING,,,,,
Acne vulgaris/acne-face-1-46.jpg,Acne vulgaris,Acne vulgaris,PENDING,,,,,
Acne vulgaris/acne-face-1-47.jpg,Acne vulgaris,Acne vulgaris,PENDING,,,,,
Acne vulgaris/acne-face-1-48.jpg,Acne vulgaris,Acne vulgaris,PENDING,,,,,
Acne vulgaris/acne-face-1-49.jpg,Acne vulgaris,Acne vulgaris,PENDING,,,,,
Acne vulgaris/acne-face-1-5.jpg,Acne vulgaris,Acne vulgaris,PENDING,,,,,
Acne vulgaris/acne-face-1-50.jpg,Acne vulgaris,Acne vulgaris,PENDING,,,,,
Acne vulgaris/acne-face-1-51.jpg,Acne vulgaris,Acne vulgaris,PENDING,,,,,
Acne vulgaris/acne-face-1-52.jpg,Acne vulgaris,Acne vulgaris,PENDING,,,,,
Acne vulgaris/acne-face-1-53.jpg,Acne vulgaris,Acne vulgaris,PENDING,,,,,
Acne vulgaris/acne-face-1-6.jpg,Acne vulgaris,Acne vulgaris,PENDING,,,,,
Acne vulgaris/acne-face-1-7.jpg,Acne vulgaris,Acne vulgaris,PENDING,,,,,
Acne vulgaris/acne-face-1-8.jpg,Acne vulgaris,Acne vulgaris,PENDING,,,,,
Acne vulgaris/acne-face-1-9.jpg,Acne vulgaris,Acne vulgaris,PENDING,,,,,
Acne vulgaris/acne-face-1.jpg,Acne vulgaris,Acne vulgaris,PENDING,,,,,
Acne vulgaris/acne-face-10-1.jpg,Acne vulgaris,Acne vulgaris,PENDING,,,,,
Acne vulgaris/acne-face-10.jpg,Acne vulgaris,Acne vulgaris,PENDING,,,,,
Acne vulgaris/acne-face-11-1.jpg,Acne vulgaris,Acne vulgaris,PENDING,,,,,
Acne vulgaris/acne-face-11.jpg,Acne vulgaris,Acne vulgaris,PENDING,,,,,
Acne vulgaris/acne-face-12-1.jpg,Acne vulgaris,Acne vulgaris,PENDING,,,,,
Acne vulgaris/acne-face-12.jpg,Acne vulgaris,Acne vulgaris,PENDING,,,,,
Acne vulgaris/acne-face-13-1.jpg,Acne vulgaris,Acne vulgaris,PENDING,,,,,
Acne vulgaris/acne-face-13.jpg,Acne vulgaris,Acne vulgaris,PENDING,,,,,
Acne vulgaris/acne-face-14-1.jpg,Acne vulgaris,Acne vulgaris,PENDING,,,,,
Acne vulgaris/acne-face-14.jpg,Acne vulgaris,Acne vulgaris,PENDING,,,,,
Acne vulgaris/acne-face-15-1.jpg,Acne vulgaris,Acne vulgaris,PENDING,,,,,
Acne vulgaris/acne-face-15.jpg,Acne vulgaris,Acne vulgaris,PENDING,,,,,
Acne vulgaris/acne-face-16-1.jpg,Acne vulgaris,Acne vulgaris,PENDING,,,,,
Acne vulgaris/acne-face-16.jpg,Acne vulgaris,Acne vulgaris,PENDING,,,,,
Acne vulgaris/acne-face-17-1.jpg,Acne vulgaris,Acne vulgaris,PENDING,,,,,
Acne vulgaris/acne-face-17.jpg,Acne vulgaris,Acne vulgaris,PENDING,,,,,
Acne vulgaris/acne-face-18-1.jpg,Acne vulgaris,Acne vulgaris,PENDING,,,,,
Acne vulgaris/acne-face-18.jpg,Acne vulgaris,Acne vulgaris,PENDING,,,,,
Acne vulgaris/acne-face-19-1.jpg,Acne vulgaris,Acne vulgaris,PENDING,,,,,
Acne vulgaris/acne-face-19.jpg,Acne vulgaris,Acne vulgaris,PENDING,,,,,
Acne vulgaris/acne-face-2-1.jpg,Acne vulgaris,Acne vulgaris,PENDING,,,,,
Acne vulgaris/acne-face-2-10.jpg,Acne vulgaris,Acne vulgaris,PENDING,,,,,
Acne vulgaris/acne-face-2-11.jpg,Acne vulgaris,Acne vulgaris,PENDING,,,,,
Acne vulgaris/acne-face-2-12.jpg,Acne vulgaris,Acne vulgaris,PENDING,,,,,
Acne vulgaris/acne-face-2-13.jpg,Acne vulgaris,Acne vulgaris,PENDING,,,,,
Acne vulgaris/acne-face-2-15.jpg,Acne vulgaris,Acne vulgaris,PENDING,,,,,
Acne vulgaris/acne-face-2-16.jpg,Acne vulgaris,Acne vulgaris,PENDING,,,,,
Acne vulgaris/acne-face-2-17.jpg,Acne vulgaris,Acne vulgaris,PENDING,,,,,
Acne vulgaris/acne-face-2-18.jpg,Acne vulgaris,Acne vulgaris,PENDING,,,,,
Acne vulgaris/acne-face-2-19.jpg,Acne vulgaris,Acne vulgaris,PENDING,,,,,
Acne vulgaris/acne-face-2-2.jpg,Acne vulgaris,Acne vulgaris,PENDING,,,,,
Acne vulgaris/acne-face-2-20.jpg,Acne vulgaris,Acne vulgaris,PENDING,,,,,
Acne vulgaris/acne-face-2-21.jpg,Acne vulgaris,Acne vulgaris,PENDING,,,,,
Acne vulgaris/acne-face-2-22.jpg,Acne vulgaris,Acne vulgaris,PENDING,,,,,
Acne vulgaris/acne-face-2-23.jpg,Acne vulgaris,Acne vulgaris,PENDING,,,,,
Acne vulgaris/acne-face-2-24.jpg,Acne vulgaris,Acne vulgaris,PENDING,,,,,
Acne vulgaris/acne-face-2-25.jpg,Acne vulgaris,Acne vulgaris,PENDING,,,,,
Acne vulgaris/acne-face-2-26.jpg,Acne vulgaris,Acne vulgaris,PENDING,,,,,
Acne vulgaris/acne-face-2-27.jpg,Acne vulgaris,Acne vulgaris,PENDING,,,,,
Acne vulgaris/acne-face-2-28.jpg,Acne vulgaris,Acne vulgaris,PENDING,,,,,
Acne vulgaris/acne-face-2-29.jpg,Acne vulgaris,Acne vulgaris,PENDING,,,,,
Acne vulgaris/acne-face-2-3.jpg,Acne vulgaris,Acne vulgaris,PENDING,,,,,
Acne vulgaris/acne-face-2-30.jpg,Acne vulgaris,Acne vulgaris,PENDING,,,,,
Acne vulgaris/acne-face-2-31.jpg,Acne vulgaris,Acne vulgaris,PENDING,,,,,
Acne vulgaris/acne-face-2-32.jpg,Acne vulgaris,Acne vulgaris,PENDING,,,,,
Acne vulgaris/acne-face-2-33.jpg,Acne vulgaris,Acne vulgaris,PENDING,,,,,
Acne vulgaris/acne-face-2-34.jpg,Acne vulgaris,Acne vulgaris,PENDING,,,,,
Acne vulgaris/acne-face-2-35.jpg,Acne vulgaris,Acne vulgaris,PENDING,,,,,
Acne vulgaris/acne-face-2-36.jpg,Acne vulgaris,Acne vulgaris,PENDING,,,,,
Acne vulgaris/acne-face-2-4.jpg,Acne vulgaris,Acne vulgaris,PENDING,,,,,
Acne vulgaris/acne-face-2-5.jpg,Acne vulgaris,Acne vulgaris,PENDING,,,,,
Acne vulgaris/acne-face-2-6.jpg,Acne vulgaris,Acne vulgaris,PENDING,,,,,
Acne vulgaris/acne-face-2-7.jpg,Acne vulgaris,Acne vulgaris,PENDING,,,,,
Acne vulgaris/acne-face-2-8.jpg,Acne vulgaris,Acne vulgaris,PENDING,,,,,
Acne vulgaris/acne-face-2-9.jpg,Acne vulgaris,Acne vulgaris,PENDING,,,,,
Acne vulgaris/acne-face-2.jpg,Acne vulgaris,Acne vulgaris,PENDING,,,,,
Acne vulgaris/acne-face-20-1.jpg,Acne vulgaris,Acne vulgaris,PENDING,,,,,
Acne vulgaris/acne-face-20.jpg,Acne vulgaris,Acne vulgaris,PENDING,,,,,
Acne vulgaris/acne-face-21-1.jpg,Acne vulgaris,Acne vulgaris,PENDING,,,,,
Acne vulgaris/acne-face-21.jpg,Acne vulgaris,Acne vulgaris,PENDING,,,,,
Acne vulgaris/acne-face-22-1.jpg,Acne vulgaris,Acne vulgaris,PENDING,,,,,
Acne vulgaris/acne-face-22.jpg,Acne vulgaris,Acne vulgaris,PENDING,,,,,
Acne vulgaris/acne-face-23-1.jpg,Acne vulgaris,Acne vulgaris,PENDING,,,,,
Acne vulgaris/acne-face-23.jpg,Acne vulgaris,Acne vulgaris,PENDING,,,,,
Acne vulgaris/acne-face-24-1.jpg,Acne vulgaris,Acne vulgaris,PENDING,,,,,
Acne vulgaris/acne-face-24.jpg,Acne vulgaris,Acne vulgaris,PENDING,,,,,
Acne vulgaris/acne-face-25-1.jpg,Acne vulgaris,Acne vulgaris,PENDING,,,,,
Acne vulgaris/acne-face-25.jpg,Acne vulgaris,Acne vulgaris,PENDING,,,,,
Acne vulgaris/acne-face-26.jpg,Acne vulgaris,Acne vulgaris,PENDING,,,,,
Acne vulgaris/acne-face-27.jpg,Acne vulgaris,Acne vulgaris,PENDING,,,,,
Acne vulgaris/acne-face-28.jpg,Acne vulgaris,Acne vulgaris,PENDING,,,,,
Acne vulgaris/acne-face-3-1.jpg,Acne vulgaris,Acne vulgaris,PENDING,,,,,
Acne vulgaris/acne-face-3-10.jpg,Acne vulgaris,Acne vulgaris,PENDING,,,,,
Acne vulgaris/acne-face-3-11.jpg,Acne vulgaris,Acne vulgaris,PENDING,,,,,
Acne vulgaris/acne-face-3-12.jpg,Acne vulgaris,Acne vulgaris,PENDING,,,,,
Acne vulgaris/acne-face-3-13.jpg,Acne vulgaris,Acne vulgaris,PENDING,,,,,
Acne vulgaris/acne-face-3-14.jpg,Acne vulgaris,Acne vulgaris,PENDING,,,,,
Acne vulgaris/acne-face-3-15.jpg,Acne vulgaris,Acne vulgaris,PENDING,,,,,
Acne vulgaris/acne-face-3-16.jpg,Acne vulgaris,Acne vulgaris,PENDING,,,,,
Acne vulgaris/acne-face-3-17.jpg,Acne vulgaris,Acne vulgaris,PENDING,,,,,
Acne vulgaris/acne-face-3-18.jpg,Acne vulgaris,Acne vulgaris,PENDING,,,,,
Acne vulgaris/acne-face-3-19.jpg,Acne vulgaris,Acne vulgaris,PENDING,,,,,
Acne vulgaris/acne-face-3-2.jpg,Acne vulgaris,Acne vulgaris,PENDING,,,,,
Acne vulgaris/acne-face-3-20.jpg,Acne vulgaris,Acne vulgaris,PENDING,,,,,
Acne vulgaris/acne-face-3-21.jpg,Acne vulgaris,Acne vulgaris,PENDING,,,,,
Acne vulgaris/acne-face-3-22.jpg,Acne vulgaris,Acne vulgaris,PENDING,,,,,
Acne vulgaris/acne-face-3-23.jpg,Acne vulgaris,Acne vulgaris,PENDING,,,,,
Acne vulgaris/acne-face-3-3.jpg,Acne vulgaris,Acne vulgaris,PENDING,,,,,
Acne vulgaris/acne-face-3-4.jpg,Acne vulgaris,Acne vulgaris,PENDING,,,,,
Acne vulgaris/acne-face-3-5.jpg,Acne vulgaris,Acne vulgaris,PENDING,,,,,
Acne vulgaris/acne-face-3-6.jpg,Acne vulgaris,Acne vulgaris,PENDING,,,,,
Acne vulgaris/acne-face-3-7.jpg,Acne vulgaris,Acne vulgaris,PENDING,,,,,
Acne vulgaris/acne-face-3-8.jpg,Acne vulgaris,Acne vulgaris,PENDING,,,,,
Acne vulgaris/acne-face-3-9.jpg,Acne vulgaris,Acne vulgaris,PENDING,,,,,
Acne vulgaris/acne-face-3.jpg,Acne vulgaris,Acne vulgaris,PENDING,,,,,
Acne vulgaris/acne-face-30.jpg,Acne vulgaris,Acne vulgaris,PENDING,,,,,
Acne vulgaris/acne-face-31.jpg,Acne vulgaris,Acne vulgaris,PENDING,,,,,
Acne vulgaris/acne-face-32.jpg,Acne vulgaris,Acne vulgaris,PENDING,,,,,
Acne vulgaris/acne-face-33.jpg,Acne vulgaris,Acne vulgaris,PENDING,,,,,
Acne vulgaris/acne-face-34.jpg,Acne vulgaris,Acne vulgaris,PENDING,,,,,
Acne vulgaris/acne-face-35.jpg,Acne vulgaris,Acne vulgaris,PENDING,,,,,
Acne vulgaris/acne-face-36.jpg,Acne vulgaris,Acne vulgaris,PENDING,,,,,
Acne vulgaris/acne-face-37.jpg,Acne vulgaris,Acne vulgaris,PENDING,,,,,
Acne vulgaris/acne-face-38.jpg,Acne vulgaris,Acne vulgaris,PENDING,,,,,
Acne vulgaris/acne-face-39.jpg,Acne vulgaris,Acne vulgaris,PENDING,,,,,
Acne vulgaris/acne-face-4-1.jpg,Acne vulgaris,Acne vulgaris,PENDING,,,,,
Acne vulgaris/acne-face-4-10.jpg,Acne vulgaris,Acne vulgaris,PENDING,,,,,
Acne vulgaris/acne-face-4-11.jpg,Acne vulgaris,Acne vulgaris,PENDING,,,,,
Acne vulgaris/acne-face-4-12.jpg,Acne vulgaris,Acne vulgaris,PENDING,,,,,
Acne vulgaris/acne-face-4-13.jpg,Acne vulgaris,Acne vulgaris,PENDING,,,,,
Acne vulgaris/acne-face-4-14.jpg,Acne vulgaris,Acne vulgaris,PENDING,,,,,
Acne vulgaris/acne-face-4-15.jpg,Acne vulgaris,Acne vulgaris,PENDING,,,,,
Acne vulgaris/acne-face-4-2.jpg,Acne vulgaris,Acne vulgaris,PENDING,,,,,
Acne vulgaris/acne-face-4-3.jpg,Acne vulgaris,Acne vulgaris,PENDING,,,,,
Acne vulgaris/acne-face-4-4.jpg,Acne vulgaris,Acne vulgaris,PENDING,,,,,
Acne vulgaris/acne-face-4-5.jpg,Acne vulgaris,Acne vulgaris,PENDING,,,,,
Acne vulgaris/acne-face-4-6.jpg,Acne vulgaris,Acne vulgaris,PENDING,,,,,
Acne vulgaris/acne-face-4-7.jpg,Acne vulgaris,Acne vulgaris,PENDING,,,,,
Acne vulgaris/acne-face-4-8.jpg,Acne vulgaris,Acne vulgaris,PENDING,,,,,
Acne vulgaris/acne-face-4-9.jpg,Acne vulgaris,Acne vulgaris,PENDING,,,,,
Acne vulgaris/acne-face-4.jpg,Acne vulgaris,Acne vulgaris,PENDING,,,,,
Acne vulgaris/acne-face-40.jpg,Acne vulgaris,Acne vulgaris,PENDING,,,,,
Acne vulgaris/acne-face-41.jpg,Acne vulgaris,Acne vulgaris,PENDING,,,,,
Acne vulgaris/acne-face-42.jpg,Acne vulgaris,Acne vulgaris,PENDING,,,,,
Acne vulgaris/acne-face-43.jpg,Acne vulgaris,Acne vulgaris,PENDING,,,,,
Acne vulgaris/acne-face-44.jpg,Acne vulgaris,Acne vulgaris,PENDING,,,,,
Acne vulgaris/acne-face-45.jpg,Acne vulgaris,Acne vulgaris,PENDING,,,,,
Acne vulgaris/acne-face-46.jpg,Acne vulgaris,Acne vulgaris,PENDING,,,,,
Acne vulgaris/acne-face-47.jpg,Acne vulgaris,Acne vulgaris,PENDING,,,,,
Acne vulgaris/acne-face-48.jpg,Acne vulgaris,Acne vulgaris,PENDING,,,,,
Acne vulgaris/acne-face-49.jpg,Acne vulgaris,Acne vulgaris,PENDING,,,,,
Acne vulgaris/acne-face-5-1.jpg,Acne vulgaris,Acne vulgaris,PENDING,,,,,
Acne vulgaris/acne-face-5-2.jpg,Acne vulgaris,Acne vulgaris,PENDING,,,,,
Acne vulgaris/acne-face-5-3.jpg,Acne vulgaris,Acne vulgaris,PENDING,,,,,
Acne vulgaris/acne-face-5-4.jpg,Acne vulgaris,Acne vulgaris,PENDING,,,,,
Acne vulgaris/acne-face-5-5.jpg,Acne vulgaris,Acne vulgaris,PENDING,,,,,
Acne vulgaris/acne-face-5-6.jpg,Acne vulgaris,Acne vulgaris,PENDING,,,,,
Acne vulgaris/acne-face-5-7.jpg,Acne vulgaris,Acne vulgaris,PENDING,,,,,
Acne vulgaris/acne-face-5-8.jpg,Acne vulgaris,Acne vulgaris,PENDING,,,,,
Acne vulgaris/acne-face-5-9.jpg,Acne vulgaris,Acne vulgaris,PENDING,,,,,
Acne vulgaris/acne-face-5.jpg,Acne vulgaris,Acne vulgaris,PENDING,,,,,
Acne vulgaris/acne-face-50.jpg,Acne vulgaris,Acne vulgaris,PENDING,,,,,
Acne vulgaris/acne-face-51.jpg,Acne vulgaris,Acne vulgaris,PENDING,,,,,
Acne vulgaris/acne-face-52.jpg,Acne vulgaris,Acne vulgaris,PENDING,,,,,
Acne vulgaris/acne-face-53.jpg,Acne vulgaris,Acne vulgaris,PENDING,,,,,
Acne vulgaris/acne-face-54.jpg,Acne vulgaris,Acne vulgaris,PENDING,,,,,
Acne vulgaris/acne-face-55.jpg,Acne vulgaris,Acne vulgaris,PENDING,,,,,
Acne vulgaris/acne-face-56.jpg,Acne vulgaris,Acne vulgaris,PENDING,,,,,
Acne vulgaris/acne-face-57.jpg,Acne vulgaris,Acne vulgaris,PENDING,,,,,
Acne vulgaris/acne-face-58.jpg,Acne vulgaris,Acne vulgaris,PENDING,,,,,
Acne vulgaris/acne-face-59.jpg,Acne vulgaris,Acne vulgaris,PENDING,,,,,
Acne vulgaris/acne-face-6-1.jpg,Acne vulgaris,Acne vulgaris,PENDING,,,,,
Acne vulgaris/acne-face-6-2.jpg,Acne vulgaris,Acne vulgaris,PENDING,,,,,
Acne vulgaris/acne-face-6-3.jpg,Acne vulgaris,Acne vulgaris,PENDING,,,,,
Acne vulgaris/acne-face-6-4.jpg,Acne vulgaris,Acne vulgaris,PENDING,,,,,
Acne vulgaris/acne-face-6-5.jpg,Acne vulgaris,Acne vulgaris,PENDING,,,,,
Acne vulgaris/acne-face-60.jpg,Acne vulgaris,Acne vulgaris,PENDING,,,,,
Acne vulgaris/acne-face-61.jpg,Acne vulgaris,Acne vulgaris,PENDING,,,,,
Acne vulgaris/acne-face-62.jpg,Acne vulgaris,Acne vulgaris,PENDING,,,,,
Acne vulgaris/acne-face-63.jpg,Acne vulgaris,Acne vulgaris,PENDING,,,,,
Acne vulgaris/acne-face-64.jpg,Acne vulgaris,Acne vulgaris,PENDING,,,,,
Acne vulgaris/acne-face-65.jpg,Acne vulgaris,Acne vulgaris,PENDING,,,,,
Acne vulgaris/acne-face-66.jpg,Acne vulgaris,Acne vulgaris,PENDING,,,,,
Acne vulgaris/acne-face-67.jpg,Acne vulgaris,Acne vulgaris,PENDING,,,,,
Acne vulgaris/acne-face-68.jpg,Acne vulgaris,Acne vulgaris,PENDING,,,,,
Acne vulgaris/acne-face-69.jpg,Acne vulgaris,Acne vulgaris,PENDING,,,,,
Acne vulgaris/acne-face-7-1.jpg,Acne vulgaris,Acne vulgaris,PENDING,,,,,
Acne vulgaris/acne-face-7-2.jpg,Acne vulgaris,Acne vulgaris,PENDING,,,,,
Acne vulgaris/acne-face-7-3.jpg,Acne vulgaris,Acne vulgaris,PENDING,,,,,
Acne vulgaris/acne-face-7.jpg,Acne vulgaris,Acne vulgaris,PENDING,,,,,
Acne vulgaris/acne-face-70.jpg,Acne vulgaris,Acne vulgaris,PENDING,,,,,
Acne vulgaris/acne-face-71.jpg,Acne vulgaris,Acne vulgaris,PENDING,,,,,
Acne vulgaris/acne-face-72.jpg,Acne vulgaris,Acne vulgaris,PENDING,,,,,
Acne vulgaris/acne-face-73.jpg,Acne vulgaris,Acne vulgaris,PENDING,,,,,
Acne vulgaris/acne-face-74.jpg,Acne vulgaris,Acne vulgaris,PENDING,,,,,
Acne vulgaris/acne-face-75.jpg,Acne vulgaris,Acne vulgaris,PENDING,,,,,
Acne vulgaris/acne-face-76.jpg,Acne vulgaris,Acne vulgaris,PENDING,,,,,
Acne vulgaris/acne-face-77.jpg,Acne vulgaris,Acne vulgaris,PENDING,,,,,
Acne vulgaris/acne-face-78.jpg,Acne vulgaris,Acne vulgaris,PENDING,,,,,
Acne vulgaris/acne-face-79.jpg,Acne vulgaris,Acne vulgaris,PENDING,,,,,
Acne vulgaris/acne-face-8-1.jpg,Acne vulgaris,Acne vulgaris,PENDING,,,,,
Acne vulgaris/acne-face-8-2.jpg,Acne vulgaris,Acne vulgaris,PENDING,,,,,
Acne vulgaris/acne-face-8-3.jpg,Acne vulgaris,Acne vulgaris,PENDING,,,,,
Acne vulgaris/acne-face-8.jpg,Acne vulgaris,Acne vulgaris,PENDING,,,,,
Acne vulgaris/acne-face-80.jpg,Acne vulgaris,Acne vulgaris,PENDING,,,,,
Acne vulgaris/acne-face-9-1.jpg,Acne vulgaris,Acne vulgaris,PENDING,,,,,
Acne vulgaris/acne-face-9.jpg,Acne vulgaris,Acne vulgaris,PENDING,,,,,
Acne vulgaris/acne-mild.jpg,Acne vulgaris,Acne vulgaris,PENDING,,,,,
Acne vulgaris/acne1.jpg,Acne vulgaris,Acne vulgaris,PENDING,,,,,
Acne vulgaris/acne3.jpg,Acne vulgaris,Acne vulgaris,PENDING,,,,,
Acne vulgaris/acne4.jpg,Acne vulgaris,Acne vulgaris,PENDING,,,,,
Acne vulgaris/acne5.jpg,Acne vulgaris,Acne vulgaris,PENDING,,,,,
Acne vulgaris/acne6.jpg,Acne vulgaris,Acne vulgaris,PENDING,,,,,
Acne vulgaris/aknekomedot.jpg,Acne vulgaris,Acne vulgaris,PENDING,,,,,
Acne vulgaris/perioral-acne-58-v2.jpg,Acne vulgaris,Acne vulgaris,PENDING,,,,,
Acne vulgaris/second2.jpg,Acne vulgaris,Acne vulgaris,PENDING,,,,,
Acquired dermal macular hyperpigmentation/acquired-dermal-macular-hyperpigmentation-001.jpg,Acquired dermal macular hyperpigmentation,Acquired dermal macular hyperpigmentation,PENDING,,,,,
Acquired dermal macular hyperpigmentation/acquired-dermal-macular-hyperpigmentation-002.jpg,Acquired dermal macular hyperpigmentation,Acquired dermal macular hyperpigmentation,PENDING,,,,,
Acquired dermal macular hyperpigmentation/acquired-dermal-macular-hyperpigmentation-003.jpg,Acquired dermal macular hyperpigmentation,Acquired dermal macular hyperpigmentation,PENDING,,,,,
Acquired dermal macular hyperpigmentation/acquired-dermal-macular-hyperpigmentation-004.jpg,Acquired dermal macular hyperpigmentation,Acquired dermal macular hyperpigmentation,PENDING,,,,,
Acquired dermal macular hyperpigmentation/acquired-dermal-macular-hyperpigmentation-005.jpg,Acquired dermal macular hyperpigmentation,Acquired dermal macular hyperpigmentation,PENDING,,,,,
Acquired dermal macular hyperpigmentation/acquired-dermal-macular-hyperpigmentation-006.jpg,Acquired dermal macular hyperpigmentation,Acquired dermal macular hyperpigmentation,PENDING,,,,,
Acquired dermal macular hyperpigmentation/acquired-dermal-macular-hyperpigmentation-007.jpg,Acquired dermal macular hyperpigmentation,Acquired dermal macular hyperpigmentation,PENDING,,,,,
Acquired dermal macular hyperpigmentation/acquired-dermal-macular-hyperpigmentation-008.jpg,Acquired dermal macular hyperpigmentation,Acquired dermal macular hyperpigmentation,PENDING,,,,,
Acquired dermal macular hyperpigmentation/acquired-dermal-macular-hyperpigmentation-009.jpg,Acquired dermal macular hyperpigmentation,Acquired dermal macular hyperpigmentation,PENDING,,,,,
Acquired dermal macular hyperpigmentation/acquired-dermal-macular-hyperpigmentation-010.jpg,Acquired dermal macular hyperpigmentation,Acquired dermal macular hyperpigmentation,PENDING,,,,,
Acquired dermal macular hyperpigmentation/acquired-dermal-macular-hyperpigmentation-011.jpg,Acquired dermal macular hyperpigmentation,Acquired dermal macular hyperpigmentation,PENDING,,,,,
Acquired dermal macular hyperpigmentation/acquired-dermal-macular-hyperpigmentation-012.jpg,Acquired dermal macular hyperpigmentation,Acquired dermal macular hyperpigmentation,PENDING,,,,,
Acquired dermal macular hyperpigmentation/acquired-dermal-macular-hyperpigmentation-013.jpg,Acquired dermal macular hyperpigmentation,Acquired dermal macular hyperpigmentation,PENDING,,,,,
Acquired dermal macular hyperpigmentation/acquired-dermal-macular-hyperpigmentation-014.jpg,Acquired dermal macular hyperpigmentation,Acquired dermal macular hyperpigmentation,PENDING,,,,,
Acquired dermal macular hyperpigmentation/acquired-dermal-macular-hyperpigmentation-015.jpg,Acquired dermal macular hyperpigmentation,Acquired dermal macular hyperpigmentation,PENDING,,,,,
Acquired dermal macular hyperpigmentation/acquired-dermal-macular-hyperpigmentation-016.jpg,Acquired dermal macular hyperpigmentation,Acquired dermal macular hyperpigmentation,PENDING,,,,,
Acquired dermal macular hyperpigmentation/acquired-dermal-macular-hyperpigmentation-017.jpg,Acquired dermal macular hyperpigmentation,Acquired dermal macular hyperpigmentation,PENDING,,,,,
Acquired dermal macular hyperpigmentation/acquired-dermal-macular-hyperpigmentation-018.jpg,Acquired dermal macular hyperpigmentation,Acquired dermal macular hyperpigmentation,PENDING,,,,,
Acquired dermal macular hyperpigmentation/acquired-dermal-macular-hyperpigmentation-019.jpg,Acquired dermal macular hyperpigmentation,Acquired dermal macular hyperpigmentation,PENDING,,,,,
Acquired dermal macular hyperpigmentation/acquired-dermal-macular-hyperpigmentation-020.jpg,Acquired dermal macular hyperpigmentation,Acquired dermal macular hyperpigmentation,PENDING,,,,,
Acquired dermal macular hyperpigmentation/acquired-dermal-macular-hyperpigmentation-021.jpg,Acquired dermal macular hyperpigmentation,Acquired dermal macular hyperpigmentation,PENDING,,,,,
Acquired dermal macular hyperpigmentation/acquired-dermal-macular-hyperpigmentation-022.jpg,Acquired dermal macular hyperpigmentation,Acquired dermal macular hyperpigmentation,PENDING,,,,,
Acquired dermal macular hyperpigmentation/edp1.jpg,Acquired dermal macular hyperpigmentation,Acquired dermal macular hyperpigmentation,PENDING,,,,,
Acquired dermal macular hyperpigmentation/lp-pigmentosus1.jpg,Acquired dermal macular hyperpigmentation,Acquired dermal macular hyperpigmentation,PENDING,,,,,
Acquired lymphangiectasia/lymphangiectasia1.jpg,Acquired lymphangiectasia,Acquired lymphangiectasia,PENDING,,,,,
Acquired lymphangiectasia/lymphangiectasia5.jpg,Acquired lymphangiectasia,Acquired lymphangiectasia,PENDING,,,,,
Acquired lymphangiectasia/lymphangiectasia6.jpg,Acquired lymphangiectasia,Acquired lymphangiectasia,PENDING,,,,,
Acral lentiginous melanoma/20160516-165502.jpg,Acral lentiginous melanoma,Acral lentiginous melanoma,PENDING,,,,,
Acral lentiginous melanoma/ALM-macro.jpg,Acral lentiginous melanoma,Acral lentiginous melanoma,PENDING,,,,,
Acral lentiginous melanoma/Acral-lentiginous-melanoma-3-v2.jpg,Acral lentiginous melanoma,Acral lentiginous melanoma,PENDING,,,,,
Acral lentiginous melanoma/acral-lentiginous-melanoma-0001.jpg,Acral lentiginous melanoma,Acral lentiginous melanoma,PENDING,,,,,
Acral lentiginous melanoma/acral-lentiginous-melanoma-0002.jpg,Acral lentiginous melanoma,Acral lentiginous melanoma,PENDING,,,,,
Acral lentiginous melanoma/acral-lentiginous-melanoma-0003.jpg,Acral lentiginous melanoma,Acral lentiginous melanoma,PENDING,,,,,
Acral lentiginous melanoma/acral-lentiginous-melanoma-0004.jpg,Acral lentiginous melanoma,Acral lentiginous melanoma,PENDING,,,,,
Acral lentiginous melanoma/acral-lentiginous-melanoma-0005.jpg,Acral lentiginous melanoma,Acral lentiginous melanoma,PENDING,,,,,
Acral lentiginous melanoma/acral-lentiginous-melanoma-0008.jpg,Acral lentiginous melanoma,Acral lentiginous melanoma,PENDING,,,,,
Acral lentiginous melanoma/acral-lentiginous-melanoma-0009.jpg,Acral lentiginous melanoma,Acral lentiginous melanoma,PENDING,,,,,
Acral lentiginous melanoma/acral-lentiginous-melanoma-0010.jpg,Acral lentiginous melanoma,Acral lentiginous melanoma,PENDING,,,,,
Acral lentiginous melanoma/acral-lentiginous-melanoma-0011.jpg,Acral lentiginous melanoma,Acral lentiginous melanoma,PENDING,,,,,
Acral lentiginous melanoma/acral-lentiginous-melanoma-0012.jpg,Acral lentiginous melanoma,Acral lentiginous melanoma,PENDING,,,,,
Acral lentiginous melanoma/acral-lentiginous-melanoma-0013.jpg,Acral lentiginous melanoma,Acral lentiginous melanoma,PENDING,,,,,
Acral lentiginous melanoma/acral-lentiginous-melanoma-0014.jpg,Acral lentiginous melanoma,Acral lentiginous melanoma,PENDING,,,,,
Acral lentiginous melanoma/acral-lentiginous-melanoma-1.jpg,Acral lentiginous melanoma,Acral lentiginous melanoma,PENDING,,,,,
Acral lentiginous melanoma/acral-lentiginous-melanoma-2-v3.jpg,Acral lentiginous melanoma,Acral lentiginous melanoma,PENDING,,,,,
Acral lentiginous melanoma/acral-lentiginous-melanoma-3.jpg,Acral lentiginous melanoma,Acral lentiginous melanoma,PENDING,,,,,
Acral lentiginous melanoma/acrolent.jpg,Acral lentiginous melanoma,Acral lentiginous melanoma,PENDING,,,,,
Acral lentiginous melanoma/alm-1-macro.jpg,Acral lentiginous melanoma,Acral lentiginous melanoma,PENDING,,,,,
Acral lentiginous melanoma/alm-2-macro.jpg,Acral lentiginous melanoma,Acral lentiginous melanoma,PENDING,,,,,
Acral lentiginous melanoma/alm-nail-1.jpg,Acral lentiginous melanoma,Acral lentiginous melanoma,PENDING,,,,,
Acral lentiginous melanoma/alm-subungual-0.jpg,Acral lentiginous melanoma,Acral lentiginous melanoma,PENDING,,,,,
Acral lentiginous melanoma/alm1.jpg,Acral lentiginous melanoma,Acral lentiginous melanoma,PENDING,,,,,
Acral lentiginous melanoma/alm11.jpg,Acral lentiginous melanoma,Acral lentiginous melanoma,PENDING,,,,,
Acral lentiginous melanoma/alm12.jpg,Acral lentiginous melanoma,Acral lentiginous melanoma,PENDING,,,,,
Acral lentiginous melanoma/alm13.jpg,Acral lentiginous melanoma,Acral lentiginous melanoma,PENDING,,,,,
Acral lentiginous melanoma/alm15.jpg,Acral lentiginous melanoma,Acral lentiginous melanoma,PENDING,,,,,
Acral lentiginous melanoma/alm16.jpg,Acral lentiginous melanoma,Acral lentiginous melanoma,PENDING,,,,,
Acral lentiginous melanoma/alm2-2.jpg,Acral lentiginous melanoma,Acral lentiginous melanoma,PENDING,,,,,
Acral lentiginous melanoma/alm2.jpg,Acral lentiginous melanoma,Acral lentiginous melanoma,PENDING,,,,,
Acral lentiginous melanoma/alm3.jpg,Acral lentiginous melanoma,Acral lentiginous melanoma,PENDING,,,,,
Acral lentiginous melanoma/alm4.jpg,Acral lentiginous melanoma,Acral lentiginous melanoma,PENDING,,,,,
Acral lentiginous melanoma/alm5.jpg,Acral lentiginous melanoma,Acral lentiginous melanoma,PENDING,,,,,
Acral lentiginous melanoma/alm6.jpg,Acral lentiginous melanoma,Acral lentiginous melanoma,PENDING,,,,,
Acral lentiginous melanoma/alm7.jpg,Acral lentiginous melanoma,Acral lentiginous melanoma,PENDING,,,,,
Acral lentiginous melanoma/alm9.jpg,Acral lentiginous melanoma,Acral lentiginous melanoma,PENDING,,,,,
Acral lentiginous melanoma/melanoma-143.jpg,Acral lentiginous melanoma,Acral lentiginous melanoma,PENDING,,,,,
Acral lentiginous melanoma/melanoma-subungal-0.jpg,Acral lentiginous melanoma,Acral lentiginous melanoma,PENDING,,,,,
Acral lentiginous melanoma/melanoma-subungal-4-v2.jpg,Acral lentiginous melanoma,Acral lentiginous melanoma,PENDING,,,,,
Acrodermatitis continua of Hallopeau/acropustulosis-01.jpg,Acrodermatitis continua of Hallopeau,Acrodermatitis continua of Hallopeau,PENDING,,,,,
Acrodermatitis continua of Hallopeau/acropustulosis-02.jpg,Acrodermatitis continua of Hallopeau,Acrodermatitis continua of Hallopeau,PENDING,,,,,
Acrodermatitis continua of Hallopeau/acropustulosis-03.jpg,Acrodermatitis continua of Hallopeau,Acrodermatitis continua of Hallopeau,PENDING,,,,,
Acrodermatitis continua of Hallopeau/acropustulosis-04.jpg,Acrodermatitis continua of Hallopeau,Acrodermatitis continua of Hallopeau,PENDING,,,,,
Acrodermatitis continua of Hallopeau/acropustulosis-05.jpg,Acrodermatitis continua of Hallopeau,Acrodermatitis continua of Hallopeau,PENDING,,,,,
Acrodermatitis continua of Hallopeau/acropustulosis-06.jpg,Acrodermatitis continua of Hallopeau,Acrodermatitis continua of Hallopeau,PENDING,,,,,
Acrodermatitis continua of Hallopeau/hallopeau6.jpg,Acrodermatitis continua of Hallopeau,Acrodermatitis continua of Hallopeau,PENDING,,,,,
Acrodermatitis continua of Hallopeau/hallopeaupeuk.jpg,Acrodermatitis continua of Hallopeau,Acrodermatitis continua of Hallopeau,PENDING,,,,,
Acrodermatitis enteropathica/acrfac.jpg,Acrodermatitis enteropathica,Acrodermatitis enteropathica,PENDING,,,,,
Acrodermatitis enteropathica/acrfoot.jpg,Acrodermatitis enteropathica,Acrodermatitis enteropathica,PENDING,,,,,
Acrodermatitis enteropathica/acrgr.jpg,Acrodermatitis enteropathica,Acrodermatitis enteropathica,PENDING,,,,,
Acrodermatitis enteropathica/acrhand.jpg,Acrodermatitis enteropathica,Acrodermatitis enteropathica,PENDING,,,,,
Acrodermatitis enteropathica/acroderm1.jpg,Acrodermatitis enteropathica,Acrodermatitis enteropathica,PENDING,,,,,
Acrodermatitis enteropathica/acroderm2.jpg,Acrodermatitis enteropathica,Acrodermatitis enteropathica,PENDING,,,,,
Acrodermatitis enteropathica/acroderm3.jpg,Acrodermatitis enteropathica,Acrodermatitis enteropathica,PENDING,,,,,
Acrodermatitis enteropathica/acroderm4.jpg,Acrodermatitis enteropathica,Acrodermatitis enteropathica,PENDING,,,,,
Acrodermatitis enteropathica/acroderm5.jpg,Acrodermatitis enteropathica,Acrodermatitis enteropathica,PENDING,,,,,
Acrodermatitis enteropathica/acroderm6.jpg,Acrodermatitis enteropathica,Acrodermatitis enteropathica,PENDING,,,,,
Acrokeratosis verruciformis of Hopf/259.jpg,Acrokeratosis verruciformis of Hopf,Acrokeratosis verruciformis of Hopf,PENDING,,,,,
Acrokeratosis verruciformis of Hopf/discoid-lupus-15.jpg,Acrokeratosis verruciformis of Hopf,Acrokeratosis verruciformis of Hopf,PENDING,,,,,
Acrokeratosis verruciformis of Hopf/farmer-08.jpg,Acrokeratosis verruciformis of Hopf,Acrokeratosis verruciformis of Hopf,PENDING,,,,,
Acrokeratosis verruciformis of Hopf/hopf-1.jpg,Acrokeratosis verruciformis of Hopf,Acrokeratosis verruciformis of Hopf,PENDING,,,,,
Acrokeratosis verruciformis of Hopf/hopf-2.jpg,Acrokeratosis verruciformis of Hopf,Acrokeratosis verruciformis of Hopf,PENDING,,,,,
Acrokeratosis verruciformis of Hopf/hopf-3.jpg,Acrokeratosis verruciformis of Hopf,Acrokeratosis verruciformis of Hopf,PENDING,,,,,
Acrokeratosis verruciformis of Hopf/hopf-4.jpg,Acrokeratosis verruciformis of Hopf,Acrokeratosis verruciformis of Hopf,PENDING,,,,,
Acrokeratosis verruciformis of Hopf/smoker-cheilitis.jpg,Acrokeratosis verruciformis of Hopf,Acrokeratosis verruciformis of Hopf,PENDING,,,,,
Acropustulosis of infancy/acropustulosis.jpg,Acropustulosis of infancy,Acropustulosis of infancy,PENDING,,,,,
Acropustulosis of infancy/acropustulosis1.jpg,Acropustulosis of infancy,Acropustulosis of infancy,PENDING,,,,,
Acropustulosis of infancy/acropustulosis2.jpg,Acropustulosis of infancy,Acropustulosis of infancy,PENDING,,,,,
Actinic cheilitis/cheilitis1.jpg,Actinic cheilitis,Actinic cheilitis,PENDING,,,,,
Actinic cheilitis/cheilitis2.jpg,Actinic cheilitis,Actinic cheilitis,PENDING,,,,,
Actinic cheilitis/cheilitis3.jpg,Actinic cheilitis,Actinic cheilitis,PENDING,,,,,
Actinic cheilitis/cheilitis4.jpg,Actinic cheilitis,Actinic cheilitis,PENDING,,,,,
Actinic cheilitis/cheilitis5.jpg,Actinic cheilitis,Actinic cheilitis,PENDING,,,,,
Actinic cheilitis/cheilitis6.jpg,Actinic cheilitis,Actinic cheilitis,PENDING,,,,,
Actinic keratosis/232.jpg,Actinic keratosis,Actinic keratosis,PENDING,,,,,
Actinic keratosis/234.jpg,Actinic keratosis,Actinic keratosis,PENDING,,,,,
Actinic keratosis/235.jpg,Actinic keratosis,Actinic keratosis,PENDING,,,,,
Actinic keratosis/236.jpg,Actinic keratosis,Actinic keratosis,PENDING,,,,,
Actinic keratosis/240.jpg,Actinic keratosis,Actinic keratosis,PENDING,,,,,
Actinic keratosis/242.jpg,Actinic keratosis,Actinic keratosis,PENDING,,,,,
Actinic keratosis/243.jpg,Actinic keratosis,Actinic keratosis,PENDING,,,,,
Actinic keratosis/245.jpg,Actinic keratosis,Actinic keratosis,PENDING,,,,,
Actinic keratosis/246.jpg,Actinic keratosis,Actinic keratosis,PENDING,,,,,
Actinic keratosis/247.jpg,Actinic keratosis,Actinic keratosis,PENDING,,,,,
Actinic keratosis/248.jpg,Actinic keratosis,Actinic keratosis,PENDING,,,,,
Actinic keratosis/249.jpg,Actinic keratosis,Actinic keratosis,PENDING,,,,,
Actinic keratosis/250.jpg,Actinic keratosis,Actinic keratosis,PENDING,,,,,
Actinic keratosis/258.jpg,Actinic keratosis,Actinic keratosis,PENDING,,,,,
Actinic keratosis/259.jpg,Actinic keratosis,Actinic keratosis,PENDING,,,,,
Actinic keratosis/261.jpg,Actinic keratosis,Actinic keratosis,PENDING,,,,,
Actinic keratosis/269.jpg,Actinic keratosis,Actinic keratosis,PENDING,,,,,
Actinic keratosis/272.jpg,Actinic keratosis,Actinic keratosis,PENDING,,,,,
Actinic keratosis/276.jpg,Actinic keratosis,Actinic keratosis,PENDING,,,,,
Actinic keratosis/279.jpg,Actinic keratosis,Actinic keratosis,PENDING,,,,,
Actinic keratosis/280.jpg,Actinic keratosis,Actinic keratosis,PENDING,,,,,
Actinic keratosis/282.jpg,Actinic keratosis,Actinic keratosis,PENDING,,,,,
Actinic keratosis/288.jpg,Actinic keratosis,Actinic keratosis,PENDING,,,,,
Actinic keratosis/289.jpg,Actinic keratosis,Actinic keratosis,PENDING,,,,,
Actinic keratosis/290.jpg,Actinic keratosis,Actinic keratosis,PENDING,,,,,
Actinic keratosis/292.jpg,Actinic keratosis,Actinic keratosis,PENDING,,,,,
Actinic keratosis/293.jpg,Actinic keratosis,Actinic keratosis,PENDING,,,,,
Actinic keratosis/295.jpg,Actinic keratosis,Actinic keratosis,PENDING,,,,,
Actinic keratosis/296.jpg,Actinic keratosis,Actinic keratosis,PENDING,,,,,
Actinic keratosis/297.jpg,Actinic keratosis,Actinic keratosis,PENDING,,,,,
Actinic keratosis/300.jpg,Actinic keratosis,Actinic keratosis,PENDING,,,,,
Actinic keratosis/302.jpg,Actinic keratosis,Actinic keratosis,PENDING,,,,,
Actinic keratosis/304.jpg,Actinic keratosis,Actinic keratosis,PENDING,,,,,
Actinic keratosis/305.jpg,Actinic keratosis,Actinic keratosis,PENDING,,,,,
Actinic keratosis/307.jpg,Actinic keratosis,Actinic keratosis,PENDING,,,,,
Actinic keratosis/311.jpg,Actinic keratosis,Actinic keratosis,PENDING,,,,,
Actinic keratosis/313.jpg,Actinic keratosis,Actinic keratosis,PENDING,,,,,
Actinic keratosis/314.jpg,Actinic keratosis,Actinic keratosis,PENDING,,,,,
Actinic keratosis/316.jpg,Actinic keratosis,Actinic keratosis,PENDING,,,,,
Actinic keratosis/321.jpg,Actinic keratosis,Actinic keratosis,PENDING,,,,,
Actinic keratosis/336.jpg,Actinic keratosis,Actinic keratosis,PENDING,,,,,
Actinic keratosis/344.jpg,Actinic keratosis,Actinic keratosis,PENDING,,,,,
Actinic keratosis/347.jpg,Actinic keratosis,Actinic keratosis,PENDING,,,,,
Actinic keratosis/350.jpg,Actinic keratosis,Actinic keratosis,PENDING,,,,,
Actinic keratosis/3721.jpg,Actinic keratosis,Actinic keratosis,PENDING,,,,,
Actinic keratosis/3722.jpg,Actinic keratosis,Actinic keratosis,PENDING,,,,,
Actinic keratosis/3723.jpg,Actinic keratosis,Actinic keratosis,PENDING,,,,,
Actinic keratosis/3724.jpg,Actinic keratosis,Actinic keratosis,PENDING,,,,,
Actinic keratosis/3725.jpg,Actinic keratosis,Actinic keratosis,PENDING,,,,,
Actinic keratosis/3726.jpg,Actinic keratosis,Actinic keratosis,PENDING,,,,,
Actinic keratosis/3727.jpg,Actinic keratosis,Actinic keratosis,PENDING,,,,,
Actinic keratosis/3728.jpg,Actinic keratosis,Actinic keratosis,PENDING,,,,,
Actinic keratosis/3729.jpg,Actinic keratosis,Actinic keratosis,PENDING,,,,,
Actinic keratosis/3730.jpg,Actinic keratosis,Actinic keratosis,PENDING,,,,,
Actinic keratosis/3731.jpg,Actinic keratosis,Actinic keratosis,PENDING,,,,,
Actinic keratosis/3732.jpg,Actinic keratosis,Actinic keratosis,PENDING,,,,,
Actinic keratosis/3733.jpg,Actinic keratosis,Actinic keratosis,PENDING,,,,,
Actinic keratosis/3734.jpg,Actinic keratosis,Actinic keratosis,PENDING,,,,,
Actinic keratosis/3735.jpg,Actinic keratosis,Actinic keratosis,PENDING,,,,,
Actinic keratosis/3736.jpg,Actinic keratosis,Actinic keratosis,PENDING,,,,,
Actinic keratosis/3737.jpg,Actinic keratosis,Actinic keratosis,PENDING,,,,,
Actinic keratosis/3738.jpg,Actinic keratosis,Actinic keratosis,PENDING,,,,,
Actinic keratosis/3739.jpg,Actinic keratosis,Actinic keratosis,PENDING,,,,,
Actinic keratosis/374.jpg,Actinic keratosis,Actinic keratosis,PENDING,,,,,
Actinic keratosis/3740.jpg,Actinic keratosis,Actinic keratosis,PENDING,,,,,
Actinic keratosis/3741.jpg,Actinic keratosis,Actinic keratosis,PENDING,,,,,
Actinic keratosis/3742.jpg,Actinic keratosis,Actinic keratosis,PENDING,,,,,
Actinic keratosis/3743.jpg,Actinic keratosis,Actinic keratosis,PENDING,,,,,
Actinic keratosis/3744.jpg,Actinic keratosis,Actinic keratosis,PENDING,,,,,
Actinic keratosis/3745.jpg,Actinic keratosis,Actinic keratosis,PENDING,,,,,
Actinic keratosis/3746.jpg,Actinic keratosis,Actinic keratosis,PENDING,,,,,
Actinic keratosis/3747.jpg,Actinic keratosis,Actinic keratosis,PENDING,,,,,
Actinic keratosis/3748.jpg,Actinic keratosis,Actinic keratosis,PENDING,,,,,
Actinic keratosis/3749.jpg,Actinic keratosis,Actinic keratosis,PENDING,,,,,
Actinic keratosis/375.jpg,Actinic keratosis,Actinic keratosis,PENDING,,,,,
Actinic keratosis/3750.jpg,Actinic keratosis,Actinic keratosis,PENDING,,,,,
Actinic keratosis/3751.jpg,Actinic keratosis,Actinic keratosis,PENDING,,,,,
Actinic keratosis/3752.jpg,Actinic keratosis,Actinic keratosis,PENDING,,,,,
Actinic keratosis/3753.jpg,Actinic keratosis,Actinic keratosis,PENDING,,,,,
Actinic keratosis/3754.jpg,Actinic keratosis,Actinic keratosis,PENDING,,,,,
Actinic keratosis/3755.jpg,Actinic keratosis,Actinic keratosis,PENDING,,,,,
Actinic keratosis/3756.jpg,Actinic keratosis,Actinic keratosis,PENDING,,,,,
Actinic keratosis/3757.jpg,Actinic keratosis,Actinic keratosis,PENDING,,,,,
Actinic keratosis/3758.jpg,Actinic keratosis,Actinic keratosis,PENDING,,,,,
Actinic keratosis/3759.jpg,Actinic keratosis,Actinic keratosis,PENDING,,,,,
Actinic keratosis/3760.jpg,Actinic keratosis,Actinic keratosis,PENDING,,,,,
Actinic keratosis/3761.jpg,Actinic keratosis,Actinic keratosis,PENDING,,,,,
Actinic keratosis/3762.jpg,Actinic keratosis,Actinic keratosis,PENDING,,,,,
Actinic keratosis/3763.jpg,Actinic keratosis,Actinic keratosis,PENDING,,,,,
Actinic keratosis/3764.jpg,Actinic keratosis,Actinic keratosis,PENDING,,,,,
Actinic keratosis/3765.jpg,Actinic keratosis,Actinic keratosis,PENDING,,,,,
Actinic keratosis/3766.jpg,Actinic keratosis,Actinic keratosis,PENDING,,,,,
Actinic keratosis/3767.jpg,Actinic keratosis,Actinic keratosis,PENDING,,,,,
Actinic keratosis/3768.jpg,Actinic keratosis,Actinic keratosis,PENDING,,,,,
Actinic keratosis/3769.jpg,Actinic keratosis,Actinic keratosis,PENDING,,,,,
Actinic keratosis/3770.jpg,Actinic keratosis,Actinic keratosis,PENDING,,,,,
Actinic keratosis/3771.jpg,Actinic keratosis,Actinic keratosis,PENDING,,,,,
Actinic keratosis/379.jpg,Actinic keratosis,Actinic keratosis,PENDING,,,,,
Actinic keratosis/382.jpg,Actinic keratosis,Actinic keratosis,PENDING,,,,,
Actinic keratosis/387.jpg,Actinic keratosis,Actinic keratosis,PENDING,,,,,
Actinic keratosis/388.jpg,Actinic keratosis,Actinic keratosis,PENDING,,,,,
Actinic keratosis/393.jpg,Actinic keratosis,Actinic keratosis,PENDING,,,,,
Actinic keratosis/394.jpg,Actinic keratosis,Actinic keratosis,PENDING,,,,,
Actinic keratosis/397.jpg,Actinic keratosis,Actinic keratosis,PENDING,,,,,
Actinic keratosis/401.jpg,Actinic keratosis,Actinic keratosis,PENDING,,,,,
Actinic keratosis/403.jpg,Actinic keratosis,Actinic keratosis,PENDING,,,,,
Actinic keratosis/406.jpg,Actinic keratosis,Actinic keratosis,PENDING,,,,,
Actinic keratosis/411.jpg,Actinic keratosis,Actinic keratosis,PENDING,,,,,
Actinic keratosis/412.jpg,Actinic keratosis,Actinic keratosis,PENDING,,,,,
Actinic keratosis/416.jpg,Actinic keratosis,Actinic keratosis,PENDING,,,,,
Actinic keratosis/418.jpg,Actinic keratosis,Actinic keratosis,PENDING,,,,,
Actinic keratosis/420.jpg,Actinic keratosis,Actinic keratosis,PENDING,,,,,
Actinic keratosis/424.jpg,Actinic keratosis,Actinic keratosis,PENDING,,,,,
Actinic keratosis/425.jpg,Actinic keratosis,Actinic keratosis,PENDING,,,,,
Actinic keratosis/429.jpg,Actinic keratosis,Actinic keratosis,PENDING,,,,,
Actinic keratosis/431.jpg,Actinic keratosis,Actinic keratosis,PENDING,,,,,
Actinic keratosis/435.jpg,Actinic keratosis,Actinic keratosis,PENDING,,,,,
Actinic keratosis/437.jpg,Actinic keratosis,Actinic keratosis,PENDING,,,,,
Actinic keratosis/440.jpg,Actinic keratosis,Actinic keratosis,PENDING,,,,,
Actinic keratosis/443.jpg,Actinic keratosis,Actinic keratosis,PENDING,,,,,
Actinic keratosis/448.jpg,Actinic keratosis,Actinic keratosis,PENDING,,,,,
Actinic keratosis/451.jpg,Actinic keratosis,Actinic keratosis,PENDING,,,,,
Actinic keratosis/452.jpg,Actinic keratosis,Actinic keratosis,PENDING,,,,,
Actinic keratosis/454.jpg,Actinic keratosis,Actinic keratosis,PENDING,,,,,
Actinic keratosis/457.jpg,Actinic keratosis,Actinic keratosis,PENDING,,,,,
Actinic keratosis/464.jpg,Actinic keratosis,Actinic keratosis,PENDING,,,,,
Actinic keratosis/465.jpg,Actinic keratosis,Actinic keratosis,PENDING,,,,,
Actinic keratosis/469.jpg,Actinic keratosis,Actinic keratosis,PENDING,,,,,
Actinic keratosis/470.jpg,Actinic keratosis,Actinic keratosis,PENDING,,,,,
Actinic keratosis/472.jpg,Actinic keratosis,Actinic keratosis,PENDING,,,,,
Actinic keratosis/473.jpg,Actinic keratosis,Actinic keratosis,PENDING,,,,,
Actinic keratosis/474.jpg,Actinic keratosis,Actinic keratosis,PENDING,,,,,
Actinic keratosis/475.jpg,Actinic keratosis,Actinic keratosis,PENDING,,,,,
Actinic keratosis/476.jpg,Actinic keratosis,Actinic keratosis,PENDING,,,,,
Actinic keratosis/477.jpg,Actinic keratosis,Actinic keratosis,PENDING,,,,,
Actinic keratosis/478.jpg,Actinic keratosis,Actinic keratosis,PENDING,,,,,
Actinic keratosis/479.jpg,Actinic keratosis,Actinic keratosis,PENDING,,,,,
Actinic keratosis/482.jpg,Actinic keratosis,Actinic keratosis,PENDING,,,,,
Actinic keratosis/491.jpg,Actinic keratosis,Actinic keratosis,PENDING,,,,,
Actinic keratosis/494.jpg,Actinic keratosis,Actinic keratosis,PENDING,,,,,
Actinic keratosis/496.jpg,Actinic keratosis,Actinic keratosis,PENDING,,,,,
Actinic keratosis/499.jpg,Actinic keratosis,Actinic keratosis,PENDING,,,,,
Actinic keratosis/500.jpg,Actinic keratosis,Actinic keratosis,PENDING,,,,,
Actinic keratosis/502.jpg,Actinic keratosis,Actinic keratosis,PENDING,,,,,
Actinic keratosis/507.jpg,Actinic keratosis,Actinic keratosis,PENDING,,,,,
Actinic keratosis/509.jpg,Actinic keratosis,Actinic keratosis,PENDING,,,,,
Actinic keratosis/511.jpg,Actinic keratosis,Actinic keratosis,PENDING,,,,,
Actinic keratosis/512.jpg,Actinic keratosis,Actinic keratosis,PENDING,,,,,
Actinic keratosis/515.jpg,Actinic keratosis,Actinic keratosis,PENDING,,,,,
Actinic keratosis/516.jpg,Actinic keratosis,Actinic keratosis,PENDING,,,,,
Actinic keratosis/517.jpg,Actinic keratosis,Actinic keratosis,PENDING,,,,,
Actinic keratosis/518.jpg,Actinic keratosis,Actinic keratosis,PENDING,,,,,
Actinic keratosis/521.jpg,Actinic keratosis,Actinic keratosis,PENDING,,,,,
Actinic keratosis/522.jpg,Actinic keratosis,Actinic keratosis,PENDING,,,,,
Actinic keratosis/524.jpg,Actinic keratosis,Actinic keratosis,PENDING,,,,,
Actinic keratosis/528.jpg,Actinic keratosis,Actinic keratosis,PENDING,,,,,
Actinic keratosis/529.jpg,Actinic keratosis,Actinic keratosis,PENDING,,,,,
Actinic keratosis/531.jpg,Actinic keratosis,Actinic keratosis,PENDING,,,,,
Actinic keratosis/535.jpg,Actinic keratosis,Actinic keratosis,PENDING,,,,,
Actinic keratosis/539.jpg,Actinic keratosis,Actinic keratosis,PENDING,,,,,
Actinic keratosis/541.jpg,Actinic keratosis,Actinic keratosis,PENDING,,,,,
Actinic keratosis/542.jpg,Actinic keratosis,Actinic keratosis,PENDING,,,,,
Actinic keratosis/544.jpg,Actinic keratosis,Actinic keratosis,PENDING,,,,,
Actinic keratosis/546.jpg,Actinic keratosis,Actinic keratosis,PENDING,,,,,
Actinic keratosis/548.jpg,Actinic keratosis,Actinic keratosis,PENDING,,,,,
Actinic keratosis/552.jpg,Actinic keratosis,Actinic keratosis,PENDING,,,,,
Actinic keratosis/554.jpg,Actinic keratosis,Actinic keratosis,PENDING,,,,,
Actinic keratosis/558.jpg,Actinic keratosis,Actinic keratosis,PENDING,,,,,
Actinic keratosis/560.jpg,Actinic keratosis,Actinic keratosis,PENDING,,,,,
Actinic keratosis/562.jpg,Actinic keratosis,Actinic keratosis,PENDING,,,,,
Actinic keratosis/564.jpg,Actinic keratosis,Actinic keratosis,PENDING,,,,,
Actinic keratosis/565.jpg,Actinic keratosis,Actinic keratosis,PENDING,,,,,
Actinic keratosis/566.jpg,Actinic keratosis,Actinic keratosis,PENDING,,,,,
Actinic keratosis/567.jpg,Actinic keratosis,Actinic keratosis,PENDING,,,,,
Actinic keratosis/568.jpg,Actinic keratosis,Actinic keratosis,PENDING,,,,,
Actinic keratosis/569.jpg,Actinic keratosis,Actinic keratosis,PENDING,,,,,
Actinic keratosis/sk2.jpg,Actinic keratosis,Actinic keratosis,PENDING,,,,,
Actinic keratosis/sk6.jpg,Actinic keratosis,Actinic keratosis,PENDING,,,,,
Actinic keratosis/sks-nose1.jpg,Actinic keratosis,Actinic keratosis,PENDING,,,,,
Actinic keratosis/sks-nose2.jpg,Actinic keratosis,Actinic keratosis,PENDING,,,,,
Actinic keratosis/sks-nose3.jpg,Actinic keratosis,Actinic keratosis,PENDING,,,,,
Actinic keratosis/sks-nose4.jpg,Actinic keratosis,Actinic keratosis,PENDING,,,,,
Actinic keratosis/sks-nose5.jpg,Actinic keratosis,Actinic keratosis,PENDING,,,,,
Actinic prurigo/actinic-prurigo1.jpg,Actinic prurigo,Actinic prurigo,PENDING,,,,,
Actinic prurigo/actinic-prurigo2.jpg,Actinic prurigo,Actinic prurigo,PENDING,,,,,
Actinic prurigo/actinic-prurigo3.jpg,Actinic prurigo,Actinic prurigo,PENDING,,,,,
Actinic prurigo/photo14.jpg,Actinic prurigo,Actinic prurigo,PENDING,,,,,
Acute febrile neutrophilic dermatosis (Sweet syndrome)/acute-febrile-neutrophilic-dermatosis-0001.jpg,Acute febrile neutrophilic dermatosis (Sweet syndrome),Acute febrile neutrophilic dermatosis (Sweet syndrome),PENDING,,,,,
Acute febrile neutrophilic dermatosis (Sweet syndrome)/acute-febrile-neutrophilic-dermatosis-0002.jpg,Acute febrile neutrophilic dermatosis (Sweet syndrome),Acute febrile neutrophilic dermatosis (Sweet syndrome),PENDING,,,,,
Acute febrile neutrophilic dermatosis (Sweet syndrome)/acute-febrile-neutrophilic-dermatosis-0003.jpg,Acute febrile neutrophilic dermatosis (Sweet syndrome),Acute febrile neutrophilic dermatosis (Sweet syndrome),PENDING,,,,,
Acute febrile neutrophilic dermatosis (Sweet syndrome)/acute-febrile-neutrophilic-dermatosis-0004.jpg,Acute febrile neutrophilic dermatosis (Sweet syndrome),Acute febrile neutrophilic dermatosis (Sweet syndrome),PENDING,,,,,
Acute febrile neutrophilic dermatosis (Sweet syndrome)/acute-febrile-neutrophilic-dermatosis-0005.jpg,Acute febrile neutrophilic dermatosis (Sweet syndrome),Acute febrile neutrophilic dermatosis (Sweet syndrome),PENDING,,,,,
Acute febrile neutrophilic dermatosis (Sweet syndrome)/acute-febrile-neutrophilic-dermatosis-0006.jpg,Acute febrile neutrophilic dermatosis (Sweet syndrome),Acute febrile neutrophilic dermatosis (Sweet syndrome),PENDING,,,,,
Acute febrile neutrophilic dermatosis (Sweet syndrome)/acute-febrile-neutrophilic-dermatosis-0007.jpg,Acute febrile neutrophilic dermatosis (Sweet syndrome),Acute febrile neutrophilic dermatosis (Sweet syndrome),PENDING,,,,,
Acute febrile neutrophilic dermatosis (Sweet syndrome)/acute-febrile-neutrophilic-dermatosis-0008.jpg,Acute febrile neutrophilic dermatosis (Sweet syndrome),Acute febrile neutrophilic dermatosis (Sweet syndrome),PENDING,,,,,
Acute febrile neutrophilic dermatosis (Sweet syndrome)/acute-febrile-neutrophilic-dermatosis-0009.jpg,Acute febrile neutrophilic dermatosis (Sweet syndrome),Acute febrile neutrophilic dermatosis (Sweet syndrome),PENDING,,,,,
Acute febrile neutrophilic dermatosis (Sweet syndrome)/acute-febrile-neutrophilic-dermatosis-0010.jpg,Acute febrile neutrophilic dermatosis (Sweet syndrome),Acute febrile neutrophilic dermatosis (Sweet syndrome),PENDING,,,,,
Acute febrile neutrophilic dermatosis (Sweet syndrome)/acute-febrile-neutrophilic-dermatosis-0011.jpg,Acute febrile neutrophilic dermatosis (Sweet syndrome),Acute febrile neutrophilic dermatosis (Sweet syndrome),PENDING,,,,,
Acute febrile neutrophilic dermatosis (Sweet syndrome)/acute-febrile-neutrophilic-dermatosis-0012.jpg,Acute febrile neutrophilic dermatosis (Sweet syndrome),Acute febrile neutrophilic dermatosis (Sweet syndrome),PENDING,,,,,
Acute febrile neutrophilic dermatosis (Sweet syndrome)/acute-febrile-neutrophilic-dermatosis-0013.jpg,Acute febrile neutrophilic dermatosis (Sweet syndrome),Acute febrile neutrophilic dermatosis (Sweet syndrome),PENDING,,,,,
Acute febrile neutrophilic dermatosis (Sweet syndrome)/acute-febrile-neutrophilic-dermatosis-0014.jpg,Acute febrile neutrophilic dermatosis (Sweet syndrome),Acute febrile neutrophilic dermatosis (Sweet syndrome),PENDING,,,,,
Acute febrile neutrophilic dermatosis (Sweet syndrome)/acute-febrile-neutrophilic-dermatosis-0015.jpg,Acute febrile neutrophilic dermatosis (Sweet syndrome),Acute febrile neutrophilic dermatosis (Sweet syndrome),PENDING,,,,,
Acute febrile neutrophilic dermatosis (Sweet syndrome)/acute-febrile-neutrophilic-dermatosis-0016.jpg,Acute febrile neutrophilic dermatosis (Sweet syndrome),Acute febrile neutrophilic dermatosis (Sweet syndrome),PENDING,,,,,
Acute febrile neutrophilic dermatosis (Sweet syndrome)/acute-febrile-neutrophilic-dermatosis-0017.jpg,Acute febrile neutrophilic dermatosis (Sweet syndrome),Acute febrile neutrophilic dermatosis (Sweet syndrome),PENDING,,,,,
Acute febrile neutrophilic dermatosis (Sweet syndrome)/acute-febrile-neutrophilic-dermatosis-0018.jpg,Acute febrile neutrophilic dermatosis (Sweet syndrome),Acute febrile neutrophilic dermatosis (Sweet syndrome),PENDING,,,,,
Acute febrile neutrophilic dermatosis (Sweet syndrome)/acute-febrile-neutrophilic-dermatosis-0019.jpg,Acute febrile neutrophilic dermatosis (Sweet syndrome),Acute febrile neutrophilic dermatosis (Sweet syndrome),PENDING,,,,,
Acute febrile neutrophilic dermatosis (Sweet syndrome)/acute-febrile-neutrophilic-dermatosis-0020.jpg,Acute febrile neutrophilic dermatosis (Sweet syndrome),Acute febrile neutrophilic dermatosis (Sweet syndrome),PENDING,,,,,
Acute febrile neutrophilic dermatosis (Sweet syndrome)/acute-febrile-neutrophilic-dermatosis-0021.jpg,Acute febrile neutrophilic dermatosis (Sweet syndrome),Acute febrile neutrophilic dermatosis (Sweet syndrome),PENDING,,,,,
Acute febrile neutrophilic dermatosis (Sweet syndrome)/acute-febrile-neutrophilic-dermatosis-0022.jpg,Acute febrile neutrophilic dermatosis (Sweet syndrome),Acute febrile neutrophilic dermatosis (Sweet syndrome),PENDING,,,,,
Acute febrile neutrophilic dermatosis (Sweet syndrome)/acute-febrile-neutrophilic-dermatosis-0023.jpg,Acute febrile neutrophilic dermatosis (Sweet syndrome),Acute febrile neutrophilic dermatosis (Sweet syndrome),PENDING,,,,,
Acute febrile neutrophilic dermatosis (Sweet syndrome)/acute-febrile-neutrophilic-dermatosis-0024.jpg,Acute febrile neutrophilic dermatosis (Sweet syndrome),Acute febrile neutrophilic dermatosis (Sweet syndrome),PENDING,,,,,
Acute febrile neutrophilic dermatosis (Sweet syndrome)/acute-febrile-neutrophilic-dermatosis-0025.jpg,Acute febrile neutrophilic dermatosis (Sweet syndrome),Acute febrile neutrophilic dermatosis (Sweet syndrome),PENDING,,,,,
Acute febrile neutrophilic dermatosis (Sweet syndrome)/acute-febrile-neutrophilic-dermatosis-0026.jpg,Acute febrile neutrophilic dermatosis (Sweet syndrome),Acute febrile neutrophilic dermatosis (Sweet syndrome),PENDING,,,,,
Acute febrile neutrophilic dermatosis (Sweet syndrome)/acute-febrile-neutrophilic-dermatosis-0027.jpg,Acute febrile neutrophilic dermatosis (Sweet syndrome),Acute febrile neutrophilic dermatosis (Sweet syndrome),PENDING,,,,,
Acute febrile neutrophilic dermatosis (Sweet syndrome)/acute-febrile-neutrophilic-dermatosis-0028.jpg,Acute febrile neutrophilic dermatosis (Sweet syndrome),Acute febrile neutrophilic dermatosis (Sweet syndrome),PENDING,,,,,
Acute febrile neutrophilic dermatosis (Sweet syndrome)/acute-febrile-neutrophilic-dermatosis-0029.jpg,Acute febrile neutrophilic dermatosis (Sweet syndrome),Acute febrile neutrophilic dermatosis (Sweet syndrome),PENDING,,,,,
Acute febrile neutrophilic dermatosis (Sweet syndrome)/acute-febrile-neutrophilic-dermatosis-0030.jpg,Acute febrile neutrophilic dermatosis (Sweet syndrome),Acute febrile neutrophilic dermatosis (Sweet syndrome),PENDING,,,,,
Acute febrile neutrophilic dermatosis (Sweet syndrome)/acute-febrile-neutrophilic-dermatosis-0031.jpg,Acute febrile neutrophilic dermatosis (Sweet syndrome),Acute febrile neutrophilic dermatosis (Sweet syndrome),PENDING,,,,,
Acute febrile neutrophilic dermatosis (Sweet syndrome)/acute-febrile-neutrophilic-dermatosis-0032.jpg,Acute febrile neutrophilic dermatosis (Sweet syndrome),Acute febrile neutrophilic dermatosis (Sweet syndrome),PENDING,,,,,
Acute febrile neutrophilic dermatosis (Sweet syndrome)/behcet-disease-0026.jpg,Acute febrile neutrophilic dermatosis (Sweet syndrome),Acute febrile neutrophilic dermatosis (Sweet syndrome),PENDING,,,,,
Acute febrile neutrophilic dermatosis (Sweet syndrome)/cutaneous-adverse-drug-reaction-0033.jpg,Acute febrile neutrophilic dermatosis (Sweet syndrome),Acute febrile neutrophilic dermatosis (Sweet syndrome),PENDING,,,,,
Acute febrile neutrophilic dermatosis (Sweet syndrome)/figure-24-fever+rash2.jpg,Acute febrile neutrophilic dermatosis (Sweet syndrome),Acute febrile neutrophilic dermatosis (Sweet syndrome),PENDING,,,,,
Acute febrile neutrophilic dermatosis (Sweet syndrome)/figure-5-blistering.jpg,Acute febrile neutrophilic dermatosis (Sweet syndrome),Acute febrile neutrophilic dermatosis (Sweet syndrome),PENDING,,,,,
Acute febrile neutrophilic dermatosis (Sweet syndrome)/hallo.jpg,Acute febrile neutrophilic dermatosis (Sweet syndrome),Acute febrile neutrophilic dermatosis (Sweet syndrome),PENDING,,,,,
Acute febrile neutrophilic dermatosis (Sweet syndrome)/sweet-lip-1.jpg,Acute febrile neutrophilic dermatosis (Sweet syndrome),Acute febrile neutrophilic dermatosis (Sweet syndrome),PENDING,,,,,
Acute febrile neutrophilic dermatosis (Sweet syndrome)/sweet09.jpg,Acute febrile neutrophilic dermatosis (Sweet syndrome),Acute febrile neutrophilic dermatosis (Sweet syndrome),PENDING,,,,,
Acute febrile neutrophilic dermatosis (Sweet syndrome)/sweet15.jpg,Acute febrile neutrophilic dermatosis (Sweet syndrome),Acute febrile neutrophilic dermatosis (Sweet syndrome),PENDING,,,,,
Acute febrile neutrophilic dermatosis (Sweet syndrome)/sweet16.jpg,Acute febrile neutrophilic dermatosis (Sweet syndrome),Acute febrile neutrophilic dermatosis (Sweet syndrome),PENDING,,,,,
Acute febrile neutrophilic dermatosis (Sweet syndrome)/sweet17.jpg,Acute febrile neutrophilic dermatosis (Sweet syndrome),Acute febrile neutrophilic dermatosis (Sweet syndrome),PENDING,,,,,
Acute generalised exanthematous pustulosis/AGEP-017.jpg,Acute generalised exanthematous pustulosis,Acute generalised exanthematous pustulosis,PENDING,,,,,
Acute generalised exanthematous pustulosis/AGEP-mouth.jpg,Acute generalised exanthematous pustulosis,Acute generalised exanthematous pustulosis,PENDING,,,,,
Acute generalised exanthematous pustulosis/SCAR-003.jpg,Acute generalised exanthematous pustulosis,Acute generalised exanthematous pustulosis,PENDING,,,,,
Acute generalised exanthematous pustulosis/agep-04.jpg,Acute generalised exanthematous pustulosis,Acute generalised exanthematous pustulosis,PENDING,,,,,
Acute generalised exanthematous pustulosis/agep-06.jpg,Acute generalised exanthematous pustulosis,Acute generalised exanthematous pustulosis,PENDING,,,,,
Acute generalised exanthematous pustulosis/agep-07.jpg,Acute generalised exanthematous pustulosis,Acute generalised exanthematous pustulosis,PENDING,,,,,
Acute generalised exanthematous pustulosis/agep1.jpg,Acute generalised exanthematous pustulosis,Acute generalised exanthematous pustulosis,PENDING,,,,,
Acute generalised exanthematous pustulosis/agep2.jpg,Acute generalised exanthematous pustulosis,Acute generalised exanthematous pustulosis,PENDING,,,,,
Acute generalised exanthematous pustulosis/agep3.jpg,Acute generalised exanthematous pustulosis,Acute generalised exanthematous pustulosis,PENDING,,,,,
Acute generalised exanthematous pustulosis/agep4.jpg,Acute generalised exanthematous pustulosis,Acute generalised exanthematous pustulosis,PENDING,,,,,
Acute generalised exanthematous pustulosis/agep5.jpg,Acute generalised exanthematous pustulosis,Acute generalised exanthematous pustulosis,PENDING,,,,,
Acute generalised exanthematous pustulosis/agep6.jpg,Acute generalised exanthematous pustulosis,Acute generalised exanthematous pustulosis,PENDING,,,,,
Acute generalised exanthematous pustulosis/agep7.jpg,Acute generalised exanthematous pustulosis,Acute generalised exanthematous pustulosis,PENDING,,,,,
Acute generalised exanthematous pustulosis/agep9.jpg,Acute generalised exanthematous pustulosis,Acute generalised exanthematous pustulosis,PENDING,,,,,
Acute generalised exanthematous pustulosis/erythroderma-18.jpg,Acute generalised exanthematous pustulosis,Acute generalised exanthematous pustulosis,PENDING,,,,,
Acute generalised exanthematous pustulosis/figure-32-fever+rash2.jpg,Acute generalised exanthematous pustulosis,Acute generalised exanthematous pustulosis,PENDING,,,,,
Acute generalised exanthematous pustulosis/sjs-ten-cream-1.jpg,Acute generalised exanthematous pustulosis,Acute generalised exanthematous pustulosis,PENDING,,,,,
Acute generalised exanthematous pustulosis/sjs-ten-leg-113.jpg,Acute generalised exanthematous pustulosis,Acute generalised exanthematous pustulosis,PENDING,,,,,
Acute generalised exanthematous pustulosis/sjs-ten-trunk-180.jpg,Acute generalised exanthematous pustulosis,Acute generalised exanthematous pustulosis,PENDING,,,,,
Acute hepatic porphyrias/vp1.jpg,Acute hepatic porphyrias,Acute hepatic porphyrias,PENDING,,,,,
Acute hepatic porphyrias/vp2.jpg,Acute hepatic porphyrias,Acute hepatic porphyrias,PENDING,,,,,
Acute localised exanthematous pustulosis/alep-1.jpg,Acute localised exanthematous pustulosis,Acute localised exanthematous pustulosis,PENDING,,,,,
Acute localised exanthematous pustulosis/alep-2.jpg,Acute localised exanthematous pustulosis,Acute localised exanthematous pustulosis,PENDING,,,,,
Adult-onset Still disease/adult-onset-still-disease-4.jpg,Adult-onset Still disease,Adult-onset Still disease,PENDING,,,,,
Adult-onset Still disease/adult-onset-still-disease-5.jpg,Adult-onset Still disease,Adult-onset Still disease,PENDING,,,,,
Adult-onset Still disease/cutaneous-mastocytosis-0004.jpg,Adult-onset Still disease,Adult-onset Still disease,PENDING,,,,,
Adult-onset Still disease/cutaneous-mastocytosis-0005.jpg,Adult-onset Still disease,Adult-onset Still disease,PENDING,,,,,
Adult-onset Still disease/cutaneous-mastocytosis-0008.jpg,Adult-onset Still disease,Adult-onset Still disease,PENDING,,,,,
Adult-onset Still disease/cutaneous-mastocytosis-0009.jpg,Adult-onset Still disease,Adult-onset Still disease,PENDING,,,,,
Adult-onset Still disease/cutaneous-mastocytosis-0016.jpg,Adult-onset Still disease,Adult-onset Still disease,PENDING,,,,,
Adult-onset Still disease/cutaneous-mastocytosis-0017.jpg,Adult-onset Still disease,Adult-onset Still disease,PENDING,,,,,
Adult-onset Still disease/cutaneous-mastocytosis-0024.jpg,Adult-onset Still disease,Adult-onset Still disease,PENDING,,,,,
Adult-onset Still disease/cutaneous-mastocytosis-0025.jpg,Adult-onset Still disease,Adult-onset Still disease,PENDING,,,,,
Adult-onset Still disease/cutaneous-mastocytosis-0026.jpg,Adult-onset Still disease,Adult-onset Still disease,PENDING,,,,,
Adult-onset Still disease/stills.jpg,Adult-onset Still disease,Adult-onset Still disease,PENDING,,,,,
Aeromonas skin infection/aeromonas.jpg,Aeromonas skin infection,Aeromonas skin infection,PENDING,,,,,
Aeromonas skin infection/leech-bites.jpg,Aeromonas skin infection,Aeromonas skin infection,PENDING,,,,,
Airborne contact dermatitis/airborne1.jpg,Airborne contact dermatitis,Airborne contact dermatitis,PENDING,,,,,
Airborne contact dermatitis/airborne2.jpg,Airborne contact dermatitis,Airborne contact dermatitis,PENDING,,,,,
Airborne contact dermatitis/contact-dermatitis-eyelid-airborne.jpg,Airborne contact dermatitis,Airborne contact dermatitis,PENDING,,,,,
Airborne contact dermatitis/dermatitis-epoxy-face.jpg,Airborne contact dermatitis,Airborne contact dermatitis,PENDING,,,,,
Airborne contact dermatitis/dermatitis-plant-pollen.jpg,Airborne contact dermatitis,Airborne contact dermatitis,PENDING,,,,,
Alkaptonuria and ochronosis/alkaptonuria-0001.jpg,Alkaptonuria and ochronosis,Alkaptonuria and ochronosis,PENDING,,,,,
Alkaptonuria and ochronosis/ochronosis-1.jpg,Alkaptonuria and ochronosis,Alkaptonuria and ochronosis,PENDING,,,,,
Alkaptonuria and ochronosis/ochronosis-2.jpg,Alkaptonuria and ochronosis,Alkaptonuria and ochronosis,PENDING,,,,,
Alopecia areata/1320.jpg,Alopecia areata,Alopecia areata,PENDING,,,,,
Alopecia areata/1321.jpg,Alopecia areata,Alopecia areata,PENDING,,,,,
Alopecia areata/1322.jpg,Alopecia areata,Alopecia areata,PENDING,,,,,
Alopecia areata/1323.jpg,Alopecia areata,Alopecia areata,PENDING,,,,,
Alopecia areata/1324.jpg,Alopecia areata,Alopecia areata,PENDING,,,,,
Alopecia areata/1326.jpg,Alopecia areata,Alopecia areata,PENDING,,,,,
Alopecia areata/1328.jpg,Alopecia areata,Alopecia areata,PENDING,,,,,
Alopecia areata/1329.jpg,Alopecia areata,Alopecia areata,PENDING,,,,,
Alopecia areata/1330.jpg,Alopecia areata,Alopecia areata,PENDING,,,,,
Alopecia areata/1331.jpg,Alopecia areata,Alopecia areata,PENDING,,,,,
Alopecia areata/1332.jpg,Alopecia areata,Alopecia areata,PENDING,,,,,
Alopecia areata/1333.jpg,Alopecia areata,Alopecia areata,PENDING,,,,,
Alopecia areata/1335.jpg,Alopecia areata,Alopecia areata,PENDING,,,,,
Alopecia areata/1336.jpg,Alopecia areata,Alopecia areata,PENDING,,,,,
Alopecia areata/1337.jpg,Alopecia areata,Alopecia areata,PENDING,,,,,
Alopecia areata/1340.jpg,Alopecia areata,Alopecia areata,PENDING,,,,,
Alopecia areata/1341.jpg,Alopecia areata,Alopecia areata,PENDING,,,,,
Alopecia areata/1346.jpg,Alopecia areata,Alopecia areata,PENDING,,,,,
Alopecia areata/1348.jpg,Alopecia areata,Alopecia areata,PENDING,,,,,
Alopecia areata/1351.jpg,Alopecia areata,Alopecia areata,PENDING,,,,,
Alopecia areata/1352.jpg,Alopecia areata,Alopecia areata,PENDING,,,,,
Alopecia areata/1353.jpg,Alopecia areata,Alopecia areata,PENDING,,,,,
Alopecia areata/1354.jpg,Alopecia areata,Alopecia areata,PENDING,,,,,
Alopecia areata/1355.jpg,Alopecia areata,Alopecia areata,PENDING,,,,,
Alopecia areata/1356.jpg,Alopecia areata,Alopecia areata,PENDING,,,,,
Alopecia areata/1357.jpg,Alopecia areata,Alopecia areata,PENDING,,,,,
Alopecia areata/1359.jpg,Alopecia areata,Alopecia areata,PENDING,,,,,
Alopecia areata/1360.jpg,Alopecia areata,Alopecia areata,PENDING,,,,,
Alopecia areata/1361.jpg,Alopecia areata,Alopecia areata,PENDING,,,,,
Alopecia areata/1363.jpg,Alopecia areata,Alopecia areata,PENDING,,,,,
Alopecia areata/1364.jpg,Alopecia areata,Alopecia areata,PENDING,,,,,
Alopecia areata/TNDsormAA.jpg,Alopecia areata,Alopecia areata,PENDING,,,,,
Alopecia areata/alopecia-areata-00001.jpg,Alopecia areata,Alopecia areata,PENDING,,,,,
Alopecia areata/alopecia-areata-00002.jpg,Alopecia areata,Alopecia areata,PENDING,,,,,
Alopecia areata/alopecia-areata-00004.jpg,Alopecia areata,Alopecia areata,PENDING,,,,,
Alopecia areata/alopecia-areata-00019.jpg,Alopecia areata,Alopecia areata,PENDING,,,,,
Alopecia areata/alopecia-areata-00021.jpg,Alopecia areata,Alopecia areata,PENDING,,,,,
Alopecia areata/alopecia-areata-00028.jpg,Alopecia areata,Alopecia areata,PENDING,,,,,
Alopecia areata/alopecia-areata-00029.jpg,Alopecia areata,Alopecia areata,PENDING,,,,,
Alopecia areata/alopecia-areata.jpg,Alopecia areata,Alopecia areata,PENDING,,,,,
Alopecia areata/anagen-effluvium-08.jpg,Alopecia areata,Alopecia areata,PENDING,,,,,
Alopecia areata/anagen-effluvium-09.jpg,Alopecia areata,Alopecia areata,PENDING,,,,,
Alopecia areata/anagen-effluvium-19.jpg,Alopecia areata,Alopecia areata,PENDING,,,,,
Alopecia areata/anagen-effluvium-20.jpg,Alopecia areata,Alopecia areata,PENDING,,,,,
Alopecia areata/diffuse-alopecia-03.jpg,Alopecia areata,Alopecia areata,PENDING,,,,,
Alopecia areata/hairloss4.jpg,Alopecia areata,Alopecia areata,PENDING,,,,,
Alopecia areata/madarosis-02.jpg,Alopecia areata,Alopecia areata,PENDING,,,,,
Alopecia areata/madarosis-03.jpg,Alopecia areata,Alopecia areata,PENDING,,,,,
Alopecia areata/madarosis-07.jpg,Alopecia areata,Alopecia areata,PENDING,,,,,
Alopecia areata/madarosis-08.jpg,Alopecia areata,Alopecia areata,PENDING,,,,,
Alopecia areata/madarosis-09-v2.jpg,Alopecia areata,Alopecia areata,PENDING,,,,,
Alopecia areata/madarosis-10.jpg,Alopecia areata,Alopecia areata,PENDING,,,,,
Alopecia areata/madarosis-11.jpg,Alopecia areata,Alopecia areata,PENDING,,,,,
Alopecia areata/madarosis-12.jpg,Alopecia areata,Alopecia areata,PENDING,,,,,
Alopecia areata/pits-aa.jpg,Alopecia areata,Alopecia areata,PENDING,,,,,
Alopecia from drugs/drug-alopecia1.jpg,Alopecia from drugs,Alopecia from drugs,PENDING,,,,,
Alopecia from drugs/drug-alopecia2.jpg,Alopecia from drugs,Alopecia from drugs,PENDING,,,,,
Alopecia from drugs/drug-alopecia3.jpg,Alopecia from drugs,Alopecia from drugs,PENDING,,,,,
Alopecia mucinosa/alop-mucin1.jpg,Alopecia mucinosa,Alopecia mucinosa,PENDING,,,,,
Alopecia mucinosa/alop-mucin2.jpg,Alopecia mucinosa,Alopecia mucinosa,PENDING,,,,,
Alopecia mucinosa/alop-mucin3.jpg,Alopecia mucinosa,Alopecia mucinosa,PENDING,,,,,
Alopecia mucinosa/alop-mucin4.jpg,Alopecia mucinosa,Alopecia mucinosa,PENDING,,,,,
Alopecia mucinosa/alop-mucin5.jpg,Alopecia mucinosa,Alopecia mucinosa,PENDING,,,,,
Alopecia mucinosa/alop-mucin6.jpg,Alopecia mucinosa,Alopecia mucinosa,PENDING,,,,,
Amelanotic melanoma/12a-amelanotic-melanoma.jpg,Amelanotic melanoma,Amelanotic melanoma,PENDING,,,,,
Amelanotic melanoma/amelanotic-melanoma-0001.jpg,Amelanotic melanoma,Amelanotic melanoma,PENDING,,,,,
Amelanotic melanoma/amelanotic-melanoma-0003.jpg,Amelanotic melanoma,Amelanotic melanoma,PENDING,,,,,
Amelanotic melanoma/amelanotic-melanoma-0006.jpg,Amelanotic melanoma,Amelanotic melanoma,PENDING,,,,,
Amelanotic melanoma/amelanotic-melanoma-0009.jpg,Amelanotic melanoma,Amelanotic melanoma,PENDING,,,,,
Amelanotic melanoma/amelanotic-melanoma-014.jpg,Amelanotic melanoma,Amelanotic melanoma,PENDING,,,,,
Amelanotic melanoma/amelanotic-melanoma-015.jpg,Amelanotic melanoma,Amelanotic melanoma,PENDING,,,,,
Amelanotic melanoma/amelanotic-melanoma-016.jpg,Amelanotic melanoma,Amelanotic melanoma,PENDING,,,,,
Amelanotic melanoma/amelanotic-melanoma-017.jpg,Amelanotic melanoma,Amelanotic melanoma,PENDING,,,,,
Amelanotic melanoma/amelanotic-melanoma-018.jpg,Amelanotic melanoma,Amelanotic melanoma,PENDING,,,,,
Amelanotic melanoma/amelanotic-melanoma-019.jpg,Amelanotic melanoma,Amelanotic melanoma,PENDING,,,,,
Amelanotic melanoma/amelanotic-melanoma-020.jpg,Amelanotic melanoma,Amelanotic melanoma,PENDING,,,,,
Amelanotic melanoma/amelanotic-melanoma-021.jpg,Amelanotic melanoma,Amelanotic melanoma,PENDING,,,,,
Amelanotic melanoma/amelanotic-melanoma-022.jpg,Amelanotic melanoma,Amelanotic melanoma,PENDING,,,,,
Amelanotic melanoma/amelanotic-melanoma-023.jpg,Amelanotic melanoma,Amelanotic melanoma,PENDING,,,,,
Amelanotic melanoma/amelanotic-melanoma-026.jpg,Amelanotic melanoma,Amelanotic melanoma,PENDING,,,,,
Amelanotic melanoma/amelanotic-melanoma-027.jpg,Amelanotic melanoma,Amelanotic melanoma,PENDING,,,,,
Amelanotic melanoma/amelanotic-melanoma-028.jpg,Amelanotic melanoma,Amelanotic melanoma,PENDING,,,,,
Amelanotic melanoma/amelanotic-melanoma-029.jpg,Amelanotic melanoma,Amelanotic melanoma,PENDING,,,,,
Amelanotic melanoma/amelanotic-melanoma-031.jpg,Amelanotic melanoma,Amelanotic melanoma,PENDING,,,,,
Amelanotic melanoma/amelanotic-melanoma-032.jpg,Amelanotic melanoma,Amelanotic melanoma,PENDING,,,,,
Amelanotic melanoma/amelanotic-melanoma-033.jpg,Amelanotic melanoma,Amelanotic melanoma,PENDING,,,,,
Amelanotic melanoma/amelanotic-melanoma-034-v2.jpg,Amelanotic melanoma,Amelanotic melanoma,PENDING,,,,,
Amelanotic melanoma/amelanotic-melanoma-035.jpg,Amelanotic melanoma,Amelanotic melanoma,PENDING,,,,,
Amelanotic melanoma/amelanotic-melanoma-11.jpg,Amelanotic melanoma,Amelanotic melanoma,PENDING,,,,,
Amelanotic melanoma/amelanotic-melanoma-17-of-125.jpg,Amelanotic melanoma,Amelanotic melanoma,PENDING,,,,,
Amelanotic melanoma/amelanotic-melanoma-25-of-125.jpg,Amelanotic melanoma,Amelanotic melanoma,PENDING,,,,,
Amelanotic melanoma/amelanotic-melanoma-2m.jpg,Amelanotic melanoma,Amelanotic melanoma,PENDING,,,,,
Amelanotic melanoma/amelanotic-melanoma-3mm.jpg,Amelanotic melanoma,Amelanotic melanoma,PENDING,,,,,
Amelanotic melanoma/amelanotic-melanoma-41-of-126.jpg,Amelanotic melanoma,Amelanotic melanoma,PENDING,,,,,
Amelanotic melanoma/amelanotic-melanoma-63-of-126.jpg,Amelanotic melanoma,Amelanotic melanoma,PENDING,,,,,
Amelanotic melanoma/amelanotic-melanoma-99-of-125.jpg,Amelanotic melanoma,Amelanotic melanoma,PENDING,,,,,
Amelanotic melanoma/amelanotic-melanoma-clinical3.jpg,Amelanotic melanoma,Amelanotic melanoma,PENDING,,,,,
Amelanotic melanoma/amelanotic-melanoma-m.jpg,Amelanotic melanoma,Amelanotic melanoma,PENDING,,,,,
Amelanotic melanoma/amelanotic-melanoma-macro.jpg,Amelanotic melanoma,Amelanotic melanoma,PENDING,,,,,
Amelanotic melanoma/amelanotic-melanoma-nail-0.jpg,Amelanotic melanoma,Amelanotic melanoma,PENDING,,,,,
Amelanotic melanoma/amelanotic-melanoma.jpg,Amelanotic melanoma,Amelanotic melanoma,PENDING,,,,,
Amelanotic melanoma/amelanotic-melanoma1-macro.jpg,Amelanotic melanoma,Amelanotic melanoma,PENDING,,,,,
Amelanotic melanoma/amelanotic-melanoma1.jpg,Amelanotic melanoma,Amelanotic melanoma,PENDING,,,,,
Amelanotic melanoma/amelanotic-melanoma2.jpg,Amelanotic melanoma,Amelanotic melanoma,PENDING,,,,,
Amelanotic melanoma/amelanotic-melanoma4-macro.jpg,Amelanotic melanoma,Amelanotic melanoma,PENDING,,,,,
Amelanotic melanoma/amelanotic-melanoma5-macro.jpg,Amelanotic melanoma,Amelanotic melanoma,PENDING,,,,,
Amelanotic melanoma/amelanotic-nail-melanoma.jpg,Amelanotic melanoma,Amelanotic melanoma,PENDING,,,,,
Amelanotic melanoma/mel2.jpg,Amelanotic melanoma,Amelanotic melanoma,PENDING,,,,,
Amputation stump dermatoses/amputation-stump-02.jpg,Amputation stump dermatoses,Amputation stump dermatoses,PENDING,,,,,
Amputation stump dermatoses/amputation-stump-03.jpg,Amputation stump dermatoses,Amputation stump dermatoses,PENDING,,,,,
Amputation stump dermatoses/amputation-stump-04.jpg,Amputation stump dermatoses,Amputation stump dermatoses,PENDING,,,,,
Amputation stump dermatoses/amputation-stump-05.jpg,Amputation stump dermatoses,Amputation stump dermatoses,PENDING,,,,,
Amputation stump dermatoses/amputation-stump-06.jpg,Amputation stump dermatoses,Amputation stump dermatoses,PENDING,,,,,
Amputation stump dermatoses/amputation-stump-07.jpg,Amputation stump dermatoses,Amputation stump dermatoses,PENDING,,,,,
Amputation stump dermatoses/amputation-stump-08.jpg,Amputation stump dermatoses,Amputation stump dermatoses,PENDING,,,,,
Amputation stump dermatoses/amputation-stump-11-big.jpg,Amputation stump dermatoses,Amputation stump dermatoses,PENDING,,,,,
Amputation stump dermatoses/amputation-stump-12.jpg,Amputation stump dermatoses,Amputation stump dermatoses,PENDING,,,,,
Amputation stump dermatoses/amputation-stump-13.jpg,Amputation stump dermatoses,Amputation stump dermatoses,PENDING,,,,,
Amyloidosis cutis dyschromica/fig-1-acd-elbow..jpg,Amyloidosis cutis dyschromica,Amyloidosis cutis dyschromica,PENDING,,,,,
Amyloidosis cutis dyschromica/fig-2-acd-lowerleg.jpg,Amyloidosis cutis dyschromica,Amyloidosis cutis dyschromica,PENDING,,,,,
Amyloidosis cutis dyschromica/fig-3-acd-leg-close-up.jpg,Amyloidosis cutis dyschromica,Amyloidosis cutis dyschromica,PENDING,,,,,
Anagen effluvium/anagen-effluvium-01.jpg,Anagen effluvium,Anagen effluvium,PENDING,,,,,
Anagen effluvium/anagen-effluvium-02.jpg,Anagen effluvium,Anagen effluvium,PENDING,,,,,
Anagen effluvium/anagen-effluvium-03.jpg,Anagen effluvium,Anagen effluvium,PENDING,,,,,
Anagen effluvium/anagen-effluvium-04.jpg,Anagen effluvium,Anagen effluvium,PENDING,,,,,
Anagen effluvium/anagen-effluvium-05.jpg,Anagen effluvium,Anagen effluvium,PENDING,,,,,
Anagen effluvium/anagen-effluvium-06.jpg,Anagen effluvium,Anagen effluvium,PENDING,,,,,
Anagen effluvium/anagen-effluvium-07.jpg,Anagen effluvium,Anagen effluvium,PENDING,,,,,
Anagen effluvium/anagen-effluvium-08.jpg,Anagen effluvium,Anagen effluvium,PENDING,,,,,
Anagen effluvium/anagen-effluvium-09.jpg,Anagen effluvium,Anagen effluvium,PENDING,,,,,
Anagen effluvium/anagen-effluvium-10.jpg,Anagen effluvium,Anagen effluvium,PENDING,,,,,
Anagen effluvium/anagen-effluvium-13.jpg,Anagen effluvium,Anagen effluvium,PENDING,,,,,
Anagen effluvium/anagen-effluvium-14.jpg,Anagen effluvium,Anagen effluvium,PENDING,,,,,
Anagen effluvium/anagen-effluvium-15.jpg,Anagen effluvium,Anagen effluvium,PENDING,,,,,
Anagen effluvium/anagen-effluvium-16.jpg,Anagen effluvium,Anagen effluvium,PENDING,,,,,
Anagen effluvium/anagen-effluvium-17.jpg,Anagen effluvium,Anagen effluvium,PENDING,,,,,
Anagen effluvium/anagen-effluvium-18.jpg,Anagen effluvium,Anagen effluvium,PENDING,,,,,
Anagen effluvium/anagen-effluvium-19.jpg,Anagen effluvium,Anagen effluvium,PENDING,,,,,
Anagen effluvium/anagen-effluvium-20.jpg,Anagen effluvium,Anagen effluvium,PENDING,,,,,
Anal cancer and anal canal cancer/ain-1.jpg,Anal cancer and anal canal cancer,Anal cancer and anal canal cancer,PENDING,,,,,
Anal cancer and anal canal cancer/ain-2.jpg,Anal cancer and anal canal cancer,Anal cancer and anal canal cancer,PENDING,,,,,
Anal cancer and anal canal cancer/anal-cancer.jpg,Anal cancer and anal canal cancer,Anal cancer and anal canal cancer,PENDING,,,,,
Anetoderma/anetoderma01.jpg,Anetoderma,Anetoderma,PENDING,,,,,
Anetoderma/anetoderma02.jpg,Anetoderma,Anetoderma,PENDING,,,,,
Anetoderma/anetoderma03.jpg,Anetoderma,Anetoderma,PENDING,,,,,
Angiofibroma/114-tuberous-sclerosis.jpg,Angiofibroma,Angiofibroma,PENDING,,,,,
Angiofibroma/angiofibromas-10.jpg,Angiofibroma,Angiofibroma,PENDING,,,,,
Angiofibroma/angiofibromas-11.jpg,Angiofibroma,Angiofibroma,PENDING,,,,,
Angiofibroma/angiofibromas-12.jpg,Angiofibroma,Angiofibroma,PENDING,,,,,
Angiofibroma/angiofibromas-13.jpg,Angiofibroma,Angiofibroma,PENDING,,,,,
Angiofibroma/angiofibromas-14.jpg,Angiofibroma,Angiofibroma,PENDING,,,,,
Angiofibroma/angiofibromas-15.jpg,Angiofibroma,Angiofibroma,PENDING,,,,,
Angiofibroma/angiofibromas-16.jpg,Angiofibroma,Angiofibroma,PENDING,,,,,
Angiofibroma/angiofibromas-17.jpg,Angiofibroma,Angiofibroma,PENDING,,,,,
Angiofibroma/angiofibromas-18.jpg,Angiofibroma,Angiofibroma,PENDING,,,,,
Angiofibroma/angiofibromas-19.jpg,Angiofibroma,Angiofibroma,PENDING,,,,,
Angiofibroma/angiofibromas-20.jpg,Angiofibroma,Angiofibroma,PENDING,,,,,
Angiofibroma/facial-angiofibromas-12.jpg,Angiofibroma,Angiofibroma,PENDING,,,,,
Angiofibroma/facial-angiofibromas-13.jpg,Angiofibroma,Angiofibroma,PENDING,,,,,
Angiofibroma/facial-angiofibromas-14.jpg,Angiofibroma,Angiofibroma,PENDING,,,,,
Angiofibroma/facial-angiofibromas-15.jpg,Angiofibroma,Angiofibroma,PENDING,,,,,
Angiofibroma/facial-angiofibromas-16.jpg,Angiofibroma,Angiofibroma,PENDING,,,,,
Angiofibroma/facial-angiofibromas-17.jpg,Angiofibroma,Angiofibroma,PENDING,,,,,
Angiofibroma/facial-angiofibromas-18.jpg,Angiofibroma,Angiofibroma,PENDING,,,,,
Angiofibroma/facial-angiofibromas-19.jpg,Angiofibroma,Angiofibroma,PENDING,,,,,
Angiofibroma/fibrous-papule.jpg,Angiofibroma,Angiofibroma,PENDING,,,,,
Angiofibroma/fibrous-papule1.jpg,Angiofibroma,Angiofibroma,PENDING,,,,,
Angiofibroma/fibrous-papule2.jpg,Angiofibroma,Angiofibroma,PENDING,,,,,
Angiofibroma/periungual-fibroma1.jpg,Angiofibroma,Angiofibroma,PENDING,,,,,
Angiofibroma/periungual-fibroma2.jpg,Angiofibroma,Angiofibroma,PENDING,,,,,
Angiofibroma/tuberous-sclerosis-004.jpg,Angiofibroma,Angiofibroma,PENDING,,,,,
Angiofibroma/tuberous-sclerosis02.jpg,Angiofibroma,Angiofibroma,PENDING,,,,,
Angiofibroma/tuberous-sclerosis04.jpg,Angiofibroma,Angiofibroma,PENDING,,,,,
Angiofibroma/tuberous-sclerosis05.jpg,Angiofibroma,Angiofibroma,PENDING,,,,,
Angiofibroma/tuberous-sclerosis06.jpg,Angiofibroma,Angiofibroma,PENDING,,,,,
Angiofibroma/tuberous-sclerosis07.jpg,Angiofibroma,Angiofibroma,PENDING,,,,,
Angiofibroma/tuberous-sclerosis09.jpg,Angiofibroma,Angiofibroma,PENDING,,,,,
Angiofibroma/tuberous-sclerosis10.jpg,Angiofibroma,Angiofibroma,PENDING,,,,,
Angiofibroma/tuberous-sclerosis11.jpg,Angiofibroma,Angiofibroma,PENDING,,,,,
Angiofibroma/tuberous-sclerosis12.jpg,Angiofibroma,Angiofibroma,PENDING,,,,,
Angiofibroma/tuberous-sclerosis13.jpg,Angiofibroma,Angiofibroma,PENDING,,,,,
Angiofibroma/tuberous-sclerosis14.jpg,Angiofibroma,Angiofibroma,PENDING,,,,,
Angiofibroma/tuberous-sclerosis16.jpg,Angiofibroma,Angiofibroma,PENDING,,,,,
Angiofibroma/tuberous-sclerosis18.jpg,Angiofibroma,Angiofibroma,PENDING,,,,,
Angiofibroma/tuberous-sclerosis19.jpg,Angiofibroma,Angiofibroma,PENDING,,,,,
Angiofibroma/tuberous-sclerosis20.jpg,Angiofibroma,Angiofibroma,PENDING,,,,,
Angiofibroma/tuberous-sclerosis21.jpg,Angiofibroma,Angiofibroma,PENDING,,,,,
Angiofibroma/tuberous-sclerosis22.jpg,Angiofibroma,Angiofibroma,PENDING,,,,,
Angiofibroma/tuberous-sclerosis23.jpg,Angiofibroma,Angiofibroma,PENDING,,,,,
Angiofibroma/tuberous-sclerosis24.jpg,Angiofibroma,Angiofibroma,PENDING,,,,,
Angiofibroma/tubscler2.jpg,Angiofibroma,Angiofibroma,PENDING,,,,,
Angiofibroma/tubscler7.jpg,Angiofibroma,Angiofibroma,PENDING,,,,,
Angioma serpiginosum/ang-serpig1.jpg,Angioma serpiginosum,Angioma serpiginosum,PENDING,,,,,
Angioma serpiginosum/ang-serpig2.jpg,Angioma serpiginosum,Angioma serpiginosum,PENDING,,,,,
Angioma serpiginosum/ang-serpig3.jpg,Angioma serpiginosum,Angioma serpiginosum,PENDING,,,,,
Angular cheilitis/1282-big.jpg,Angular cheilitis,Angular cheilitis,PENDING,,,,,
Angular cheilitis/ang-cheilitis.jpg,Angular cheilitis,Angular cheilitis,PENDING,,,,,
Angular cheilitis/angular-cheilitis-0001.jpg,Angular cheilitis,Angular cheilitis,PENDING,,,,,
Angular cheilitis/angular-cheilitis-0002.jpg,Angular cheilitis,Angular cheilitis,PENDING,,,,,
Angular cheilitis/angular-cheilitis-0003.jpg,Angular cheilitis,Angular cheilitis,PENDING,,,,,
Angular cheilitis/angular-cheilitis-0004.jpg,Angular cheilitis,Angular cheilitis,PENDING,,,,,
Angular cheilitis/angular-cheilitis-0005.jpg,Angular cheilitis,Angular cheilitis,PENDING,,,,,
Angular cheilitis/angular-cheilitis-0006.jpg,Angular cheilitis,Angular cheilitis,PENDING,,,,,
Angular cheilitis/angular-cheilitis-0007.jpg,Angular cheilitis,Angular cheilitis,PENDING,,,,,
Angular cheilitis/angular-cheilitis-0008.jpg,Angular cheilitis,Angular cheilitis,PENDING,,,,,
Angular cheilitis/angular-cheilitis-0009.jpg,Angular cheilitis,Angular cheilitis,PENDING,,,,,
Angular cheilitis/angular-cheilitis-0010.jpg,Angular cheilitis,Angular cheilitis,PENDING,,,,,
Angular cheilitis/angular-cheilitis-0011.jpg,Angular cheilitis,Angular cheilitis,PENDING,,,,,
Angular cheilitis/angular-cheilitis-0012.jpg,Angular cheilitis,Angular cheilitis,PENDING,,,,,
Angular cheilitis/angular-cheilitis-0013.jpg,Angular cheilitis,Angular cheilitis,PENDING,,,,,
Angular cheilitis/angular-cheilitis-0014.jpg,Angular cheilitis,Angular cheilitis,PENDING,,,,,
Angular cheilitis/angular-cheilitis-0015.jpg,Angular cheilitis,Angular cheilitis,PENDING,,,,,
Angular cheilitis/angular-cheilitis-0016.jpg,Angular cheilitis,Angular cheilitis,PENDING,,,,,
Angular cheilitis/cand-oral.jpg,Angular cheilitis,Angular cheilitis,PENDING,,,,,
Angular cheilitis/down-syndrome-05.jpg,Angular cheilitis,Angular cheilitis,PENDING,,,,,
Angular cheilitis/perleche10.jpg,Angular cheilitis,Angular cheilitis,PENDING,,,,,
Angular cheilitis/perleche11.jpg,Angular cheilitis,Angular cheilitis,PENDING,,,,,
Angular cheilitis/perleche12.jpg,Angular cheilitis,Angular cheilitis,PENDING,,,,,
Angular cheilitis/perleche13.jpg,Angular cheilitis,Angular cheilitis,PENDING,,,,,
Angular cheilitis/perleche14.jpg,Angular cheilitis,Angular cheilitis,PENDING,,,,,
Angular cheilitis/perleche15.jpg,Angular cheilitis,Angular cheilitis,PENDING,,,,,
Angular cheilitis/perleche16.jpg,Angular cheilitis,Angular cheilitis,PENDING,,,,,
Angular cheilitis/perleche17.jpg,Angular cheilitis,Angular cheilitis,PENDING,,,,,
Angular cheilitis/perleche2.jpg,Angular cheilitis,Angular cheilitis,PENDING,,,,,
Angular cheilitis/perleche3.jpg,Angular cheilitis,Angular cheilitis,PENDING,,,,,
Angular cheilitis/perleche4.jpg,Angular cheilitis,Angular cheilitis,PENDING,,,,,
Angular cheilitis/perleche5.jpg,Angular cheilitis,Angular cheilitis,PENDING,,,,,
Angular cheilitis/perleche6.jpg,Angular cheilitis,Angular cheilitis,PENDING,,,,,
Angular cheilitis/perleche7.jpg,Angular cheilitis,Angular cheilitis,PENDING,,,,,
Angular cheilitis/perleche8.jpg,Angular cheilitis,Angular cheilitis,PENDING,,,,,
Angular cheilitis/perleche9.jpg,Angular cheilitis,Angular cheilitis,PENDING,,,,,
Angular cheilitis/plack-syndrome-0003.jpg,Angular cheilitis,Angular cheilitis,PENDING,,,,,
Anogenital squamous cell carcinoma/anogenital-wart-0001.jpg,Anogenital squamous cell carcinoma,Anogenital squamous cell carcinoma,PENDING,,,,,
Anogenital squamous cell carcinoma/anogenital-wart-0002.jpg,Anogenital squamous cell carcinoma,Anogenital squamous cell carcinoma,PENDING,,,,,
Anogenital squamous cell carcinoma/anogenital-wart-09.jpg,Anogenital squamous cell carcinoma,Anogenital squamous cell carcinoma,PENDING,,,,,
Anogenital squamous cell carcinoma/anogenital-wart-10.jpg,Anogenital squamous cell carcinoma,Anogenital squamous cell carcinoma,PENDING,,,,,
Anogenital squamous cell carcinoma/anogenital-wart-11.jpg,Anogenital squamous cell carcinoma,Anogenital squamous cell carcinoma,PENDING,,,,,
Anogenital squamous cell carcinoma/bp-s.jpg,Anogenital squamous cell carcinoma,Anogenital squamous cell carcinoma,PENDING,,,,,
Anogenital squamous cell carcinoma/bp1-s.jpg,Anogenital squamous cell carcinoma,Anogenital squamous cell carcinoma,PENDING,,,,,
Anogenital squamous cell carcinoma/bp2-s.jpg,Anogenital squamous cell carcinoma,Anogenital squamous cell carcinoma,PENDING,,,,,
Anogenital wart/elderly-small.jpg,Anogenital wart,Anogenital wart,PENDING,,,,,
Anogenital wart/gw1-small.jpg,Anogenital wart,Anogenital wart,PENDING,,,,,
Anogenital wart/gw10-small.jpg,Anogenital wart,Anogenital wart,PENDING,,,,,
Anogenital wart/gw11-small.jpg,Anogenital wart,Anogenital wart,PENDING,,,,,
Anogenital wart/gw12-small.jpg,Anogenital wart,Anogenital wart,PENDING,,,,,
Anogenital wart/gw13-small.jpg,Anogenital wart,Anogenital wart,PENDING,,,,,
Anogenital wart/gw14-small.jpg,Anogenital wart,Anogenital wart,PENDING,,,,,
Anogenital wart/gw15-small.jpg,Anogenital wart,Anogenital wart,PENDING,,,,,
Anogenital wart/gw16-small.jpg,Anogenital wart,Anogenital wart,PENDING,,,,,
Anogenital wart/gw17-small.jpg,Anogenital wart,Anogenital wart,PENDING,,,,,
Anogenital wart/gw18-small.jpg,Anogenital wart,Anogenital wart,PENDING,,,,,
Anogenital wart/gw19-small.jpg,Anogenital wart,Anogenital wart,PENDING,,,,,
Anogenital wart/gw2-small.jpg,Anogenital wart,Anogenital wart,PENDING,,,,,
Anogenital wart/gw20-small.jpg,Anogenital wart,Anogenital wart,PENDING,,,,,
Anogenital wart/gw21-small.jpg,Anogenital wart,Anogenital wart,PENDING,,,,,
Anogenital wart/gw22-small.jpg,Anogenital wart,Anogenital wart,PENDING,,,,,
Anogenital wart/gw23-small.jpg,Anogenital wart,Anogenital wart,PENDING,,,,,
Anogenital wart/gw24-small.jpg,Anogenital wart,Anogenital wart,PENDING,,,,,
Anogenital wart/gw3-small.jpg,Anogenital wart,Anogenital wart,PENDING,,,,,
Anogenital wart/gw4-small.jpg,Anogenital wart,Anogenital wart,PENDING,,,,,
Anogenital wart/gw5-small.jpg,Anogenital wart,Anogenital wart,PENDING,,,,,
Anogenital wart/gw6-small.jpg,Anogenital wart,Anogenital wart,PENDING,,,,,
Anogenital wart/gw7-small.jpg,Anogenital wart,Anogenital wart,PENDING,,,,,
Anogenital wart/gw8-small.jpg,Anogenital wart,Anogenital wart,PENDING,,,,,
Anogenital wart/gw9-small.jpg,Anogenital wart,Anogenital wart,PENDING,,,,,
Anogenital wart/gwvulva-small.jpg,Anogenital wart,Anogenital wart,PENDING,,,,,
Anogenital wart/penis-small.jpg,Anogenital wart,Anogenital wart,PENDING,,,,,
Anogenital wart/pigmented-small.jpg,Anogenital wart,Anogenital wart,PENDING,,,,,
Anthrax/anthrax-01.jpg,Anthrax,Anthrax,PENDING,,,,,
Anthrax/anthrax-02.jpg,Anthrax,Anthrax,PENDING,,,,,
Anthrax/anthrax-03.jpg,Anthrax,Anthrax,PENDING,,,,,
Anthrax/anthrax-04.jpg,Anthrax,Anthrax,PENDING,,,,,
Antisynthetase syndrome/antisynthetase-1.jpg,Antisynthetase syndrome,Antisynthetase syndrome,PENDING,,,,,
Antisynthetase syndrome/antisynthetase-4.jpg,Antisynthetase syndrome,Antisynthetase syndrome,PENDING,,,,,
Antisynthetase syndrome/antisynthetase-5.jpg,Antisynthetase syndrome,Antisynthetase syndrome,PENDING,,,,,
Antisynthetase syndrome/antisynthetase-capillaries-01.jpg,Antisynthetase syndrome,Antisynthetase syndrome,PENDING,,,,,
Antisynthetase syndrome/antisynthetase-capillaries-02.jpg,Antisynthetase syndrome,Antisynthetase syndrome,PENDING,,,,,
Aphthous ulcer/aphth.jpg,Aphthous ulcer,Aphthous ulcer,PENDING,,,,,
Aphthous ulcer/aphth1.jpg,Aphthous ulcer,Aphthous ulcer,PENDING,,,,,
Aphthous ulcer/aphth2.jpg,Aphthous ulcer,Aphthous ulcer,PENDING,,,,,
Aphthous ulcer/enteroviral-stomatitis-044.jpg,Aphthous ulcer,Aphthous ulcer,PENDING,,,,,
Aphthous ulcer/fde2.jpg,Aphthous ulcer,Aphthous ulcer,PENDING,,,,,
Apocrine chromhidrosis/apocrine-chromhidrosis-01.jpg,Apocrine chromhidrosis,Apocrine chromhidrosis,PENDING,,,,,
Apocrine chromhidrosis/apocrine-chromhidrosis-02.jpg,Apocrine chromhidrosis,Apocrine chromhidrosis,PENDING,,,,,
Apocrine chromhidrosis/apocrine-chromhidrosis-03.jpg,Apocrine chromhidrosis,Apocrine chromhidrosis,PENDING,,,,,
Arthropod bites and stings/bite1.jpg,Arthropod bites and stings,Arthropod bites and stings,PENDING,,,,,
Arthropod bites and stings/bite2.jpg,Arthropod bites and stings,Arthropod bites and stings,PENDING,,,,,
Arthropod bites and stings/bites.jpg,Arthropod bites and stings,Arthropod bites and stings,PENDING,,,,,
Arthropod bites and stings/bites2.jpg,Arthropod bites and stings,Arthropod bites and stings,PENDING,,,,,
Arthropod bites and stings/bites3.jpg,Arthropod bites and stings,Arthropod bites and stings,PENDING,,,,,
Arthropod bites and stings/bites5.jpg,Arthropod bites and stings,Arthropod bites and stings,PENDING,,,,,
Arthropod bites and stings/insect-bites-001.jpg,Arthropod bites and stings,Arthropod bites and stings,PENDING,,,,,
Aspergillosis/aspergillosis.jpg,Aspergillosis,Aspergillosis,PENDING,,,,,
Aspergillosis/aspergillosis1.jpg,Aspergillosis,Aspergillosis,PENDING,,,,,
Aspergillosis/aspergillus.jpg,Aspergillosis,Aspergillosis,PENDING,,,,,
Asteatotic eczema/eczema-craquele1.jpg,Asteatotic eczema,Asteatotic eczema,PENDING,,,,,
Asteatotic eczema/eczema-craquele2.jpg,Asteatotic eczema,Asteatotic eczema,PENDING,,,,,
Asteatotic eczema/eczema-craquele3.jpg,Asteatotic eczema,Asteatotic eczema,PENDING,,,,,
Asteatotic eczema/eczema-craquele4.jpg,Asteatotic eczema,Asteatotic eczema,PENDING,,,,,
Asteatotic eczema/eczema-craquele5.jpg,Asteatotic eczema,Asteatotic eczema,PENDING,,,,,
Asteatotic eczema/eczema-craquele6.jpg,Asteatotic eczema,Asteatotic eczema,PENDING,,,,,
Atopic dermatitis/at-derm1.jpg,Atopic dermatitis,Atopic dermatitis,PENDING,,,,,
Atopic dermatitis/at-derm7.jpg,Atopic dermatitis,Atopic dermatitis,PENDING,,,,,
Atopic dermatitis/at-mol.jpg,Atopic dermatitis,Atopic dermatitis,PENDING,,,,,
Atopic dermatitis/atopic-100.jpg,Atopic dermatitis,Atopic dermatitis,PENDING,,,,,
Atopic dermatitis/atopic-dermatitis-0001.jpg,Atopic dermatitis,Atopic dermatitis,PENDING,,,,,
Atopic dermatitis/atopic-dermatitis-0002.jpg,Atopic dermatitis,Atopic dermatitis,PENDING,,,,,
Atopic dermatitis/atopic-dermatitis-0003.jpg,Atopic dermatitis,Atopic dermatitis,PENDING,,,,,
Atopic dermatitis/atopic-dermatitis-0004.jpg,Atopic dermatitis,Atopic dermatitis,PENDING,,,,,
Atopic dermatitis/atopic-dermatitis-0005.jpg,Atopic dermatitis,Atopic dermatitis,PENDING,,,,,
Atopic dermatitis/atopic-dermatitis-0006.jpg,Atopic dermatitis,Atopic dermatitis,PENDING,,,,,
Atopic dermatitis/atopic-dermatitis-0007.jpg,Atopic dermatitis,Atopic dermatitis,PENDING,,,,,
Atopic dermatitis/atopic-dermatitis-0008.jpg,Atopic dermatitis,Atopic dermatitis,PENDING,,,,,
Atopic dermatitis/atopic-dermatitis-0009.jpg,Atopic dermatitis,Atopic dermatitis,PENDING,,,,,
Atopic dermatitis/atopic-dermatitis-0010.jpg,Atopic dermatitis,Atopic dermatitis,PENDING,,,,,
Atopic dermatitis/atopic-dermatitis-0011.jpg,Atopic dermatitis,Atopic dermatitis,PENDING,,,,,
Atopic dermatitis/atopic-dermatitis-0012.jpg,Atopic dermatitis,Atopic dermatitis,PENDING,,,,,
Atopic dermatitis/atopic-dermatitis-0013.jpg,Atopic dermatitis,Atopic dermatitis,PENDING,,,,,
Atopic dermatitis/atopic-dermatitis-0014.jpg,Atopic dermatitis,Atopic dermatitis,PENDING,,,,,
Atopic dermatitis/atopic-dermatitis-0015.jpg,Atopic dermatitis,Atopic dermatitis,PENDING,,,,,
Atopic dermatitis/atopic-dermatitis-0016.jpg,Atopic dermatitis,Atopic dermatitis,PENDING,,,,,
Atopic dermatitis/atopic-dermatitis-0017.jpg,Atopic dermatitis,Atopic dermatitis,PENDING,,,,,
Atopic dermatitis/atopic-dermatitis-0021.jpg,Atopic dermatitis,Atopic dermatitis,PENDING,,,,,
Atopic dermatitis/atopic-dermatitis-0023.jpg,Atopic dermatitis,Atopic dermatitis,PENDING,,,,,
Atopic dermatitis/atopic-dermatitis-0025.jpg,Atopic dermatitis,Atopic dermatitis,PENDING,,,,,
Atopic dermatitis/atopic-dermatitis-0026.jpg,Atopic dermatitis,Atopic dermatitis,PENDING,,,,,
Atopic dermatitis/atopic-dermatitis-0027.jpg,Atopic dermatitis,Atopic dermatitis,PENDING,,,,,
Atopic dermatitis/atopic-dermatitis-0028.jpg,Atopic dermatitis,Atopic dermatitis,PENDING,,,,,
Atopic dermatitis/atopic-dermatitis-0029.jpg,Atopic dermatitis,Atopic dermatitis,PENDING,,,,,
Atopic dermatitis/atopic-dermatitis-0030.jpg,Atopic dermatitis,Atopic dermatitis,PENDING,,,,,
Atopic dermatitis/atopic-dermatitis-0031.jpg,Atopic dermatitis,Atopic dermatitis,PENDING,,,,,
Atopic dermatitis/atopic-dermatitis-0032.jpg,Atopic dermatitis,Atopic dermatitis,PENDING,,,,,
Atopic dermatitis/atopic-dermatitis-0033.jpg,Atopic dermatitis,Atopic dermatitis,PENDING,,,,,
Atopic dermatitis/atopic-dermatitis-0034.jpg,Atopic dermatitis,Atopic dermatitis,PENDING,,,,,
Atopic dermatitis/atopic-dermatitis-0035.jpg,Atopic dermatitis,Atopic dermatitis,PENDING,,,,,
Atopic dermatitis/atopic-dermatitis-0036.jpg,Atopic dermatitis,Atopic dermatitis,PENDING,,,,,
Atopic dermatitis/atopic-dermatitis-0037.jpg,Atopic dermatitis,Atopic dermatitis,PENDING,,,,,
Atopic dermatitis/atopic-dermatitis-0038.jpg,Atopic dermatitis,Atopic dermatitis,PENDING,,,,,
Atopic dermatitis/atopic-dermatitis-0039.jpg,Atopic dermatitis,Atopic dermatitis,PENDING,,,,,
Atopic dermatitis/atopic-dermatitis-0040.jpg,Atopic dermatitis,Atopic dermatitis,PENDING,,,,,
Atopic dermatitis/atopic-dermatitis-0041.jpg,Atopic dermatitis,Atopic dermatitis,PENDING,,,,,
Atopic dermatitis/atopic-dermatitis-0042.jpg,Atopic dermatitis,Atopic dermatitis,PENDING,,,,,
Atopic dermatitis/atopic-dermatitis-0043.jpg,Atopic dermatitis,Atopic dermatitis,PENDING,,,,,
Atopic dermatitis/atopic-dermatitis-0044.jpg,Atopic dermatitis,Atopic dermatitis,PENDING,,,,,
Atopic dermatitis/atopic-dermatitis-0045.jpg,Atopic dermatitis,Atopic dermatitis,PENDING,,,,,
Atopic dermatitis/atopic-dermatitis-0046.jpg,Atopic dermatitis,Atopic dermatitis,PENDING,,,,,
Atopic dermatitis/atopic-dermatitis-0047.jpg,Atopic dermatitis,Atopic dermatitis,PENDING,,,,,
Atopic dermatitis/atopic-dermatitis-0048.jpg,Atopic dermatitis,Atopic dermatitis,PENDING,,,,,
Atopic dermatitis/atopic-dermatitis-0049.jpg,Atopic dermatitis,Atopic dermatitis,PENDING,,,,,
Atopic dermatitis/atopic-dermatitis-0050.jpg,Atopic dermatitis,Atopic dermatitis,PENDING,,,,,
Atopic dermatitis/atopic-dermatitis-1.jpg,Atopic dermatitis,Atopic dermatitis,PENDING,,,,,
Atopic dermatitis/atopic-dermatitis-2.jpg,Atopic dermatitis,Atopic dermatitis,PENDING,,,,,
Atopic dermatitis/atopic-dermatitis-4.jpg,Atopic dermatitis,Atopic dermatitis,PENDING,,,,,
Atopic dermatitis/atopic-dermatitis-hand2.jpg,Atopic dermatitis,Atopic dermatitis,PENDING,,,,,
Atopic dermatitis/atopic-dermatitis-skin-of-colour-00005.jpg,Atopic dermatitis,Atopic dermatitis,PENDING,,,,,
Atopic dermatitis/atopic-dermatitis-skin-of-colour-00008.jpg,Atopic dermatitis,Atopic dermatitis,PENDING,,,,,
Atopic dermatitis/atopic-dermatitis-skin-of-colour-00013.jpg,Atopic dermatitis,Atopic dermatitis,PENDING,,,,,
Atopic dermatitis/atopic-dermatitis-skin-of-colour-00019.jpg,Atopic dermatitis,Atopic dermatitis,PENDING,,,,,
Atopic dermatitis/atopic-dermatitis-skin-of-colour-00024.jpg,Atopic dermatitis,Atopic dermatitis,PENDING,,,,,
Atopic dermatitis/atopic-dermatitis-skin-of-colour-00046.jpg,Atopic dermatitis,Atopic dermatitis,PENDING,,,,,
Atopic dermatitis/atopic-dermatitis-skin-of-colour-00047.jpg,Atopic dermatitis,Atopic dermatitis,PENDING,,,,,
Atopic dermatitis/atopic-dermatitis-skin-of-colour-00054.jpg,Atopic dermatitis,Atopic dermatitis,PENDING,,,,,
Atopic dermatitis/atopic-dermatitis-skin-of-colour-00069.jpg,Atopic dermatitis,Atopic dermatitis,PENDING,,,,,
Atopic dermatitis/atopic-dryness-3.jpg,Atopic dermatitis,Atopic dermatitis,PENDING,,,,,
Atopic dermatitis/atopic-eczema-01.jpg,Atopic dermatitis,Atopic dermatitis,PENDING,,,,,
Atopic dermatitis/atopic-eczema-02.jpg,Atopic dermatitis,Atopic dermatitis,PENDING,,,,,
Atopic dermatitis/atopic-eczema-black-skin.jpg,Atopic dermatitis,Atopic dermatitis,PENDING,,,,,
Atopic dermatitis/atopic-excoriation-2.jpg,Atopic dermatitis,Atopic dermatitis,PENDING,,,,,
Atopic dermatitis/atopic-oozy-1.jpg,Atopic dermatitis,Atopic dermatitis,PENDING,,,,,
Atopic dermatitis/atopic-oozy-2.jpg,Atopic dermatitis,Atopic dermatitis,PENDING,,,,,
Atopic dermatitis/atopic-oozy-3.jpg,Atopic dermatitis,Atopic dermatitis,PENDING,,,,,
Atopic dermatitis/atopic-red-0.jpg,Atopic dermatitis,Atopic dermatitis,PENDING,,,,,
Atopic dermatitis/atopic-scalp-13.jpg,Atopic dermatitis,Atopic dermatitis,PENDING,,,,,
Atopic dermatitis/atopic-scalp-14.jpg,Atopic dermatitis,Atopic dermatitis,PENDING,,,,,
Atopic dermatitis/atopic-scalp-15.jpg,Atopic dermatitis,Atopic dermatitis,PENDING,,,,,
Atopic dermatitis/atopic-swollen-3.jpg,Atopic dermatitis,Atopic dermatitis,PENDING,,,,,
Atopic dermatitis/atopic1.jpg,Atopic dermatitis,Atopic dermatitis,PENDING,,,,,
Atopic dermatitis/atopic10.jpg,Atopic dermatitis,Atopic dermatitis,PENDING,,,,,
Atopic dermatitis/atopic11.jpg,Atopic dermatitis,Atopic dermatitis,PENDING,,,,,
Atopic dermatitis/atopic13.jpg,Atopic dermatitis,Atopic dermatitis,PENDING,,,,,
Atopic dermatitis/atopic14.jpg,Atopic dermatitis,Atopic dermatitis,PENDING,,,,,
Atopic dermatitis/atopic15.jpg,Atopic dermatitis,Atopic dermatitis,PENDING,,,,,
Atopic dermatitis/atopic16.jpg,Atopic dermatitis,Atopic dermatitis,PENDING,,,,,
Atopic dermatitis/atopic17.jpg,Atopic dermatitis,Atopic dermatitis,PENDING,,,,,
Atopic dermatitis/atopic18.jpg,Atopic dermatitis,Atopic dermatitis,PENDING,,,,,
Atopic dermatitis/atopic19.jpg,Atopic dermatitis,Atopic dermatitis,PENDING,,,,,
Atopic dermatitis/atopic2.jpg,Atopic dermatitis,Atopic dermatitis,PENDING,,,,,
Atopic dermatitis/atopic20.jpg,Atopic dermatitis,Atopic dermatitis,PENDING,,,,,
Atopic dermatitis/atopic21.jpg,Atopic dermatitis,Atopic dermatitis,PENDING,,,,,
Atopic dermatitis/atopic22.jpg,Atopic dermatitis,Atopic dermatitis,PENDING,,,,,
Atopic dermatitis/atopic23.jpg,Atopic dermatitis,Atopic dermatitis,PENDING,,,,,
Atopic dermatitis/atopic24.jpg,Atopic dermatitis,Atopic dermatitis,PENDING,,,,,
Atopic dermatitis/atopic26.jpg,Atopic dermatitis,Atopic dermatitis,PENDING,,,,,
Atopic dermatitis/atopic27.jpg,Atopic dermatitis,Atopic dermatitis,PENDING,,,,,
Atopic dermatitis/atopic28.jpg,Atopic dermatitis,Atopic dermatitis,PENDING,,,,,
Atopic dermatitis/atopic29.jpg,Atopic dermatitis,Atopic dermatitis,PENDING,,,,,
Atopic dermatitis/atopic3.jpg,Atopic dermatitis,Atopic dermatitis,PENDING,,,,,
Atopic dermatitis/atopic30.jpg,Atopic dermatitis,Atopic dermatitis,PENDING,,,,,
Atopic dermatitis/atopic31.jpg,Atopic dermatitis,Atopic dermatitis,PENDING,,,,,
Atopic dermatitis/atopic32.jpg,Atopic dermatitis,Atopic dermatitis,PENDING,,,,,
Atopic dermatitis/atopic33.jpg,Atopic dermatitis,Atopic dermatitis,PENDING,,,,,
Atopic dermatitis/atopic34.jpg,Atopic dermatitis,Atopic dermatitis,PENDING,,,,,
Atopic dermatitis/atopic35.jpg,Atopic dermatitis,Atopic dermatitis,PENDING,,,,,
Atopic dermatitis/atopic36.jpg,Atopic dermatitis,Atopic dermatitis,PENDING,,,,,
Atopic dermatitis/atopic37.jpg,Atopic dermatitis,Atopic dermatitis,PENDING,,,,,
Atopic dermatitis/atopic38.jpg,Atopic dermatitis,Atopic dermatitis,PENDING,,,,,
Atopic dermatitis/atopic39.jpg,Atopic dermatitis,Atopic dermatitis,PENDING,,,,,
Atopic dermatitis/atopic4.jpg,Atopic dermatitis,Atopic dermatitis,PENDING,,,,,
Atopic dermatitis/atopic40.jpg,Atopic dermatitis,Atopic dermatitis,PENDING,,,,,
Atopic dermatitis/atopic41.jpg,Atopic dermatitis,Atopic dermatitis,PENDING,,,,,
Atopic dermatitis/atopic42.jpg,Atopic dermatitis,Atopic dermatitis,PENDING,,,,,
Atopic dermatitis/atopic43.jpg,Atopic dermatitis,Atopic dermatitis,PENDING,,,,,
Atopic dermatitis/atopic44.jpg,Atopic dermatitis,Atopic dermatitis,PENDING,,,,,
Atopic dermatitis/atopic5.jpg,Atopic dermatitis,Atopic dermatitis,PENDING,,,,,
Atopic dermatitis/atopic7.jpg,Atopic dermatitis,Atopic dermatitis,PENDING,,,,,
Atopic dermatitis/atopic9.jpg,Atopic dermatitis,Atopic dermatitis,PENDING,,,,,
Atopic dermatitis/atopicbleph1.jpg,Atopic dermatitis,Atopic dermatitis,PENDING,,,,,
Atopic dermatitis/atopicdermatitis_156-v2.jpg,Atopic dermatitis,Atopic dermatitis,PENDING,,,,,
Atopic dermatitis/cheilatop2.jpg,Atopic dermatitis,Atopic dermatitis,PENDING,,,,,
Atopic dermatitis/eapsimplex1.jpg,Atopic dermatitis,Atopic dermatitis,PENDING,,,,,
Atopic dermatitis/ecz-atopic1.jpg,Atopic dermatitis,Atopic dermatitis,PENDING,,,,,
Atopic dermatitis/ecz-atopic10.jpg,Atopic dermatitis,Atopic dermatitis,PENDING,,,,,
Atopic dermatitis/ecz-atopic11.jpg,Atopic dermatitis,Atopic dermatitis,PENDING,,,,,
Atopic dermatitis/ecz-atopic12.jpg,Atopic dermatitis,Atopic dermatitis,PENDING,,,,,
Atopic dermatitis/ecz-atopic13.jpg,Atopic dermatitis,Atopic dermatitis,PENDING,,,,,
Atopic dermatitis/ecz-atopic14.jpg,Atopic dermatitis,Atopic dermatitis,PENDING,,,,,
Atopic dermatitis/ecz-atopic15.jpg,Atopic dermatitis,Atopic dermatitis,PENDING,,,,,
Atopic dermatitis/ecz-atopic16.jpg,Atopic dermatitis,Atopic dermatitis,PENDING,,,,,
Atopic dermatitis/ecz-atopic17.jpg,Atopic dermatitis,Atopic dermatitis,PENDING,,,,,
Atopic dermatitis/ecz-atopic18.jpg,Atopic dermatitis,Atopic dermatitis,PENDING,,,,,
Atopic dermatitis/ecz-atopic19.jpg,Atopic dermatitis,Atopic dermatitis,PENDING,,,,,
Atopic dermatitis/ecz-atopic26.jpg,Atopic dermatitis,Atopic dermatitis,PENDING,,,,,
Atopic dermatitis/ecz-lich8.jpg,Atopic dermatitis,Atopic dermatitis,PENDING,,,,,
Atopic dermatitis/eczema-elbows-001.jpg,Atopic dermatitis,Atopic dermatitis,PENDING,,,,,
Atopic dermatitis/excor-atop.jpg,Atopic dermatitis,Atopic dermatitis,PENDING,,,,,
Atopic dermatitis/eyelid-24.jpg,Atopic dermatitis,Atopic dermatitis,PENDING,,,,,
Atopic dermatitis/figure-1-itch2.jpg,Atopic dermatitis,Atopic dermatitis,PENDING,,,,,
Atopic dermatitis/flexural-eczema01.jpg,Atopic dermatitis,Atopic dermatitis,PENDING,,,,,
Atopic dermatitis/flexural-eczema02.jpg,Atopic dermatitis,Atopic dermatitis,PENDING,,,,,
Atopic dermatitis/flexural-eczema03.jpg,Atopic dermatitis,Atopic dermatitis,PENDING,,,,,
Atopic dermatitis/flexural-eczema04.jpg,Atopic dermatitis,Atopic dermatitis,PENDING,,,,,
Atopic dermatitis/flexural-eczema05.jpg,Atopic dermatitis,Atopic dermatitis,PENDING,,,,,
Atopic dermatitis/flexural-eczema06.jpg,Atopic dermatitis,Atopic dermatitis,PENDING,,,,,
Atopic dermatitis/flexural-eczema07.jpg,Atopic dermatitis,Atopic dermatitis,PENDING,,,,,
Atopic dermatitis/flexural-eczema08.jpg,Atopic dermatitis,Atopic dermatitis,PENDING,,,,,
Atopic dermatitis/flexural-eczema09.jpg,Atopic dermatitis,Atopic dermatitis,PENDING,,,,,
Atopic dermatitis/flexural-eczema10.jpg,Atopic dermatitis,Atopic dermatitis,PENDING,,,,,
Atopic dermatitis/flexural-eczema11.jpg,Atopic dermatitis,Atopic dermatitis,PENDING,,,,,
Atopic dermatitis/flexural-eczema12.jpg,Atopic dermatitis,Atopic dermatitis,PENDING,,,,,
Atopic dermatitis/flexural-eczema13.jpg,Atopic dermatitis,Atopic dermatitis,PENDING,,,,,
Atopic dermatitis/flexural-eczema14.jpg,Atopic dermatitis,Atopic dermatitis,PENDING,,,,,
Atopic dermatitis/flexural-eczema15.jpg,Atopic dermatitis,Atopic dermatitis,PENDING,,,,,
Atopic dermatitis/flexural-eczema16.jpg,Atopic dermatitis,Atopic dermatitis,PENDING,,,,,
Atopic dermatitis/flexural-eczema17.jpg,Atopic dermatitis,Atopic dermatitis,PENDING,,,,,
Atopic dermatitis/flexural-eczema18.jpg,Atopic dermatitis,Atopic dermatitis,PENDING,,,,,
Atopic dermatitis/flexural-eczema19.jpg,Atopic dermatitis,Atopic dermatitis,PENDING,,,,,
Atopic dermatitis/flexural-eczema20.jpg,Atopic dermatitis,Atopic dermatitis,PENDING,,,,,
Atopic dermatitis/flexural-eczema21.jpg,Atopic dermatitis,Atopic dermatitis,PENDING,,,,,
Atopic dermatitis/flexural-eczema22.jpg,Atopic dermatitis,Atopic dermatitis,PENDING,,,,,
Atopic dermatitis/flexural-eczema23.jpg,Atopic dermatitis,Atopic dermatitis,PENDING,,,,,
Atopic dermatitis/flexural-eczema24.jpg,Atopic dermatitis,Atopic dermatitis,PENDING,,,,,
Atopic dermatitis/flexural-eczema25.jpg,Atopic dermatitis,Atopic dermatitis,PENDING,,,,,
Atopic dermatitis/flexural-eczema26.jpg,Atopic dermatitis,Atopic dermatitis,PENDING,,,,,
Atopic dermatitis/flexural-eczema27.jpg,Atopic dermatitis,Atopic dermatitis,PENDING,,,,,
Atopic dermatitis/itchy-skin-40.jpg,Atopic dermatitis,Atopic dermatitis,PENDING,,,,,
Atopic dermatitis/itchy-skin-41.jpg,Atopic dermatitis,Atopic dermatitis,PENDING,,,,,
Atopic dermatitis/itchy-skin-42.jpg,Atopic dermatitis,Atopic dermatitis,PENDING,,,,,
Atopic dermatitis/lowerleg1.jpg,Atopic dermatitis,Atopic dermatitis,PENDING,,,,,
Atopic dermatitis/nipple-eczema-08.jpg,Atopic dermatitis,Atopic dermatitis,PENDING,,,,,
Atopic dermatitis/prurigo-01.jpg,Atopic dermatitis,Atopic dermatitis,PENDING,,,,,
Atopic dermatitis/scorad1.jpg,Atopic dermatitis,Atopic dermatitis,PENDING,,,,,
Atopic dermatitis/scorad2.jpg,Atopic dermatitis,Atopic dermatitis,PENDING,,,,,
Atopic dermatitis/scorad3.jpg,Atopic dermatitis,Atopic dermatitis,PENDING,,,,,
Atrophoderma of Pasini and Pierini/APP-visible-vv.jpg,Atrophoderma of Pasini and Pierini,Atrophoderma of Pasini and Pierini,PENDING,,,,,
Atrophoderma of Pasini and Pierini/APP10months.jpg,Atrophoderma of Pasini and Pierini,Atrophoderma of Pasini and Pierini,PENDING,,,,,
Atrophoderma of Pasini and Pierini/APP20months.jpg,Atrophoderma of Pasini and Pierini,Atrophoderma of Pasini and Pierini,PENDING,,,,,
Atrophoderma of Pasini and Pierini/atrophoderma-pierini-pasini-04.jpg,Atrophoderma of Pasini and Pierini,Atrophoderma of Pasini and Pierini,PENDING,,,,,
Atrophoderma of Pasini and Pierini/atrophoderma-pierini-pasini-05.jpg,Atrophoderma of Pasini and Pierini,Atrophoderma of Pasini and Pierini,PENDING,,,,,
Atrophoderma of Pasini and Pierini/atrophoderma-pierini-pasini-1.jpg,Atrophoderma of Pasini and Pierini,Atrophoderma of Pasini and Pierini,PENDING,,,,,
Atrophoderma of Pasini and Pierini/atrophoderma-pierini-pasini-2.jpg,Atrophoderma of Pasini and Pierini,Atrophoderma of Pasini and Pierini,PENDING,,,,,
Atrophoderma of Pasini and Pierini/atrophoderma-pierini-pasini-3.jpg,Atrophoderma of Pasini and Pierini,Atrophoderma of Pasini and Pierini,PENDING,,,,,
Atypical fibroxanthoma/afx.jpg,Atypical fibroxanthoma,Atypical fibroxanthoma,PENDING,,,,,
Atypical fibroxanthoma/afx4.jpg,Atypical fibroxanthoma,Atypical fibroxanthoma,PENDING,,,,,
Atypical fibroxanthoma/atypical-fibroxanthoma-0001.jpg,Atypical fibroxanthoma,Atypical fibroxanthoma,PENDING,,,,,
Atypical fibroxanthoma/atypical-fibroxanthoma-0002.jpg,Atypical fibroxanthoma,Atypical fibroxanthoma,PENDING,,,,,
Atypical fibroxanthoma/atypical-fibroxanthoma-01-v3.jpg,Atypical fibroxanthoma,Atypical fibroxanthoma,PENDING,,,,,
Atypical fibroxanthoma/atypical-fibroxanthoma-dermoscopy-01-v3.jpg,Atypical fibroxanthoma,Atypical fibroxanthoma,PENDING,,,,,
Atypical fibroxanthoma/atypical-fibroxanthoma.jpg,Atypical fibroxanthoma,Atypical fibroxanthoma,PENDING,,,,,
Atypical fibroxanthoma/eyelid-10.jpg,Atypical fibroxanthoma,Atypical fibroxanthoma,PENDING,,,,,
Atypical melanocytic naevus/3161.jpg,Atypical melanocytic naevus,Atypical melanocytic naevus,PENDING,,,,,
Atypical melanocytic naevus/3167.jpg,Atypical melanocytic naevus,Atypical melanocytic naevus,PENDING,,,,,
Atypical melanocytic naevus/3170.jpg,Atypical melanocytic naevus,Atypical melanocytic naevus,PENDING,,,,,
Atypical melanocytic naevus/3173.jpg,Atypical melanocytic naevus,Atypical melanocytic naevus,PENDING,,,,,
Atypical melanocytic naevus/atyp1.jpg,Atypical melanocytic naevus,Atypical melanocytic naevus,PENDING,,,,,
Atypical melanocytic naevus/atyp2.jpg,Atypical melanocytic naevus,Atypical melanocytic naevus,PENDING,,,,,
Atypical melanocytic naevus/atyp3.jpg,Atypical melanocytic naevus,Atypical melanocytic naevus,PENDING,,,,,
Atypical melanocytic naevus/atyp4.jpg,Atypical melanocytic naevus,Atypical melanocytic naevus,PENDING,,,,,
Atypical melanocytic naevus/atyp5.jpg,Atypical melanocytic naevus,Atypical melanocytic naevus,PENDING,,,,,
Atypical melanocytic naevus/atyp6.jpg,Atypical melanocytic naevus,Atypical melanocytic naevus,PENDING,,,,,
Atypical melanocytic naevus/atypical-melanocytic-naevus-0001.jpg,Atypical melanocytic naevus,Atypical melanocytic naevus,PENDING,,,,,
Atypical melanocytic naevus/atypical-melanocytic-naevus-0003.jpg,Atypical melanocytic naevus,Atypical melanocytic naevus,PENDING,,,,,
Atypical melanocytic naevus/atypical-melanocytic-naevus-0005.jpg,Atypical melanocytic naevus,Atypical melanocytic naevus,PENDING,,,,,
Atypical melanocytic naevus/atypical-melanocytic-naevus-0007.jpg,Atypical melanocytic naevus,Atypical melanocytic naevus,PENDING,,,,,
Atypical melanocytic naevus/atypical-melanocytic-naevus-0009.jpg,Atypical melanocytic naevus,Atypical melanocytic naevus,PENDING,,,,,
Atypical melanocytic naevus/atypical-melanocytic-naevus-0011.jpg,Atypical melanocytic naevus,Atypical melanocytic naevus,PENDING,,,,,
Atypical melanocytic naevus/atypical-melanocytic-naevus-0013.jpg,Atypical melanocytic naevus,Atypical melanocytic naevus,PENDING,,,,,
Atypical melanocytic naevus/atypical-melanocytic-naevus-0017.jpg,Atypical melanocytic naevus,Atypical melanocytic naevus,PENDING,,,,,
Atypical melanocytic naevus/atypical-melanocytic-naevus-0019.jpg,Atypical melanocytic naevus,Atypical melanocytic naevus,PENDING,,,,,
Atypical melanocytic naevus/atypical-naevus-11.jpg,Atypical melanocytic naevus,Atypical melanocytic naevus,PENDING,,,,,
Atypical mycobacterial infection/atyp-mb.jpg,Atypical mycobacterial infection,Atypical mycobacterial infection,PENDING,,,,,
Atypical mycobacterial infection/atyp-mb2.jpg,Atypical mycobacterial infection,Atypical mycobacterial infection,PENDING,,,,,
Atypical mycobacterial infection/atyp-mb3.jpg,Atypical mycobacterial infection,Atypical mycobacterial infection,PENDING,,,,,
Atypical mycobacterial infection/atyp-mb4.jpg,Atypical mycobacterial infection,Atypical mycobacterial infection,PENDING,,,,,
Atypical mycobacterial infection/atyp-mb5.jpg,Atypical mycobacterial infection,Atypical mycobacterial infection,PENDING,,,,,
Atypical mycobacterial infection/atyp-mb6.jpg,Atypical mycobacterial infection,Atypical mycobacterial infection,PENDING,,,,,
Atypical mycobacterial infection/atypical-mycobacteria-01.jpg,Atypical mycobacterial infection,Atypical mycobacterial infection,PENDING,,,,,
Atypical mycobacterial infection/atypical-mycobacteria-02.jpg,Atypical mycobacterial infection,Atypical mycobacterial infection,PENDING,,,,,
Atypical mycobacterial infection/atypical-mycobacteria-03.jpg,Atypical mycobacterial infection,Atypical mycobacterial infection,PENDING,,,,,
Atypical mycobacterial infection/atypical-mycobacteria-04.jpg,Atypical mycobacterial infection,Atypical mycobacterial infection,PENDING,,,,,
Atypical mycobacterial infection/atypical-mycobacteria-05.jpg,Atypical mycobacterial infection,Atypical mycobacterial infection,PENDING,,,,,
Atypical mycobacterial infection/atypical-mycobacteria-06.jpg,Atypical mycobacterial infection,Atypical mycobacterial infection,PENDING,,,,,
Atypical mycobacterial infection/atypical-mycobacteria-07.jpg,Atypical mycobacterial infection,Atypical mycobacterial infection,PENDING,,,,,
Atypical mycobacterial infection/atypical-mycobacteria-08.jpg,Atypical mycobacterial infection,Atypical mycobacterial infection,PENDING,,,,,
Atypical mycobacterial infection/atypical-mycobacteria-09.jpg,Atypical mycobacterial infection,Atypical mycobacterial infection,PENDING,,,,,
Atypical mycobacterial infection/atypical-mycobacteria-10.jpg,Atypical mycobacterial infection,Atypical mycobacterial infection,PENDING,,,,,
Atypical mycobacterial infection/atypical-mycobacteria-11.jpg,Atypical mycobacterial infection,Atypical mycobacterial infection,PENDING,,,,,
Atypical mycobacterial infection/atypical-mycobacteria-13.jpg,Atypical mycobacterial infection,Atypical mycobacterial infection,PENDING,,,,,
Atypical mycobacterial infection/atypical-mycobacteria-14.jpg,Atypical mycobacterial infection,Atypical mycobacterial infection,PENDING,,,,,
Atypical mycobacterial infection/atypical-mycobacteria-15.jpg,Atypical mycobacterial infection,Atypical mycobacterial infection,PENDING,,,,,
Atypical mycobacterial infection/atypical-mycobacteria-16.jpg,Atypical mycobacterial infection,Atypical mycobacterial infection,PENDING,,,,,
Atypical mycobacterial infection/atypical-mycobacteria-infection-0001.jpg,Atypical mycobacterial infection,Atypical mycobacterial infection,PENDING,,,,,
Atypical mycobacterial infection/atypical-mycobacteria-infection-0002.jpg,Atypical mycobacterial infection,Atypical mycobacterial infection,PENDING,,,,,
Atypical mycobacterial infection/atypical-mycobacteria-infection-0003.jpg,Atypical mycobacterial infection,Atypical mycobacterial infection,PENDING,,,,,
Atypical mycobacterial infection/atypical-mycobacteria-infection-0004.jpg,Atypical mycobacterial infection,Atypical mycobacterial infection,PENDING,,,,,
Atypical mycobacterial infection/atypical-mycobacteria-infection-0005.jpg,Atypical mycobacterial infection,Atypical mycobacterial infection,PENDING,,,,,
Atypical mycobacterial infection/atypical-mycobacteria-infection-0006.jpg,Atypical mycobacterial infection,Atypical mycobacterial infection,PENDING,,,,,
Atypical mycobacterial infection/atypical-mycobacteria-infection-0007.jpg,Atypical mycobacterial infection,Atypical mycobacterial infection,PENDING,,,,,
Atypical mycobacterial infection/atypical-mycobacteria-infection-0008.jpg,Atypical mycobacterial infection,Atypical mycobacterial infection,PENDING,,,,,
Atypical mycobacterial infection/atypical-mycobacteria-infection-0009.jpg,Atypical mycobacterial infection,Atypical mycobacterial infection,PENDING,,,,,
Atypical mycobacterial infection/atypical-mycobacteria-infection-0010.jpg,Atypical mycobacterial infection,Atypical mycobacterial infection,PENDING,,,,,
Atypical mycobacterial infection/atypical-mycobacteria-infection-0011.jpg,Atypical mycobacterial infection,Atypical mycobacterial infection,PENDING,,,,,
Atypical mycobacterial infection/atypical-mycobacteria-infection-0012.jpg,Atypical mycobacterial infection,Atypical mycobacterial infection,PENDING,,,,,
Atypical mycobacterial infection/atypical-mycobacteria-infection-0013.jpg,Atypical mycobacterial infection,Atypical mycobacterial infection,PENDING,,,,,
Atypical mycobacterial infection/atypical-mycobacteria-infection-0014.jpg,Atypical mycobacterial infection,Atypical mycobacterial infection,PENDING,,,,,
Atypical mycobacterial infection/atypical-mycobacteria-infection-0015.jpg,Atypical mycobacterial infection,Atypical mycobacterial infection,PENDING,,,,,
Atypical mycobacterial infection/atypical-mycobacteria-infection-0016.jpg,Atypical mycobacterial infection,Atypical mycobacterial infection,PENDING,,,,,
Atypical mycobacterial infection/atypical-mycobacteria-infection-0017.jpg,Atypical mycobacterial infection,Atypical mycobacterial infection,PENDING,,,,,
Atypical mycobacterial infection/atypical-mycobacteria-infection-0018.jpg,Atypical mycobacterial infection,Atypical mycobacterial infection,PENDING,,,,,
Atypical mycobacterial infection/atypical-mycobacteria-infection-0019.jpg,Atypical mycobacterial infection,Atypical mycobacterial infection,PENDING,,,,,
Atypical mycobacterial infection/atypical-mycobacteria-infection-0020.jpg,Atypical mycobacterial infection,Atypical mycobacterial infection,PENDING,,,,,
Atypical mycobacterial infection/atypical-mycobacteria-infection-0021.jpg,Atypical mycobacterial infection,Atypical mycobacterial infection,PENDING,,,,,
Atypical mycobacterial infection/atypical-mycobacteria-infection-0024.jpg,Atypical mycobacterial infection,Atypical mycobacterial infection,PENDING,,,,,
Atypical mycobacterial infection/atypical-mycobacteria-infection-0025.jpg,Atypical mycobacterial infection,Atypical mycobacterial infection,PENDING,,,,,
Atypical mycobacterial infection/atypical-mycobacteria-infection-0026.jpg,Atypical mycobacterial infection,Atypical mycobacterial infection,PENDING,,,,,
Atypical mycobacterial infection/atypical-mycobacteria-infection-0027.jpg,Atypical mycobacterial infection,Atypical mycobacterial infection,PENDING,,,,,
Atypical mycobacterial infection/atypical-mycobacteria-infection-0028.jpg,Atypical mycobacterial infection,Atypical mycobacterial infection,PENDING,,,,,
Atypical mycobacterial infection/atypical-mycobacteria-infection-0029.jpg,Atypical mycobacterial infection,Atypical mycobacterial infection,PENDING,,,,,
Atypical mycobacterial infection/atypical-mycobacteria-infection-0030.jpg,Atypical mycobacterial infection,Atypical mycobacterial infection,PENDING,,,,,
Atypical mycobacterial infection/atypical-mycobacteria-infection-0031.jpg,Atypical mycobacterial infection,Atypical mycobacterial infection,PENDING,,,,,
Atypical mycobacterial infection/cutaneous-adverse-drug-reaction-0043.jpg,Atypical mycobacterial infection,Atypical mycobacterial infection,PENDING,,,,,
Atypical mycobacterial infection/ulcer-01.jpg,Atypical mycobacterial infection,Atypical mycobacterial infection,PENDING,,,,,
Atypical solar lentigo/atypical-solar-lentigo-01.jpg,Atypical solar lentigo,Atypical solar lentigo,PENDING,,,,,
Atypical solar lentigo/atypical-solar-lentigo-02.jpg,Atypical solar lentigo,Atypical solar lentigo,PENDING,,,,,
Atypical solar lentigo/atypical-solar-lentigo-03.jpg,Atypical solar lentigo,Atypical solar lentigo,PENDING,,,,,
Bacterial folliculitis/follicul1.jpg,Bacterial folliculitis,Bacterial folliculitis,PENDING,,,,,
Bacterial folliculitis/folliculitis5.jpg,Bacterial folliculitis,Bacterial folliculitis,PENDING,,,,,
Basal cell carcinoma/0616.jpg,Basal cell carcinoma,Basal cell carcinoma,PENDING,,,,,
Basal cell carcinoma/0617.jpg,Basal cell carcinoma,Basal cell carcinoma,PENDING,,,,,
Basal cell carcinoma/0618.jpg,Basal cell carcinoma,Basal cell carcinoma,PENDING,,,,,
Basal cell carcinoma/0619.jpg,Basal cell carcinoma,Basal cell carcinoma,PENDING,,,,,
Basal cell carcinoma/0621.jpg,Basal cell carcinoma,Basal cell carcinoma,PENDING,,,,,
Basal cell carcinoma/0623.jpg,Basal cell carcinoma,Basal cell carcinoma,PENDING,,,,,
Basal cell carcinoma/0624.jpg,Basal cell carcinoma,Basal cell carcinoma,PENDING,,,,,
Basal cell carcinoma/0625.jpg,Basal cell carcinoma,Basal cell carcinoma,PENDING,,,,,
Basal cell carcinoma/0627.jpg,Basal cell carcinoma,Basal cell carcinoma,PENDING,,,,,
Basal cell carcinoma/0628.jpg,Basal cell carcinoma,Basal cell carcinoma,PENDING,,,,,
Basal cell carcinoma/0629.jpg,Basal cell carcinoma,Basal cell carcinoma,PENDING,,,,,
Basal cell carcinoma/0630.jpg,Basal cell carcinoma,Basal cell carcinoma,PENDING,,,,,
Basal cell carcinoma/0631.jpg,Basal cell carcinoma,Basal cell carcinoma,PENDING,,,,,
Basal cell carcinoma/0633.jpg,Basal cell carcinoma,Basal cell carcinoma,PENDING,,,,,
Basal cell carcinoma/0634.jpg,Basal cell carcinoma,Basal cell carcinoma,PENDING,,,,,
Basal cell carcinoma/0636.jpg,Basal cell carcinoma,Basal cell carcinoma,PENDING,,,,,
Basal cell carcinoma/0637.jpg,Basal cell carcinoma,Basal cell carcinoma,PENDING,,,,,
Basal cell carcinoma/0638.jpg,Basal cell carcinoma,Basal cell carcinoma,PENDING,,,,,
Basal cell carcinoma/0641.jpg,Basal cell carcinoma,Basal cell carcinoma,PENDING,,,,,
Basal cell carcinoma/0643.jpg,Basal cell carcinoma,Basal cell carcinoma,PENDING,,,,,
Basal cell carcinoma/0645.jpg,Basal cell carcinoma,Basal cell carcinoma,PENDING,,,,,
Basal cell carcinoma/0646.jpg,Basal cell carcinoma,Basal cell carcinoma,PENDING,,,,,
Basal cell carcinoma/0647.jpg,Basal cell carcinoma,Basal cell carcinoma,PENDING,,,,,
Basal cell carcinoma/0648.jpg,Basal cell carcinoma,Basal cell carcinoma,PENDING,,,,,
Basal cell carcinoma/0649.jpg,Basal cell carcinoma,Basal cell carcinoma,PENDING,,,,,
Basal cell carcinoma/0650.jpg,Basal cell carcinoma,Basal cell carcinoma,PENDING,,,,,
Basal cell carcinoma/0651.jpg,Basal cell carcinoma,Basal cell carcinoma,PENDING,,,,,
Basal cell carcinoma/0653.jpg,Basal cell carcinoma,Basal cell carcinoma,PENDING,,,,,
Basal cell carcinoma/0655.jpg,Basal cell carcinoma,Basal cell carcinoma,PENDING,,,,,
Basal cell carcinoma/0656.jpg,Basal cell carcinoma,Basal cell carcinoma,PENDING,,,,,
Basal cell carcinoma/0657.jpg,Basal cell carcinoma,Basal cell carcinoma,PENDING,,,,,
Basal cell carcinoma/0658.jpg,Basal cell carcinoma,Basal cell carcinoma,PENDING,,,,,
Basal cell carcinoma/0659.jpg,Basal cell carcinoma,Basal cell carcinoma,PENDING,,,,,
Basal cell carcinoma/0660.jpg,Basal cell carcinoma,Basal cell carcinoma,PENDING,,,,,
Basal cell carcinoma/0661.jpg,Basal cell carcinoma,Basal cell carcinoma,PENDING,,,,,
Basal cell carcinoma/0663.jpg,Basal cell carcinoma,Basal cell carcinoma,PENDING,,,,,
Basal cell carcinoma/0665.jpg,Basal cell carcinoma,Basal cell carcinoma,PENDING,,,,,
Basal cell carcinoma/0666.jpg,Basal cell carcinoma,Basal cell carcinoma,PENDING,,,,,
Basal cell carcinoma/0667.jpg,Basal cell carcinoma,Basal cell carcinoma,PENDING,,,,,
Basal cell carcinoma/0668.jpg,Basal cell carcinoma,Basal cell carcinoma,PENDING,,,,,
Basal cell carcinoma/0672.jpg,Basal cell carcinoma,Basal cell carcinoma,PENDING,,,,,
Basal cell carcinoma/0674.jpg,Basal cell carcinoma,Basal cell carcinoma,PENDING,,,,,
Basal cell carcinoma/0675.jpg,Basal cell carcinoma,Basal cell carcinoma,PENDING,,,,,
Basal cell carcinoma/0678.jpg,Basal cell carcinoma,Basal cell carcinoma,PENDING,,,,,
Basal cell carcinoma/0680.jpg,Basal cell carcinoma,Basal cell carcinoma,PENDING,,,,,
Basal cell carcinoma/0681.jpg,Basal cell carcinoma,Basal cell carcinoma,PENDING,,,,,
Basal cell carcinoma/0683.jpg,Basal cell carcinoma,Basal cell carcinoma,PENDING,,,,,
Basal cell carcinoma/0688.jpg,Basal cell carcinoma,Basal cell carcinoma,PENDING,,,,,
Basal cell carcinoma/0689.jpg,Basal cell carcinoma,Basal cell carcinoma,PENDING,,,,,
Basal cell carcinoma/0690.jpg,Basal cell carcinoma,Basal cell carcinoma,PENDING,,,,,
Basal cell carcinoma/0692.jpg,Basal cell carcinoma,Basal cell carcinoma,PENDING,,,,,
Basal cell carcinoma/0693.jpg,Basal cell carcinoma,Basal cell carcinoma,PENDING,,,,,
Basal cell carcinoma/0694.jpg,Basal cell carcinoma,Basal cell carcinoma,PENDING,,,,,
Basal cell carcinoma/0695.jpg,Basal cell carcinoma,Basal cell carcinoma,PENDING,,,,,
Basal cell carcinoma/0699.jpg,Basal cell carcinoma,Basal cell carcinoma,PENDING,,,,,
Basal cell carcinoma/0702.jpg,Basal cell carcinoma,Basal cell carcinoma,PENDING,,,,,
Basal cell carcinoma/0706.jpg,Basal cell carcinoma,Basal cell carcinoma,PENDING,,,,,
Basal cell carcinoma/0708.jpg,Basal cell carcinoma,Basal cell carcinoma,PENDING,,,,,
Basal cell carcinoma/0712.jpg,Basal cell carcinoma,Basal cell carcinoma,PENDING,,,,,
Basal cell carcinoma/0714.jpg,Basal cell carcinoma,Basal cell carcinoma,PENDING,,,,,
Basal cell carcinoma/0715.jpg,Basal cell carcinoma,Basal cell carcinoma,PENDING,,,,,
Basal cell carcinoma/0728.jpg,Basal cell carcinoma,Basal cell carcinoma,PENDING,,,,,
Basal cell carcinoma/0738.jpg,Basal cell carcinoma,Basal cell carcinoma,PENDING,,,,,
Basal cell carcinoma/0740.jpg,Basal cell carcinoma,Basal cell carcinoma,PENDING,,,,,
Basal cell carcinoma/0742.jpg,Basal cell carcinoma,Basal cell carcinoma,PENDING,,,,,
Basal cell carcinoma/0756.jpg,Basal cell carcinoma,Basal cell carcinoma,PENDING,,,,,
Basal cell carcinoma/0770.jpg,Basal cell carcinoma,Basal cell carcinoma,PENDING,,,,,
Basal cell carcinoma/0771.jpg,Basal cell carcinoma,Basal cell carcinoma,PENDING,,,,,
Basal cell carcinoma/0772.jpg,Basal cell carcinoma,Basal cell carcinoma,PENDING,,,,,
Basal cell carcinoma/0796.jpg,Basal cell carcinoma,Basal cell carcinoma,PENDING,,,,,
Basal cell carcinoma/0797.jpg,Basal cell carcinoma,Basal cell carcinoma,PENDING,,,,,
Basal cell carcinoma/0802.jpg,Basal cell carcinoma,Basal cell carcinoma,PENDING,,,,,
Basal cell carcinoma/0804.jpg,Basal cell carcinoma,Basal cell carcinoma,PENDING,,,,,
Basal cell carcinoma/0807.jpg,Basal cell carcinoma,Basal cell carcinoma,PENDING,,,,,
Basal cell carcinoma/0809.jpg,Basal cell carcinoma,Basal cell carcinoma,PENDING,,,,,
Basal cell carcinoma/0810.jpg,Basal cell carcinoma,Basal cell carcinoma,PENDING,,,,,
Basal cell carcinoma/0811.jpg,Basal cell carcinoma,Basal cell carcinoma,PENDING,,,,,
Basal cell carcinoma/0812.jpg,Basal cell carcinoma,Basal cell carcinoma,PENDING,,,,,
Basal cell carcinoma/0823.jpg,Basal cell carcinoma,Basal cell carcinoma,PENDING,,,,,
Basal cell carcinoma/0824.jpg,Basal cell carcinoma,Basal cell carcinoma,PENDING,,,,,
Basal cell carcinoma/0827.jpg,Basal cell carcinoma,Basal cell carcinoma,PENDING,,,,,
Basal cell carcinoma/0845.jpg,Basal cell carcinoma,Basal cell carcinoma,PENDING,,,,,
Basal cell carcinoma/0868.jpg,Basal cell carcinoma,Basal cell carcinoma,PENDING,,,,,
Basal cell carcinoma/0870.jpg,Basal cell carcinoma,Basal cell carcinoma,PENDING,,,,,
Basal cell carcinoma/0871.jpg,Basal cell carcinoma,Basal cell carcinoma,PENDING,,,,,
Basal cell carcinoma/0872.jpg,Basal cell carcinoma,Basal cell carcinoma,PENDING,,,,,
Basal cell carcinoma/0874.jpg,Basal cell carcinoma,Basal cell carcinoma,PENDING,,,,,
Basal cell carcinoma/0881.jpg,Basal cell carcinoma,Basal cell carcinoma,PENDING,,,,,
Basal cell carcinoma/0883.jpg,Basal cell carcinoma,Basal cell carcinoma,PENDING,,,,,
Basal cell carcinoma/0884.jpg,Basal cell carcinoma,Basal cell carcinoma,PENDING,,,,,
Basal cell carcinoma/0891.jpg,Basal cell carcinoma,Basal cell carcinoma,PENDING,,,,,
Basal cell carcinoma/0892.jpg,Basal cell carcinoma,Basal cell carcinoma,PENDING,,,,,
Basal cell carcinoma/0898.jpg,Basal cell carcinoma,Basal cell carcinoma,PENDING,,,,,
Basal cell carcinoma/0902.jpg,Basal cell carcinoma,Basal cell carcinoma,PENDING,,,,,
Basal cell carcinoma/0903.jpg,Basal cell carcinoma,Basal cell carcinoma,PENDING,,,,,
Basal cell carcinoma/0912.jpg,Basal cell carcinoma,Basal cell carcinoma,PENDING,,,,,
Basal cell carcinoma/0916.jpg,Basal cell carcinoma,Basal cell carcinoma,PENDING,,,,,
Basal cell carcinoma/0923.jpg,Basal cell carcinoma,Basal cell carcinoma,PENDING,,,,,
Basal cell carcinoma/0952.jpg,Basal cell carcinoma,Basal cell carcinoma,PENDING,,,,,
Basal cell carcinoma/0960.jpg,Basal cell carcinoma,Basal cell carcinoma,PENDING,,,,,
Basal cell carcinoma/0985.jpg,Basal cell carcinoma,Basal cell carcinoma,PENDING,,,,,
Basal cell carcinoma/0992.jpg,Basal cell carcinoma,Basal cell carcinoma,PENDING,,,,,
Basal cell carcinoma/0994.jpg,Basal cell carcinoma,Basal cell carcinoma,PENDING,,,,,
Basal cell carcinoma/1002.jpg,Basal cell carcinoma,Basal cell carcinoma,PENDING,,,,,
Basal cell carcinoma/1006.jpg,Basal cell carcinoma,Basal cell carcinoma,PENDING,,,,,
Basal cell carcinoma/1007.jpg,Basal cell carcinoma,Basal cell carcinoma,PENDING,,,,,
Basal cell carcinoma/1008.jpg,Basal cell carcinoma,Basal cell carcinoma,PENDING,,,,,
Basal cell carcinoma/1014.jpg,Basal cell carcinoma,Basal cell carcinoma,PENDING,,,,,
Basal cell carcinoma/1015.jpg,Basal cell carcinoma,Basal cell carcinoma,PENDING,,,,,
Basal cell carcinoma/1017.jpg,Basal cell carcinoma,Basal cell carcinoma,PENDING,,,,,
Basal cell carcinoma/1021.jpg,Basal cell carcinoma,Basal cell carcinoma,PENDING,,,,,
Basal cell carcinoma/1023.jpg,Basal cell carcinoma,Basal cell carcinoma,PENDING,,,,,
Basal cell carcinoma/1024.jpg,Basal cell carcinoma,Basal cell carcinoma,PENDING,,,,,
Basal cell carcinoma/1036.jpg,Basal cell carcinoma,Basal cell carcinoma,PENDING,,,,,
Basal cell carcinoma/1052.jpg,Basal cell carcinoma,Basal cell carcinoma,PENDING,,,,,
Basal cell carcinoma/1057.jpg,Basal cell carcinoma,Basal cell carcinoma,PENDING,,,,,
Basal cell carcinoma/1064.jpg,Basal cell carcinoma,Basal cell carcinoma,PENDING,,,,,
Basal cell carcinoma/1080.jpg,Basal cell carcinoma,Basal cell carcinoma,PENDING,,,,,
Basal cell carcinoma/1081.jpg,Basal cell carcinoma,Basal cell carcinoma,PENDING,,,,,
Basal cell carcinoma/1086.jpg,Basal cell carcinoma,Basal cell carcinoma,PENDING,,,,,
Basal cell carcinoma/1093.jpg,Basal cell carcinoma,Basal cell carcinoma,PENDING,,,,,
Basal cell carcinoma/1095.jpg,Basal cell carcinoma,Basal cell carcinoma,PENDING,,,,,
Basal cell carcinoma/1097.jpg,Basal cell carcinoma,Basal cell carcinoma,PENDING,,,,,
Basal cell carcinoma/1098.jpg,Basal cell carcinoma,Basal cell carcinoma,PENDING,,,,,
Basal cell carcinoma/1103.jpg,Basal cell carcinoma,Basal cell carcinoma,PENDING,,,,,
Basal cell carcinoma/1112.jpg,Basal cell carcinoma,Basal cell carcinoma,PENDING,,,,,
Basal cell carcinoma/1147.jpg,Basal cell carcinoma,Basal cell carcinoma,PENDING,,,,,
Basal cell carcinoma/1153.jpg,Basal cell carcinoma,Basal cell carcinoma,PENDING,,,,,
Basal cell carcinoma/1166.jpg,Basal cell carcinoma,Basal cell carcinoma,PENDING,,,,,
Basal cell carcinoma/1169.jpg,Basal cell carcinoma,Basal cell carcinoma,PENDING,,,,,
Basal cell carcinoma/1184.jpg,Basal cell carcinoma,Basal cell carcinoma,PENDING,,,,,
Basal cell carcinoma/1185.jpg,Basal cell carcinoma,Basal cell carcinoma,PENDING,,,,,
Basal cell carcinoma/1186.jpg,Basal cell carcinoma,Basal cell carcinoma,PENDING,,,,,
Basal cell carcinoma/1202.jpg,Basal cell carcinoma,Basal cell carcinoma,PENDING,,,,,
Basal cell carcinoma/1203.jpg,Basal cell carcinoma,Basal cell carcinoma,PENDING,,,,,
Basal cell carcinoma/1204.jpg,Basal cell carcinoma,Basal cell carcinoma,PENDING,,,,,
Basal cell carcinoma/1208.jpg,Basal cell carcinoma,Basal cell carcinoma,PENDING,,,,,
Basal cell carcinoma/1228.jpg,Basal cell carcinoma,Basal cell carcinoma,PENDING,,,,,
Basal cell carcinoma/1229.jpg,Basal cell carcinoma,Basal cell carcinoma,PENDING,,,,,
Basal cell carcinoma/1230.jpg,Basal cell carcinoma,Basal cell carcinoma,PENDING,,,,,
Basal cell carcinoma/1234.jpg,Basal cell carcinoma,Basal cell carcinoma,PENDING,,,,,
Basal cell carcinoma/1236.jpg,Basal cell carcinoma,Basal cell carcinoma,PENDING,,,,,
Basal cell carcinoma/1237.jpg,Basal cell carcinoma,Basal cell carcinoma,PENDING,,,,,
Basal cell carcinoma/1243.jpg,Basal cell carcinoma,Basal cell carcinoma,PENDING,,,,,
Basal cell carcinoma/1244.jpg,Basal cell carcinoma,Basal cell carcinoma,PENDING,,,,,
Basal cell carcinoma/basisquamous-01.jpg,Basal cell carcinoma,Basal cell carcinoma,PENDING,,,,,
Basal cell carcinoma/basisquamous-02.jpg,Basal cell carcinoma,Basal cell carcinoma,PENDING,,,,,
Basal cell carcinoma/bcc-100.jpg,Basal cell carcinoma,Basal cell carcinoma,PENDING,,,,,
Basal cell carcinoma/bcc-101.jpg,Basal cell carcinoma,Basal cell carcinoma,PENDING,,,,,
Basal cell carcinoma/bcc-102.jpg,Basal cell carcinoma,Basal cell carcinoma,PENDING,,,,,
Basal cell carcinoma/bcc-104.jpg,Basal cell carcinoma,Basal cell carcinoma,PENDING,,,,,
Basal cell carcinoma/bcc-105.jpg,Basal cell carcinoma,Basal cell carcinoma,PENDING,,,,,
Basal cell carcinoma/bcc-107.jpg,Basal cell carcinoma,Basal cell carcinoma,PENDING,,,,,
Basal cell carcinoma/bcc-108.jpg,Basal cell carcinoma,Basal cell carcinoma,PENDING,,,,,
Basal cell carcinoma/bcc-109.jpg,Basal cell carcinoma,Basal cell carcinoma,PENDING,,,,,
Basal cell carcinoma/bcc1.jpg,Basal cell carcinoma,Basal cell carcinoma,PENDING,,,,,
Basal cell carcinoma/bcc2.jpg,Basal cell carcinoma,Basal cell carcinoma,PENDING,,,,,
Basal cell carcinoma/bcc5.jpg,Basal cell carcinoma,Basal cell carcinoma,PENDING,,,,,
Basal cell carcinoma/recurrent-bcc-01.jpg,Basal cell carcinoma,Basal cell carcinoma,PENDING,,,,,
Basal cell carcinoma/recurrent-bcc-02.jpg,Basal cell carcinoma,Basal cell carcinoma,PENDING,,,,,
Basal cell carcinoma/recurrent-bcc-04.jpg,Basal cell carcinoma,Basal cell carcinoma,PENDING,,,,,
Bazin_s hydroa vacciniforme/hydroa1.jpg,Bazin_s hydroa vacciniforme,Bazin_s hydroa vacciniforme,PENDING,,,,,
Bazin_s hydroa vacciniforme/hydroa2.jpg,Bazin_s hydroa vacciniforme,Bazin_s hydroa vacciniforme,PENDING,,,,,
Bazin_s hydroa vacciniforme/hydroa3.jpg,Bazin_s hydroa vacciniforme,Bazin_s hydroa vacciniforme,PENDING,,,,,
Bazin_s hydroa vacciniforme/hydroa4.jpg,Bazin_s hydroa vacciniforme,Bazin_s hydroa vacciniforme,PENDING,,,,,
Bazin_s hydroa vacciniforme/hydroa5.jpg,Bazin_s hydroa vacciniforme,Bazin_s hydroa vacciniforme,PENDING,,,,,
Bazin_s hydroa vacciniforme/hydroa6.jpg,Bazin_s hydroa vacciniforme,Bazin_s hydroa vacciniforme,PENDING,,,,,
Benign familial pemphigus/benign-familial-pemphigus-00029.jpg,Benign familial pemphigus,Benign familial pemphigus,PENDING,,,,,
Benign familial pemphigus/figure-29-blistering.jpg,Benign familial pemphigus,Benign familial pemphigus,PENDING,,,,,
Benign familial pemphigus/h-h-d-blisters.jpg,Benign familial pemphigus,Benign familial pemphigus,PENDING,,,,,
Benign familial pemphigus/h-hailey.jpg,Benign familial pemphigus,Benign familial pemphigus,PENDING,,,,,
Benign familial pemphigus/hailey-hailey-axilla2.jpg,Benign familial pemphigus,Benign familial pemphigus,PENDING,,,,,
Benign familial pemphigus/hailey-hailey-chest.jpg,Benign familial pemphigus,Benign familial pemphigus,PENDING,,,,,
Benign familial pemphigus/hailey-hailey-close-up2.jpg,Benign familial pemphigus,Benign familial pemphigus,PENDING,,,,,
Benign familial pemphigus/hailey-hailey-groin2.jpg,Benign familial pemphigus,Benign familial pemphigus,PENDING,,,,,
Benign familial pemphigus/hailey-hailey.jpg,Benign familial pemphigus,Benign familial pemphigus,PENDING,,,,,
Benign hereditary telangiectasia/benign-telangiectasia-01.jpg,Benign hereditary telangiectasia,Benign hereditary telangiectasia,PENDING,,,,,
Benign hereditary telangiectasia/benign-telangiectasia-02.jpg,Benign hereditary telangiectasia,Benign hereditary telangiectasia,PENDING,,,,,
Benign hereditary telangiectasia/benign-telangiectasia-03.jpg,Benign hereditary telangiectasia,Benign hereditary telangiectasia,PENDING,,,,,
Benign hereditary telangiectasia/benign-telangiectasia-04.jpg,Benign hereditary telangiectasia,Benign hereditary telangiectasia,PENDING,,,,,
Benign hereditary telangiectasia/benign-telangiectasia-05.jpg,Benign hereditary telangiectasia,Benign hereditary telangiectasia,PENDING,,,,,
Benign hereditary telangiectasia/benign-telangiectasia-06.jpg,Benign hereditary telangiectasia,Benign hereditary telangiectasia,PENDING,,,,,
Benign hereditary telangiectasia/benign-telangiectasia-07.jpg,Benign hereditary telangiectasia,Benign hereditary telangiectasia,PENDING,,,,,
Benign hereditary telangiectasia/benign-telangiectasia-08.jpg,Benign hereditary telangiectasia,Benign hereditary telangiectasia,PENDING,,,,,
Benign hereditary telangiectasia/telangiectases-05.jpg,Benign hereditary telangiectasia,Benign hereditary telangiectasia,PENDING,,,,,
Birt-Hogg-Dubé syndrome/birt-hogg-dube-01.jpg,Birt-Hogg-Dubé syndrome,Birt-Hogg-Dubé syndrome,PENDING,,,,,
Birt-Hogg-Dubé syndrome/birt-hogg-dube-02.jpg,Birt-Hogg-Dubé syndrome,Birt-Hogg-Dubé syndrome,PENDING,,,,,
Birt-Hogg-Dubé syndrome/birt-hogg-dube-03.jpg,Birt-Hogg-Dubé syndrome,Birt-Hogg-Dubé syndrome,PENDING,,,,,
Birt-Hogg-Dubé syndrome/birt-hogg-dube-04.jpg,Birt-Hogg-Dubé syndrome,Birt-Hogg-Dubé syndrome,PENDING,,,,,
Birt-Hogg-Dubé syndrome/birt-hogg-dube-05.jpg,Birt-Hogg-Dubé syndrome,Birt-Hogg-Dubé syndrome,PENDING,,,,,
Birt-Hogg-Dubé syndrome/birt-hogg-dube-06.jpg,Birt-Hogg-Dubé syndrome,Birt-Hogg-Dubé syndrome,PENDING,,,,,
Birt-Hogg-Dubé syndrome/birt-hogg-dube-07.jpg,Birt-Hogg-Dubé syndrome,Birt-Hogg-Dubé syndrome,PENDING,,,,,
Birt-Hogg-Dubé syndrome/birt-hogg-dube-08.jpg,Birt-Hogg-Dubé syndrome,Birt-Hogg-Dubé syndrome,PENDING,,,,,
Birt-Hogg-Dubé syndrome/birt-hogg-dube-09.jpg,Birt-Hogg-Dubé syndrome,Birt-Hogg-Dubé syndrome,PENDING,,,,,
Birt-Hogg-Dubé syndrome/birt-hogg-dube-10.jpg,Birt-Hogg-Dubé syndrome,Birt-Hogg-Dubé syndrome,PENDING,,,,,
Birt-Hogg-Dubé syndrome/fibrofollic1.jpg,Birt-Hogg-Dubé syndrome,Birt-Hogg-Dubé syndrome,PENDING,,,,,
Birt-Hogg-Dubé syndrome/fibrofollic2.jpg,Birt-Hogg-Dubé syndrome,Birt-Hogg-Dubé syndrome,PENDING,,,,,
Birt-Hogg-Dubé syndrome/fibrofollic3.jpg,Birt-Hogg-Dubé syndrome,Birt-Hogg-Dubé syndrome,PENDING,,,,,
Birt-Hogg-Dubé syndrome/figure-47-face.jpg,Birt-Hogg-Dubé syndrome,Birt-Hogg-Dubé syndrome,PENDING,,,,,
Blue nevus/blue-naevus-0001.jpg,Blue nevus,Blue nevus,PENDING,,,,,
Blue nevus/blue-naevus-0003.jpg,Blue nevus,Blue nevus,PENDING,,,,,
Blue nevus/blue-naevus-0005.jpg,Blue nevus,Blue nevus,PENDING,,,,,
Blue nevus/blue-naevus-0007.jpg,Blue nevus,Blue nevus,PENDING,,,,,
Blue nevus/blue-naevus-0009.jpg,Blue nevus,Blue nevus,PENDING,,,,,
Blue nevus/blue-naevus-0011.jpg,Blue nevus,Blue nevus,PENDING,,,,,
Blue nevus/blue-naevus-0013.jpg,Blue nevus,Blue nevus,PENDING,,,,,
Blue nevus/blue-naevus-0015.jpg,Blue nevus,Blue nevus,PENDING,,,,,
Blue nevus/blue-naevus-0017.jpg,Blue nevus,Blue nevus,PENDING,,,,,
Blue nevus/blue-naevus-0019.jpg,Blue nevus,Blue nevus,PENDING,,,,,
Blue nevus/blue-naevus-0021.jpg,Blue nevus,Blue nevus,PENDING,,,,,
Blue nevus/blue-naevus-0023.jpg,Blue nevus,Blue nevus,PENDING,,,,,
Blue nevus/blue-naevus-0025.jpg,Blue nevus,Blue nevus,PENDING,,,,,
Blue nevus/blue-naevus-0027.jpg,Blue nevus,Blue nevus,PENDING,,,,,
Blue nevus/blue-naevus-0028.jpg,Blue nevus,Blue nevus,PENDING,,,,,
Blue nevus/blue-naevus-0029.jpg,Blue nevus,Blue nevus,PENDING,,,,,
Blue nevus/blue-naevus-0031.jpg,Blue nevus,Blue nevus,PENDING,,,,,
Blue nevus/blue-naevus-0032.jpg,Blue nevus,Blue nevus,PENDING,,,,,
Blue nevus/blue-naevus-0033.jpg,Blue nevus,Blue nevus,PENDING,,,,,
Blue nevus/blue-naevus-0035.jpg,Blue nevus,Blue nevus,PENDING,,,,,
Blue nevus/blue-naevus-0037.jpg,Blue nevus,Blue nevus,PENDING,,,,,
Blue nevus/blue-naevus-0039.jpg,Blue nevus,Blue nevus,PENDING,,,,,
Blue nevus/blue-naevus-0042.jpg,Blue nevus,Blue nevus,PENDING,,,,,
Blue nevus/blue-naevus.jpg,Blue nevus,Blue nevus,PENDING,,,,,
Blue nevus/blue-naevus5.jpg,Blue nevus,Blue nevus,PENDING,,,,,
Blue nevus/blue1.jpg,Blue nevus,Blue nevus,PENDING,,,,,
Blue nevus/blue1c.jpg,Blue nevus,Blue nevus,PENDING,,,,,
Blue nevus/blue3.jpg,Blue nevus,Blue nevus,PENDING,,,,,
Blue nevus/blue4.jpg,Blue nevus,Blue nevus,PENDING,,,,,
Blue nevus/blue5c.jpg,Blue nevus,Blue nevus,PENDING,,,,,
Blue nevus/bml4.jpg,Blue nevus,Blue nevus,PENDING,,,,,
Blue nevus/brbn1.jpg,Blue nevus,Blue nevus,PENDING,,,,,
Blue nevus/brbn2.jpg,Blue nevus,Blue nevus,PENDING,,,,,
Blue nevus/brbn3.jpg,Blue nevus,Blue nevus,PENDING,,,,,
Blue nevus/mal-blue.jpg,Blue nevus,Blue nevus,PENDING,,,,,
Blue nevus/melanocytic-naevus-058.jpg,Blue nevus,Blue nevus,PENDING,,,,,
Blue nevus/melanocytic-naevus-small-16.jpg,Blue nevus,Blue nevus,PENDING,,,,,
Boil/boil-1.jpg,Boil,Boil,PENDING,,,,,
Boil/boil.jpg,Boil,Boil,PENDING,,,,,
Boil/boil1.jpg,Boil,Boil,PENDING,,,,,
Boil/boil2.jpg,Boil,Boil,PENDING,,,,,
Boil/boil5.jpg,Boil,Boil,PENDING,,,,,
Boil/boil6.jpg,Boil,Boil,PENDING,,,,,
Boil/boils-267.jpg,Boil,Boil,PENDING,,,,,
Bullous pemphigoid/3360.jpg,Bullous pemphigoid,Bullous pemphigoid,PENDING,,,,,
Bullous pemphigoid/3361.jpg,Bullous pemphigoid,Bullous pemphigoid,PENDING,,,,,
Bullous pemphigoid/3362.jpg,Bullous pemphigoid,Bullous pemphigoid,PENDING,,,,,
Bullous pemphigoid/3363.jpg,Bullous pemphigoid,Bullous pemphigoid,PENDING,,,,,
Bullous pemphigoid/3364.jpg,Bullous pemphigoid,Bullous pemphigoid,PENDING,,,,,
Bullous pemphigoid/3365.jpg,Bullous pemphigoid,Bullous pemphigoid,PENDING,,,,,
Bullous pemphigoid/3367.jpg,Bullous pemphigoid,Bullous pemphigoid,PENDING,,,,,
Bullous pemphigoid/3368.jpg,Bullous pemphigoid,Bullous pemphigoid,PENDING,,,,,
Bullous pemphigoid/3369.jpg,Bullous pemphigoid,Bullous pemphigoid,PENDING,,,,,
Bullous pemphigoid/3370.jpg,Bullous pemphigoid,Bullous pemphigoid,PENDING,,,,,
Bullous pemphigoid/3371.jpg,Bullous pemphigoid,Bullous pemphigoid,PENDING,,,,,
Bullous pemphigoid/3372.jpg,Bullous pemphigoid,Bullous pemphigoid,PENDING,,,,,
Bullous pemphigoid/3373.jpg,Bullous pemphigoid,Bullous pemphigoid,PENDING,,,,,
Bullous pemphigoid/3374.jpg,Bullous pemphigoid,Bullous pemphigoid,PENDING,,,,,
Bullous pemphigoid/3375.jpg,Bullous pemphigoid,Bullous pemphigoid,PENDING,,,,,
Bullous pemphigoid/3376.jpg,Bullous pemphigoid,Bullous pemphigoid,PENDING,,,,,
Bullous pemphigoid/3377.jpg,Bullous pemphigoid,Bullous pemphigoid,PENDING,,,,,
Bullous pemphigoid/3378.jpg,Bullous pemphigoid,Bullous pemphigoid,PENDING,,,,,
Bullous pemphigoid/3379.jpg,Bullous pemphigoid,Bullous pemphigoid,PENDING,,,,,
Bullous pemphigoid/3380.jpg,Bullous pemphigoid,Bullous pemphigoid,PENDING,,,,,
Bullous pemphigoid/3381.jpg,Bullous pemphigoid,Bullous pemphigoid,PENDING,,,,,
Bullous pemphigoid/3382.jpg,Bullous pemphigoid,Bullous pemphigoid,PENDING,,,,,
Bullous pemphigoid/3383.jpg,Bullous pemphigoid,Bullous pemphigoid,PENDING,,,,,
Bullous pemphigoid/3384.jpg,Bullous pemphigoid,Bullous pemphigoid,PENDING,,,,,
Bullous pemphigoid/3385.jpg,Bullous pemphigoid,Bullous pemphigoid,PENDING,,,,,
Bullous pemphigoid/3386.jpg,Bullous pemphigoid,Bullous pemphigoid,PENDING,,,,,
Bullous pemphigoid/3387.jpg,Bullous pemphigoid,Bullous pemphigoid,PENDING,,,,,
Bullous pemphigoid/3388.jpg,Bullous pemphigoid,Bullous pemphigoid,PENDING,,,,,
Bullous pemphigoid/3389.jpg,Bullous pemphigoid,Bullous pemphigoid,PENDING,,,,,
Bullous pemphigoid/3390.jpg,Bullous pemphigoid,Bullous pemphigoid,PENDING,,,,,
Bullous pemphigoid/3391.jpg,Bullous pemphigoid,Bullous pemphigoid,PENDING,,,,,
Bullous pemphigoid/3392.jpg,Bullous pemphigoid,Bullous pemphigoid,PENDING,,,,,
Bullous pemphigoid/3393.jpg,Bullous pemphigoid,Bullous pemphigoid,PENDING,,,,,
Bullous pemphigoid/3394.jpg,Bullous pemphigoid,Bullous pemphigoid,PENDING,,,,,
Bullous pemphigoid/3395.jpg,Bullous pemphigoid,Bullous pemphigoid,PENDING,,,,,
Bullous pemphigoid/3396.jpg,Bullous pemphigoid,Bullous pemphigoid,PENDING,,,,,
Bullous pemphigoid/3397.jpg,Bullous pemphigoid,Bullous pemphigoid,PENDING,,,,,
Bullous pemphigoid/3398.jpg,Bullous pemphigoid,Bullous pemphigoid,PENDING,,,,,
Bullous pemphigoid/blist-pgoid1.jpg,Bullous pemphigoid,Bullous pemphigoid,PENDING,,,,,
Bullous pemphigoid/blist-pgoid2.jpg,Bullous pemphigoid,Bullous pemphigoid,PENDING,,,,,
Bullous pemphigoid/blist-pgoid3.jpg,Bullous pemphigoid,Bullous pemphigoid,PENDING,,,,,
Bullous pemphigoid/blist-pgoid4.jpg,Bullous pemphigoid,Bullous pemphigoid,PENDING,,,,,
Bullous pemphigoid/blist-pgoid5.jpg,Bullous pemphigoid,Bullous pemphigoid,PENDING,,,,,
Bullous pemphigoid/blist-pgoid6.jpg,Bullous pemphigoid,Bullous pemphigoid,PENDING,,,,,
Bullous pemphigoid/bullous-pemphigoid-00086.jpg,Bullous pemphigoid,Bullous pemphigoid,PENDING,,,,,
Bullous pemphigoid/bullous-pemphigoid-00087.jpg,Bullous pemphigoid,Bullous pemphigoid,PENDING,,,,,
Bullous pemphigoid/bullous-pemphigoid-00088.jpg,Bullous pemphigoid,Bullous pemphigoid,PENDING,,,,,
Bullous pemphigoid/bullous-pemphigoid-00089.jpg,Bullous pemphigoid,Bullous pemphigoid,PENDING,,,,,
Bullous pemphigoid/bullous-pemphigoid-00090.jpg,Bullous pemphigoid,Bullous pemphigoid,PENDING,,,,,
Bullous pemphigoid/bullous-pemphigoid-00091.jpg,Bullous pemphigoid,Bullous pemphigoid,PENDING,,,,,
Bullous pemphigoid/bullous-pemphigoid-00092.jpg,Bullous pemphigoid,Bullous pemphigoid,PENDING,,,,,
Bullous pemphigoid/bullous-pemphigoid-00093.jpg,Bullous pemphigoid,Bullous pemphigoid,PENDING,,,,,
Bullous pemphigoid/bullous-pemphigoid-00094.jpg,Bullous pemphigoid,Bullous pemphigoid,PENDING,,,,,
Bullous pemphigoid/bullous-pemphigoid-00095.jpg,Bullous pemphigoid,Bullous pemphigoid,PENDING,,,,,
Bullous pemphigoid/bullous-pemphigoid-00096.jpg,Bullous pemphigoid,Bullous pemphigoid,PENDING,,,,,
Bullous pemphigoid/bullous-pemphigoid-00098.jpg,Bullous pemphigoid,Bullous pemphigoid,PENDING,,,,,
Bullous pemphigoid/bullous-pemphigoid-00099.jpg,Bullous pemphigoid,Bullous pemphigoid,PENDING,,,,,
Bullous pemphigoid/bullous-pemphigoid-001.jpg,Bullous pemphigoid,Bullous pemphigoid,PENDING,,,,,
Bullous pemphigoid/bullous-pemphigoid-003.jpg,Bullous pemphigoid,Bullous pemphigoid,PENDING,,,,,
Bullous pemphigoid/bullous-pemphigoid-004.jpg,Bullous pemphigoid,Bullous pemphigoid,PENDING,,,,,
Bullous pemphigoid/bullous-pemphigoid-005.jpg,Bullous pemphigoid,Bullous pemphigoid,PENDING,,,,,
Bullous pemphigoid/bullous-pemphigoid-057.jpg,Bullous pemphigoid,Bullous pemphigoid,PENDING,,,,,
Bullous pemphigoid/bullous-pemphigoid-1.jpg,Bullous pemphigoid,Bullous pemphigoid,PENDING,,,,,
Bullous pemphigoid/bullous-pemphigoid-2.jpg,Bullous pemphigoid,Bullous pemphigoid,PENDING,,,,,
Bullous pemphigoid/bullous-pemphigoid-3.jpg,Bullous pemphigoid,Bullous pemphigoid,PENDING,,,,,
Bullous pemphigoid/bullous-pemphigoid-4.jpg,Bullous pemphigoid,Bullous pemphigoid,PENDING,,,,,
Bullous pemphigoid/bullous-pemphigoid-blisters.jpg,Bullous pemphigoid,Bullous pemphigoid,PENDING,,,,,
Bullous pemphigoid/bulpem1.jpg,Bullous pemphigoid,Bullous pemphigoid,PENDING,,,,,
Bullous pemphigoid/bulpem2.jpg,Bullous pemphigoid,Bullous pemphigoid,PENDING,,,,,
Bullous pemphigoid/bulpem4.jpg,Bullous pemphigoid,Bullous pemphigoid,PENDING,,,,,
Bullous pemphigoid/bulpem5.jpg,Bullous pemphigoid,Bullous pemphigoid,PENDING,,,,,
Bullous pemphigoid/cutaneous-adverse-drug-reaction-0041.jpg,Bullous pemphigoid,Bullous pemphigoid,PENDING,,,,,
Bullous pemphigoid/figure-30-blistering.jpg,Bullous pemphigoid,Bullous pemphigoid,PENDING,,,,,
Bullous pemphigoid/itchy-skin-34.jpg,Bullous pemphigoid,Bullous pemphigoid,PENDING,,,,,
Bullous pemphigoid/itchy-skin-35.jpg,Bullous pemphigoid,Bullous pemphigoid,PENDING,,,,,
Bullous pemphigoid/itchy-skin-36.jpg,Bullous pemphigoid,Bullous pemphigoid,PENDING,,,,,
Bullous pemphigoid/milia06.jpg,Bullous pemphigoid,Bullous pemphigoid,PENDING,,,,,
Bullous pemphigoid/milia07.jpg,Bullous pemphigoid,Bullous pemphigoid,PENDING,,,,,
Bullous pemphigoid/pembrolizumab-pemphigoid-01.jpg,Bullous pemphigoid,Bullous pemphigoid,PENDING,,,,,
Bullous pemphigoid/pembrolizumab-pemphigoid-02.jpg,Bullous pemphigoid,Bullous pemphigoid,PENDING,,,,,
Bullous pemphigoid/pembrolizumab-pemphigoid-03.jpg,Bullous pemphigoid,Bullous pemphigoid,PENDING,,,,,
Bullous pemphigoid/preblister1.jpg,Bullous pemphigoid,Bullous pemphigoid,PENDING,,,,,
Bullous pemphigoid/preblister2.jpg,Bullous pemphigoid,Bullous pemphigoid,PENDING,,,,,
Bullous pemphigoid/targetoid-12.jpg,Bullous pemphigoid,Bullous pemphigoid,PENDING,,,,,
Calcinosis cutis/calcinosis-cutis-0001.jpg,Calcinosis cutis,Calcinosis cutis,PENDING,,,,,
Calcinosis cutis/calcinosis-cutis-0002.jpg,Calcinosis cutis,Calcinosis cutis,PENDING,,,,,
Calcinosis cutis/calcinosis-cutis-0003.jpg,Calcinosis cutis,Calcinosis cutis,PENDING,,,,,
Calcinosis cutis/calcinosis-cutis-0007.jpg,Calcinosis cutis,Calcinosis cutis,PENDING,,,,,
Calcinosis cutis/calcinosis-cutis-0008.jpg,Calcinosis cutis,Calcinosis cutis,PENDING,,,,,
Calcinosis cutis/calcinosis-cutis-0009.jpg,Calcinosis cutis,Calcinosis cutis,PENDING,,,,,
Calcinosis cutis/calcinosis-cutis-0010.jpg,Calcinosis cutis,Calcinosis cutis,PENDING,,,,,
Calcinosis cutis/calcinosis-cutis-0011.jpg,Calcinosis cutis,Calcinosis cutis,PENDING,,,,,
Calcinosis cutis/calcinosis-cutis-0012.jpg,Calcinosis cutis,Calcinosis cutis,PENDING,,,,,
Calcinosis cutis/calcinosis-cutis-0013.jpg,Calcinosis cutis,Calcinosis cutis,PENDING,,,,,
Calcinosis cutis/calcinosis-cutis-0014.jpg,Calcinosis cutis,Calcinosis cutis,PENDING,,,,,
Calcinosis cutis/calcinosis-cutis-0015.jpg,Calcinosis cutis,Calcinosis cutis,PENDING,,,,,
Calcinosis cutis/calcinosis-cutis-0016.jpg,Calcinosis cutis,Calcinosis cutis,PENDING,,,,,
Calcinosis cutis/calcinosis-cutis-0018.jpg,Calcinosis cutis,Calcinosis cutis,PENDING,,,,,
Calcinosis cutis/calcinosis-cutis-0019.jpg,Calcinosis cutis,Calcinosis cutis,PENDING,,,,,
Calcinosis cutis/calcinosis-cutis-0020.jpg,Calcinosis cutis,Calcinosis cutis,PENDING,,,,,
Calcinosis cutis/calcinosis-cutis-0021.jpg,Calcinosis cutis,Calcinosis cutis,PENDING,,,,,
Calcinosis cutis/calcinosis-cutis-0022.jpg,Calcinosis cutis,Calcinosis cutis,PENDING,,,,,
Calcinosis cutis/calcinosis.jpg,Calcinosis cutis,Calcinosis cutis,PENDING,,,,,
Calcinosis cutis/calcinosis1.jpg,Calcinosis cutis,Calcinosis cutis,PENDING,,,,,
Calcinosis cutis/calcinosis2.jpg,Calcinosis cutis,Calcinosis cutis,PENDING,,,,,
Calcinosis cutis/dermatomyositis-calcinosis-45.jpg,Calcinosis cutis,Calcinosis cutis,PENDING,,,,,
Calciphylaxis/calciphylaxis-0001.jpg,Calciphylaxis,Calciphylaxis,PENDING,,,,,
Calciphylaxis/calciphylaxis-0002.jpg,Calciphylaxis,Calciphylaxis,PENDING,,,,,
Calciphylaxis/calciphylaxis-0003.jpg,Calciphylaxis,Calciphylaxis,PENDING,,,,,
Calciphylaxis/calciphylaxis1.jpg,Calciphylaxis,Calciphylaxis,PENDING,,,,,
Calciphylaxis/calciphylaxis2.jpg,Calciphylaxis,Calciphylaxis,PENDING,,,,,
Calciphylaxis/calciphylaxis3.jpg,Calciphylaxis,Calciphylaxis,PENDING,,,,,
Calciphylaxis/calciphylaxis4.jpg,Calciphylaxis,Calciphylaxis,PENDING,,,,,
Calciphylaxis/calciphylaxis5.jpg,Calciphylaxis,Calciphylaxis,PENDING,,,,,
Calciphylaxis/calciphylaxis6.jpg,Calciphylaxis,Calciphylaxis,PENDING,,,,,
Calciphylaxis/calciphylaxis7.jpg,Calciphylaxis,Calciphylaxis,PENDING,,,,,
Calciphylaxis/calciphylaxis8.jpg,Calciphylaxis,Calciphylaxis,PENDING,,,,,
Calciphylaxis/calciphylaxis9.jpg,Calciphylaxis,Calciphylaxis,PENDING,,,,,
Calciphylaxis/figure-15-fever+rash.jpg,Calciphylaxis,Calciphylaxis,PENDING,,,,,
Calciphylaxis/ulcer-46.jpg,Calciphylaxis,Calciphylaxis,PENDING,,,,,
Calciphylaxis/ulcer-47.jpg,Calciphylaxis,Calciphylaxis,PENDING,,,,,
Capillary vascular malformation/ak-circum.jpg,Capillary vascular malformation,Capillary vascular malformation,PENDING,,,,,
Capillary vascular malformation/haeman2.jpg,Capillary vascular malformation,Capillary vascular malformation,PENDING,,,,,
Capillary vascular malformation/pws-laser.jpg,Capillary vascular malformation,Capillary vascular malformation,PENDING,,,,,
Capillary vascular malformation/pws2.jpg,Capillary vascular malformation,Capillary vascular malformation,PENDING,,,,,
Capillary vascular malformation/pws3.jpg,Capillary vascular malformation,Capillary vascular malformation,PENDING,,,,,
Capillary vascular malformation/pws4.jpg,Capillary vascular malformation,Capillary vascular malformation,PENDING,,,,,
Capillary vascular malformation/pws5.jpg,Capillary vascular malformation,Capillary vascular malformation,PENDING,,,,,
Capillary vascular malformation/pws6.jpg,Capillary vascular malformation,Capillary vascular malformation,PENDING,,,,,
Capillary vascular malformation/retic1.jpg,Capillary vascular malformation,Capillary vascular malformation,PENDING,,,,,
Capillary vascular malformation/retic2.jpg,Capillary vascular malformation,Capillary vascular malformation,PENDING,,,,,
Capillary vascular malformation/retic3.jpg,Capillary vascular malformation,Capillary vascular malformation,PENDING,,,,,
Capillary vascular malformation/stork.jpg,Capillary vascular malformation,Capillary vascular malformation,PENDING,,,,,
Capillary vascular malformation/stork2.jpg,Capillary vascular malformation,Capillary vascular malformation,PENDING,,,,,
Capillary vascular malformation/stork3.jpg,Capillary vascular malformation,Capillary vascular malformation,PENDING,,,,,
Carotenoderma/carot2.jpg,Carotenoderma,Carotenoderma,PENDING,,,,,
Carotenoderma/jaundice-01.jpg,Carotenoderma,Carotenoderma,PENDING,,,,,
Cellulitis/callus6.jpg,Cellulitis,Cellulitis,PENDING,,,,,
Cellulitis/cell-leg.jpg,Cellulitis,Cellulitis,PENDING,,,,,
Cellulitis/cellulitis-001.jpg,Cellulitis,Cellulitis,PENDING,,,,,
Cellulitis/cellulitis-002.jpg,Cellulitis,Cellulitis,PENDING,,,,,
Cellulitis/cellulitis-003.jpg,Cellulitis,Cellulitis,PENDING,,,,,
Cellulitis/cellulitis-012.jpg,Cellulitis,Cellulitis,PENDING,,,,,
Cellulitis/cellulitis.jpg,Cellulitis,Cellulitis,PENDING,,,,,
Cellulitis/cellulitis01.jpg,Cellulitis,Cellulitis,PENDING,,,,,
Cellulitis/cellulitis2.jpg,Cellulitis,Cellulitis,PENDING,,,,,
Cellulitis/cellulitis3.jpg,Cellulitis,Cellulitis,PENDING,,,,,
Cellulitis/cellulitis4.jpg,Cellulitis,Cellulitis,PENDING,,,,,
Cellulitis/cellulitis5.jpg,Cellulitis,Cellulitis,PENDING,,,,,
Cellulitis/eosinophilic-cellulitis-01.jpg,Cellulitis,Cellulitis,PENDING,,,,,
Cellulitis/eosinophilic-cellulitis-02.jpg,Cellulitis,Cellulitis,PENDING,,,,,
Cellulitis/infected-venous-disease-08.jpg,Cellulitis,Cellulitis,PENDING,,,,,
Cellulitis/infected-venous-disease-09.jpg,Cellulitis,Cellulitis,PENDING,,,,,
Cellulitis/lymphoedema2.jpg,Cellulitis,Cellulitis,PENDING,,,,,
Cellulitis/staphylococcal-skin-infection-0001.jpg,Cellulitis,Cellulitis,PENDING,,,,,
Cellulitis/wells-syndrome-0001.jpg,Cellulitis,Cellulitis,PENDING,,,,,
Cellulitis/wells-syndrome-0002.jpg,Cellulitis,Cellulitis,PENDING,,,,,
Cellulitis/wells-syndrome-0003.jpg,Cellulitis,Cellulitis,PENDING,,,,,
Cherry angioma/109538.34950845.20150903091243169.jpg,Cherry angioma,Cherry angioma,PENDING,,,,,
Cherry angioma/128525.35741563.20110913090638085.jpg,Cherry angioma,Cherry angioma,PENDING,,,,,
Cherry angioma/1315.jpg,Cherry angioma,Cherry angioma,PENDING,,,,,
Cherry angioma/1316.jpg,Cherry angioma,Cherry angioma,PENDING,,,,,
Cherry angioma/1317.jpg,Cherry angioma,Cherry angioma,PENDING,,,,,
Cherry angioma/1318.jpg,Cherry angioma,Cherry angioma,PENDING,,,,,
Cherry angioma/144459.35090087.20120424102624126.jpg,Cherry angioma,Cherry angioma,PENDING,,,,,
Cherry angioma/152889.14290524.20121016120250860.jpg,Cherry angioma,Cherry angioma,PENDING,,,,,
Cherry angioma/152889.15370503.20121016120248707.jpg,Cherry angioma,Cherry angioma,PENDING,,,,,
Cherry angioma/166240.15950422.20150514130216454.jpg,Cherry angioma,Cherry angioma,PENDING,,,,,
Cherry angioma/202783.15000083.20151006083606846.jpg,Cherry angioma,Cherry angioma,PENDING,,,,,
Cherry angioma/208528.25830736.20151229090402533.jpg,Cherry angioma,Cherry angioma,PENDING,,,,,
Cherry angioma/213647.15950390.20160303082608019.jpg,Cherry angioma,Cherry angioma,PENDING,,,,,
Cherry angioma/215060.14010472.20160322115011405.jpg,Cherry angioma,Cherry angioma,PENDING,,,,,
Cherry angioma/220662.15310421.20160705103547963.jpg,Cherry angioma,Cherry angioma,PENDING,,,,,
Cherry angioma/Cherry-angioma-1-macro.jpg,Cherry angioma,Cherry angioma,PENDING,,,,,
Cherry angioma/angioma1.jpg,Cherry angioma,Cherry angioma,PENDING,,,,,
Cherry angioma/haeman3.jpg,Cherry angioma,Cherry angioma,PENDING,,,,,
Cherry angioma/hemang1.jpg,Cherry angioma,Cherry angioma,PENDING,,,,,
Cherry angioma/hemang4.jpg,Cherry angioma,Cherry angioma,PENDING,,,,,
Cherry angioma/hemangioma2.jpg,Cherry angioma,Cherry angioma,PENDING,,,,,
Chilblains/chilblain-le.jpg,Chilblains,Chilblains,PENDING,,,,,
Chilblains/chilblains-016-v2.jpg,Chilblains,Chilblains,PENDING,,,,,
Chilblains/chilblains-018-v2.jpg,Chilblains,Chilblains,PENDING,,,,,
Chilblains/chilblains1.jpg,Chilblains,Chilblains,PENDING,,,,,
Chilblains/figure-17-blistering.jpg,Chilblains,Chilblains,PENDING,,,,,
Chloracne _ MADISH/chloracne1.jpg,Chloracne _ MADISH,Chloracne _ MADISH,PENDING,,,,,
Chloracne _ MADISH/chloracne2.jpg,Chloracne _ MADISH,Chloracne _ MADISH,PENDING,,,,,
Chloracne _ MADISH/chloracne3.jpg,Chloracne _ MADISH,Chloracne _ MADISH,PENDING,,,,,
Cold urticaria/cold-urticaria1.jpg,Cold urticaria,Cold urticaria,PENDING,,,,,
Cold urticaria/cold-urticaria2.jpg,Cold urticaria,Cold urticaria,PENDING,,,,,
Cold urticaria/cold-urticaria3.jpg,Cold urticaria,Cold urticaria,PENDING,,,,,
Cold urticaria/cold-urticaria4.jpg,Cold urticaria,Cold urticaria,PENDING,,,,,
Cold urticaria/cold-urticaria5.jpg,Cold urticaria,Cold urticaria,PENDING,,,,,
Cold urticaria/cold-urticaria6.jpg,Cold urticaria,Cold urticaria,PENDING,,,,,
Cold urticaria/ice1.jpg,Cold urticaria,Cold urticaria,PENDING,,,,,
Cold urticaria/ice2.jpg,Cold urticaria,Cold urticaria,PENDING,,,,,
Cold urticaria/ice3.jpg,Cold urticaria,Cold urticaria,PENDING,,,,,
Cold urticaria/urticaria-206.jpg,Cold urticaria,Cold urticaria,PENDING,,,,,
Colloid milium/colloid-milium-01.jpg,Colloid milium,Colloid milium,PENDING,,,,,
Colloid milium/colloid-milium-02.jpg,Colloid milium,Colloid milium,PENDING,,,,,
Colloid milium/colloid-milium-03.jpg,Colloid milium,Colloid milium,PENDING,,,,,
Congenital melanocytic naevus/125867.44770195.20110727105637012.jpg,Congenital melanocytic naevus,Congenital melanocytic naevus,PENDING,,,,,
Congenital melanocytic naevus/bml-c2.jpg,Congenital melanocytic naevus,Congenital melanocytic naevus,PENDING,,,,,
Congenital melanocytic naevus/bml-c4.jpg,Congenital melanocytic naevus,Congenital melanocytic naevus,PENDING,,,,,
Congenital melanocytic naevus/calm.jpg,Congenital melanocytic naevus,Congenital melanocytic naevus,PENDING,,,,,
Congenital melanocytic naevus/cong-naevus1.jpg,Congenital melanocytic naevus,Congenital melanocytic naevus,PENDING,,,,,
Congenital melanocytic naevus/cong-naevus2.jpg,Congenital melanocytic naevus,Congenital melanocytic naevus,PENDING,,,,,
Congenital melanocytic naevus/cong-naevus6.jpg,Congenital melanocytic naevus,Congenital melanocytic naevus,PENDING,,,,,
Congenital melanocytic naevus/congen-melanocytic-naevus.jpg,Congenital melanocytic naevus,Congenital melanocytic naevus,PENDING,,,,,
Congenital melanocytic naevus/kissing-naevus-1.jpg,Congenital melanocytic naevus,Congenital melanocytic naevus,PENDING,,,,,
Congenital melanocytic naevus/kissing-naevus-2.jpg,Congenital melanocytic naevus,Congenital melanocytic naevus,PENDING,,,,,
Congenital melanocytic naevus/medium.jpg,Congenital melanocytic naevus,Congenital melanocytic naevus,PENDING,,,,,
Congenital melanocytic naevus/melanocytic-congenital-naevus-skin-type-5.jpg,Congenital melanocytic naevus,Congenital melanocytic naevus,PENDING,,,,,
Congenital melanocytic naevus/naevoid-ht2.jpg,Congenital melanocytic naevus,Congenital melanocytic naevus,PENDING,,,,,
Congenital melanocytic naevus/naevus-single-colour-08.jpg,Congenital melanocytic naevus,Congenital melanocytic naevus,PENDING,,,,,
Congenital melanocytic naevus/neurocutaneous-melanosis-0001.jpg,Congenital melanocytic naevus,Congenital melanocytic naevus,PENDING,,,,,
Congenital melanocytic naevus/neurocutaneous-melanosis-0002.jpg,Congenital melanocytic naevus,Congenital melanocytic naevus,PENDING,,,,,
Congenital melanocytic naevus/neurocutaneous-melanosis-0003.jpg,Congenital melanocytic naevus,Congenital melanocytic naevus,PENDING,,,,,
Congenital melanocytic naevus/neurocutaneous-melanosis-0004.jpg,Congenital melanocytic naevus,Congenital melanocytic naevus,PENDING,,,,,
Congenital melanocytic naevus/pigmented-lesion-02.jpg,Congenital melanocytic naevus,Congenital melanocytic naevus,PENDING,,,,,
Congenital melanocytic naevus/speckled.jpg,Congenital melanocytic naevus,Congenital melanocytic naevus,PENDING,,,,,
Cryoglobulinaemia/cryoglob1.jpg,Cryoglobulinaemia,Cryoglobulinaemia,PENDING,,,,,
Cryoglobulinaemia/cryoglob2.jpg,Cryoglobulinaemia,Cryoglobulinaemia,PENDING,,,,,
Cryoglobulinaemia/cryoglob3.jpg,Cryoglobulinaemia,Cryoglobulinaemia,PENDING,,,,,
Cryoglobulinaemia/cryoglob4.jpg,Cryoglobulinaemia,Cryoglobulinaemia,PENDING,,,,,
Cryoglobulinaemia/cryoglob5.jpg,Cryoglobulinaemia,Cryoglobulinaemia,PENDING,,,,,
Cryoglobulinaemia/cryoglobulinaemia-0001.jpg,Cryoglobulinaemia,Cryoglobulinaemia,PENDING,,,,,
Cryoglobulinaemia/cryoglobulinaemia-0002.jpg,Cryoglobulinaemia,Cryoglobulinaemia,PENDING,,,,,
Cryoglobulinaemia/pernio1.jpg,Cryoglobulinaemia,Cryoglobulinaemia,PENDING,,,,,
Cryoglobulinaemia/pernio2.jpg,Cryoglobulinaemia,Cryoglobulinaemia,PENDING,,,,,
Cryoglobulinaemia/pernio3.jpg,Cryoglobulinaemia,Cryoglobulinaemia,PENDING,,,,,
Cryoglobulinaemia/pernio4.jpg,Cryoglobulinaemia,Cryoglobulinaemia,PENDING,,,,,
Cryoglobulinaemia/pernio5.jpg,Cryoglobulinaemia,Cryoglobulinaemia,PENDING,,,,,
Cryoglobulinaemia/pernio6.jpg,Cryoglobulinaemia,Cryoglobulinaemia,PENDING,,,,,
Cryoglobulinaemia/raynaud.jpg,Cryoglobulinaemia,Cryoglobulinaemia,PENDING,,,,,
Cryoglobulinaemia/ulcer-52.jpg,Cryoglobulinaemia,Cryoglobulinaemia,PENDING,,,,,
Cryoglobulinaemia/ulcer-53.jpg,Cryoglobulinaemia,Cryoglobulinaemia,PENDING,,,,,
Cutaneous abscess/abscess-1.jpg,Cutaneous abscess,Cutaneous abscess,PENDING,,,,,
Cutaneous abscess/abscess-2.jpg,Cutaneous abscess,Cutaneous abscess,PENDING,,,,,
Cutaneous abscess/abscess-3.jpg,Cutaneous abscess,Cutaneous abscess,PENDING,,,,,
Cutaneous abscess/abscess-4.jpg,Cutaneous abscess,Cutaneous abscess,PENDING,,,,,
Cutaneous abscess/abscess-6.jpg,Cutaneous abscess,Cutaneous abscess,PENDING,,,,,
Cutaneous abscess/abscess1.jpg,Cutaneous abscess,Cutaneous abscess,PENDING,,,,,
Cutaneous amyloidosis/amyl2.jpg,Cutaneous amyloidosis,Cutaneous amyloidosis,PENDING,,,,,
Cutaneous amyloidosis/amyloid1.jpg,Cutaneous amyloidosis,Cutaneous amyloidosis,PENDING,,,,,
Cutaneous amyloidosis/amyloid1ajpg.jpg,Cutaneous amyloidosis,Cutaneous amyloidosis,PENDING,,,,,
Cutaneous amyloidosis/amyloid4.jpg,Cutaneous amyloidosis,Cutaneous amyloidosis,PENDING,,,,,
Cutaneous amyloidosis/amyloid5.jpg,Cutaneous amyloidosis,Cutaneous amyloidosis,PENDING,,,,,
Cutaneous amyloidosis/amyloid6.jpg,Cutaneous amyloidosis,Cutaneous amyloidosis,PENDING,,,,,
Cutaneous amyloidosis/amyloid7.jpg,Cutaneous amyloidosis,Cutaneous amyloidosis,PENDING,,,,,
Cutaneous amyloidosis/amyloid8.jpg,Cutaneous amyloidosis,Cutaneous amyloidosis,PENDING,,,,,
Cutaneous amyloidosis/amyloid9.jpg,Cutaneous amyloidosis,Cutaneous amyloidosis,PENDING,,,,,
Cutaneous amyloidosis/amyloidosis-0001.jpg,Cutaneous amyloidosis,Cutaneous amyloidosis,PENDING,,,,,
Cutaneous amyloidosis/amyloidosis-0003.jpg,Cutaneous amyloidosis,Cutaneous amyloidosis,PENDING,,,,,
Cutaneous amyloidosis/amyloidosis-0004.jpg,Cutaneous amyloidosis,Cutaneous amyloidosis,PENDING,,,,,
Cutaneous amyloidosis/amyloidosis-0005.jpg,Cutaneous amyloidosis,Cutaneous amyloidosis,PENDING,,,,,
Cutaneous amyloidosis/amyloidosis-0010.jpg,Cutaneous amyloidosis,Cutaneous amyloidosis,PENDING,,,,,
Cutaneous amyloidosis/amyloidosis-0011.jpg,Cutaneous amyloidosis,Cutaneous amyloidosis,PENDING,,,,,
Cutaneous amyloidosis/amyloidosis-0013.jpg,Cutaneous amyloidosis,Cutaneous amyloidosis,PENDING,,,,,
Cutaneous amyloidosis/amyloidosis-0014.jpg,Cutaneous amyloidosis,Cutaneous amyloidosis,PENDING,,,,,
Cutaneous amyloidosis/lichen-amyloid.jpg,Cutaneous amyloidosis,Cutaneous amyloidosis,PENDING,,,,,
Cutaneous amyloidosis/lichen-amyloidosis-01.jpg,Cutaneous amyloidosis,Cutaneous amyloidosis,PENDING,,,,,
Cutaneous amyloidosis/lichen-amyloidosis-02.jpg,Cutaneous amyloidosis,Cutaneous amyloidosis,PENDING,,,,,
Cutaneous amyloidosis/lichen-amyloidosis-03.jpg,Cutaneous amyloidosis,Cutaneous amyloidosis,PENDING,,,,,
Cutaneous amyloidosis/lichen-amyloidosis-04.jpg,Cutaneous amyloidosis,Cutaneous amyloidosis,PENDING,,,,,
Cutaneous amyloidosis/lichen-amyloidosis-05.jpg,Cutaneous amyloidosis,Cutaneous amyloidosis,PENDING,,,,,
Cutaneous amyloidosis/lichen-amyloidosis-06.jpg,Cutaneous amyloidosis,Cutaneous amyloidosis,PENDING,,,,,
Cutaneous amyloidosis/lichen-amyloidosis-08.jpg,Cutaneous amyloidosis,Cutaneous amyloidosis,PENDING,,,,,
Cutaneous amyloidosis/lichen-amyloidosis-11.jpg,Cutaneous amyloidosis,Cutaneous amyloidosis,PENDING,,,,,
Cutaneous amyloidosis/lichen-amyloidosis-12.jpg,Cutaneous amyloidosis,Cutaneous amyloidosis,PENDING,,,,,
Cutaneous amyloidosis/lichen-amyloidosis-13.jpg,Cutaneous amyloidosis,Cutaneous amyloidosis,PENDING,,,,,
Cutaneous amyloidosis/lichen-amyloidosis-14.jpg,Cutaneous amyloidosis,Cutaneous amyloidosis,PENDING,,,,,
Cutaneous amyloidosis/lichen-amyloidosis-15.jpg,Cutaneous amyloidosis,Cutaneous amyloidosis,PENDING,,,,,
Cutaneous amyloidosis/lichen-amyloidosis-16.jpg,Cutaneous amyloidosis,Cutaneous amyloidosis,PENDING,,,,,
Cutaneous amyloidosis/lichen-amyloidosis-18.jpg,Cutaneous amyloidosis,Cutaneous amyloidosis,PENDING,,,,,
Cutaneous amyloidosis/lichen-amyloidosis-19.jpg,Cutaneous amyloidosis,Cutaneous amyloidosis,PENDING,,,,,
Cutaneous amyloidosis/lichen-amyloidosis-20.jpg,Cutaneous amyloidosis,Cutaneous amyloidosis,PENDING,,,,,
Cutaneous amyloidosis/lichen-amyloidosis-21.jpg,Cutaneous amyloidosis,Cutaneous amyloidosis,PENDING,,,,,
Cutaneous amyloidosis/lichen-amyloidosis-22.jpg,Cutaneous amyloidosis,Cutaneous amyloidosis,PENDING,,,,,
Cutaneous amyloidosis/lichen-amyloidosis-23.jpg,Cutaneous amyloidosis,Cutaneous amyloidosis,PENDING,,,,,
Cutaneous horn/316.jpg,Cutaneous horn,Cutaneous horn,PENDING,,,,,
Cutaneous horn/cut-horn-ear.jpg,Cutaneous horn,Cutaneous horn,PENDING,,,,,
Cutaneous horn/horn-01.jpg,Cutaneous horn,Cutaneous horn,PENDING,,,,,
Cutaneous horn/horn-02.jpg,Cutaneous horn,Cutaneous horn,PENDING,,,,,
Cutaneous horn/horn-03.jpg,Cutaneous horn,Cutaneous horn,PENDING,,,,,
Cutaneous horn/horn-04.jpg,Cutaneous horn,Cutaneous horn,PENDING,,,,,
Cutaneous horn/horn-05.jpg,Cutaneous horn,Cutaneous horn,PENDING,,,,,
Cutaneous horn/horn-06.jpg,Cutaneous horn,Cutaneous horn,PENDING,,,,,
Cutaneous horn/horn-07.jpg,Cutaneous horn,Cutaneous horn,PENDING,,,,,
Cutaneous horn/horn-08.jpg,Cutaneous horn,Cutaneous horn,PENDING,,,,,
Cutaneous horn/horn-09.jpg,Cutaneous horn,Cutaneous horn,PENDING,,,,,
Cutaneous horn/horn-10.jpg,Cutaneous horn,Cutaneous horn,PENDING,,,,,
Cutaneous horn/horn-11.jpg,Cutaneous horn,Cutaneous horn,PENDING,,,,,
Cutaneous horn/horn-12.jpg,Cutaneous horn,Cutaneous horn,PENDING,,,,,
Cutaneous horn/horn-13.jpg,Cutaneous horn,Cutaneous horn,PENDING,,,,,
Cutaneous horn/horn-14.jpg,Cutaneous horn,Cutaneous horn,PENDING,,,,,
Cutaneous horn/horn-15.jpg,Cutaneous horn,Cutaneous horn,PENDING,,,,,
Cutaneous horn/horn-16.jpg,Cutaneous horn,Cutaneous horn,PENDING,,,,,
Cutaneous horn/horn-17.jpg,Cutaneous horn,Cutaneous horn,PENDING,,,,,
Cutaneous horn/horn-18.jpg,Cutaneous horn,Cutaneous horn,PENDING,,,,,
Cutaneous horn/horn-19.jpg,Cutaneous horn,Cutaneous horn,PENDING,,,,,
Cutaneous horn/horn-20.jpg,Cutaneous horn,Cutaneous horn,PENDING,,,,,
Cutaneous horn/horn-21.jpg,Cutaneous horn,Cutaneous horn,PENDING,,,,,
Cutaneous horn/horn1.jpg,Cutaneous horn,Cutaneous horn,PENDING,,,,,
Cutaneous horn/horn4.jpg,Cutaneous horn,Cutaneous horn,PENDING,,,,,
Cutaneous horn/scc-101.jpg,Cutaneous horn,Cutaneous horn,PENDING,,,,,
Cutaneous horn/sebks18.jpg,Cutaneous horn,Cutaneous horn,PENDING,,,,,
Cutaneous horn/shave2.jpg,Cutaneous horn,Cutaneous horn,PENDING,,,,,
Cutaneous horn/squamous-cell-carcinoma-0019.jpg,Cutaneous horn,Cutaneous horn,PENDING,,,,,
Cutaneous larva migrans/larva-mig1.jpg,Cutaneous larva migrans,Cutaneous larva migrans,PENDING,,,,,
Cutaneous larva migrans/larva-mig2.jpg,Cutaneous larva migrans,Cutaneous larva migrans,PENDING,,,,,
Cutaneous larva migrans/larva-migrans.jpg,Cutaneous larva migrans,Cutaneous larva migrans,PENDING,,,,,
Cutaneous lupus erythematosus/2515.jpg,Cutaneous lupus erythematosus,Cutaneous lupus erythematosus,PENDING,,,,,
Cutaneous lupus erythematosus/2516.jpg,Cutaneous lupus erythematosus,Cutaneous lupus erythematosus,PENDING,,,,,
Cutaneous lupus erythematosus/2517.jpg,Cutaneous lupus erythematosus,Cutaneous lupus erythematosus,PENDING,,,,,
Cutaneous lupus erythematosus/2518.jpg,Cutaneous lupus erythematosus,Cutaneous lupus erythematosus,PENDING,,,,,
Cutaneous lupus erythematosus/2519.jpg,Cutaneous lupus erythematosus,Cutaneous lupus erythematosus,PENDING,,,,,
Cutaneous lupus erythematosus/2520.jpg,Cutaneous lupus erythematosus,Cutaneous lupus erythematosus,PENDING,,,,,
Cutaneous lupus erythematosus/2521.jpg,Cutaneous lupus erythematosus,Cutaneous lupus erythematosus,PENDING,,,,,
Cutaneous lupus erythematosus/2522.jpg,Cutaneous lupus erythematosus,Cutaneous lupus erythematosus,PENDING,,,,,
Cutaneous lupus erythematosus/2523.jpg,Cutaneous lupus erythematosus,Cutaneous lupus erythematosus,PENDING,,,,,
Cutaneous lupus erythematosus/2524.jpg,Cutaneous lupus erythematosus,Cutaneous lupus erythematosus,PENDING,,,,,
Cutaneous lupus erythematosus/2525.jpg,Cutaneous lupus erythematosus,Cutaneous lupus erythematosus,PENDING,,,,,
Cutaneous lupus erythematosus/2526.jpg,Cutaneous lupus erythematosus,Cutaneous lupus erythematosus,PENDING,,,,,
Cutaneous lupus erythematosus/2527.jpg,Cutaneous lupus erythematosus,Cutaneous lupus erythematosus,PENDING,,,,,
Cutaneous lupus erythematosus/2528.jpg,Cutaneous lupus erythematosus,Cutaneous lupus erythematosus,PENDING,,,,,
Cutaneous lupus erythematosus/2529.jpg,Cutaneous lupus erythematosus,Cutaneous lupus erythematosus,PENDING,,,,,
Cutaneous lupus erythematosus/2530.jpg,Cutaneous lupus erythematosus,Cutaneous lupus erythematosus,PENDING,,,,,
Cutaneous lupus erythematosus/2531.jpg,Cutaneous lupus erythematosus,Cutaneous lupus erythematosus,PENDING,,,,,
Cutaneous lupus erythematosus/2532.jpg,Cutaneous lupus erythematosus,Cutaneous lupus erythematosus,PENDING,,,,,
Cutaneous lupus erythematosus/2533.jpg,Cutaneous lupus erythematosus,Cutaneous lupus erythematosus,PENDING,,,,,
Cutaneous lupus erythematosus/2534.jpg,Cutaneous lupus erythematosus,Cutaneous lupus erythematosus,PENDING,,,,,
Cutaneous lupus erythematosus/2535.jpg,Cutaneous lupus erythematosus,Cutaneous lupus erythematosus,PENDING,,,,,
Cutaneous lupus erythematosus/2536.jpg,Cutaneous lupus erythematosus,Cutaneous lupus erythematosus,PENDING,,,,,
Cutaneous lupus erythematosus/2537.jpg,Cutaneous lupus erythematosus,Cutaneous lupus erythematosus,PENDING,,,,,
Cutaneous lupus erythematosus/2538.jpg,Cutaneous lupus erythematosus,Cutaneous lupus erythematosus,PENDING,,,,,
Cutaneous lupus erythematosus/2539.jpg,Cutaneous lupus erythematosus,Cutaneous lupus erythematosus,PENDING,,,,,
Cutaneous lupus erythematosus/2540.jpg,Cutaneous lupus erythematosus,Cutaneous lupus erythematosus,PENDING,,,,,
Cutaneous lupus erythematosus/2541.jpg,Cutaneous lupus erythematosus,Cutaneous lupus erythematosus,PENDING,,,,,
Cutaneous lupus erythematosus/2542.jpg,Cutaneous lupus erythematosus,Cutaneous lupus erythematosus,PENDING,,,,,
Cutaneous lupus erythematosus/2543.jpg,Cutaneous lupus erythematosus,Cutaneous lupus erythematosus,PENDING,,,,,
Cutaneous lupus erythematosus/2544.jpg,Cutaneous lupus erythematosus,Cutaneous lupus erythematosus,PENDING,,,,,
Cutaneous lupus erythematosus/2545.jpg,Cutaneous lupus erythematosus,Cutaneous lupus erythematosus,PENDING,,,,,
Cutaneous lupus erythematosus/2546.jpg,Cutaneous lupus erythematosus,Cutaneous lupus erythematosus,PENDING,,,,,
Cutaneous lupus erythematosus/2547.jpg,Cutaneous lupus erythematosus,Cutaneous lupus erythematosus,PENDING,,,,,
Cutaneous lupus erythematosus/2548.jpg,Cutaneous lupus erythematosus,Cutaneous lupus erythematosus,PENDING,,,,,
Cutaneous lupus erythematosus/2549.jpg,Cutaneous lupus erythematosus,Cutaneous lupus erythematosus,PENDING,,,,,
Cutaneous lupus erythematosus/2550.jpg,Cutaneous lupus erythematosus,Cutaneous lupus erythematosus,PENDING,,,,,
Cutaneous lupus erythematosus/2551.jpg,Cutaneous lupus erythematosus,Cutaneous lupus erythematosus,PENDING,,,,,
Cutaneous lupus erythematosus/2552.jpg,Cutaneous lupus erythematosus,Cutaneous lupus erythematosus,PENDING,,,,,
Cutaneous lupus erythematosus/2553.jpg,Cutaneous lupus erythematosus,Cutaneous lupus erythematosus,PENDING,,,,,
Cutaneous lupus erythematosus/2554.jpg,Cutaneous lupus erythematosus,Cutaneous lupus erythematosus,PENDING,,,,,
Cutaneous lupus erythematosus/2555.jpg,Cutaneous lupus erythematosus,Cutaneous lupus erythematosus,PENDING,,,,,
Cutaneous lupus erythematosus/2556.jpg,Cutaneous lupus erythematosus,Cutaneous lupus erythematosus,PENDING,,,,,
Cutaneous lupus erythematosus/2557.jpg,Cutaneous lupus erythematosus,Cutaneous lupus erythematosus,PENDING,,,,,
Cutaneous lupus erythematosus/2558.jpg,Cutaneous lupus erythematosus,Cutaneous lupus erythematosus,PENDING,,,,,
Cutaneous lupus erythematosus/2559.jpg,Cutaneous lupus erythematosus,Cutaneous lupus erythematosus,PENDING,,,,,
Cutaneous lupus erythematosus/2560.jpg,Cutaneous lupus erythematosus,Cutaneous lupus erythematosus,PENDING,,,,,
Cutaneous lupus erythematosus/2561.jpg,Cutaneous lupus erythematosus,Cutaneous lupus erythematosus,PENDING,,,,,
Cutaneous lupus erythematosus/2562.jpg,Cutaneous lupus erythematosus,Cutaneous lupus erythematosus,PENDING,,,,,
Cutaneous lupus erythematosus/2563.jpg,Cutaneous lupus erythematosus,Cutaneous lupus erythematosus,PENDING,,,,,
Cutaneous lupus erythematosus/2564.jpg,Cutaneous lupus erythematosus,Cutaneous lupus erythematosus,PENDING,,,,,
Cutaneous lupus erythematosus/2565.jpg,Cutaneous lupus erythematosus,Cutaneous lupus erythematosus,PENDING,,,,,
Cutaneous lupus erythematosus/2566.jpg,Cutaneous lupus erythematosus,Cutaneous lupus erythematosus,PENDING,,,,,
Cutaneous lupus erythematosus/2567.jpg,Cutaneous lupus erythematosus,Cutaneous lupus erythematosus,PENDING,,,,,
Cutaneous lupus erythematosus/2568.jpg,Cutaneous lupus erythematosus,Cutaneous lupus erythematosus,PENDING,,,,,
Cutaneous lupus erythematosus/2569.jpg,Cutaneous lupus erythematosus,Cutaneous lupus erythematosus,PENDING,,,,,
Cutaneous lupus erythematosus/2570.jpg,Cutaneous lupus erythematosus,Cutaneous lupus erythematosus,PENDING,,,,,
Cutaneous lupus erythematosus/2571.jpg,Cutaneous lupus erythematosus,Cutaneous lupus erythematosus,PENDING,,,,,
Cutaneous lupus erythematosus/2572.jpg,Cutaneous lupus erythematosus,Cutaneous lupus erythematosus,PENDING,,,,,
Cutaneous lupus erythematosus/2573.jpg,Cutaneous lupus erythematosus,Cutaneous lupus erythematosus,PENDING,,,,,
Cutaneous lupus erythematosus/2574.jpg,Cutaneous lupus erythematosus,Cutaneous lupus erythematosus,PENDING,,,,,
Cutaneous lupus erythematosus/cdle-04.jpg,Cutaneous lupus erythematosus,Cutaneous lupus erythematosus,PENDING,,,,,
Cutaneous lupus erythematosus/htrophicle.jpg,Cutaneous lupus erythematosus,Cutaneous lupus erythematosus,PENDING,,,,,
Cutaneous lupus erythematosus/le-cheeks.jpg,Cutaneous lupus erythematosus,Cutaneous lupus erythematosus,PENDING,,,,,
Cutaneous lupus erythematosus/le-face.jpg,Cutaneous lupus erythematosus,Cutaneous lupus erythematosus,PENDING,,,,,
Cutaneous lupus erythematosus/le-hands.jpg,Cutaneous lupus erythematosus,Cutaneous lupus erythematosus,PENDING,,,,,
Cutaneous lupus erythematosus/le-nailfolds.jpg,Cutaneous lupus erythematosus,Cutaneous lupus erythematosus,PENDING,,,,,
Cutaneous lupus erythematosus/lupus-bullous.jpg,Cutaneous lupus erythematosus,Cutaneous lupus erythematosus,PENDING,,,,,
Cutaneous lupus erythematosus/lupus-chilb.jpg,Cutaneous lupus erythematosus,Cutaneous lupus erythematosus,PENDING,,,,,
Cutaneous lupus erythematosus/lupus-facial.jpg,Cutaneous lupus erythematosus,Cutaneous lupus erythematosus,PENDING,,,,,
Cutaneous lupus erythematosus/lupus-fingers.jpg,Cutaneous lupus erythematosus,Cutaneous lupus erythematosus,PENDING,,,,,
Cutaneous lupus erythematosus/lupus-pann.jpg,Cutaneous lupus erythematosus,Cutaneous lupus erythematosus,PENDING,,,,,
Cutaneous lupus erythematosus/lupus-sc.jpg,Cutaneous lupus erythematosus,Cutaneous lupus erythematosus,PENDING,,,,,
Cutaneous lupus erythematosus/lupus-sc2.jpg,Cutaneous lupus erythematosus,Cutaneous lupus erythematosus,PENDING,,,,,
Cutaneous lupus erythematosus/lupus-sc3.jpg,Cutaneous lupus erythematosus,Cutaneous lupus erythematosus,PENDING,,,,,
Cutaneous lupus erythematosus/lupus-sc4.jpg,Cutaneous lupus erythematosus,Cutaneous lupus erythematosus,PENDING,,,,,
Cutaneous lupus erythematosus/lupus-tum3-s.jpg,Cutaneous lupus erythematosus,Cutaneous lupus erythematosus,PENDING,,,,,
Cutaneous lupus erythematosus/lupus-vasculitis.jpg,Cutaneous lupus erythematosus,Cutaneous lupus erythematosus,PENDING,,,,,
Cutaneous lupus erythematosus/palmoplantar-le.jpg,Cutaneous lupus erythematosus,Cutaneous lupus erythematosus,PENDING,,,,,
Cutaneous lupus erythematosus/plaque-le.jpg,Cutaneous lupus erythematosus,Cutaneous lupus erythematosus,PENDING,,,,,
Cutaneous lupus erythematosus/plaque-le2.jpg,Cutaneous lupus erythematosus,Cutaneous lupus erythematosus,PENDING,,,,,
Cutaneous lupus erythematosus/subacute-lupus-01.jpg,Cutaneous lupus erythematosus,Cutaneous lupus erythematosus,PENDING,,,,,
Cutaneous lupus erythematosus/subacute-lupus-02.jpg,Cutaneous lupus erythematosus,Cutaneous lupus erythematosus,PENDING,,,,,
Cutaneous lupus erythematosus/subacute-lupus-03.jpg,Cutaneous lupus erythematosus,Cutaneous lupus erythematosus,PENDING,,,,,
Cutaneous lupus erythematosus/subacute-lupus-04.jpg,Cutaneous lupus erythematosus,Cutaneous lupus erythematosus,PENDING,,,,,
Cutaneous lupus erythematosus/subacute-lupus-05.jpg,Cutaneous lupus erythematosus,Cutaneous lupus erythematosus,PENDING,,,,,
Cutaneous lupus erythematosus/subacute-lupus-06.jpg,Cutaneous lupus erythematosus,Cutaneous lupus erythematosus,PENDING,,,,,
Cutaneous lupus erythematosus/subacute-lupus-07.jpg,Cutaneous lupus erythematosus,Cutaneous lupus erythematosus,PENDING,,,,,
Cutaneous lupus erythematosus/subacute-lupus-08.jpg,Cutaneous lupus erythematosus,Cutaneous lupus erythematosus,PENDING,,,,,
Cutaneous lupus erythematosus/subacute-lupus-09.jpg,Cutaneous lupus erythematosus,Cutaneous lupus erythematosus,PENDING,,,,,
Cutaneous lupus erythematosus/subacute-lupus-10.jpg,Cutaneous lupus erythematosus,Cutaneous lupus erythematosus,PENDING,,,,,
Cutaneous lupus erythematosus/subacute-lupus-11.jpg,Cutaneous lupus erythematosus,Cutaneous lupus erythematosus,PENDING,,,,,
Cutaneous lupus erythematosus/subacute-lupus-12.jpg,Cutaneous lupus erythematosus,Cutaneous lupus erythematosus,PENDING,,,,,
Cutaneous lupus erythematosus/subacute-lupus-13.jpg,Cutaneous lupus erythematosus,Cutaneous lupus erythematosus,PENDING,,,,,
Cutaneous lupus erythematosus/subacute-lupus-15.jpg,Cutaneous lupus erythematosus,Cutaneous lupus erythematosus,PENDING,,,,,
Cutaneous lupus erythematosus/subacute-lupus-16.jpg,Cutaneous lupus erythematosus,Cutaneous lupus erythematosus,PENDING,,,,,
Cutaneous lupus erythematosus/subacute-lupus-17.jpg,Cutaneous lupus erythematosus,Cutaneous lupus erythematosus,PENDING,,,,,
Cutaneous lupus erythematosus/subacute-lupus-18.jpg,Cutaneous lupus erythematosus,Cutaneous lupus erythematosus,PENDING,,,,,
Cutaneous lupus erythematosus/subacute-lupus-19.jpg,Cutaneous lupus erythematosus,Cutaneous lupus erythematosus,PENDING,,,,,
Cutaneous lupus erythematosus/subacute-lupus-20.jpg,Cutaneous lupus erythematosus,Cutaneous lupus erythematosus,PENDING,,,,,
Cutaneous lupus erythematosus/subacute-lupus-21.jpg,Cutaneous lupus erythematosus,Cutaneous lupus erythematosus,PENDING,,,,,
Cutaneous lupus erythematosus/subacute-lupus-22.jpg,Cutaneous lupus erythematosus,Cutaneous lupus erythematosus,PENDING,,,,,
Cutaneous lupus erythematosus/subacute-lupus-9.jpg,Cutaneous lupus erythematosus,Cutaneous lupus erythematosus,PENDING,,,,,
Cutaneous tuberculosis/bazin1.jpg,Cutaneous tuberculosis,Cutaneous tuberculosis,PENDING,,,,,
Cutaneous tuberculosis/bazin2.jpg,Cutaneous tuberculosis,Cutaneous tuberculosis,PENDING,,,,,
Cutaneous tuberculosis/bazin3.jpg,Cutaneous tuberculosis,Cutaneous tuberculosis,PENDING,,,,,
Cutaneous tuberculosis/bazin4.jpg,Cutaneous tuberculosis,Cutaneous tuberculosis,PENDING,,,,,
Cutaneous tuberculosis/bazin5.jpg,Cutaneous tuberculosis,Cutaneous tuberculosis,PENDING,,,,,
Cutaneous tuberculosis/lupus-vulgaris-scc.jpg,Cutaneous tuberculosis,Cutaneous tuberculosis,PENDING,,,,,
Cutaneous tuberculosis/lupus-vulgaris.jpg,Cutaneous tuberculosis,Cutaneous tuberculosis,PENDING,,,,,
Cutaneous tuberculosis/lupus-vulgaris2.jpg,Cutaneous tuberculosis,Cutaneous tuberculosis,PENDING,,,,,
Cutaneous tuberculosis/lupus-vulgaris3.jpg,Cutaneous tuberculosis,Cutaneous tuberculosis,PENDING,,,,,
Cutaneous tuberculosis/lupus-vulgaris4.jpg,Cutaneous tuberculosis,Cutaneous tuberculosis,PENDING,,,,,
Cutaneous tuberculosis/lupus-vulgaris5.jpg,Cutaneous tuberculosis,Cutaneous tuberculosis,PENDING,,,,,
Cutaneous tuberculosis/mantoux2.jpg,Cutaneous tuberculosis,Cutaneous tuberculosis,PENDING,,,,,
Cutaneous tuberculosis/mantoux3.jpg,Cutaneous tuberculosis,Cutaneous tuberculosis,PENDING,,,,,
Cutaneous tuberculosis/mantoux4.jpg,Cutaneous tuberculosis,Cutaneous tuberculosis,PENDING,,,,,
Cutaneous tuberculosis/miliary-tb.jpg,Cutaneous tuberculosis,Cutaneous tuberculosis,PENDING,,,,,
Cutaneous tuberculosis/papulonecrotic-tb1.jpg,Cutaneous tuberculosis,Cutaneous tuberculosis,PENDING,,,,,
Cutaneous tuberculosis/papulonecrotic-tb2.jpg,Cutaneous tuberculosis,Cutaneous tuberculosis,PENDING,,,,,
Cutaneous tuberculosis/scrofuloderma-2-v2.jpg,Cutaneous tuberculosis,Cutaneous tuberculosis,PENDING,,,,,
Cutaneous tuberculosis/scrofuloderma.jpg,Cutaneous tuberculosis,Cutaneous tuberculosis,PENDING,,,,,
Cutaneous tuberculosis/scrofuloderma2.jpg,Cutaneous tuberculosis,Cutaneous tuberculosis,PENDING,,,,,
Cutaneous tuberculosis/tb-gumma.jpg,Cutaneous tuberculosis,Cutaneous tuberculosis,PENDING,,,,,
Cutaneous tuberculosis/tb1.jpg,Cutaneous tuberculosis,Cutaneous tuberculosis,PENDING,,,,,
Cutaneous tuberculosis/tb2.jpg,Cutaneous tuberculosis,Cutaneous tuberculosis,PENDING,,,,,
Cutaneous tuberculosis/tb3.jpg,Cutaneous tuberculosis,Cutaneous tuberculosis,PENDING,,,,,
Cutaneous tuberculosis/tuberculide1.jpg,Cutaneous tuberculosis,Cutaneous tuberculosis,PENDING,,,,,
Cutaneous tuberculosis/warty-tb.jpg,Cutaneous tuberculosis,Cutaneous tuberculosis,PENDING,,,,,
Cutaneous vasculitis/vasc2.jpg,Cutaneous vasculitis,Cutaneous vasculitis,PENDING,,,,,
Cutaneous vasculitis/vasc3.jpg,Cutaneous vasculitis,Cutaneous vasculitis,PENDING,,,,,
Cutaneous vasculitis/vasc4.jpg,Cutaneous vasculitis,Cutaneous vasculitis,PENDING,,,,,
Cutaneous vasculitis/vasc5.jpg,Cutaneous vasculitis,Cutaneous vasculitis,PENDING,,,,,
Cutaneous vasculitis/vasc6.jpg,Cutaneous vasculitis,Cutaneous vasculitis,PENDING,,,,,
Cutaneous vasculitis/vasc7.jpg,Cutaneous vasculitis,Cutaneous vasculitis,PENDING,,,,,
Cutaneous vasculitis/vasculitis-001.jpg,Cutaneous vasculitis,Cutaneous vasculitis,PENDING,,,,,
Cutis marmorata telangiectatica congenita/cmtc-01.jpg,Cutis marmorata telangiectatica congenita,Cutis marmorata telangiectatica congenita,PENDING,,,,,
Cutis marmorata telangiectatica congenita/cmtc-02.jpg,Cutis marmorata telangiectatica congenita,Cutis marmorata telangiectatica congenita,PENDING,,,,,
Cutis marmorata telangiectatica congenita/cmtc-03.jpg,Cutis marmorata telangiectatica congenita,Cutis marmorata telangiectatica congenita,PENDING,,,,,
Cutis marmorata telangiectatica congenita/cutis-marmorata-telangiectatica-congenita-0001.jpg,Cutis marmorata telangiectatica congenita,Cutis marmorata telangiectatica congenita,PENDING,,,,,
Cutis marmorata telangiectatica congenita/cutis-marmorata-telangiectatica-congenita-0002.jpg,Cutis marmorata telangiectatica congenita,Cutis marmorata telangiectatica congenita,PENDING,,,,,
Cutis verticis gyrata/cutis-verticis-gyrata-003.jpg,Cutis verticis gyrata,Cutis verticis gyrata,PENDING,,,,,
Cutis verticis gyrata/cutis-verticis-gyrata-004.jpg,Cutis verticis gyrata,Cutis verticis gyrata,PENDING,,,,,
Cutis verticis gyrata/cutis-verticis-gyrata-005.jpg,Cutis verticis gyrata,Cutis verticis gyrata,PENDING,,,,,
Cutis verticis gyrata/cutis-verticis-gyrata-03.jpg,Cutis verticis gyrata,Cutis verticis gyrata,PENDING,,,,,
Cutis verticis gyrata/cvg2.jpg,Cutis verticis gyrata,Cutis verticis gyrata,PENDING,,,,,
Cytophagic histiocytic panniculitis/cytophagic-panniculitis1.jpg,Cytophagic histiocytic panniculitis,Cytophagic histiocytic panniculitis,PENDING,,,,,
Cytophagic histiocytic panniculitis/cytophagic-panniculitis2.jpg,Cytophagic histiocytic panniculitis,Cytophagic histiocytic panniculitis,PENDING,,,,,
Cytophagic histiocytic panniculitis/cytophagic-panniculitis3.jpg,Cytophagic histiocytic panniculitis,Cytophagic histiocytic panniculitis,PENDING,,,,,
Delayed pressure urticaria/pressure1.jpg,Delayed pressure urticaria,Delayed pressure urticaria,PENDING,,,,,
Delayed pressure urticaria/pressure2.jpg,Delayed pressure urticaria,Delayed pressure urticaria,PENDING,,,,,
Delayed pressure urticaria/pressure3.jpg,Delayed pressure urticaria,Delayed pressure urticaria,PENDING,,,,,
Dermatitis artefacta/d-a.jpg,Dermatitis artefacta,Dermatitis artefacta,PENDING,,,,,
Dermatitis artefacta/d-a2.jpg,Dermatitis artefacta,Dermatitis artefacta,PENDING,,,,,
Dermatitis artefacta/d-a3.jpg,Dermatitis artefacta,Dermatitis artefacta,PENDING,,,,,
Dermatofibroma/2397.jpg,Dermatofibroma,Dermatofibroma,PENDING,,,,,
Dermatofibroma/2398.jpg,Dermatofibroma,Dermatofibroma,PENDING,,,,,
Dermatofibroma/2399.jpg,Dermatofibroma,Dermatofibroma,PENDING,,,,,
Dermatofibroma/2402.jpg,Dermatofibroma,Dermatofibroma,PENDING,,,,,
Dermatofibroma/2404.jpg,Dermatofibroma,Dermatofibroma,PENDING,,,,,
Dermatofibroma/2405.jpg,Dermatofibroma,Dermatofibroma,PENDING,,,,,
Dermatofibroma/2406.jpg,Dermatofibroma,Dermatofibroma,PENDING,,,,,
Dermatofibroma/2407.jpg,Dermatofibroma,Dermatofibroma,PENDING,,,,,
Dermatofibroma/2412.jpg,Dermatofibroma,Dermatofibroma,PENDING,,,,,
Dermatofibroma/basal-cell-carcinoma-0024.jpg,Dermatofibroma,Dermatofibroma,PENDING,,,,,
Dermatofibroma/dermatofibroma-0001.jpg,Dermatofibroma,Dermatofibroma,PENDING,,,,,
Dermatofibroma/dermatofibroma-0002.jpg,Dermatofibroma,Dermatofibroma,PENDING,,,,,
Dermatofibroma/dermatofibroma-024.jpg,Dermatofibroma,Dermatofibroma,PENDING,,,,,
Dermatofibroma/dermfib1.jpg,Dermatofibroma,Dermatofibroma,PENDING,,,,,
Dermatofibroma/dermfib3.jpg,Dermatofibroma,Dermatofibroma,PENDING,,,,,
Dermatofibroma/df-alt.jpg,Dermatofibroma,Dermatofibroma,PENDING,,,,,
Dermatofibroma/df.jpg,Dermatofibroma,Dermatofibroma,PENDING,,,,,
Dermatofibroma/df2.jpg,Dermatofibroma,Dermatofibroma,PENDING,,,,,
Dermatofibroma/df4.jpg,Dermatofibroma,Dermatofibroma,PENDING,,,,,
Dermatofibroma/df5.jpg,Dermatofibroma,Dermatofibroma,PENDING,,,,,
Dermatofibroma/df6.jpg,Dermatofibroma,Dermatofibroma,PENDING,,,,,
Dermatofibroma/dfs.jpg,Dermatofibroma,Dermatofibroma,PENDING,,,,,
Dermatofibroma/dimpling.jpg,Dermatofibroma,Dermatofibroma,PENDING,,,,,
Dermatofibroma/dimpling2.jpg,Dermatofibroma,Dermatofibroma,PENDING,,,,,
Dermatofibroma/pigmented-lesion-14.jpg,Dermatofibroma,Dermatofibroma,PENDING,,,,,
Dermatofibroma/pigmented-lesion-15.jpg,Dermatofibroma,Dermatofibroma,PENDING,,,,,
Dermatosis papulosa nigra/dermatosis-papulosa.jpg,Dermatosis papulosa nigra,Dermatosis papulosa nigra,PENDING,,,,,
Dermatosis papulosa nigra/dpn1.jpg,Dermatosis papulosa nigra,Dermatosis papulosa nigra,PENDING,,,,,
Dermatosis papulosa nigra/dpn2.jpg,Dermatosis papulosa nigra,Dermatosis papulosa nigra,PENDING,,,,,
Dermatosis papulosa nigra/dpn3.jpg,Dermatosis papulosa nigra,Dermatosis papulosa nigra,PENDING,,,,,
Dermatosis papulosa nigra/dpn4.jpg,Dermatosis papulosa nigra,Dermatosis papulosa nigra,PENDING,,,,,
Dermatosis papulosa nigra/dpn5.jpg,Dermatosis papulosa nigra,Dermatosis papulosa nigra,PENDING,,,,,
Dermatosis papulosa nigra/dpn6.jpg,Dermatosis papulosa nigra,Dermatosis papulosa nigra,PENDING,,,,,
Dermatosis papulosa nigra/sebk7.jpg,Dermatosis papulosa nigra,Dermatosis papulosa nigra,PENDING,,,,,
Digital myxoid pseudocyst/myxcyst.jpg,Digital myxoid pseudocyst,Digital myxoid pseudocyst,PENDING,,,,,
Digital myxoid pseudocyst/myxoid-cyst-21.jpg,Digital myxoid pseudocyst,Digital myxoid pseudocyst,PENDING,,,,,
Digital myxoid pseudocyst/myxoid-cyst-22.jpg,Digital myxoid pseudocyst,Digital myxoid pseudocyst,PENDING,,,,,
Digital myxoid pseudocyst/myxoid-cyst-23.jpg,Digital myxoid pseudocyst,Digital myxoid pseudocyst,PENDING,,,,,
Digital myxoid pseudocyst/myxoid-cyst-24.jpg,Digital myxoid pseudocyst,Digital myxoid pseudocyst,PENDING,,,,,
Digital myxoid pseudocyst/myxoid-cyst-25.jpg,Digital myxoid pseudocyst,Digital myxoid pseudocyst,PENDING,,,,,
Digital myxoid pseudocyst/myxoid-cyst-26.jpg,Digital myxoid pseudocyst,Digital myxoid pseudocyst,PENDING,,,,,
Digital myxoid pseudocyst/myxoid-cyst-27.jpg,Digital myxoid pseudocyst,Digital myxoid pseudocyst,PENDING,,,,,
Digital myxoid pseudocyst/myxoid-cyst-28.jpg,Digital myxoid pseudocyst,Digital myxoid pseudocyst,PENDING,,,,,
Digital myxoid pseudocyst/myxoid-cyst-29.jpg,Digital myxoid pseudocyst,Digital myxoid pseudocyst,PENDING,,,,,
Digital myxoid pseudocyst/myxoid-cyst-30.jpg,Digital myxoid pseudocyst,Digital myxoid pseudocyst,PENDING,,,,,
Digital myxoid pseudocyst/myxoid-cyst-31.jpg,Digital myxoid pseudocyst,Digital myxoid pseudocyst,PENDING,,,,,
Digital myxoid pseudocyst/myxoid-cyst-32.jpg,Digital myxoid pseudocyst,Digital myxoid pseudocyst,PENDING,,,,,
Digital myxoid pseudocyst/myxoid-cyst-33.jpg,Digital myxoid pseudocyst,Digital myxoid pseudocyst,PENDING,,,,,
Digital myxoid pseudocyst/myxoid-cyst1.jpg,Digital myxoid pseudocyst,Digital myxoid pseudocyst,PENDING,,,,,
Digital myxoid pseudocyst/myxoid-cyst2.jpg,Digital myxoid pseudocyst,Digital myxoid pseudocyst,PENDING,,,,,
Digital myxoid pseudocyst/myxoid-cyst3.jpg,Digital myxoid pseudocyst,Digital myxoid pseudocyst,PENDING,,,,,
Digital myxoid pseudocyst/myxoid1.jpg,Digital myxoid pseudocyst,Digital myxoid pseudocyst,PENDING,,,,,
Digital myxoid pseudocyst/myxoid2.jpg,Digital myxoid pseudocyst,Digital myxoid pseudocyst,PENDING,,,,,
Digital myxoid pseudocyst/myxoid3.jpg,Digital myxoid pseudocyst,Digital myxoid pseudocyst,PENDING,,,,,
Digital myxoid pseudocyst/myxoid4.jpg,Digital myxoid pseudocyst,Digital myxoid pseudocyst,PENDING,,,,,
Digital myxoid pseudocyst/myxoid5.jpg,Digital myxoid pseudocyst,Digital myxoid pseudocyst,PENDING,,,,,
Digital myxoid pseudocyst/myxoidcy2.jpg,Digital myxoid pseudocyst,Digital myxoid pseudocyst,PENDING,,,,,
Digital myxoid pseudocyst/myxoidcy3.jpg,Digital myxoid pseudocyst,Digital myxoid pseudocyst,PENDING,,,,,
Digital myxoid pseudocyst/myxoidcyst1.jpg,Digital myxoid pseudocyst,Digital myxoid pseudocyst,PENDING,,,,,
Digital myxoid pseudocyst/pseudo-myxoid-cyst.jpg,Digital myxoid pseudocyst,Digital myxoid pseudocyst,PENDING,,,,,
Discoid eczema/2621.jpg,Discoid eczema,Discoid eczema,PENDING,,,,,
Discoid eczema/discoid-eczema-0001.jpg,Discoid eczema,Discoid eczema,PENDING,,,,,
Discoid eczema/discoid-eczema-0002.jpg,Discoid eczema,Discoid eczema,PENDING,,,,,
Discoid eczema/discoid-eczema-0003.jpg,Discoid eczema,Discoid eczema,PENDING,,,,,
Discoid eczema/discoid-eczema-0004.jpg,Discoid eczema,Discoid eczema,PENDING,,,,,
Discoid eczema/discoid-eczema-0005.jpg,Discoid eczema,Discoid eczema,PENDING,,,,,
Discoid eczema/discoid-eczema-0006.jpg,Discoid eczema,Discoid eczema,PENDING,,,,,
Discoid eczema/discoid-eczema-0007.jpg,Discoid eczema,Discoid eczema,PENDING,,,,,
Discoid eczema/discoid-eczema-0008.jpg,Discoid eczema,Discoid eczema,PENDING,,,,,
Discoid eczema/discoid-eczema-0009.jpg,Discoid eczema,Discoid eczema,PENDING,,,,,
Discoid eczema/discoid-eczema-001.jpg,Discoid eczema,Discoid eczema,PENDING,,,,,
Discoid eczema/discoid-eczema-0010.jpg,Discoid eczema,Discoid eczema,PENDING,,,,,
Discoid eczema/discoid-eczema-0011.jpg,Discoid eczema,Discoid eczema,PENDING,,,,,
Discoid eczema/discoid-eczema-0012.jpg,Discoid eczema,Discoid eczema,PENDING,,,,,
Discoid eczema/discoid-eczema-0013.jpg,Discoid eczema,Discoid eczema,PENDING,,,,,
Discoid eczema/discoid-eczema-0014.jpg,Discoid eczema,Discoid eczema,PENDING,,,,,
Discoid eczema/discoid-eczema-0015.jpg,Discoid eczema,Discoid eczema,PENDING,,,,,
Discoid eczema/discoid-eczema-0016.jpg,Discoid eczema,Discoid eczema,PENDING,,,,,
Discoid eczema/discoid-eczema-0017.jpg,Discoid eczema,Discoid eczema,PENDING,,,,,
Discoid eczema/discoid-eczema-0018.jpg,Discoid eczema,Discoid eczema,PENDING,,,,,
Discoid eczema/discoid-eczema-0019.jpg,Discoid eczema,Discoid eczema,PENDING,,,,,
Discoid eczema/discoid-eczema-0020.jpg,Discoid eczema,Discoid eczema,PENDING,,,,,
Discoid eczema/discoid-eczema-0021.jpg,Discoid eczema,Discoid eczema,PENDING,,,,,
Discoid eczema/discoid-eczema-0022.jpg,Discoid eczema,Discoid eczema,PENDING,,,,,
Discoid eczema/discoid-eczema-0023.jpg,Discoid eczema,Discoid eczema,PENDING,,,,,
Discoid eczema/discoid-eczema-0024.jpg,Discoid eczema,Discoid eczema,PENDING,,,,,
Discoid eczema/discoid-eczema-0025.jpg,Discoid eczema,Discoid eczema,PENDING,,,,,
Discoid eczema/discoid-eczema-0026.jpg,Discoid eczema,Discoid eczema,PENDING,,,,,
Discoid eczema/discoid-eczema-0027.jpg,Discoid eczema,Discoid eczema,PENDING,,,,,
Discoid eczema/discoid-eczema-0028.jpg,Discoid eczema,Discoid eczema,PENDING,,,,,
Discoid eczema/discoid-eczema-0029.jpg,Discoid eczema,Discoid eczema,PENDING,,,,,
Discoid eczema/discoid-eczema-0030.jpg,Discoid eczema,Discoid eczema,PENDING,,,,,
Discoid eczema/discoid-eczema-0031.jpg,Discoid eczema,Discoid eczema,PENDING,,,,,
Discoid eczema/discoid-eczema-0032.jpg,Discoid eczema,Discoid eczema,PENDING,,,,,
Discoid eczema/discoid-eczema-0033.jpg,Discoid eczema,Discoid eczema,PENDING,,,,,
Discoid eczema/discoid-eczema-0034.jpg,Discoid eczema,Discoid eczema,PENDING,,,,,
Discoid eczema/discoid-eczema-0035.jpg,Discoid eczema,Discoid eczema,PENDING,,,,,
Discoid eczema/discoid-eczema-0036.jpg,Discoid eczema,Discoid eczema,PENDING,,,,,
Discoid eczema/discoid-eczema-0037.jpg,Discoid eczema,Discoid eczema,PENDING,,,,,
Discoid eczema/discoid-eczema-0038.jpg,Discoid eczema,Discoid eczema,PENDING,,,,,
Discoid eczema/discoid-eczema-0039.jpg,Discoid eczema,Discoid eczema,PENDING,,,,,
Discoid eczema/discoid-eczema-0040.jpg,Discoid eczema,Discoid eczema,PENDING,,,,,
Discoid eczema/discoid-eczema-0041.jpg,Discoid eczema,Discoid eczema,PENDING,,,,,
Discoid eczema/discoid-eczema-0042.jpg,Discoid eczema,Discoid eczema,PENDING,,,,,
Discoid eczema/discoid-eczema-0043.jpg,Discoid eczema,Discoid eczema,PENDING,,,,,
Discoid eczema/discoid-eczema-0044.jpg,Discoid eczema,Discoid eczema,PENDING,,,,,
Discoid eczema/discoid-eczema-0045.jpg,Discoid eczema,Discoid eczema,PENDING,,,,,
Discoid eczema/discoid-eczema-day-0.jpg,Discoid eczema,Discoid eczema,PENDING,,,,,
Discoid eczema/discoid-eczema-day-10.jpg,Discoid eczema,Discoid eczema,PENDING,,,,,
Discoid eczema/discoid-eczema-day-13.jpg,Discoid eczema,Discoid eczema,PENDING,,,,,
Discoid eczema/discoid-eczema-day-14-v2.jpg,Discoid eczema,Discoid eczema,PENDING,,,,,
Discoid eczema/discoid-eczema-day-14.jpg,Discoid eczema,Discoid eczema,PENDING,,,,,
Discoid eczema/discoid-eczema-day-2-v2.jpg,Discoid eczema,Discoid eczema,PENDING,,,,,
Discoid eczema/discoid-eczema-day-2.jpg,Discoid eczema,Discoid eczema,PENDING,,,,,
Discoid eczema/discoid-eczema-day-6-v2.jpg,Discoid eczema,Discoid eczema,PENDING,,,,,
Discoid eczema/discoid-eczema-day-6.jpg,Discoid eczema,Discoid eczema,PENDING,,,,,
Discoid eczema/ecz-disc3.jpg,Discoid eczema,Discoid eczema,PENDING,,,,,
Discoid eczema/ecz-disc6.jpg,Discoid eczema,Discoid eczema,PENDING,,,,,
Discoid eczema/ecz-disc7.jpg,Discoid eczema,Discoid eczema,PENDING,,,,,
Discoid eczema/itchy-skin-43.jpg,Discoid eczema,Discoid eczema,PENDING,,,,,
Discoid eczema/itchy-skin-44.jpg,Discoid eczema,Discoid eczema,PENDING,,,,,
Discoid eczema/itchy-skin-45.jpg,Discoid eczema,Discoid eczema,PENDING,,,,,
Discoid eczema/lowerleg2.jpg,Discoid eczema,Discoid eczema,PENDING,,,,,
Discoid eczema/nummular-eczema01.jpg,Discoid eczema,Discoid eczema,PENDING,,,,,
Discoid eczema/nummular-eczema02.jpg,Discoid eczema,Discoid eczema,PENDING,,,,,
Discoid eczema/nummular-eczema03.jpg,Discoid eczema,Discoid eczema,PENDING,,,,,
Discoid eczema/nummular-eczema04.jpg,Discoid eczema,Discoid eczema,PENDING,,,,,
Discoid eczema/nummular-eczema05.jpg,Discoid eczema,Discoid eczema,PENDING,,,,,
Discoid eczema/nummular-eczema06.jpg,Discoid eczema,Discoid eczema,PENDING,,,,,
Discoid eczema/nummular-eczema07.jpg,Discoid eczema,Discoid eczema,PENDING,,,,,
Discoid eczema/nummular-eczema08.jpg,Discoid eczema,Discoid eczema,PENDING,,,,,
Discoid eczema/nummular-eczema09.jpg,Discoid eczema,Discoid eczema,PENDING,,,,,
Discoid eczema/nummular-eczema10.jpg,Discoid eczema,Discoid eczema,PENDING,,,,,
Discoid eczema/nummular-eczema11.jpg,Discoid eczema,Discoid eczema,PENDING,,,,,
Discoid eczema/nummular-eczema13.jpg,Discoid eczema,Discoid eczema,PENDING,,,,,
Discoid eczema/nummular-eczema14.jpg,Discoid eczema,Discoid eczema,PENDING,,,,,
Discoid eczema/nummular-eczema15.jpg,Discoid eczema,Discoid eczema,PENDING,,,,,
Discoid eczema/nummular-eczema16.jpg,Discoid eczema,Discoid eczema,PENDING,,,,,
Discoid eczema/nummular-eczema17.jpg,Discoid eczema,Discoid eczema,PENDING,,,,,
Discoid eczema/nummular-eczema18.jpg,Discoid eczema,Discoid eczema,PENDING,,,,,
Discoid eczema/nummular-eczema19.jpg,Discoid eczema,Discoid eczema,PENDING,,,,,
Discoid eczema/nummular-eczema20.jpg,Discoid eczema,Discoid eczema,PENDING,,,,,
Discoid eczema/nummular-eczema21.jpg,Discoid eczema,Discoid eczema,PENDING,,,,,
Discoid eczema/nummular-eczema22.jpg,Discoid eczema,Discoid eczema,PENDING,,,,,
Discoid eczema/nummular-eczema23.jpg,Discoid eczema,Discoid eczema,PENDING,,,,,
Discoid eczema/nummular-eczema24.jpg,Discoid eczema,Discoid eczema,PENDING,,,,,
Discoid eczema/nummular-eczema25.jpg,Discoid eczema,Discoid eczema,PENDING,,,,,
Discoid eczema/nummular-eczema26.jpg,Discoid eczema,Discoid eczema,PENDING,,,,,
Discoid eczema/nummular-eczema27.jpg,Discoid eczema,Discoid eczema,PENDING,,,,,
Discoid eczema/nummular-eczema28.jpg,Discoid eczema,Discoid eczema,PENDING,,,,,
Discoid eczema/nummular-eczema29.jpg,Discoid eczema,Discoid eczema,PENDING,,,,,
Discoid eczema/nummular-eczema30.jpg,Discoid eczema,Discoid eczema,PENDING,,,,,
Discoid eczema/nummular-eczema31.jpg,Discoid eczema,Discoid eczema,PENDING,,,,,
Discoid eczema/nummular-eczema32.jpg,Discoid eczema,Discoid eczema,PENDING,,,,,
Discoid eczema/nummular-eczema33.jpg,Discoid eczema,Discoid eczema,PENDING,,,,,
Discoid eczema/nummular-eczema34.jpg,Discoid eczema,Discoid eczema,PENDING,,,,,
Discoid eczema/nummular-eczema35.jpg,Discoid eczema,Discoid eczema,PENDING,,,,,
Discoid eczema/nummular-eczema36.jpg,Discoid eczema,Discoid eczema,PENDING,,,,,
Discoid eczema/nummular-eczema37.jpg,Discoid eczema,Discoid eczema,PENDING,,,,,
Discoid eczema/nummular-eczema38.jpg,Discoid eczema,Discoid eczema,PENDING,,,,,
Discoid eczema/nummular-eczema39.jpg,Discoid eczema,Discoid eczema,PENDING,,,,,
Discoid eczema/nummular-eczema40.jpg,Discoid eczema,Discoid eczema,PENDING,,,,,
Discoid eczema/nummular-eczema41.jpg,Discoid eczema,Discoid eczema,PENDING,,,,,
Discoid eczema/nummular-eczema43.jpg,Discoid eczema,Discoid eczema,PENDING,,,,,
Discoid eczema/nummular-eczema44.jpg,Discoid eczema,Discoid eczema,PENDING,,,,,
Discoid eczema/nummular-eczema45.jpg,Discoid eczema,Discoid eczema,PENDING,,,,,
Discoid eczema/nummular-eczema46.jpg,Discoid eczema,Discoid eczema,PENDING,,,,,
Discoid eczema/nummular-eczema47.jpg,Discoid eczema,Discoid eczema,PENDING,,,,,
Discoid eczema/nummular-eczema48.jpg,Discoid eczema,Discoid eczema,PENDING,,,,,
Discoid eczema/nummular-eczema49.jpg,Discoid eczema,Discoid eczema,PENDING,,,,,
Discoid eczema/nummular-eczema50.jpg,Discoid eczema,Discoid eczema,PENDING,,,,,
Discoid eczema/nummular-eczema51.jpg,Discoid eczema,Discoid eczema,PENDING,,,,,
Discoid eczema/nummular-eczema52.jpg,Discoid eczema,Discoid eczema,PENDING,,,,,
Discoid eczema/nummular-eczema53.jpg,Discoid eczema,Discoid eczema,PENDING,,,,,
Discoid eczema/nummular-eczema54.jpg,Discoid eczema,Discoid eczema,PENDING,,,,,
Discoid eczema/nummular-eczema55.jpg,Discoid eczema,Discoid eczema,PENDING,,,,,
Discoid eczema/nummular-eczema56.jpg,Discoid eczema,Discoid eczema,PENDING,,,,,
Discoid eczema/nummular-eczema57.jpg,Discoid eczema,Discoid eczema,PENDING,,,,,
Discoid eczema/nummular-eczema58.jpg,Discoid eczema,Discoid eczema,PENDING,,,,,
Discoid eczema/nummular-eczema59.jpg,Discoid eczema,Discoid eczema,PENDING,,,,,
Discoid eczema/nummular-eczema60.jpg,Discoid eczema,Discoid eczema,PENDING,,,,,
Discoid eczema/nummular-eczema61.jpg,Discoid eczema,Discoid eczema,PENDING,,,,,
Discoid eczema/nummular-eczema62.jpg,Discoid eczema,Discoid eczema,PENDING,,,,,
Discoid eczema/nummular-eczema63.jpg,Discoid eczema,Discoid eczema,PENDING,,,,,
Discoid eczema/nummular-eczema64.jpg,Discoid eczema,Discoid eczema,PENDING,,,,,
Discoid eczema/nummular-eczema65.jpg,Discoid eczema,Discoid eczema,PENDING,,,,,
Discoid eczema/nummular-eczema66.jpg,Discoid eczema,Discoid eczema,PENDING,,,,,
Discoid eczema/nummular-eczema67.jpg,Discoid eczema,Discoid eczema,PENDING,,,,,
Discoid eczema/nummular-eczema68.jpg,Discoid eczema,Discoid eczema,PENDING,,,,,
Discoid eczema/nummular-eczema69.jpg,Discoid eczema,Discoid eczema,PENDING,,,,,
Discoid eczema/nummular-eczema70.jpg,Discoid eczema,Discoid eczema,PENDING,,,,,
Discoid eczema/nummular-eczema71.jpg,Discoid eczema,Discoid eczema,PENDING,,,,,
Discoid eczema/nummular-eczema72.jpg,Discoid eczema,Discoid eczema,PENDING,,,,,
Discoid eczema/nummular-eczema73.jpg,Discoid eczema,Discoid eczema,PENDING,,,,,
Discoid eczema/nummular-eczema74.jpg,Discoid eczema,Discoid eczema,PENDING,,,,,
Discoid eczema/nummular1.jpg,Discoid eczema,Discoid eczema,PENDING,,,,,
Discoid eczema/nummular2.jpg,Discoid eczema,Discoid eczema,PENDING,,,,,
Discoid eczema/nummular3.jpg,Discoid eczema,Discoid eczema,PENDING,,,,,
Discoid eczema/nummular4.jpg,Discoid eczema,Discoid eczema,PENDING,,,,,
Discoid eczema/nummular5.jpg,Discoid eczema,Discoid eczema,PENDING,,,,,
Discoid eczema/nummular6.jpg,Discoid eczema,Discoid eczema,PENDING,,,,,
Discoid eczema/nummular7.jpg,Discoid eczema,Discoid eczema,PENDING,,,,,
Discoid eczema/nummular8.jpg,Discoid eczema,Discoid eczema,PENDING,,,,,
Discoid eczema/nummular9.jpg,Discoid eczema,Discoid eczema,PENDING,,,,,
Discoid lupus erythematosus/DLE-hypo-hyperpign-black-skin.jpg,Discoid lupus erythematosus,Discoid lupus erythematosus,PENDING,,,,,
Discoid lupus erythematosus/cdle-04.jpg,Discoid lupus erythematosus,Discoid lupus erythematosus,PENDING,,,,,
Discoid lupus erythematosus/conn-le1.jpg,Discoid lupus erythematosus,Discoid lupus erythematosus,PENDING,,,,,
Discoid lupus erythematosus/conn-le2.jpg,Discoid lupus erythematosus,Discoid lupus erythematosus,PENDING,,,,,
Discoid lupus erythematosus/conn-le5.jpg,Discoid lupus erythematosus,Discoid lupus erythematosus,PENDING,,,,,
Discoid lupus erythematosus/discoid-lupus-01.jpg,Discoid lupus erythematosus,Discoid lupus erythematosus,PENDING,,,,,
Discoid lupus erythematosus/discoid-lupus-02.jpg,Discoid lupus erythematosus,Discoid lupus erythematosus,PENDING,,,,,
Discoid lupus erythematosus/discoid-lupus-03.jpg,Discoid lupus erythematosus,Discoid lupus erythematosus,PENDING,,,,,
Discoid lupus erythematosus/discoid-lupus-04.jpg,Discoid lupus erythematosus,Discoid lupus erythematosus,PENDING,,,,,
Discoid lupus erythematosus/discoid-lupus-05.jpg,Discoid lupus erythematosus,Discoid lupus erythematosus,PENDING,,,,,
Discoid lupus erythematosus/discoid-lupus-06.jpg,Discoid lupus erythematosus,Discoid lupus erythematosus,PENDING,,,,,
Discoid lupus erythematosus/discoid-lupus-07.jpg,Discoid lupus erythematosus,Discoid lupus erythematosus,PENDING,,,,,
Discoid lupus erythematosus/discoid-lupus-08.jpg,Discoid lupus erythematosus,Discoid lupus erythematosus,PENDING,,,,,
Discoid lupus erythematosus/discoid-lupus-09.jpg,Discoid lupus erythematosus,Discoid lupus erythematosus,PENDING,,,,,
Discoid lupus erythematosus/discoid-lupus-10.jpg,Discoid lupus erythematosus,Discoid lupus erythematosus,PENDING,,,,,
Discoid lupus erythematosus/discoid-lupus-11.jpg,Discoid lupus erythematosus,Discoid lupus erythematosus,PENDING,,,,,
Discoid lupus erythematosus/discoid-lupus-12.jpg,Discoid lupus erythematosus,Discoid lupus erythematosus,PENDING,,,,,
Discoid lupus erythematosus/discoid-lupus-13.jpg,Discoid lupus erythematosus,Discoid lupus erythematosus,PENDING,,,,,
Discoid lupus erythematosus/discoid-lupus-14.jpg,Discoid lupus erythematosus,Discoid lupus erythematosus,PENDING,,,,,
Discoid lupus erythematosus/discoid-lupus-15.jpg,Discoid lupus erythematosus,Discoid lupus erythematosus,PENDING,,,,,
Discoid lupus erythematosus/discoid-lupus-16.jpg,Discoid lupus erythematosus,Discoid lupus erythematosus,PENDING,,,,,
Discoid lupus erythematosus/discoid-lupus-17.jpg,Discoid lupus erythematosus,Discoid lupus erythematosus,PENDING,,,,,
Discoid lupus erythematosus/discoid-lupus-18.jpg,Discoid lupus erythematosus,Discoid lupus erythematosus,PENDING,,,,,
Discoid lupus erythematosus/discoid-lupus-19.jpg,Discoid lupus erythematosus,Discoid lupus erythematosus,PENDING,,,,,
Discoid lupus erythematosus/discoid-lupus-20.jpg,Discoid lupus erythematosus,Discoid lupus erythematosus,PENDING,,,,,
Discoid lupus erythematosus/discoid-lupus-21.jpg,Discoid lupus erythematosus,Discoid lupus erythematosus,PENDING,,,,,
Discoid lupus erythematosus/discoid-lupus-22.jpg,Discoid lupus erythematosus,Discoid lupus erythematosus,PENDING,,,,,
Discoid lupus erythematosus/discoid-lupus-23.jpg,Discoid lupus erythematosus,Discoid lupus erythematosus,PENDING,,,,,
Discoid lupus erythematosus/discoid-lupus-24.jpg,Discoid lupus erythematosus,Discoid lupus erythematosus,PENDING,,,,,
Discoid lupus erythematosus/discoid-lupus-25.jpg,Discoid lupus erythematosus,Discoid lupus erythematosus,PENDING,,,,,
Discoid lupus erythematosus/discoid-lupus-26.jpg,Discoid lupus erythematosus,Discoid lupus erythematosus,PENDING,,,,,
Discoid lupus erythematosus/discoid-lupus-comedones.jpg,Discoid lupus erythematosus,Discoid lupus erythematosus,PENDING,,,,,
Discoid lupus erythematosus/discoid-lupus-erythematosus-0004.jpg,Discoid lupus erythematosus,Discoid lupus erythematosus,PENDING,,,,,
Discoid lupus erythematosus/discoid-lupus-erythematosus-0006.jpg,Discoid lupus erythematosus,Discoid lupus erythematosus,PENDING,,,,,
Discoid lupus erythematosus/discoid-lupus-erythematosus-0010.jpg,Discoid lupus erythematosus,Discoid lupus erythematosus,PENDING,,,,,
Discoid lupus erythematosus/discoid-lupus-erythematosus-0011.jpg,Discoid lupus erythematosus,Discoid lupus erythematosus,PENDING,,,,,
Discoid lupus erythematosus/discoid-lupus-erythematosus-0015.jpg,Discoid lupus erythematosus,Discoid lupus erythematosus,PENDING,,,,,
Discoid lupus erythematosus/discoid-lupus-erythematosus-0017.jpg,Discoid lupus erythematosus,Discoid lupus erythematosus,PENDING,,,,,
Discoid lupus erythematosus/discoid-lupus-erythematosus-0020.jpg,Discoid lupus erythematosus,Discoid lupus erythematosus,PENDING,,,,,
Discoid lupus erythematosus/discoid-lupus-erythematosus-0021.jpg,Discoid lupus erythematosus,Discoid lupus erythematosus,PENDING,,,,,
Discoid lupus erythematosus/discoid-lupus-erythematosus-0022.jpg,Discoid lupus erythematosus,Discoid lupus erythematosus,PENDING,,,,,
Discoid lupus erythematosus/discoid-lupus-erythematosus-0023.jpg,Discoid lupus erythematosus,Discoid lupus erythematosus,PENDING,,,,,
Discoid lupus erythematosus/discoid-lupus-erythematosus-0024.jpg,Discoid lupus erythematosus,Discoid lupus erythematosus,PENDING,,,,,
Discoid lupus erythematosus/discoid-lupus-erythematosus-0025.jpg,Discoid lupus erythematosus,Discoid lupus erythematosus,PENDING,,,,,
Discoid lupus erythematosus/discoid-lupus-erythematosus-0026.jpg,Discoid lupus erythematosus,Discoid lupus erythematosus,PENDING,,,,,
Discoid lupus erythematosus/discoid-lupus-erythematosus-0028.jpg,Discoid lupus erythematosus,Discoid lupus erythematosus,PENDING,,,,,
Discoid lupus erythematosus/discoid-lupus-erythematosus-0029.jpg,Discoid lupus erythematosus,Discoid lupus erythematosus,PENDING,,,,,
Discoid lupus erythematosus/discoid-lupus-erythematosus-0030.jpg,Discoid lupus erythematosus,Discoid lupus erythematosus,PENDING,,,,,
Discoid lupus erythematosus/discoid-lupus-erythematosus-0031.jpg,Discoid lupus erythematosus,Discoid lupus erythematosus,PENDING,,,,,
Discoid lupus erythematosus/discoid-lupus-erythematosus-0032.jpg,Discoid lupus erythematosus,Discoid lupus erythematosus,PENDING,,,,,
Discoid lupus erythematosus/discoid-lupus-erythematosus-0033.jpg,Discoid lupus erythematosus,Discoid lupus erythematosus,PENDING,,,,,
Discoid lupus erythematosus/discoid-lupus-erythematosus-0034.jpg,Discoid lupus erythematosus,Discoid lupus erythematosus,PENDING,,,,,
Discoid lupus erythematosus/discoid-lupus-erythematosus-0035.jpg,Discoid lupus erythematosus,Discoid lupus erythematosus,PENDING,,,,,
Discoid lupus erythematosus/discoid-lupus-erythematosus-0036.jpg,Discoid lupus erythematosus,Discoid lupus erythematosus,PENDING,,,,,
Discoid lupus erythematosus/discoid-lupus-erythematosus-0037.jpg,Discoid lupus erythematosus,Discoid lupus erythematosus,PENDING,,,,,
Discoid lupus erythematosus/discoid-lupus-erythematosus-0038.jpg,Discoid lupus erythematosus,Discoid lupus erythematosus,PENDING,,,,,
Discoid lupus erythematosus/discoid-lupus-erythematosus-0039.jpg,Discoid lupus erythematosus,Discoid lupus erythematosus,PENDING,,,,,
Discoid lupus erythematosus/discoid-lupus-erythematosus-0040.jpg,Discoid lupus erythematosus,Discoid lupus erythematosus,PENDING,,,,,
Discoid lupus erythematosus/discoid-lupus-erythematosus-0041.jpg,Discoid lupus erythematosus,Discoid lupus erythematosus,PENDING,,,,,
Discoid lupus erythematosus/discoid-lupus-erythematosus-0042.jpg,Discoid lupus erythematosus,Discoid lupus erythematosus,PENDING,,,,,
Discoid lupus erythematosus/discoid-lupus-face.jpg,Discoid lupus erythematosus,Discoid lupus erythematosus,PENDING,,,,,
Discoid lupus erythematosus/dle-lip.jpg,Discoid lupus erythematosus,Discoid lupus erythematosus,PENDING,,,,,
Discoid lupus erythematosus/dle-scalp.jpg,Discoid lupus erythematosus,Discoid lupus erythematosus,PENDING,,,,,
Discoid lupus erythematosus/dle-scalp17.jpg,Discoid lupus erythematosus,Discoid lupus erythematosus,PENDING,,,,,
Discoid lupus erythematosus/dle-scalp18.jpg,Discoid lupus erythematosus,Discoid lupus erythematosus,PENDING,,,,,
Discoid lupus erythematosus/dle-scalp2.jpg,Discoid lupus erythematosus,Discoid lupus erythematosus,PENDING,,,,,
Discoid lupus erythematosus/dle-scalp3.jpg,Discoid lupus erythematosus,Discoid lupus erythematosus,PENDING,,,,,
Discoid lupus erythematosus/htrophicle.jpg,Discoid lupus erythematosus,Discoid lupus erythematosus,PENDING,,,,,
Discoid lupus erythematosus/lupus-hand.jpg,Discoid lupus erythematosus,Discoid lupus erythematosus,PENDING,,,,,
Discoid lupus erythematosus/lupus-scalp.jpg,Discoid lupus erythematosus,Discoid lupus erythematosus,PENDING,,,,,
Discoid lupus erythematosus/madarosis-01.jpg,Discoid lupus erythematosus,Discoid lupus erythematosus,PENDING,,,,,
Discoid lupus erythematosus/otitis-externa-0003.jpg,Discoid lupus erythematosus,Discoid lupus erythematosus,PENDING,,,,,
Discoid lupus erythematosus/palmoplantar-le.jpg,Discoid lupus erythematosus,Discoid lupus erythematosus,PENDING,,,,,
Discoid lupus erythematosus/smoker-dle1.jpg,Discoid lupus erythematosus,Discoid lupus erythematosus,PENDING,,,,,
Disseminate and recurrent infundibulofolliculitis/infundibulofolliculitis1.jpg,Disseminate and recurrent infundibulofolliculitis,Disseminate and recurrent infundibulofolliculitis,PENDING,,,,,
Disseminate and recurrent infundibulofolliculitis/infundibulofolliculitis2.jpg,Disseminate and recurrent infundibulofolliculitis,Disseminate and recurrent infundibulofolliculitis,PENDING,,,,,
Disseminate and recurrent infundibulofolliculitis/infundibulofolliculitis3.jpg,Disseminate and recurrent infundibulofolliculitis,Disseminate and recurrent infundibulofolliculitis,PENDING,,,,,
Disseminated secondary eczema/a-ecz1.jpg,Disseminated secondary eczema,Disseminated secondary eczema,PENDING,,,,,
Disseminated secondary eczema/a-ecz2.jpg,Disseminated secondary eczema,Disseminated secondary eczema,PENDING,,,,,
Disseminated superficial actinic porokeratosis/dsap-01.jpg,Disseminated superficial actinic porokeratosis,Disseminated superficial actinic porokeratosis,PENDING,,,,,
Disseminated superficial actinic porokeratosis/dsap-03.jpg,Disseminated superficial actinic porokeratosis,Disseminated superficial actinic porokeratosis,PENDING,,,,,
Disseminated superficial actinic porokeratosis/dsap-3.jpg,Disseminated superficial actinic porokeratosis,Disseminated superficial actinic porokeratosis,PENDING,,,,,
Disseminated superficial actinic porokeratosis/dsap1.jpg,Disseminated superficial actinic porokeratosis,Disseminated superficial actinic porokeratosis,PENDING,,,,,
Disseminated superficial actinic porokeratosis/dsap2.jpg,Disseminated superficial actinic porokeratosis,Disseminated superficial actinic porokeratosis,PENDING,,,,,
Disseminated superficial actinic porokeratosis/dsap3.jpg,Disseminated superficial actinic porokeratosis,Disseminated superficial actinic porokeratosis,PENDING,,,,,
Dowling-Degos disease/dowling-degos-2.jpg,Dowling-Degos disease,Dowling-Degos disease,PENDING,,,,,
Dowling-Degos disease/dowling-degos-3.jpg,Dowling-Degos disease,Dowling-Degos disease,PENDING,,,,,
Dowling-Degos disease/dowling-degos-4.jpg,Dowling-Degos disease,Dowling-Degos disease,PENDING,,,,,
Dry gangrene/gangrene-1.jpg,Dry gangrene,Dry gangrene,PENDING,,,,,
Dry gangrene/gangrene-2.jpg,Dry gangrene,Dry gangrene,PENDING,,,,,
Dry gangrene/gangrene-4.jpg,Dry gangrene,Dry gangrene,PENDING,,,,,
Dry gangrene/ischaemia-1.jpg,Dry gangrene,Dry gangrene,PENDING,,,,,
Dry gangrene/ischaemia-2.jpg,Dry gangrene,Dry gangrene,PENDING,,,,,
Dry gangrene/ischaemia-3.jpg,Dry gangrene,Dry gangrene,PENDING,,,,,
Dry gangrene/purpura-fulminans-0011.jpg,Dry gangrene,Dry gangrene,PENDING,,,,,
Dry gangrene/purpura-fulminans-0012.jpg,Dry gangrene,Dry gangrene,PENDING,,,,,
Dyshidrotic eczema (pompholyx)/dyshidrotic-eczema-0001.jpg,Dyshidrotic eczema (pompholyx),Dyshidrotic eczema (pompholyx),PENDING,,,,,
Dyshidrotic eczema (pompholyx)/dyshidrotic-eczema-0002.jpg,Dyshidrotic eczema (pompholyx),Dyshidrotic eczema (pompholyx),PENDING,,,,,
Dyshidrotic eczema (pompholyx)/dyshidrotic-eczema-0003.jpg,Dyshidrotic eczema (pompholyx),Dyshidrotic eczema (pompholyx),PENDING,,,,,
Dyshidrotic eczema (pompholyx)/dyshidrotic-eczema-0004.jpg,Dyshidrotic eczema (pompholyx),Dyshidrotic eczema (pompholyx),PENDING,,,,,
Dyshidrotic eczema (pompholyx)/dyshidrotic-eczema-0005.jpg,Dyshidrotic eczema (pompholyx),Dyshidrotic eczema (pompholyx),PENDING,,,,,
Dyshidrotic eczema (pompholyx)/dyshidrotic-eczema-0006.jpg,Dyshidrotic eczema (pompholyx),Dyshidrotic eczema (pompholyx),PENDING,,,,,
Dyshidrotic eczema (pompholyx)/dyshidrotic-eczema-0007.jpg,Dyshidrotic eczema (pompholyx),Dyshidrotic eczema (pompholyx),PENDING,,,,,
Dyshidrotic eczema (pompholyx)/dyshidrotic-eczema-0008.jpg,Dyshidrotic eczema (pompholyx),Dyshidrotic eczema (pompholyx),PENDING,,,,,
Dyshidrotic eczema (pompholyx)/dyshidrotic-eczema-0009.jpg,Dyshidrotic eczema (pompholyx),Dyshidrotic eczema (pompholyx),PENDING,,,,,
Dyshidrotic eczema (pompholyx)/dyshidrotic-eczema-0010.jpg,Dyshidrotic eczema (pompholyx),Dyshidrotic eczema (pompholyx),PENDING,,,,,
Dyshidrotic eczema (pompholyx)/dyshidrotic-eczema-0011.jpg,Dyshidrotic eczema (pompholyx),Dyshidrotic eczema (pompholyx),PENDING,,,,,
Dyshidrotic eczema (pompholyx)/dyshidrotic-eczema-0012.jpg,Dyshidrotic eczema (pompholyx),Dyshidrotic eczema (pompholyx),PENDING,,,,,
Dyshidrotic eczema (pompholyx)/dyshidrotic-eczema-0013.jpg,Dyshidrotic eczema (pompholyx),Dyshidrotic eczema (pompholyx),PENDING,,,,,
Dyshidrotic eczema (pompholyx)/dyshidrotic-eczema-0014.jpg,Dyshidrotic eczema (pompholyx),Dyshidrotic eczema (pompholyx),PENDING,,,,,
Dyshidrotic eczema (pompholyx)/dyshidrotic-eczema-0015.jpg,Dyshidrotic eczema (pompholyx),Dyshidrotic eczema (pompholyx),PENDING,,,,,
Dyshidrotic eczema (pompholyx)/dyshidrotic-eczema-0016.jpg,Dyshidrotic eczema (pompholyx),Dyshidrotic eczema (pompholyx),PENDING,,,,,
Dyshidrotic eczema (pompholyx)/dyshidrotic-eczema-0017.jpg,Dyshidrotic eczema (pompholyx),Dyshidrotic eczema (pompholyx),PENDING,,,,,
Dyshidrotic eczema (pompholyx)/dyshidrotic-eczema-0018.jpg,Dyshidrotic eczema (pompholyx),Dyshidrotic eczema (pompholyx),PENDING,,,,,
Dyshidrotic eczema (pompholyx)/dyshidrotic-eczema-0019.jpg,Dyshidrotic eczema (pompholyx),Dyshidrotic eczema (pompholyx),PENDING,,,,,
Dyshidrotic eczema (pompholyx)/dyshidrotic-eczema-0020.jpg,Dyshidrotic eczema (pompholyx),Dyshidrotic eczema (pompholyx),PENDING,,,,,
Dyshidrotic eczema (pompholyx)/dyshidrotic-eczema-0021.jpg,Dyshidrotic eczema (pompholyx),Dyshidrotic eczema (pompholyx),PENDING,,,,,
Dyshidrotic eczema (pompholyx)/dyshidrotic-eczema-0022.jpg,Dyshidrotic eczema (pompholyx),Dyshidrotic eczema (pompholyx),PENDING,,,,,
Dyshidrotic eczema (pompholyx)/dyshidrotic-eczema-0023.jpg,Dyshidrotic eczema (pompholyx),Dyshidrotic eczema (pompholyx),PENDING,,,,,
Dyshidrotic eczema (pompholyx)/dyshidrotic-eczema-0024.jpg,Dyshidrotic eczema (pompholyx),Dyshidrotic eczema (pompholyx),PENDING,,,,,
Dyshidrotic eczema (pompholyx)/dyshidrotic-eczema-0025.jpg,Dyshidrotic eczema (pompholyx),Dyshidrotic eczema (pompholyx),PENDING,,,,,
Dyshidrotic eczema (pompholyx)/dyshidrotic-eczema-0026.jpg,Dyshidrotic eczema (pompholyx),Dyshidrotic eczema (pompholyx),PENDING,,,,,
Dyshidrotic eczema (pompholyx)/pompholyx1.jpg,Dyshidrotic eczema (pompholyx),Dyshidrotic eczema (pompholyx),PENDING,,,,,
Dyshidrotic eczema (pompholyx)/pompholyx3.jpg,Dyshidrotic eczema (pompholyx),Dyshidrotic eczema (pompholyx),PENDING,,,,,
Dyshidrotic eczema (pompholyx)/pompholyx5.jpg,Dyshidrotic eczema (pompholyx),Dyshidrotic eczema (pompholyx),PENDING,,,,,
Dystrophic epidermolysis bullosa/epidermolysis-bullosa-pruriginosa-00001.jpg,Dystrophic epidermolysis bullosa,Dystrophic epidermolysis bullosa,PENDING,,,,,
Dystrophic epidermolysis bullosa/epidermolysis-bullosa-pruriginosa-00002.jpg,Dystrophic epidermolysis bullosa,Dystrophic epidermolysis bullosa,PENDING,,,,,
Dystrophic epidermolysis bullosa/epidermolysis-bullosa-pruriginosa-00003.jpg,Dystrophic epidermolysis bullosa,Dystrophic epidermolysis bullosa,PENDING,,,,,
Dystrophic epidermolysis bullosa/epidermolysis-bullosa-pruriginosa-00004.jpg,Dystrophic epidermolysis bullosa,Dystrophic epidermolysis bullosa,PENDING,,,,,
Dystrophic epidermolysis bullosa/rdeb-1.jpg,Dystrophic epidermolysis bullosa,Dystrophic epidermolysis bullosa,PENDING,,,,,
Dystrophic epidermolysis bullosa/rdeb-2.jpg,Dystrophic epidermolysis bullosa,Dystrophic epidermolysis bullosa,PENDING,,,,,
Eccrine porocarcinoma/porocarcinoma1.jpg,Eccrine porocarcinoma,Eccrine porocarcinoma,PENDING,,,,,
Eccrine porocarcinoma/porocarcinoma2.jpg,Eccrine porocarcinoma,Eccrine porocarcinoma,PENDING,,,,,
Ecthyma/ecthyma-2.jpg,Ecthyma,Ecthyma,PENDING,,,,,
Ecthyma/ecthyma-3.jpg,Ecthyma,Ecthyma,PENDING,,,,,
Ecthyma/ecthyma-4.jpg,Ecthyma,Ecthyma,PENDING,,,,,
Ecthyma/ecthyma-5.jpg,Ecthyma,Ecthyma,PENDING,,,,,
Ecthyma/ecthyma-6.jpg,Ecthyma,Ecthyma,PENDING,,,,,
Ecthyma/ecthyma-7.jpg,Ecthyma,Ecthyma,PENDING,,,,,
Ecthyma/ecthyma-8.jpg,Ecthyma,Ecthyma,PENDING,,,,,
Ecthyma/ecthyma-9.jpg,Ecthyma,Ecthyma,PENDING,,,,,
Ecthyma/ecthyma.jpg,Ecthyma,Ecthyma,PENDING,,,,,
Ecthyma/ecthyma2.jpg,Ecthyma,Ecthyma,PENDING,,,,,
Eczema herpeticum/darier-hs.jpg,Eczema herpeticum,Eczema herpeticum,PENDING,,,,,
Eczema herpeticum/ecz-herp1.jpg,Eczema herpeticum,Eczema herpeticum,PENDING,,,,,
Eczema herpeticum/ecz-herp2.jpg,Eczema herpeticum,Eczema herpeticum,PENDING,,,,,
Eczema herpeticum/ecz-herp3.jpg,Eczema herpeticum,Eczema herpeticum,PENDING,,,,,
Eczema herpeticum/eczema-herpeticum-0002.jpg,Eczema herpeticum,Eczema herpeticum,PENDING,,,,,
Eczema herpeticum/eczema-herpeticum-0003.jpg,Eczema herpeticum,Eczema herpeticum,PENDING,,,,,
Eczema herpeticum/eczema-herpticum01.jpg,Eczema herpeticum,Eczema herpeticum,PENDING,,,,,
Eczema herpeticum/eczema-herpticum02.jpg,Eczema herpeticum,Eczema herpeticum,PENDING,,,,,
Eczema herpeticum/eczema-herpticum03.jpg,Eczema herpeticum,Eczema herpeticum,PENDING,,,,,
Eczema herpeticum/eczema-herpticum04.jpg,Eczema herpeticum,Eczema herpeticum,PENDING,,,,,
Eczema herpeticum/eczema-herpticum05.jpg,Eczema herpeticum,Eczema herpeticum,PENDING,,,,,
Eczema herpeticum/eczema-herpticum06.jpg,Eczema herpeticum,Eczema herpeticum,PENDING,,,,,
Eczema herpeticum/eczema-herpticum07.jpg,Eczema herpeticum,Eczema herpeticum,PENDING,,,,,
Eczema herpeticum/eczema-herpticum08.jpg,Eczema herpeticum,Eczema herpeticum,PENDING,,,,,
Eczema herpeticum/eczema-herpticum09.jpg,Eczema herpeticum,Eczema herpeticum,PENDING,,,,,
Eczema herpeticum/eczema-herpticum10.jpg,Eczema herpeticum,Eczema herpeticum,PENDING,,,,,
Eczema herpeticum/eczema-herpticum11.jpg,Eczema herpeticum,Eczema herpeticum,PENDING,,,,,
Eczema herpeticum/eczema-herpticum12.jpg,Eczema herpeticum,Eczema herpeticum,PENDING,,,,,
Eczema herpeticum/eczema-herpticum13.jpg,Eczema herpeticum,Eczema herpeticum,PENDING,,,,,
Eczema herpeticum/eczema-herpticum14.jpg,Eczema herpeticum,Eczema herpeticum,PENDING,,,,,
Eczema herpeticum/eczema-herpticum15.jpg,Eczema herpeticum,Eczema herpeticum,PENDING,,,,,
Eczema herpeticum/eczema-herpticum16.jpg,Eczema herpeticum,Eczema herpeticum,PENDING,,,,,
Eczema herpeticum/eczema-herpticum17.jpg,Eczema herpeticum,Eczema herpeticum,PENDING,,,,,
Eczema herpeticum/eczema-herpticum18.jpg,Eczema herpeticum,Eczema herpeticum,PENDING,,,,,
Elastolytic giant cell granuloma/actinic-granuloma2.jpg,Elastolytic giant cell granuloma,Elastolytic giant cell granuloma,PENDING,,,,,
Elastolytic giant cell granuloma/actinic-granuloma3.jpg,Elastolytic giant cell granuloma,Elastolytic giant cell granuloma,PENDING,,,,,
Elastosis/actinic-elastosis-0001.jpg,Elastosis,Elastosis,PENDING,,,,,
Elastosis/actinic-elastosis-0002.jpg,Elastosis,Elastosis,PENDING,,,,,
Elastosis/actinic-elastosis-0003.jpg,Elastosis,Elastosis,PENDING,,,,,
Elastosis/actinic-elastosis-0004.jpg,Elastosis,Elastosis,PENDING,,,,,
Elastosis/actinic-elastosis-0006.jpg,Elastosis,Elastosis,PENDING,,,,,
Elastosis/actinic-elastosis-0007.jpg,Elastosis,Elastosis,PENDING,,,,,
Elastosis/actinic-elastosis-0008.jpg,Elastosis,Elastosis,PENDING,,,,,
Elastosis/actinic-elastosis-0011.jpg,Elastosis,Elastosis,PENDING,,,,,
Elastosis/actinic-elastosis-0012.jpg,Elastosis,Elastosis,PENDING,,,,,
Elastosis/elastosis.jpg,Elastosis,Elastosis,PENDING,,,,,
Elastosis/elastosis1.jpg,Elastosis,Elastosis,PENDING,,,,,
Elastosis/elastosis2.jpg,Elastosis,Elastosis,PENDING,,,,,
Elastosis/elastosis3.jpg,Elastosis,Elastosis,PENDING,,,,,
Elastosis/eps4.jpg,Elastosis,Elastosis,PENDING,,,,,
Elastosis/eps5.jpg,Elastosis,Elastosis,PENDING,,,,,
Elastosis/eps6.jpg,Elastosis,Elastosis,PENDING,,,,,
Elastosis/favre-racouchot-syndrome-0001.jpg,Elastosis,Elastosis,PENDING,,,,,
Elastosis/favre-racouchot-syndrome-0002.jpg,Elastosis,Elastosis,PENDING,,,,,
Elastosis/favre-racouchot1.jpg,Elastosis,Elastosis,PENDING,,,,,
Elastosis/favre-racouchot2.jpg,Elastosis,Elastosis,PENDING,,,,,
Elastosis/solar-comedones04.jpg,Elastosis,Elastosis,PENDING,,,,,
Elastosis perforans serpiginosa/elastosis-perforans-serpiginosa-0001.jpg,Elastosis perforans serpiginosa,Elastosis perforans serpiginosa,PENDING,,,,,
Elastosis perforans serpiginosa/elastosis-perforans-serpiginosa-0002.jpg,Elastosis perforans serpiginosa,Elastosis perforans serpiginosa,PENDING,,,,,
Elastosis perforans serpiginosa/elastosis-perforans-serpiginosa-0003.jpg,Elastosis perforans serpiginosa,Elastosis perforans serpiginosa,PENDING,,,,,
Elastosis perforans serpiginosa/elastosis-perforans-serpiginosa-0004.jpg,Elastosis perforans serpiginosa,Elastosis perforans serpiginosa,PENDING,,,,,
Elastosis perforans serpiginosa/elastosis-perforans-serpiginosa-0005.jpg,Elastosis perforans serpiginosa,Elastosis perforans serpiginosa,PENDING,,,,,
Elastosis perforans serpiginosa/elastosis-perforans-serpiginosa-0006.jpg,Elastosis perforans serpiginosa,Elastosis perforans serpiginosa,PENDING,,,,,
Elastosis perforans serpiginosa/elastosis-perforans-serpiginosa-0007.jpg,Elastosis perforans serpiginosa,Elastosis perforans serpiginosa,PENDING,,,,,
Elastosis perforans serpiginosa/eps.jpg,Elastosis perforans serpiginosa,Elastosis perforans serpiginosa,PENDING,,,,,
Elastosis perforans serpiginosa/eps1.jpg,Elastosis perforans serpiginosa,Elastosis perforans serpiginosa,PENDING,,,,,
Elastosis perforans serpiginosa/eps2.jpg,Elastosis perforans serpiginosa,Elastosis perforans serpiginosa,PENDING,,,,,
Elastosis perforans serpiginosa/eps3.jpg,Elastosis perforans serpiginosa,Elastosis perforans serpiginosa,PENDING,,,,,
Elastosis perforans serpiginosa/eps4.jpg,Elastosis perforans serpiginosa,Elastosis perforans serpiginosa,PENDING,,,,,
Elastosis perforans serpiginosa/eps5.jpg,Elastosis perforans serpiginosa,Elastosis perforans serpiginosa,PENDING,,,,,
Elastosis perforans serpiginosa/eps6.jpg,Elastosis perforans serpiginosa,Elastosis perforans serpiginosa,PENDING,,,,,
Eosinophilic pustular folliculitis/eos-folliculitis1.jpg,Eosinophilic pustular folliculitis,Eosinophilic pustular folliculitis,PENDING,,,,,
Eosinophilic pustular folliculitis/eos-folliculitis2.jpg,Eosinophilic pustular folliculitis,Eosinophilic pustular folliculitis,PENDING,,,,,
Eosinophilic pustular folliculitis/eos-folliculitis3.jpg,Eosinophilic pustular folliculitis,Eosinophilic pustular folliculitis,PENDING,,,,,
Eosinophilic pustular folliculitis/eosinophilic-pustular-folliculitis-0001.jpg,Eosinophilic pustular folliculitis,Eosinophilic pustular folliculitis,PENDING,,,,,
Eosinophilic pustular folliculitis/eosinophilic-pustular-folliculitis-0002.jpg,Eosinophilic pustular folliculitis,Eosinophilic pustular folliculitis,PENDING,,,,,
Eosinophilic pustular folliculitis/eosinophilic-pustular-folliculitis-0003.jpg,Eosinophilic pustular folliculitis,Eosinophilic pustular folliculitis,PENDING,,,,,
Eosinophilic pustular folliculitis/eosinophilic-pustular-folliculitis-0004.jpg,Eosinophilic pustular folliculitis,Eosinophilic pustular folliculitis,PENDING,,,,,
Eosinophilic pustular folliculitis/eosinophilic-pustular-folliculitis-0005.jpg,Eosinophilic pustular folliculitis,Eosinophilic pustular folliculitis,PENDING,,,,,
Eosinophilic pustular folliculitis/eosinophilic-pustular-folliculitis-0006.jpg,Eosinophilic pustular folliculitis,Eosinophilic pustular folliculitis,PENDING,,,,,
Eosinophilic pustular folliculitis/eosinophilic-pustular-folliculitis-0007.jpg,Eosinophilic pustular folliculitis,Eosinophilic pustular folliculitis,PENDING,,,,,
Eosinophilic pustular folliculitis/eosinophilic-pustular-folliculitis-0008.jpg,Eosinophilic pustular folliculitis,Eosinophilic pustular folliculitis,PENDING,,,,,
Epidermal naevus/ep-n1.jpg,Epidermal naevus,Epidermal naevus,PENDING,,,,,
Epidermal naevus/ep-n2.jpg,Epidermal naevus,Epidermal naevus,PENDING,,,,,
Epidermal naevus/ep-n3.jpg,Epidermal naevus,Epidermal naevus,PENDING,,,,,
Epidermal naevus/ep-n4.jpg,Epidermal naevus,Epidermal naevus,PENDING,,,,,
Epidermal naevus/ep-n5.jpg,Epidermal naevus,Epidermal naevus,PENDING,,,,,
Epidermal naevus/ep-n6.jpg,Epidermal naevus,Epidermal naevus,PENDING,,,,,
Epidermal naevus/epidermal-naevus-syndrome-1.jpg,Epidermal naevus,Epidermal naevus,PENDING,,,,,
Epidermal naevus/epidermal-naevus-syndrome-2.jpg,Epidermal naevus,Epidermal naevus,PENDING,,,,,
Epidermal naevus/inflammatory-linear-verrucous-epidermal-naevus-0003.jpg,Epidermal naevus,Epidermal naevus,PENDING,,,,,
Epidermal naevus/keratinocytic-epidermal-naevus-0001.jpg,Epidermal naevus,Epidermal naevus,PENDING,,,,,
Epidermal naevus/keratinocytic-epidermal-naevus-0002.jpg,Epidermal naevus,Epidermal naevus,PENDING,,,,,
Epidermal naevus/keratinocytic-epidermal-naevus-0003.jpg,Epidermal naevus,Epidermal naevus,PENDING,,,,,
Epidermal naevus/keratinocytic-epidermal-naevus-0004.jpg,Epidermal naevus,Epidermal naevus,PENDING,,,,,
Epidermal naevus/keratinocytic-epidermal-naevus-0007.jpg,Epidermal naevus,Epidermal naevus,PENDING,,,,,
Epidermal naevus/keratinocytic-epidermal-naevus-0009.jpg,Epidermal naevus,Epidermal naevus,PENDING,,,,,
Epidermal naevus/naevus-lipomatosus-superficialis-01.jpg,Epidermal naevus,Epidermal naevus,PENDING,,,,,
Epidermal naevus/proteus-syndrome-0001.jpg,Epidermal naevus,Epidermal naevus,PENDING,,,,,
Epidermal naevus/proteus-syndrome-0002.jpg,Epidermal naevus,Epidermal naevus,PENDING,,,,,
Epidermal naevus/systematised-epidermal-naevus-0001.jpg,Epidermal naevus,Epidermal naevus,PENDING,,,,,
Epidermal naevus/systematised-epidermal-naevus-0002.jpg,Epidermal naevus,Epidermal naevus,PENDING,,,,,
Epidermal naevus/systematised-epidermal-naevus-0003.jpg,Epidermal naevus,Epidermal naevus,PENDING,,,,,
Epidermal naevus/systematised-epidermal-naevus-0004.jpg,Epidermal naevus,Epidermal naevus,PENDING,,,,,
Epidermal naevus/systematised-epidermal-naevus-0005.jpg,Epidermal naevus,Epidermal naevus,PENDING,,,,,
Epidermal naevus/systematised-epidermal-naevus-0006.jpg,Epidermal naevus,Epidermal naevus,PENDING,,,,,
Epidermal naevus/systematised-epidermal-naevus-0007.jpg,Epidermal naevus,Epidermal naevus,PENDING,,,,,
Epidermoid cyst/cyst10.jpg,Epidermoid cyst,Epidermoid cyst,PENDING,,,,,
Epidermoid cyst/cyst11.jpg,Epidermoid cyst,Epidermoid cyst,PENDING,,,,,
Epidermoid cyst/cyst14.jpg,Epidermoid cyst,Epidermoid cyst,PENDING,,,,,
Epidermoid cyst/cyst2.jpg,Epidermoid cyst,Epidermoid cyst,PENDING,,,,,
Epidermoid cyst/cyst39.jpg,Epidermoid cyst,Epidermoid cyst,PENDING,,,,,
Epidermoid cyst/cyst41.jpg,Epidermoid cyst,Epidermoid cyst,PENDING,,,,,
Epidermolysis bullosa/blist-eb3.jpg,Epidermolysis bullosa,Epidermolysis bullosa,PENDING,,,,,
Epidermolysis bullosa/eb1.jpg,Epidermolysis bullosa,Epidermolysis bullosa,PENDING,,,,,
Epidermolysis bullosa/eb2.jpg,Epidermolysis bullosa,Epidermolysis bullosa,PENDING,,,,,
Epidermolysis bullosa/eb3.jpg,Epidermolysis bullosa,Epidermolysis bullosa,PENDING,,,,,
Epidermolysis bullosa/eb4.jpg,Epidermolysis bullosa,Epidermolysis bullosa,PENDING,,,,,
Epidermolysis bullosa/eb5.jpg,Epidermolysis bullosa,Epidermolysis bullosa,PENDING,,,,,
Epidermolysis bullosa/eb6.jpg,Epidermolysis bullosa,Epidermolysis bullosa,PENDING,,,,,
Epidermolysis bullosa/eb7.jpg,Epidermolysis bullosa,Epidermolysis bullosa,PENDING,,,,,
Epidermolysis bullosa/eb8.jpg,Epidermolysis bullosa,Epidermolysis bullosa,PENDING,,,,,
Epidermolysis bullosa/eb9.jpg,Epidermolysis bullosa,Epidermolysis bullosa,PENDING,,,,,
Epidermolysis bullosa/epidermolysis-bullosa-neonate.jpg,Epidermolysis bullosa,Epidermolysis bullosa,PENDING,,,,,
Epidermolysis bullosa/figure-27-blistering.jpg,Epidermolysis bullosa,Epidermolysis bullosa,PENDING,,,,,
Epidermolysis bullosa/milia03.jpg,Epidermolysis bullosa,Epidermolysis bullosa,PENDING,,,,,
Epidermolysis bullosa/milia3.jpg,Epidermolysis bullosa,Epidermolysis bullosa,PENDING,,,,,
Epidermolysis bullosa/milia4.jpg,Epidermolysis bullosa,Epidermolysis bullosa,PENDING,,,,,
Epidermolysis bullosa acquisita/blist-eba.jpg,Epidermolysis bullosa acquisita,Epidermolysis bullosa acquisita,PENDING,,,,,
Epidermolysis bullosa acquisita/eba-feet.jpg,Epidermolysis bullosa acquisita,Epidermolysis bullosa acquisita,PENDING,,,,,
Epidermolysis bullosa acquisita/eba-hand.jpg,Epidermolysis bullosa acquisita,Epidermolysis bullosa acquisita,PENDING,,,,,
Epidermolysis bullosa acquisita/eba1.jpg,Epidermolysis bullosa acquisita,Epidermolysis bullosa acquisita,PENDING,,,,,
Epidermolysis bullosa acquisita/eba2.jpg,Epidermolysis bullosa acquisita,Epidermolysis bullosa acquisita,PENDING,,,,,
Epidermolysis bullosa acquisita/eba3.jpg,Epidermolysis bullosa acquisita,Epidermolysis bullosa acquisita,PENDING,,,,,
Epidermolysis bullosa acquisita/eba4.jpg,Epidermolysis bullosa acquisita,Epidermolysis bullosa acquisita,PENDING,,,,,
Epidermolysis bullosa acquisita/epidermolysis-bullosa-acquisita-0001.jpg,Epidermolysis bullosa acquisita,Epidermolysis bullosa acquisita,PENDING,,,,,
Epidermolysis bullosa acquisita/epidermolysis-bullosa-acquisita-0002.jpg,Epidermolysis bullosa acquisita,Epidermolysis bullosa acquisita,PENDING,,,,,
Epidermolysis bullosa acquisita/epidermolysis-bullosa-acquisita-0003.jpg,Epidermolysis bullosa acquisita,Epidermolysis bullosa acquisita,PENDING,,,,,
Epidermolysis bullosa acquisita/epidermolysis-bullosa-acquisita-0004.jpg,Epidermolysis bullosa acquisita,Epidermolysis bullosa acquisita,PENDING,,,,,
Epidermolysis bullosa acquisita/epidermolysis-bullosa-acquisita-0005.jpg,Epidermolysis bullosa acquisita,Epidermolysis bullosa acquisita,PENDING,,,,,
Epidermolysis bullosa acquisita/epidermolysis-bullosa-acquisita-0006.jpg,Epidermolysis bullosa acquisita,Epidermolysis bullosa acquisita,PENDING,,,,,
Erosive lichen planus/2384-small.jpg,Erosive lichen planus,Erosive lichen planus,PENDING,,,,,
Erosive lichen planus/2385-small.jpg,Erosive lichen planus,Erosive lichen planus,PENDING,,,,,
Erosive lichen planus/2386-small.jpg,Erosive lichen planus,Erosive lichen planus,PENDING,,,,,
Erosive lichen planus/2387-small.jpg,Erosive lichen planus,Erosive lichen planus,PENDING,,,,,
Erosive lichen planus/2388-small.jpg,Erosive lichen planus,Erosive lichen planus,PENDING,,,,,
Erosive lichen planus/2390-small.jpg,Erosive lichen planus,Erosive lichen planus,PENDING,,,,,
Erosive lichen planus/2392-small.jpg,Erosive lichen planus,Erosive lichen planus,PENDING,,,,,
Erosive lichen planus/2393-small.jpg,Erosive lichen planus,Erosive lichen planus,PENDING,,,,,
Erosive lichen planus/2394-small.jpg,Erosive lichen planus,Erosive lichen planus,PENDING,,,,,
Erosive lichen planus/2395-small.jpg,Erosive lichen planus,Erosive lichen planus,PENDING,,,,,
Erosive lichen planus/elp1.jpg,Erosive lichen planus,Erosive lichen planus,PENDING,,,,,
Erosive lichen planus/elp2.jpg,Erosive lichen planus,Erosive lichen planus,PENDING,,,,,
Erosive lichen planus/elp3.jpg,Erosive lichen planus,Erosive lichen planus,PENDING,,,,,
Erosive lichen planus/elp4.jpg,Erosive lichen planus,Erosive lichen planus,PENDING,,,,,
Erosive lichen planus/elp5.jpg,Erosive lichen planus,Erosive lichen planus,PENDING,,,,,
Erosive lichen planus/erosive-lp.jpg,Erosive lichen planus,Erosive lichen planus,PENDING,,,,,
Erosive lichen planus/erosive-lp1-s.jpg,Erosive lichen planus,Erosive lichen planus,PENDING,,,,,
Erosive lichen planus/gingivitis-01.jpg,Erosive lichen planus,Erosive lichen planus,PENDING,,,,,
Erosive lichen planus/lichen-planus-erosion.jpg,Erosive lichen planus,Erosive lichen planus,PENDING,,,,,
Erosive lichen planus/oral-lichen-planus-0001.jpg,Erosive lichen planus,Erosive lichen planus,PENDING,,,,,
Erysipelas/cellulitis.jpg,Erysipelas,Erysipelas,PENDING,,,,,
Erysipelas/cellulitis2.jpg,Erysipelas,Erysipelas,PENDING,,,,,
Erysipelas/erysipelas-004.jpg,Erysipelas,Erysipelas,PENDING,,,,,
Erysipelas/erysipelas-005.jpg,Erysipelas,Erysipelas,PENDING,,,,,
Erysipelas/erysipelas-006.jpg,Erysipelas,Erysipelas,PENDING,,,,,
Erysipelas/erysipelas-leg.jpg,Erysipelas,Erysipelas,PENDING,,,,,
Erysipelas/erysipelas1.jpg,Erysipelas,Erysipelas,PENDING,,,,,
Erysipelas/erysipelas2.jpg,Erysipelas,Erysipelas,PENDING,,,,,
Erysipelas/erysipelas3.jpg,Erysipelas,Erysipelas,PENDING,,,,,
Erysipelas/erysipelas4.jpg,Erysipelas,Erysipelas,PENDING,,,,,
Erysipelas/eyelid-17.jpg,Erysipelas,Erysipelas,PENDING,,,,,
Erysipelas/figure-19-blistering.jpg,Erysipelas,Erysipelas,PENDING,,,,,
Erysipelas/figure-2-fever+rash.jpg,Erysipelas,Erysipelas,PENDING,,,,,
Erysipelas/wound-inf2.jpg,Erysipelas,Erysipelas,PENDING,,,,,
Erysipeloid/erysipeloid-1.jpg,Erysipeloid,Erysipeloid,PENDING,,,,,
Erysipeloid/erysipeloid-2.jpg,Erysipeloid,Erysipeloid,PENDING,,,,,
Erysipeloid/erysipeloid-3.jpg,Erysipeloid,Erysipeloid,PENDING,,,,,
Erythema ab igne/igne1.jpg,Erythema ab igne,Erythema ab igne,PENDING,,,,,
Erythema ab igne/igne2.jpg,Erythema ab igne,Erythema ab igne,PENDING,,,,,
Erythema ab igne/igne3.jpg,Erythema ab igne,Erythema ab igne,PENDING,,,,,
Erythema ab igne/igne4.jpg,Erythema ab igne,Erythema ab igne,PENDING,,,,,
Erythema ab igne/telangiectases-12.jpg,Erythema ab igne,Erythema ab igne,PENDING,,,,,
Erythema annulare centrifugum/annular-erythema-01.jpg,Erythema annulare centrifugum,Erythema annulare centrifugum,PENDING,,,,,
Erythema annulare centrifugum/annular-erythema-02-v2.jpg,Erythema annulare centrifugum,Erythema annulare centrifugum,PENDING,,,,,
Erythema annulare centrifugum/annular-erythema-02.jpg,Erythema annulare centrifugum,Erythema annulare centrifugum,PENDING,,,,,
Erythema annulare centrifugum/annular-erythema-03.jpg,Erythema annulare centrifugum,Erythema annulare centrifugum,PENDING,,,,,
Erythema annulare centrifugum/annular-erythema-05.jpg,Erythema annulare centrifugum,Erythema annulare centrifugum,PENDING,,,,,
Erythema annulare centrifugum/annular-erythema-06.jpg,Erythema annulare centrifugum,Erythema annulare centrifugum,PENDING,,,,,
Erythema annulare centrifugum/annular-erythema-08.jpg,Erythema annulare centrifugum,Erythema annulare centrifugum,PENDING,,,,,
Erythema annulare centrifugum/annular-erythema-09.jpg,Erythema annulare centrifugum,Erythema annulare centrifugum,PENDING,,,,,
Erythema annulare centrifugum/annular-erythema-10.jpg,Erythema annulare centrifugum,Erythema annulare centrifugum,PENDING,,,,,
Erythema annulare centrifugum/annular-erythema-11.jpg,Erythema annulare centrifugum,Erythema annulare centrifugum,PENDING,,,,,
Erythema annulare centrifugum/annular-erythema-12.jpg,Erythema annulare centrifugum,Erythema annulare centrifugum,PENDING,,,,,
Erythema annulare centrifugum/annular-erythema-13.jpg,Erythema annulare centrifugum,Erythema annulare centrifugum,PENDING,,,,,
Erythema annulare centrifugum/annular-erythema-14.jpg,Erythema annulare centrifugum,Erythema annulare centrifugum,PENDING,,,,,
Erythema annulare centrifugum/annular-erythema-15.jpg,Erythema annulare centrifugum,Erythema annulare centrifugum,PENDING,,,,,
Erythema annulare centrifugum/annular-erythema-16.jpg,Erythema annulare centrifugum,Erythema annulare centrifugum,PENDING,,,,,
Erythema annulare centrifugum/annular-erythema-18.jpg,Erythema annulare centrifugum,Erythema annulare centrifugum,PENDING,,,,,
Erythema annulare centrifugum/annular-erythema-19.jpg,Erythema annulare centrifugum,Erythema annulare centrifugum,PENDING,,,,,
Erythema annulare centrifugum/annular-erythema-20.jpg,Erythema annulare centrifugum,Erythema annulare centrifugum,PENDING,,,,,
Erythema annulare centrifugum/annular-erythema-21.jpg,Erythema annulare centrifugum,Erythema annulare centrifugum,PENDING,,,,,
Erythema annulare centrifugum/annular-erythema-22.jpg,Erythema annulare centrifugum,Erythema annulare centrifugum,PENDING,,,,,
Erythema annulare centrifugum/annular-erythema-23.jpg,Erythema annulare centrifugum,Erythema annulare centrifugum,PENDING,,,,,
Erythema annulare centrifugum/annular-erythema-24.jpg,Erythema annulare centrifugum,Erythema annulare centrifugum,PENDING,,,,,
Erythema annulare centrifugum/annular-erythema-25.jpg,Erythema annulare centrifugum,Erythema annulare centrifugum,PENDING,,,,,
Erythema annulare centrifugum/annular-erythema-26.jpg,Erythema annulare centrifugum,Erythema annulare centrifugum,PENDING,,,,,
Erythema annulare centrifugum/annular-erythema-27.jpg,Erythema annulare centrifugum,Erythema annulare centrifugum,PENDING,,,,,
Erythema annulare centrifugum/annular-erythema-28.jpg,Erythema annulare centrifugum,Erythema annulare centrifugum,PENDING,,,,,
Erythema annulare centrifugum/annular-erythema-29.jpg,Erythema annulare centrifugum,Erythema annulare centrifugum,PENDING,,,,,
Erythema annulare centrifugum/annular-erythema-31.jpg,Erythema annulare centrifugum,Erythema annulare centrifugum,PENDING,,,,,
Erythema annulare centrifugum/annular-erythema-32.jpg,Erythema annulare centrifugum,Erythema annulare centrifugum,PENDING,,,,,
Erythema dyschromicum perstans/acquired-dermal-macular-hyperpigmentation-018.jpg,Erythema dyschromicum perstans,Erythema dyschromicum perstans,PENDING,,,,,
Erythema dyschromicum perstans/edp1.jpg,Erythema dyschromicum perstans,Erythema dyschromicum perstans,PENDING,,,,,
Erythema dyschromicum perstans/edp2.jpg,Erythema dyschromicum perstans,Erythema dyschromicum perstans,PENDING,,,,,
Erythema dyschromicum perstans/edp3.jpg,Erythema dyschromicum perstans,Erythema dyschromicum perstans,PENDING,,,,,
Erythema dyschromicum perstans/figure-60-face.jpg,Erythema dyschromicum perstans,Erythema dyschromicum perstans,PENDING,,,,,
Erythema elevatum diutinum/eed1.jpg,Erythema elevatum diutinum,Erythema elevatum diutinum,PENDING,,,,,
Erythema elevatum diutinum/eed2.jpg,Erythema elevatum diutinum,Erythema elevatum diutinum,PENDING,,,,,
Erythema elevatum diutinum/eed3.jpg,Erythema elevatum diutinum,Erythema elevatum diutinum,PENDING,,,,,
Erythema infectiosum/erythema-infectiosum-0001.jpg,Erythema infectiosum,Erythema infectiosum,PENDING,,,,,
Erythema infectiosum/erythema-infectiosum-0002.jpg,Erythema infectiosum,Erythema infectiosum,PENDING,,,,,
Erythema infectiosum/erythema-infectiosum-0003.jpg,Erythema infectiosum,Erythema infectiosum,PENDING,,,,,
Erythema infectiosum/erythema-infectiosum-0004.jpg,Erythema infectiosum,Erythema infectiosum,PENDING,,,,,
Erythema infectiosum/erythema-infectiosum-0005.jpg,Erythema infectiosum,Erythema infectiosum,PENDING,,,,,
Erythema infectiosum/fifth04.jpg,Erythema infectiosum,Erythema infectiosum,PENDING,,,,,
Erythema infectiosum/fifth05.jpg,Erythema infectiosum,Erythema infectiosum,PENDING,,,,,
Erythema infectiosum/fifth06.jpg,Erythema infectiosum,Erythema infectiosum,PENDING,,,,,
Erythema infectiosum/fifth07.jpg,Erythema infectiosum,Erythema infectiosum,PENDING,,,,,
Erythema infectiosum/fifth08.jpg,Erythema infectiosum,Erythema infectiosum,PENDING,,,,,
Erythema infectiosum/fifth10.jpg,Erythema infectiosum,Erythema infectiosum,PENDING,,,,,
Erythema infectiosum/fifth11.jpg,Erythema infectiosum,Erythema infectiosum,PENDING,,,,,
Erythema infectiosum/fifth12.jpg,Erythema infectiosum,Erythema infectiosum,PENDING,,,,,
Erythema infectiosum/fifth3.jpg,Erythema infectiosum,Erythema infectiosum,PENDING,,,,,
Erythema infectiosum/parvo1.jpg,Erythema infectiosum,Erythema infectiosum,PENDING,,,,,
Erythema infectiosum/slap-cheek.jpg,Erythema infectiosum,Erythema infectiosum,PENDING,,,,,
Erythema multiforme/ac-em.jpg,Erythema multiforme,Erythema multiforme,PENDING,,,,,
Erythema multiforme/em-eyes1.jpg,Erythema multiforme,Erythema multiforme,PENDING,,,,,
Erythema multiforme/em-eyes2.jpg,Erythema multiforme,Erythema multiforme,PENDING,,,,,
Erythema multiforme/em-hsv.jpg,Erythema multiforme,Erythema multiforme,PENDING,,,,,
Erythema multiforme/em-hsv2.jpg,Erythema multiforme,Erythema multiforme,PENDING,,,,,
Erythema multiforme/em-lips1.jpg,Erythema multiforme,Erythema multiforme,PENDING,,,,,
Erythema multiforme/em-lips2.jpg,Erythema multiforme,Erythema multiforme,PENDING,,,,,
Erythema multiforme/em-lips3.jpg,Erythema multiforme,Erythema multiforme,PENDING,,,,,
Erythema multiforme/em-lips4.jpg,Erythema multiforme,Erythema multiforme,PENDING,,,,,
Erythema multiforme/em-orf1.jpg,Erythema multiforme,Erythema multiforme,PENDING,,,,,
Erythema multiforme/em-orf2.jpg,Erythema multiforme,Erythema multiforme,PENDING,,,,,
Erythema multiforme/em2.jpg,Erythema multiforme,Erythema multiforme,PENDING,,,,,
Erythema multiforme/em3.jpg,Erythema multiforme,Erythema multiforme,PENDING,,,,,
Erythema multiforme/em4.jpg,Erythema multiforme,Erythema multiforme,PENDING,,,,,
Erythema multiforme/em5.jpg,Erythema multiforme,Erythema multiforme,PENDING,,,,,
Erythema multiforme/emultifor1.jpg,Erythema multiforme,Erythema multiforme,PENDING,,,,,
Erythema multiforme/emultifor3.jpg,Erythema multiforme,Erythema multiforme,PENDING,,,,,
Erythema multiforme/emultiform4.jpg,Erythema multiforme,Erythema multiforme,PENDING,,,,,
Erythema multiforme/ermulti1.jpg,Erythema multiforme,Erythema multiforme,PENDING,,,,,
Erythema multiforme/ermulti3.jpg,Erythema multiforme,Erythema multiforme,PENDING,,,,,
Erythema multiforme/ermulti4.jpg,Erythema multiforme,Erythema multiforme,PENDING,,,,,
Erythema multiforme/ermulti5.jpg,Erythema multiforme,Erythema multiforme,PENDING,,,,,
Erythema multiforme/ermulti6.jpg,Erythema multiforme,Erythema multiforme,PENDING,,,,,
Erythema multiforme/ermulti7.jpg,Erythema multiforme,Erythema multiforme,PENDING,,,,,
Erythema multiforme/ermulti9.jpg,Erythema multiforme,Erythema multiforme,PENDING,,,,,
Erythema multiforme/erythema-multiforme-034.jpg,Erythema multiforme,Erythema multiforme,PENDING,,,,,
Erythema multiforme/figure-11-blistering.jpg,Erythema multiforme,Erythema multiforme,PENDING,,,,,
Erythema multiforme/figure-26-fever+rash2.jpg,Erythema multiforme,Erythema multiforme,PENDING,,,,,
Erythema multiforme/multiforme1.jpg,Erythema multiforme,Erythema multiforme,PENDING,,,,,
Erythema multiforme/multiforme3.jpg,Erythema multiforme,Erythema multiforme,PENDING,,,,,
Erythema multiforme/mycoplasma1.jpg,Erythema multiforme,Erythema multiforme,PENDING,,,,,
Erythema multiforme/mycoplasma2.jpg,Erythema multiforme,Erythema multiforme,PENDING,,,,,
Erythema multiforme/oral-em-1.jpg,Erythema multiforme,Erythema multiforme,PENDING,,,,,
Erythema multiforme/sjs-mycoplasma.jpg,Erythema multiforme,Erythema multiforme,PENDING,,,,,
Erythema multiforme/sjs1.jpg,Erythema multiforme,Erythema multiforme,PENDING,,,,,
Erythema multiforme/sjs2.jpg,Erythema multiforme,Erythema multiforme,PENDING,,,,,
Erythema multiforme/sjs3.jpg,Erythema multiforme,Erythema multiforme,PENDING,,,,,
Erythema nodosum/cutaneous-adverse-drug-reaction-0048.jpg,Erythema nodosum,Erythema nodosum,PENDING,,,,,
Erythema nodosum/en1.jpg,Erythema nodosum,Erythema nodosum,PENDING,,,,,
Erythema nodosum/en10.jpg,Erythema nodosum,Erythema nodosum,PENDING,,,,,
Erythema nodosum/en11.jpg,Erythema nodosum,Erythema nodosum,PENDING,,,,,
Erythema nodosum/en12.jpg,Erythema nodosum,Erythema nodosum,PENDING,,,,,
Erythema nodosum/en13.jpg,Erythema nodosum,Erythema nodosum,PENDING,,,,,
Erythema nodosum/en14.jpg,Erythema nodosum,Erythema nodosum,PENDING,,,,,
Erythema nodosum/en15.jpg,Erythema nodosum,Erythema nodosum,PENDING,,,,,
Erythema nodosum/en2.jpg,Erythema nodosum,Erythema nodosum,PENDING,,,,,
Erythema nodosum/en3.jpg,Erythema nodosum,Erythema nodosum,PENDING,,,,,
Erythema nodosum/en4.jpg,Erythema nodosum,Erythema nodosum,PENDING,,,,,
Erythema nodosum/en6.jpg,Erythema nodosum,Erythema nodosum,PENDING,,,,,
Erythema nodosum/en8.jpg,Erythema nodosum,Erythema nodosum,PENDING,,,,,
Erythema nodosum/en9.jpg,Erythema nodosum,Erythema nodosum,PENDING,,,,,
Erythema nodosum/enl1.jpg,Erythema nodosum,Erythema nodosum,PENDING,,,,,
Erythema nodosum/enl2.jpg,Erythema nodosum,Erythema nodosum,PENDING,,,,,
Erythema nodosum/figure-3-fever+rash2.jpg,Erythema nodosum,Erythema nodosum,PENDING,,,,,
Erythema nodosum/pannic3.jpg,Erythema nodosum,Erythema nodosum,PENDING,,,,,
Erythrodermic psoriasis/childhood-psoriasis-6.jpg,Erythrodermic psoriasis,Erythrodermic psoriasis,PENDING,,,,,
Erythrodermic psoriasis/post-uste01.jpg,Erythrodermic psoriasis,Erythrodermic psoriasis,PENDING,,,,,
Erythrodermic psoriasis/pre-uste01.jpg,Erythrodermic psoriasis,Erythrodermic psoriasis,PENDING,,,,,
Erythrodermic psoriasis/ps-e1.jpg,Erythrodermic psoriasis,Erythrodermic psoriasis,PENDING,,,,,
Erythrodermic psoriasis/ps-e2.jpg,Erythrodermic psoriasis,Erythrodermic psoriasis,PENDING,,,,,
Erythrodermic psoriasis/ps-e3.jpg,Erythrodermic psoriasis,Erythrodermic psoriasis,PENDING,,,,,
Erythrodermic psoriasis/ps-e4.jpg,Erythrodermic psoriasis,Erythrodermic psoriasis,PENDING,,,,,
Erythrodermic psoriasis/ps-e5.jpg,Erythrodermic psoriasis,Erythrodermic psoriasis,PENDING,,,,,
Erythrodermic psoriasis/psorederm.jpg,Erythrodermic psoriasis,Erythrodermic psoriasis,PENDING,,,,,
Erythrokeratoderma/erythrokeratoderma1.jpg,Erythrokeratoderma,Erythrokeratoderma,PENDING,,,,,
Erythrokeratoderma/erythrokeratoderma2.jpg,Erythrokeratoderma,Erythrokeratoderma,PENDING,,,,,
Erythrokeratoderma/erythrokeratoderma3.jpg,Erythrokeratoderma,Erythrokeratoderma,PENDING,,,,,
Erythrokeratoderma/erythrokeratoderma4.jpg,Erythrokeratoderma,Erythrokeratoderma,PENDING,,,,,
Erythrokeratoderma/erythrokeratoderma5.jpg,Erythrokeratoderma,Erythrokeratoderma,PENDING,,,,,
Erythrokeratoderma/erythrokeratoderma6.jpg,Erythrokeratoderma,Erythrokeratoderma,PENDING,,,,,
Exanthems/exanth-close.jpg,Exanthems,Exanthems,PENDING,,,,,
Exanthems/exanth.jpg,Exanthems,Exanthems,PENDING,,,,,
Exanthems/exanth2.jpg,Exanthems,Exanthems,PENDING,,,,,
Exanthems/exanth3.jpg,Exanthems,Exanthems,PENDING,,,,,
Exanthems/exanth4.jpg,Exanthems,Exanthems,PENDING,,,,,
Exanthems/exanth5.jpg,Exanthems,Exanthems,PENDING,,,,,
Exanthems/exanthem1.jpg,Exanthems,Exanthems,PENDING,,,,,
Exanthems/exanthem2.jpg,Exanthems,Exanthems,PENDING,,,,,
Exanthems/exanthem3.jpg,Exanthems,Exanthems,PENDING,,,,,
Exercise-induced vasculitis/exercise-vasculitis-1.jpg,Exercise-induced vasculitis,Exercise-induced vasculitis,PENDING,,,,,
Exercise-induced vasculitis/exercise-vasculitis-2.jpg,Exercise-induced vasculitis,Exercise-induced vasculitis,PENDING,,,,,
Exercise-induced vasculitis/exercise-vasculitis-3.jpg,Exercise-induced vasculitis,Exercise-induced vasculitis,PENDING,,,,,
Exercise-induced vasculitis/exercise-vasculitis-4.jpg,Exercise-induced vasculitis,Exercise-induced vasculitis,PENDING,,,,,
Exfoliative cheilitis/exfoliative-cheilitis1.jpg,Exfoliative cheilitis,Exfoliative cheilitis,PENDING,,,,,
Exfoliative cheilitis/exfoliative-cheilitis2.jpg,Exfoliative cheilitis,Exfoliative cheilitis,PENDING,,,,,
Extramammary Paget disease of skin/extra-paget-04.jpg,Extramammary Paget disease of skin,Extramammary Paget disease of skin,PENDING,,,,,
Extramammary Paget disease of skin/extra-paget-05.jpg,Extramammary Paget disease of skin,Extramammary Paget disease of skin,PENDING,,,,,
Extramammary Paget disease of skin/extra-paget-06.jpg,Extramammary Paget disease of skin,Extramammary Paget disease of skin,PENDING,,,,,
Extramammary Paget disease of skin/extra-paget-07.jpg,Extramammary Paget disease of skin,Extramammary Paget disease of skin,PENDING,,,,,
Extramammary Paget disease of skin/extra-paget-08.jpg,Extramammary Paget disease of skin,Extramammary Paget disease of skin,PENDING,,,,,
Extramammary Paget disease of skin/extra-paget-09.jpg,Extramammary Paget disease of skin,Extramammary Paget disease of skin,PENDING,,,,,
Extramammary Paget disease of skin/extra-paget-10.jpg,Extramammary Paget disease of skin,Extramammary Paget disease of skin,PENDING,,,,,
Extramammary Paget disease of skin/extra-paget-11.jpg,Extramammary Paget disease of skin,Extramammary Paget disease of skin,PENDING,,,,,
Extramammary Paget disease of skin/extra-paget-12.jpg,Extramammary Paget disease of skin,Extramammary Paget disease of skin,PENDING,,,,,
Extramammary Paget disease of skin/extra-paget-13.jpg,Extramammary Paget disease of skin,Extramammary Paget disease of skin,PENDING,,,,,
Extramammary Paget disease of skin/extra-paget-14.jpg,Extramammary Paget disease of skin,Extramammary Paget disease of skin,PENDING,,,,,
Extramammary Paget disease of skin/extra-paget-15.jpg,Extramammary Paget disease of skin,Extramammary Paget disease of skin,PENDING,,,,,
Extramammary Paget disease of skin/extra-paget-16.jpg,Extramammary Paget disease of skin,Extramammary Paget disease of skin,PENDING,,,,,
Extramammary Paget disease of skin/extra-paget-17.jpg,Extramammary Paget disease of skin,Extramammary Paget disease of skin,PENDING,,,,,
Extramammary Paget disease of skin/extra-paget-18.jpg,Extramammary Paget disease of skin,Extramammary Paget disease of skin,PENDING,,,,,
Extramammary Paget disease of skin/extra-paget-19.jpg,Extramammary Paget disease of skin,Extramammary Paget disease of skin,PENDING,,,,,
Extramammary Paget disease of skin/extra-paget-20.jpg,Extramammary Paget disease of skin,Extramammary Paget disease of skin,PENDING,,,,,
Extramammary Paget disease of skin/extra-paget-21.jpg,Extramammary Paget disease of skin,Extramammary Paget disease of skin,PENDING,,,,,
Extramammary Paget disease of skin/extra-paget-22.jpg,Extramammary Paget disease of skin,Extramammary Paget disease of skin,PENDING,,,,,
Extramammary Paget disease of skin/extra-paget-23.jpg,Extramammary Paget disease of skin,Extramammary Paget disease of skin,PENDING,,,,,
Extramammary Paget disease of skin/extra-paget-24.jpg,Extramammary Paget disease of skin,Extramammary Paget disease of skin,PENDING,,,,,
Extramammary Paget disease of skin/extra-paget-25.jpg,Extramammary Paget disease of skin,Extramammary Paget disease of skin,PENDING,,,,,
Extramammary Paget disease of skin/extra-paget-26.jpg,Extramammary Paget disease of skin,Extramammary Paget disease of skin,PENDING,,,,,
Extramammary Paget disease of skin/extra-paget-27.jpg,Extramammary Paget disease of skin,Extramammary Paget disease of skin,PENDING,,,,,
Extramammary Paget disease of skin/extra-paget-28.jpg,Extramammary Paget disease of skin,Extramammary Paget disease of skin,PENDING,,,,,
Extramammary Paget disease of skin/extra-paget-29.jpg,Extramammary Paget disease of skin,Extramammary Paget disease of skin,PENDING,,,,,
Extramammary Paget disease of skin/extra-paget1.jpg,Extramammary Paget disease of skin,Extramammary Paget disease of skin,PENDING,,,,,
Extramammary Paget disease of skin/extra-paget2.jpg,Extramammary Paget disease of skin,Extramammary Paget disease of skin,PENDING,,,,,
Extramammary Paget disease of skin/extra-paget3.jpg,Extramammary Paget disease of skin,Extramammary Paget disease of skin,PENDING,,,,,
Extramammary Paget disease of skin/extra-paget4.jpg,Extramammary Paget disease of skin,Extramammary Paget disease of skin,PENDING,,,,,
Extramammary Paget disease of skin/extra-paget5.jpg,Extramammary Paget disease of skin,Extramammary Paget disease of skin,PENDING,,,,,
Extramammary Paget disease of skin/extramammary-paget-v2.jpg,Extramammary Paget disease of skin,Extramammary Paget disease of skin,PENDING,,,,,
Eyelid contact dermatitis/atopic3.jpg,Eyelid contact dermatitis,Eyelid contact dermatitis,PENDING,,,,,
Eyelid contact dermatitis/eyelid-25.jpg,Eyelid contact dermatitis,Eyelid contact dermatitis,PENDING,,,,,
Eyelid contact dermatitis/eyelid-dermatitis-01.jpg,Eyelid contact dermatitis,Eyelid contact dermatitis,PENDING,,,,,
Eyelid contact dermatitis/eyelid-dermatitis-02.jpg,Eyelid contact dermatitis,Eyelid contact dermatitis,PENDING,,,,,
Eyelid contact dermatitis/eyelid-dermatitis-03.jpg,Eyelid contact dermatitis,Eyelid contact dermatitis,PENDING,,,,,
Eyelid contact dermatitis/eyelid-dermatitis-04.jpg,Eyelid contact dermatitis,Eyelid contact dermatitis,PENDING,,,,,
Eyelid contact dermatitis/eyelid-dermatitis-05.jpg,Eyelid contact dermatitis,Eyelid contact dermatitis,PENDING,,,,,
Eyelid contact dermatitis/eyelid-dermatitis-06.jpg,Eyelid contact dermatitis,Eyelid contact dermatitis,PENDING,,,,,
Eyelid contact dermatitis/eyelid-dermatitis-07.jpg,Eyelid contact dermatitis,Eyelid contact dermatitis,PENDING,,,,,
Eyelid contact dermatitis/eyelid-dermatitis-08.jpg,Eyelid contact dermatitis,Eyelid contact dermatitis,PENDING,,,,,
Eyelid contact dermatitis/eyelid-dermatitis-09.jpg,Eyelid contact dermatitis,Eyelid contact dermatitis,PENDING,,,,,
Eyelid contact dermatitis/eyelid-dermatitis-10.jpg,Eyelid contact dermatitis,Eyelid contact dermatitis,PENDING,,,,,
Fabry disease/angiokeratoma-10.jpg,Fabry disease,Fabry disease,PENDING,,,,,
Fabry disease/angiokeratoma-11.jpg,Fabry disease,Fabry disease,PENDING,,,,,
Fabry disease/angiokeratoma-14.jpg,Fabry disease,Fabry disease,PENDING,,,,,
Facial psoriasis/facial-psoriasis-001.jpg,Facial psoriasis,Facial psoriasis,PENDING,,,,,
Facial psoriasis/facial-psoriasis-002.jpg,Facial psoriasis,Facial psoriasis,PENDING,,,,,
Facial psoriasis/facial-psoriasis-003.jpg,Facial psoriasis,Facial psoriasis,PENDING,,,,,
Facial psoriasis/facial-psoriasis-004.jpg,Facial psoriasis,Facial psoriasis,PENDING,,,,,
Facial psoriasis/facial-psoriasis01.jpg,Facial psoriasis,Facial psoriasis,PENDING,,,,,
Facial psoriasis/facial-psoriasis02.jpg,Facial psoriasis,Facial psoriasis,PENDING,,,,,
Facial psoriasis/facial-psoriasis03.jpg,Facial psoriasis,Facial psoriasis,PENDING,,,,,
Facial psoriasis/facial-psoriasis04.jpg,Facial psoriasis,Facial psoriasis,PENDING,,,,,
Facial psoriasis/facial-psoriasis05.jpg,Facial psoriasis,Facial psoriasis,PENDING,,,,,
Facial psoriasis/facial-psoriasis06.jpg,Facial psoriasis,Facial psoriasis,PENDING,,,,,
Facial psoriasis/facial-psoriasis08.jpg,Facial psoriasis,Facial psoriasis,PENDING,,,,,
Facial psoriasis/facial-psoriasis09.jpg,Facial psoriasis,Facial psoriasis,PENDING,,,,,
Facial psoriasis/facial-psoriasis10.jpg,Facial psoriasis,Facial psoriasis,PENDING,,,,,
Facial psoriasis/facial-psoriasis11.jpg,Facial psoriasis,Facial psoriasis,PENDING,,,,,
Facial psoriasis/facial-psoriasis12.jpg,Facial psoriasis,Facial psoriasis,PENDING,,,,,
Facial psoriasis/facial-psoriasis13.jpg,Facial psoriasis,Facial psoriasis,PENDING,,,,,
Facial psoriasis/facial-psoriasis14.jpg,Facial psoriasis,Facial psoriasis,PENDING,,,,,
Facial psoriasis/facial-psoriasis15.jpg,Facial psoriasis,Facial psoriasis,PENDING,,,,,
Facial psoriasis/facial-psoriasis16.jpg,Facial psoriasis,Facial psoriasis,PENDING,,,,,
Facial psoriasis/facial-psoriasis17.jpg,Facial psoriasis,Facial psoriasis,PENDING,,,,,
Facial psoriasis/facial-psoriasis18.jpg,Facial psoriasis,Facial psoriasis,PENDING,,,,,
Facial psoriasis/facial-psoriasis19.jpg,Facial psoriasis,Facial psoriasis,PENDING,,,,,
Facial psoriasis/facial-psoriasis20.jpg,Facial psoriasis,Facial psoriasis,PENDING,,,,,
Facial psoriasis/facial-psoriasis21.jpg,Facial psoriasis,Facial psoriasis,PENDING,,,,,
Facial psoriasis/facial-psoriasis22.jpg,Facial psoriasis,Facial psoriasis,PENDING,,,,,
Facial psoriasis/facial-psoriasis23.jpg,Facial psoriasis,Facial psoriasis,PENDING,,,,,
Facial psoriasis/facial-psoriasis26.jpg,Facial psoriasis,Facial psoriasis,PENDING,,,,,
Facial psoriasis/facial-psoriasis27.jpg,Facial psoriasis,Facial psoriasis,PENDING,,,,,
Facial psoriasis/facial-psoriasis28.jpg,Facial psoriasis,Facial psoriasis,PENDING,,,,,
Facial psoriasis/facial-psoriasis29.jpg,Facial psoriasis,Facial psoriasis,PENDING,,,,,
Facial psoriasis/psoriasis-pasi-129.jpg,Facial psoriasis,Facial psoriasis,PENDING,,,,,
Fissured tongue/down-syndrome-02.jpg,Fissured tongue,Fissured tongue,PENDING,,,,,
Fissured tongue/fissured-tongue.jpg,Fissured tongue,Fissured tongue,PENDING,,,,,
Fissured tongue/fissured-tongue2.jpg,Fissured tongue,Fissured tongue,PENDING,,,,,
Fissured tongue/paraneoplastic-pemphigus-0013.jpg,Fissured tongue,Fissured tongue,PENDING,,,,,
Flea bite/flea-bites.jpg,Flea bite,Flea bite,PENDING,,,,,
Flea bite/flea-bites2.jpg,Flea bite,Flea bite,PENDING,,,,,
Flea bite/flea-bites3.jpg,Flea bite,Flea bite,PENDING,,,,,
Flea bite/fleabite-13.jpg,Flea bite,Flea bite,PENDING,,,,,
Flexural psoriasis/flexural-ps20-s.jpg,Flexural psoriasis,Flexural psoriasis,PENDING,,,,,
Flexural psoriasis/flexural-ps21-s.jpg,Flexural psoriasis,Flexural psoriasis,PENDING,,,,,
Flexural psoriasis/flexural-ps22-s.jpg,Flexural psoriasis,Flexural psoriasis,PENDING,,,,,
Flexural psoriasis/flexural-ps23-s.jpg,Flexural psoriasis,Flexural psoriasis,PENDING,,,,,
Flexural psoriasis/flexural-psoriasis.jpg,Flexural psoriasis,Flexural psoriasis,PENDING,,,,,
Flexural psoriasis/flexural-psoriasis1-s.jpg,Flexural psoriasis,Flexural psoriasis,PENDING,,,,,
Flexural psoriasis/flexural-psoriasis10-s.jpg,Flexural psoriasis,Flexural psoriasis,PENDING,,,,,
Flexural psoriasis/flexural-psoriasis11-s.jpg,Flexural psoriasis,Flexural psoriasis,PENDING,,,,,
Flexural psoriasis/flexural-psoriasis12-s.jpg,Flexural psoriasis,Flexural psoriasis,PENDING,,,,,
Flexural psoriasis/flexural-psoriasis14-s.jpg,Flexural psoriasis,Flexural psoriasis,PENDING,,,,,
Flexural psoriasis/flexural-psoriasis15-s.jpg,Flexural psoriasis,Flexural psoriasis,PENDING,,,,,
Flexural psoriasis/flexural-psoriasis16-s.jpg,Flexural psoriasis,Flexural psoriasis,PENDING,,,,,
Flexural psoriasis/flexural-psoriasis17-s.jpg,Flexural psoriasis,Flexural psoriasis,PENDING,,,,,
Flexural psoriasis/flexural-psoriasis18-s.jpg,Flexural psoriasis,Flexural psoriasis,PENDING,,,,,
Flexural psoriasis/flexural-psoriasis19-s.jpg,Flexural psoriasis,Flexural psoriasis,PENDING,,,,,
Flexural psoriasis/flexural-psoriasis2-s.jpg,Flexural psoriasis,Flexural psoriasis,PENDING,,,,,
Flexural psoriasis/flexural-psoriasis3-s.jpg,Flexural psoriasis,Flexural psoriasis,PENDING,,,,,
Flexural psoriasis/flexural-psoriasis4-s.jpg,Flexural psoriasis,Flexural psoriasis,PENDING,,,,,
Flexural psoriasis/flexural-psoriasis5-s.jpg,Flexural psoriasis,Flexural psoriasis,PENDING,,,,,
Flexural psoriasis/flexural-psoriasis6-s.jpg,Flexural psoriasis,Flexural psoriasis,PENDING,,,,,
Flexural psoriasis/flexural-psoriasis8-s.jpg,Flexural psoriasis,Flexural psoriasis,PENDING,,,,,
Flexural psoriasis/flexural-psoriasis9-s.jpg,Flexural psoriasis,Flexural psoriasis,PENDING,,,,,
Flexural psoriasis/ps-flex4.jpg,Flexural psoriasis,Flexural psoriasis,PENDING,,,,,
Flexural psoriasis/ps12.jpg,Flexural psoriasis,Flexural psoriasis,PENDING,,,,,
Flexural psoriasis/ps13.jpg,Flexural psoriasis,Flexural psoriasis,PENDING,,,,,
Flexural psoriasis/psorkai2.jpg,Flexural psoriasis,Flexural psoriasis,PENDING,,,,,
Foreign body granuloma/foreign-body-granuloma-1.jpg,Foreign body granuloma,Foreign body granuloma,PENDING,,,,,
Foreign body granuloma/foreign-body-granuloma-2.jpg,Foreign body granuloma,Foreign body granuloma,PENDING,,,,,
Foreign body granuloma/foreign-body-granuloma-3.jpg,Foreign body granuloma,Foreign body granuloma,PENDING,,,,,
Generalised essential telangiectasia/ess-telang1.jpg,Generalised essential telangiectasia,Generalised essential telangiectasia,PENDING,,,,,
Generalised essential telangiectasia/ess-telang2.jpg,Generalised essential telangiectasia,Generalised essential telangiectasia,PENDING,,,,,
Generalised essential telangiectasia/ess-telang3.jpg,Generalised essential telangiectasia,Generalised essential telangiectasia,PENDING,,,,,
Generalised essential telangiectasia/ess-telang4.jpg,Generalised essential telangiectasia,Generalised essential telangiectasia,PENDING,,,,,
Generalised essential telangiectasia/telang1.jpg,Generalised essential telangiectasia,Generalised essential telangiectasia,PENDING,,,,,
Generalised essential telangiectasia/vascular-lesions-07.jpg,Generalised essential telangiectasia,Generalised essential telangiectasia,PENDING,,,,,
Generalised pustular psoriasis/gen-pustular-psoriasis-01.jpg,Generalised pustular psoriasis,Generalised pustular psoriasis,PENDING,,,,,
Generalised pustular psoriasis/gen-pustular-psoriasis-02.jpg,Generalised pustular psoriasis,Generalised pustular psoriasis,PENDING,,,,,
Generalised pustular psoriasis/gen-pustular-psoriasis-03.jpg,Generalised pustular psoriasis,Generalised pustular psoriasis,PENDING,,,,,
Generalised pustular psoriasis/gen-pustular-psoriasis-04.jpg,Generalised pustular psoriasis,Generalised pustular psoriasis,PENDING,,,,,
Generalised pustular psoriasis/gen-pustular-psoriasis-06.jpg,Generalised pustular psoriasis,Generalised pustular psoriasis,PENDING,,,,,
Generalised pustular psoriasis/gen-pustular-psoriasis-07.jpg,Generalised pustular psoriasis,Generalised pustular psoriasis,PENDING,,,,,
Generalised pustular psoriasis/gen-pustular-psoriasis-08.jpg,Generalised pustular psoriasis,Generalised pustular psoriasis,PENDING,,,,,
Generalised pustular psoriasis/gen-pustular-psoriasis-09.jpg,Generalised pustular psoriasis,Generalised pustular psoriasis,PENDING,,,,,
Generalised pustular psoriasis/gen-pustular-psoriasis-10.jpg,Generalised pustular psoriasis,Generalised pustular psoriasis,PENDING,,,,,
Generalised pustular psoriasis/gen-pustular-psoriasis-11.jpg,Generalised pustular psoriasis,Generalised pustular psoriasis,PENDING,,,,,
Generalised pustular psoriasis/gen-pustular-psoriasis-12.jpg,Generalised pustular psoriasis,Generalised pustular psoriasis,PENDING,,,,,
Generalised pustular psoriasis/gen-pustular-psoriasis-14.jpg,Generalised pustular psoriasis,Generalised pustular psoriasis,PENDING,,,,,
Generalised pustular psoriasis/gen-pustular-psoriasis-15.jpg,Generalised pustular psoriasis,Generalised pustular psoriasis,PENDING,,,,,
Generalised pustular psoriasis/gen-pustular-psoriasis-16.jpg,Generalised pustular psoriasis,Generalised pustular psoriasis,PENDING,,,,,
Generalised pustular psoriasis/gen-pustular-psoriasis-17.jpg,Generalised pustular psoriasis,Generalised pustular psoriasis,PENDING,,,,,
Generalised pustular psoriasis/gen-pustular-psoriasis-18.jpg,Generalised pustular psoriasis,Generalised pustular psoriasis,PENDING,,,,,
Generalised pustular psoriasis/gen-pustular-psoriasis-19.jpg,Generalised pustular psoriasis,Generalised pustular psoriasis,PENDING,,,,,
Generalised pustular psoriasis/gen-pustular-psoriasis-20.jpg,Generalised pustular psoriasis,Generalised pustular psoriasis,PENDING,,,,,
Generalised pustular psoriasis/gen-pustular-psoriasis-21.jpg,Generalised pustular psoriasis,Generalised pustular psoriasis,PENDING,,,,,
Generalised pustular psoriasis/gen-pustular-psoriasis-22.jpg,Generalised pustular psoriasis,Generalised pustular psoriasis,PENDING,,,,,
Generalised pustular psoriasis/generalised-pustular-psoriasis-0001.jpg,Generalised pustular psoriasis,Generalised pustular psoriasis,PENDING,,,,,
Generalised pustular psoriasis/generalised-pustular-psoriasis-0002.jpg,Generalised pustular psoriasis,Generalised pustular psoriasis,PENDING,,,,,
Generalised pustular psoriasis/generalised-pustular-psoriasis-0003.jpg,Generalised pustular psoriasis,Generalised pustular psoriasis,PENDING,,,,,
Generalised pustular psoriasis/generalised-pustular-psoriasis-0004.jpg,Generalised pustular psoriasis,Generalised pustular psoriasis,PENDING,,,,,
Generalised pustular psoriasis/generalised-pustular-psoriasis-0005.jpg,Generalised pustular psoriasis,Generalised pustular psoriasis,PENDING,,,,,
Generalised pustular psoriasis/generalised-pustular-psoriasis-0006.jpg,Generalised pustular psoriasis,Generalised pustular psoriasis,PENDING,,,,,
Generalised pustular psoriasis/generalised-pustular-psoriasis-0007.jpg,Generalised pustular psoriasis,Generalised pustular psoriasis,PENDING,,,,,
Generalised pustular psoriasis/generalised-pustular-psoriasis-0008.jpg,Generalised pustular psoriasis,Generalised pustular psoriasis,PENDING,,,,,
Generalised pustular psoriasis/generalised-pustular-psoriasis-0009.jpg,Generalised pustular psoriasis,Generalised pustular psoriasis,PENDING,,,,,
Generalised pustular psoriasis/generalised-pustular-psoriasis-0010.jpg,Generalised pustular psoriasis,Generalised pustular psoriasis,PENDING,,,,,
Generalised pustular psoriasis/generalised-pustular-psoriasis-0011.jpg,Generalised pustular psoriasis,Generalised pustular psoriasis,PENDING,,,,,
Generalised pustular psoriasis/generalised-pustular-psoriasis-0012.jpg,Generalised pustular psoriasis,Generalised pustular psoriasis,PENDING,,,,,
Generalised pustular psoriasis/generalised-pustular-psoriasis-0013.jpg,Generalised pustular psoriasis,Generalised pustular psoriasis,PENDING,,,,,
Generalised pustular psoriasis/generalised-pustular-psoriasis-0014.jpg,Generalised pustular psoriasis,Generalised pustular psoriasis,PENDING,,,,,
Generalised pustular psoriasis/generalised-pustular-psoriasis-0015.jpg,Generalised pustular psoriasis,Generalised pustular psoriasis,PENDING,,,,,
Generalised pustular psoriasis/generalised-pustular-psoriasis-0016.jpg,Generalised pustular psoriasis,Generalised pustular psoriasis,PENDING,,,,,
Generalised pustular psoriasis/generalised-pustular-psoriasis-0017.jpg,Generalised pustular psoriasis,Generalised pustular psoriasis,PENDING,,,,,
Generalised pustular psoriasis/generalised-pustular-psoriasis-0018.jpg,Generalised pustular psoriasis,Generalised pustular psoriasis,PENDING,,,,,
Generalised pustular psoriasis/generalised-pustular-psoriasis-0019.jpg,Generalised pustular psoriasis,Generalised pustular psoriasis,PENDING,,,,,
Generalised pustular psoriasis/generalised-pustular-psoriasis-0020.jpg,Generalised pustular psoriasis,Generalised pustular psoriasis,PENDING,,,,,
Generalised pustular psoriasis/generalised-pustular-psoriasis-0021.jpg,Generalised pustular psoriasis,Generalised pustular psoriasis,PENDING,,,,,
Generalised pustular psoriasis/generalised-pustular-psoriasis-0022.jpg,Generalised pustular psoriasis,Generalised pustular psoriasis,PENDING,,,,,
Generalised pustular psoriasis/generalised-pustular-psoriasis-0023.jpg,Generalised pustular psoriasis,Generalised pustular psoriasis,PENDING,,,,,
Generalised pustular psoriasis/generalised-pustular-psoriasis-0024.jpg,Generalised pustular psoriasis,Generalised pustular psoriasis,PENDING,,,,,
Generalised pustular psoriasis/generalised-pustular-psoriasis-0025.jpg,Generalised pustular psoriasis,Generalised pustular psoriasis,PENDING,,,,,
Generalised pustular psoriasis/generalised-pustular-psoriasis-28.jpg,Generalised pustular psoriasis,Generalised pustular psoriasis,PENDING,,,,,
Generalised pustular psoriasis/preg-ps.jpg,Generalised pustular psoriasis,Generalised pustular psoriasis,PENDING,,,,,
Generalised pustular psoriasis/ps-pust1.jpg,Generalised pustular psoriasis,Generalised pustular psoriasis,PENDING,,,,,
Generalised pustular psoriasis/ps-pust3.jpg,Generalised pustular psoriasis,Generalised pustular psoriasis,PENDING,,,,,
Generalised pustular psoriasis/psoriasis-severe.jpg,Generalised pustular psoriasis,Generalised pustular psoriasis,PENDING,,,,,
Genital Crohn disease/genital-crohn-1.jpg,Genital Crohn disease,Genital Crohn disease,PENDING,,,,,
Genital Crohn disease/genital-crohn-2.jpg,Genital Crohn disease,Genital Crohn disease,PENDING,,,,,
Genital Crohn disease/genital-crohn-3.jpg,Genital Crohn disease,Genital Crohn disease,PENDING,,,,,
Genital Crohn disease/genital-crohn-4.jpg,Genital Crohn disease,Genital Crohn disease,PENDING,,,,,
Genital herpes/genital-herpes-1-s.jpg,Genital herpes,Genital herpes,PENDING,,,,,
Genital herpes/genital-herpes-2-s.jpg,Genital herpes,Genital herpes,PENDING,,,,,
Genital herpes/genital-herpes-8.jpg,Genital herpes,Genital herpes,PENDING,,,,,
Genital herpes/genital-herpes-s.jpg,Genital herpes,Genital herpes,PENDING,,,,,
Genital psoriasis/genital-psoriasis-0001.jpg,Genital psoriasis,Genital psoriasis,PENDING,,,,,
Genital psoriasis/genital-psoriasis-0002.jpg,Genital psoriasis,Genital psoriasis,PENDING,,,,,
Genital psoriasis/genital-psoriasis-0003.jpg,Genital psoriasis,Genital psoriasis,PENDING,,,,,
Genital psoriasis/genital-psoriasis-01.jpg,Genital psoriasis,Genital psoriasis,PENDING,,,,,
Genital psoriasis/genital-psoriasis-02.jpg,Genital psoriasis,Genital psoriasis,PENDING,,,,,
Genital psoriasis/genital-psoriasis-03.jpg,Genital psoriasis,Genital psoriasis,PENDING,,,,,
Genital psoriasis/genital-psoriasis-04.jpg,Genital psoriasis,Genital psoriasis,PENDING,,,,,
Genital psoriasis/genital-psoriasis-05.jpg,Genital psoriasis,Genital psoriasis,PENDING,,,,,
Genital psoriasis/genital-psoriasis-06.jpg,Genital psoriasis,Genital psoriasis,PENDING,,,,,
Genital psoriasis/genital-psoriasis-07.jpg,Genital psoriasis,Genital psoriasis,PENDING,,,,,
Genital psoriasis/genital-psoriasis-08.jpg,Genital psoriasis,Genital psoriasis,PENDING,,,,,
Genital psoriasis/genital-psoriasis-09.jpg,Genital psoriasis,Genital psoriasis,PENDING,,,,,
Genital psoriasis/genital-psoriasis-10.jpg,Genital psoriasis,Genital psoriasis,PENDING,,,,,
Genital psoriasis/genital-psoriasis-11.jpg,Genital psoriasis,Genital psoriasis,PENDING,,,,,
Genital psoriasis/genital-psoriasis-12.jpg,Genital psoriasis,Genital psoriasis,PENDING,,,,,
Genital psoriasis/genital-psoriasis-13.jpg,Genital psoriasis,Genital psoriasis,PENDING,,,,,
Genital psoriasis/genital-psoriasis-14.jpg,Genital psoriasis,Genital psoriasis,PENDING,,,,,
Genital psoriasis/genital-psoriasis-15.jpg,Genital psoriasis,Genital psoriasis,PENDING,,,,,
Genital psoriasis/genital-psoriasis-16.jpg,Genital psoriasis,Genital psoriasis,PENDING,,,,,
Genital psoriasis/genital-psoriasis-17.jpg,Genital psoriasis,Genital psoriasis,PENDING,,,,,
Genital psoriasis/genital-psoriasis-18.jpg,Genital psoriasis,Genital psoriasis,PENDING,,,,,
Genital psoriasis/genital-psoriasis-19.jpg,Genital psoriasis,Genital psoriasis,PENDING,,,,,
Genital psoriasis/genital-psoriasis-20.jpg,Genital psoriasis,Genital psoriasis,PENDING,,,,,
Genital psoriasis/genital-psoriasis-21.jpg,Genital psoriasis,Genital psoriasis,PENDING,,,,,
Genital psoriasis/genital-psoriasis-22.jpg,Genital psoriasis,Genital psoriasis,PENDING,,,,,
Genital psoriasis/genital-psoriasis-23.jpg,Genital psoriasis,Genital psoriasis,PENDING,,,,,
Genital psoriasis/genital-psoriasis-24.jpg,Genital psoriasis,Genital psoriasis,PENDING,,,,,
Genital psoriasis/genital-psoriasis-25.jpg,Genital psoriasis,Genital psoriasis,PENDING,,,,,
Genital psoriasis/genital-psoriasis-26.jpg,Genital psoriasis,Genital psoriasis,PENDING,,,,,
Genital psoriasis/genital-psoriasis-27.jpg,Genital psoriasis,Genital psoriasis,PENDING,,,,,
Genital psoriasis/genital-psoriasis-28.jpg,Genital psoriasis,Genital psoriasis,PENDING,,,,,
Genital psoriasis/genital-psoriasis-29.jpg,Genital psoriasis,Genital psoriasis,PENDING,,,,,
Genital psoriasis/genital-psoriasis-30.jpg,Genital psoriasis,Genital psoriasis,PENDING,,,,,
Genital psoriasis/genital-psoriasis-31.jpg,Genital psoriasis,Genital psoriasis,PENDING,,,,,
Genital psoriasis/genital-psoriasis-32.jpg,Genital psoriasis,Genital psoriasis,PENDING,,,,,
Genital psoriasis/infant-boy-ps1-s.jpg,Genital psoriasis,Genital psoriasis,PENDING,,,,,
Genital psoriasis/infant-boy-ps2-s.jpg,Genital psoriasis,Genital psoriasis,PENDING,,,,,
Genital psoriasis/infant-boy-ps4-s.jpg,Genital psoriasis,Genital psoriasis,PENDING,,,,,
Genital psoriasis/ps-flex2.jpg,Genital psoriasis,Genital psoriasis,PENDING,,,,,
Genital psoriasis/vulval-ps1-s.jpg,Genital psoriasis,Genital psoriasis,PENDING,,,,,
Genital psoriasis/vulval-ps2-s.jpg,Genital psoriasis,Genital psoriasis,PENDING,,,,,
Genital psoriasis/vulval-ps4-s.jpg,Genital psoriasis,Genital psoriasis,PENDING,,,,,
Genital psoriasis/vulval-ps5-s.jpg,Genital psoriasis,Genital psoriasis,PENDING,,,,,
Genital psoriasis/vulval-ps6-s.jpg,Genital psoriasis,Genital psoriasis,PENDING,,,,,
Genital psoriasis/vulval-ps8-s.jpg,Genital psoriasis,Genital psoriasis,PENDING,,,,,
Genital psoriasis/vulval-ps9-s.jpg,Genital psoriasis,Genital psoriasis,PENDING,,,,,
Geographic tongue/geog-tongue1.jpg,Geographic tongue,Geographic tongue,PENDING,,,,,
Geographic tongue/geog-tongue2.jpg,Geographic tongue,Geographic tongue,PENDING,,,,,
Geographic tongue/geog-tongue3.jpg,Geographic tongue,Geographic tongue,PENDING,,,,,
Geographic tongue/geog-tongue4.jpg,Geographic tongue,Geographic tongue,PENDING,,,,,
Geographic tongue/geog-tongue5.jpg,Geographic tongue,Geographic tongue,PENDING,,,,,
Geographic tongue/geog-tongue6.jpg,Geographic tongue,Geographic tongue,PENDING,,,,,
Gingivitis and periodontitis/ac-gingiva.jpg,Gingivitis and periodontitis,Gingivitis and periodontitis,PENDING,,,,,
Gingivitis and periodontitis/gingivitis-01.jpg,Gingivitis and periodontitis,Gingivitis and periodontitis,PENDING,,,,,
Gingivitis and periodontitis/gingivitis-02.jpg,Gingivitis and periodontitis,Gingivitis and periodontitis,PENDING,,,,,
Gingivitis and periodontitis/gingivitis-03.jpg,Gingivitis and periodontitis,Gingivitis and periodontitis,PENDING,,,,,
Gingivitis and periodontitis/mucous-membrane-pemphigoid-0006.jpg,Gingivitis and periodontitis,Gingivitis and periodontitis,PENDING,,,,,
Gingivitis and periodontitis/mucous-membrane-pemphigoid-0011.jpg,Gingivitis and periodontitis,Gingivitis and periodontitis,PENDING,,,,,
Gingivitis and periodontitis/mucous-membrane-pemphigoid-0025.jpg,Gingivitis and periodontitis,Gingivitis and periodontitis,PENDING,,,,,
Glomus tumour/glomus-tumor.jpg,Glomus tumour,Glomus tumour,PENDING,,,,,
Glomus tumour/glomus-tumour-1.jpg,Glomus tumour,Glomus tumour,PENDING,,,,,
Glomus tumour/glomus-tumour-3.jpg,Glomus tumour,Glomus tumour,PENDING,,,,,
Glomus tumour/glomus.jpg,Glomus tumour,Glomus tumour,PENDING,,,,,
Gout/gout0.jpg,Gout,Gout,PENDING,,,,,
Gout/gout1-s.jpg,Gout,Gout,PENDING,,,,,
Gout/gout10.jpg,Gout,Gout,PENDING,,,,,
Gout/gout2-s.jpg,Gout,Gout,PENDING,,,,,
Gout/gout4.jpg,Gout,Gout,PENDING,,,,,
Gout/gout5.jpg,Gout,Gout,PENDING,,,,,
Gout/gout6.jpg,Gout,Gout,PENDING,,,,,
Gout/gout7.jpg,Gout,Gout,PENDING,,,,,
Gout/gout8.jpg,Gout,Gout,PENDING,,,,,
Gout/gout9.jpg,Gout,Gout,PENDING,,,,,
Gout/tophus2.jpg,Gout,Gout,PENDING,,,,,
Granular parakeratosis/Granular-parakeratosis-01.jpg,Granular parakeratosis,Granular parakeratosis,PENDING,,,,,
Granular parakeratosis/Granular-parakeratosis-02.jpg,Granular parakeratosis,Granular parakeratosis,PENDING,,,,,
Granular parakeratosis/granular-parakeratosis-03.jpg,Granular parakeratosis,Granular parakeratosis,PENDING,,,,,
Granular parakeratosis/granular-parakeratosis-04.jpg,Granular parakeratosis,Granular parakeratosis,PENDING,,,,,
Granular parakeratosis/granular-parakeratosis-05.jpg,Granular parakeratosis,Granular parakeratosis,PENDING,,,,,
Granular parakeratosis/granular-parakeratosis-06.jpg,Granular parakeratosis,Granular parakeratosis,PENDING,,,,,
Granular parakeratosis/granular-parakeratosis-07.jpg,Granular parakeratosis,Granular parakeratosis,PENDING,,,,,
Granular parakeratosis/granular-parakeratosis-08.jpg,Granular parakeratosis,Granular parakeratosis,PENDING,,,,,
Granular parakeratosis/granular-parakeratosis-09.jpg,Granular parakeratosis,Granular parakeratosis,PENDING,,,,,
Granular parakeratosis/granular-parakeratosis-10.jpg,Granular parakeratosis,Granular parakeratosis,PENDING,,,,,
Granular parakeratosis/granular-parakeratosis-11.jpg,Granular parakeratosis,Granular parakeratosis,PENDING,,,,,
Granular parakeratosis/granular-parakeratosis-12.jpg,Granular parakeratosis,Granular parakeratosis,PENDING,,,,,
Granuloma annulare/2679.jpg,Granuloma annulare,Granuloma annulare,PENDING,,,,,
Granuloma annulare/2680.jpg,Granuloma annulare,Granuloma annulare,PENDING,,,,,
Granuloma annulare/2681.jpg,Granuloma annulare,Granuloma annulare,PENDING,,,,,
Granuloma annulare/2682.jpg,Granuloma annulare,Granuloma annulare,PENDING,,,,,
Granuloma annulare/2683.jpg,Granuloma annulare,Granuloma annulare,PENDING,,,,,
Granuloma annulare/2684.jpg,Granuloma annulare,Granuloma annulare,PENDING,,,,,
Granuloma annulare/2685.jpg,Granuloma annulare,Granuloma annulare,PENDING,,,,,
Granuloma annulare/2686.jpg,Granuloma annulare,Granuloma annulare,PENDING,,,,,
Granuloma annulare/2687.jpg,Granuloma annulare,Granuloma annulare,PENDING,,,,,
Granuloma annulare/2688.jpg,Granuloma annulare,Granuloma annulare,PENDING,,,,,
Granuloma annulare/2689.jpg,Granuloma annulare,Granuloma annulare,PENDING,,,,,
Granuloma annulare/2690.jpg,Granuloma annulare,Granuloma annulare,PENDING,,,,,
Granuloma annulare/2691.jpg,Granuloma annulare,Granuloma annulare,PENDING,,,,,
Granuloma annulare/2692.jpg,Granuloma annulare,Granuloma annulare,PENDING,,,,,
Granuloma annulare/2693.jpg,Granuloma annulare,Granuloma annulare,PENDING,,,,,
Granuloma annulare/2694.jpg,Granuloma annulare,Granuloma annulare,PENDING,,,,,
Granuloma annulare/2695.jpg,Granuloma annulare,Granuloma annulare,PENDING,,,,,
Granuloma annulare/2696.jpg,Granuloma annulare,Granuloma annulare,PENDING,,,,,
Granuloma annulare/2697.jpg,Granuloma annulare,Granuloma annulare,PENDING,,,,,
Granuloma annulare/2698.jpg,Granuloma annulare,Granuloma annulare,PENDING,,,,,
Granuloma annulare/2699.jpg,Granuloma annulare,Granuloma annulare,PENDING,,,,,
Granuloma annulare/2700.jpg,Granuloma annulare,Granuloma annulare,PENDING,,,,,
Granuloma annulare/2702.jpg,Granuloma annulare,Granuloma annulare,PENDING,,,,,
Granuloma annulare/2703.jpg,Granuloma annulare,Granuloma annulare,PENDING,,,,,
Granuloma annulare/2704.jpg,Granuloma annulare,Granuloma annulare,PENDING,,,,,
Granuloma annulare/2705.jpg,Granuloma annulare,Granuloma annulare,PENDING,,,,,
Granuloma annulare/2706.jpg,Granuloma annulare,Granuloma annulare,PENDING,,,,,
Granuloma annulare/2707.jpg,Granuloma annulare,Granuloma annulare,PENDING,,,,,
Granuloma annulare/2708.jpg,Granuloma annulare,Granuloma annulare,PENDING,,,,,
Granuloma annulare/2709.jpg,Granuloma annulare,Granuloma annulare,PENDING,,,,,
Granuloma annulare/2710.jpg,Granuloma annulare,Granuloma annulare,PENDING,,,,,
Granuloma annulare/2711.jpg,Granuloma annulare,Granuloma annulare,PENDING,,,,,
Granuloma annulare/2712.jpg,Granuloma annulare,Granuloma annulare,PENDING,,,,,
Granuloma annulare/2713.jpg,Granuloma annulare,Granuloma annulare,PENDING,,,,,
Granuloma annulare/2714.jpg,Granuloma annulare,Granuloma annulare,PENDING,,,,,
Granuloma annulare/2715.jpg,Granuloma annulare,Granuloma annulare,PENDING,,,,,
Granuloma annulare/2716.jpg,Granuloma annulare,Granuloma annulare,PENDING,,,,,
Granuloma annulare/2717.jpg,Granuloma annulare,Granuloma annulare,PENDING,,,,,
Granuloma annulare/2718.jpg,Granuloma annulare,Granuloma annulare,PENDING,,,,,
Granuloma annulare/2719.jpg,Granuloma annulare,Granuloma annulare,PENDING,,,,,
Granuloma annulare/2720.jpg,Granuloma annulare,Granuloma annulare,PENDING,,,,,
Granuloma annulare/2721.jpg,Granuloma annulare,Granuloma annulare,PENDING,,,,,
Granuloma annulare/2722.jpg,Granuloma annulare,Granuloma annulare,PENDING,,,,,
Granuloma annulare/2723.jpg,Granuloma annulare,Granuloma annulare,PENDING,,,,,
Granuloma annulare/2724.jpg,Granuloma annulare,Granuloma annulare,PENDING,,,,,
Granuloma annulare/2725.jpg,Granuloma annulare,Granuloma annulare,PENDING,,,,,
Granuloma annulare/2726.jpg,Granuloma annulare,Granuloma annulare,PENDING,,,,,
Granuloma annulare/2727.jpg,Granuloma annulare,Granuloma annulare,PENDING,,,,,
Granuloma annulare/2728.jpg,Granuloma annulare,Granuloma annulare,PENDING,,,,,
Granuloma annulare/deep-ga.jpg,Granuloma annulare,Granuloma annulare,PENDING,,,,,
Granuloma annulare/deep-ga2.jpg,Granuloma annulare,Granuloma annulare,PENDING,,,,,
Granuloma annulare/endo3.jpg,Granuloma annulare,Granuloma annulare,PENDING,,,,,
Granuloma annulare/ga1.jpg,Granuloma annulare,Granuloma annulare,PENDING,,,,,
Granuloma annulare/ga10.jpg,Granuloma annulare,Granuloma annulare,PENDING,,,,,
Granuloma annulare/ga11.jpg,Granuloma annulare,Granuloma annulare,PENDING,,,,,
Granuloma annulare/ga12.jpg,Granuloma annulare,Granuloma annulare,PENDING,,,,,
Granuloma annulare/ga2.jpg,Granuloma annulare,Granuloma annulare,PENDING,,,,,
Granuloma annulare/ga3.jpg,Granuloma annulare,Granuloma annulare,PENDING,,,,,
Granuloma annulare/ga4.jpg,Granuloma annulare,Granuloma annulare,PENDING,,,,,
Granuloma annulare/ga5.jpg,Granuloma annulare,Granuloma annulare,PENDING,,,,,
Granuloma annulare/ga6.jpg,Granuloma annulare,Granuloma annulare,PENDING,,,,,
Granuloma annulare/ga7.jpg,Granuloma annulare,Granuloma annulare,PENDING,,,,,
Granuloma annulare/ga8.jpg,Granuloma annulare,Granuloma annulare,PENDING,,,,,
Granuloma annulare/ga9.jpg,Granuloma annulare,Granuloma annulare,PENDING,,,,,
Granuloma annulare/granuloma-annulare-045.jpg,Granuloma annulare,Granuloma annulare,PENDING,,,,,
Granuloma annulare/interstitial-granulomatous-dermatitis1.jpg,Granuloma annulare,Granuloma annulare,PENDING,,,,,
Granuloma faciale/granfac.jpg,Granuloma faciale,Granuloma faciale,PENDING,,,,,
Granuloma faciale/granfac2.jpg,Granuloma faciale,Granuloma faciale,PENDING,,,,,
Granuloma faciale/granuloma-faciale.jpg,Granuloma faciale,Granuloma faciale,PENDING,,,,,
Granuloma faciale/granuloma-faciale4.jpg,Granuloma faciale,Granuloma faciale,PENDING,,,,,
Granuloma faciale/granuloma-faciale5.jpg,Granuloma faciale,Granuloma faciale,PENDING,,,,,
Granuloma faciale/granuloma-faciale6.jpg,Granuloma faciale,Granuloma faciale,PENDING,,,,,
Granuloma inguinale/graning1.jpg,Granuloma inguinale,Granuloma inguinale,PENDING,,,,,
Granuloma inguinale/graning2.jpg,Granuloma inguinale,Granuloma inguinale,PENDING,,,,,
Granulomatous dermatitis/granulomatous-dermatitis1.jpg,Granulomatous dermatitis,Granulomatous dermatitis,PENDING,,,,,
Granulomatous dermatitis/granulomatous-dermatitis2.jpg,Granulomatous dermatitis,Granulomatous dermatitis,PENDING,,,,,
Granulomatous dermatitis/granulomatous-dermatitis3.jpg,Granulomatous dermatitis,Granulomatous dermatitis,PENDING,,,,,
Granulomatous dermatitis/interstitial-granulomatous-dermatitis1.jpg,Granulomatous dermatitis,Granulomatous dermatitis,PENDING,,,,,
Granulomatous dermatitis/interstitial-granulomatous-dermatitis2.jpg,Granulomatous dermatitis,Granulomatous dermatitis,PENDING,,,,,
Granulomatous dermatitis/interstitial-granulomatous-dermatitis3.jpg,Granulomatous dermatitis,Granulomatous dermatitis,PENDING,,,,,
Hairy tongue/black-hairy-tongue-1.jpg,Hairy tongue,Hairy tongue,PENDING,,,,,
Hairy tongue/black-hairy-tongue-2.jpg,Hairy tongue,Hairy tongue,PENDING,,,,,
Hairy tongue/black-hairy-tongue-3.jpg,Hairy tongue,Hairy tongue,PENDING,,,,,
Hairy tongue/black-hairy-tongue-4.jpg,Hairy tongue,Hairy tongue,PENDING,,,,,
Hairy tongue/black-hairy-tongue-5.jpg,Hairy tongue,Hairy tongue,PENDING,,,,,
Hairy tongue/black-tongue01.jpg,Hairy tongue,Hairy tongue,PENDING,,,,,
Hairy tongue/black-tongue02.jpg,Hairy tongue,Hairy tongue,PENDING,,,,,
Hairy tongue/smoker-tongue.jpg,Hairy tongue,Hairy tongue,PENDING,,,,,
Halo naevus/2783.jpg,Halo naevus,Halo naevus,PENDING,,,,,
Halo naevus/2786.jpg,Halo naevus,Halo naevus,PENDING,,,,,
Halo naevus/2787.jpg,Halo naevus,Halo naevus,PENDING,,,,,
Halo naevus/halo-naevus-001.jpg,Halo naevus,Halo naevus,PENDING,,,,,
Halo naevus/halo-naevus-02.jpg,Halo naevus,Halo naevus,PENDING,,,,,
Halo naevus/halo-naevus-06.jpg,Halo naevus,Halo naevus,PENDING,,,,,
Halo naevus/halo.jpg,Halo naevus,Halo naevus,PENDING,,,,,
Halo naevus/halo1.jpg,Halo naevus,Halo naevus,PENDING,,,,,
Halo naevus/halo2.jpg,Halo naevus,Halo naevus,PENDING,,,,,
Halo naevus/halo2c.jpg,Halo naevus,Halo naevus,PENDING,,,,,
Halo naevus/halo3.jpg,Halo naevus,Halo naevus,PENDING,,,,,
Halo naevus/halo3c.jpg,Halo naevus,Halo naevus,PENDING,,,,,
Halo naevus/halo4.jpg,Halo naevus,Halo naevus,PENDING,,,,,
Halo naevus/halo4c.jpg,Halo naevus,Halo naevus,PENDING,,,,,
Halo naevus/halo5.jpg,Halo naevus,Halo naevus,PENDING,,,,,
Halo naevus/halo5c.jpg,Halo naevus,Halo naevus,PENDING,,,,,
Halo naevus/halo6.jpg,Halo naevus,Halo naevus,PENDING,,,,,
Halo naevus/halo6c.jpg,Halo naevus,Halo naevus,PENDING,,,,,
Halo naevus/halo7c.jpg,Halo naevus,Halo naevus,PENDING,,,,,
Halo naevus/halo8c.jpg,Halo naevus,Halo naevus,PENDING,,,,,
Halo naevus/unclass1c.jpg,Halo naevus,Halo naevus,PENDING,,,,,
Halo naevus/unclass2c.jpg,Halo naevus,Halo naevus,PENDING,,,,,
Halo naevus/unclass3c.jpg,Halo naevus,Halo naevus,PENDING,,,,,
Halo naevus/unclass4c.jpg,Halo naevus,Halo naevus,PENDING,,,,,
Halo naevus/unclass5c.jpg,Halo naevus,Halo naevus,PENDING,,,,,
Halo naevus/unclass6c.jpg,Halo naevus,Halo naevus,PENDING,,,,,
Hand dermatitis/020612122811-39.jpg,Hand dermatitis,Hand dermatitis,PENDING,,,,,
Hand dermatitis/020804163243-148.jpg,Hand dermatitis,Hand dermatitis,PENDING,,,,,
Hand dermatitis/020826164634-238.jpg,Hand dermatitis,Hand dermatitis,PENDING,,,,,
Hand dermatitis/020826164645-239.jpg,Hand dermatitis,Hand dermatitis,PENDING,,,,,
Hand dermatitis/2806.jpg,Hand dermatitis,Hand dermatitis,PENDING,,,,,
Hand dermatitis/2807.jpg,Hand dermatitis,Hand dermatitis,PENDING,,,,,
Hand dermatitis/2808.jpg,Hand dermatitis,Hand dermatitis,PENDING,,,,,
Hand dermatitis/2809.jpg,Hand dermatitis,Hand dermatitis,PENDING,,,,,
Hand dermatitis/2810.jpg,Hand dermatitis,Hand dermatitis,PENDING,,,,,
Hand dermatitis/2811.jpg,Hand dermatitis,Hand dermatitis,PENDING,,,,,
Hand dermatitis/2812.jpg,Hand dermatitis,Hand dermatitis,PENDING,,,,,
Hand dermatitis/2813.jpg,Hand dermatitis,Hand dermatitis,PENDING,,,,,
Hand dermatitis/2814.jpg,Hand dermatitis,Hand dermatitis,PENDING,,,,,
Hand dermatitis/2815.jpg,Hand dermatitis,Hand dermatitis,PENDING,,,,,
Hand dermatitis/2816.jpg,Hand dermatitis,Hand dermatitis,PENDING,,,,,
Hand dermatitis/2817.jpg,Hand dermatitis,Hand dermatitis,PENDING,,,,,
Hand dermatitis/2818.jpg,Hand dermatitis,Hand dermatitis,PENDING,,,,,
Hand dermatitis/2819.jpg,Hand dermatitis,Hand dermatitis,PENDING,,,,,
Hand dermatitis/2820.jpg,Hand dermatitis,Hand dermatitis,PENDING,,,,,
Hand dermatitis/2821.jpg,Hand dermatitis,Hand dermatitis,PENDING,,,,,
Hand dermatitis/2822.jpg,Hand dermatitis,Hand dermatitis,PENDING,,,,,
Hand dermatitis/2823.jpg,Hand dermatitis,Hand dermatitis,PENDING,,,,,
Hand dermatitis/2824.jpg,Hand dermatitis,Hand dermatitis,PENDING,,,,,
Hand dermatitis/2825.jpg,Hand dermatitis,Hand dermatitis,PENDING,,,,,
Hand dermatitis/2826.jpg,Hand dermatitis,Hand dermatitis,PENDING,,,,,
Hand dermatitis/2827.jpg,Hand dermatitis,Hand dermatitis,PENDING,,,,,
Hand dermatitis/2828.jpg,Hand dermatitis,Hand dermatitis,PENDING,,,,,
Hand dermatitis/2829.jpg,Hand dermatitis,Hand dermatitis,PENDING,,,,,
Hand dermatitis/2830.jpg,Hand dermatitis,Hand dermatitis,PENDING,,,,,
Hand dermatitis/2831.jpg,Hand dermatitis,Hand dermatitis,PENDING,,,,,
Hand dermatitis/2832.jpg,Hand dermatitis,Hand dermatitis,PENDING,,,,,
Hand dermatitis/2833.jpg,Hand dermatitis,Hand dermatitis,PENDING,,,,,
Hand dermatitis/2834.jpg,Hand dermatitis,Hand dermatitis,PENDING,,,,,
Hand dermatitis/2835.jpg,Hand dermatitis,Hand dermatitis,PENDING,,,,,
Hand dermatitis/2836.jpg,Hand dermatitis,Hand dermatitis,PENDING,,,,,
Hand dermatitis/2837.jpg,Hand dermatitis,Hand dermatitis,PENDING,,,,,
Hand dermatitis/2838.jpg,Hand dermatitis,Hand dermatitis,PENDING,,,,,
Hand dermatitis/2839.jpg,Hand dermatitis,Hand dermatitis,PENDING,,,,,
Hand dermatitis/2840.jpg,Hand dermatitis,Hand dermatitis,PENDING,,,,,
Hand dermatitis/2841.jpg,Hand dermatitis,Hand dermatitis,PENDING,,,,,
Hand dermatitis/2842.jpg,Hand dermatitis,Hand dermatitis,PENDING,,,,,
Hand dermatitis/2843.jpg,Hand dermatitis,Hand dermatitis,PENDING,,,,,
Hand dermatitis/2844.jpg,Hand dermatitis,Hand dermatitis,PENDING,,,,,
Hand dermatitis/2845.jpg,Hand dermatitis,Hand dermatitis,PENDING,,,,,
Hand dermatitis/2846.jpg,Hand dermatitis,Hand dermatitis,PENDING,,,,,
Hand dermatitis/2847.jpg,Hand dermatitis,Hand dermatitis,PENDING,,,,,
Hand dermatitis/2848.jpg,Hand dermatitis,Hand dermatitis,PENDING,,,,,
Hand dermatitis/2849.jpg,Hand dermatitis,Hand dermatitis,PENDING,,,,,
Hand dermatitis/2850.jpg,Hand dermatitis,Hand dermatitis,PENDING,,,,,
Hand dermatitis/2851.jpg,Hand dermatitis,Hand dermatitis,PENDING,,,,,
Hand dermatitis/2852.jpg,Hand dermatitis,Hand dermatitis,PENDING,,,,,
Hand dermatitis/2853.jpg,Hand dermatitis,Hand dermatitis,PENDING,,,,,
Hand dermatitis/2854.jpg,Hand dermatitis,Hand dermatitis,PENDING,,,,,
Hand dermatitis/allergic-contact-dermatitis-0046.jpg,Hand dermatitis,Hand dermatitis,PENDING,,,,,
Hand dermatitis/at-derm13.jpg,Hand dermatitis,Hand dermatitis,PENDING,,,,,
Hand dermatitis/atopic-dermatitis-hand.jpg,Hand dermatitis,Hand dermatitis,PENDING,,,,,
Hand dermatitis/atopic-hand-dermatitis-0001.jpg,Hand dermatitis,Hand dermatitis,PENDING,,,,,
Hand dermatitis/atopic-hand-dermatitis-0002.jpg,Hand dermatitis,Hand dermatitis,PENDING,,,,,
Hand dermatitis/atopic-hand-dermatitis-0003.jpg,Hand dermatitis,Hand dermatitis,PENDING,,,,,
Hand dermatitis/atopic-hand-dermatitis-0004.jpg,Hand dermatitis,Hand dermatitis,PENDING,,,,,
Hand dermatitis/atopic-hand-dermatitis-0005.jpg,Hand dermatitis,Hand dermatitis,PENDING,,,,,
Hand dermatitis/atopic-hand-dermatitis-0006.jpg,Hand dermatitis,Hand dermatitis,PENDING,,,,,
Hand dermatitis/atopic-hand-dermatitis-0007.jpg,Hand dermatitis,Hand dermatitis,PENDING,,,,,
Hand dermatitis/atopic-hand-dermatitis-0008.jpg,Hand dermatitis,Hand dermatitis,PENDING,,,,,
Hand dermatitis/atopic-hand-dermatitis-0009.jpg,Hand dermatitis,Hand dermatitis,PENDING,,,,,
Hand dermatitis/atopic-hand-dermatitis-0010.jpg,Hand dermatitis,Hand dermatitis,PENDING,,,,,
Hand dermatitis/atopic26.jpg,Hand dermatitis,Hand dermatitis,PENDING,,,,,
Hand dermatitis/atopic36.jpg,Hand dermatitis,Hand dermatitis,PENDING,,,,,
Hand dermatitis/atopic42.jpg,Hand dermatitis,Hand dermatitis,PENDING,,,,,
Hand dermatitis/compositae2.jpg,Hand dermatitis,Hand dermatitis,PENDING,,,,,
Hand dermatitis/contact-dermatitis-073.jpg,Hand dermatitis,Hand dermatitis,PENDING,,,,,
Hand dermatitis/contact-dermatitis-isocyanate-03.jpg,Hand dermatitis,Hand dermatitis,PENDING,,,,,
Hand dermatitis/contact-dermatitis-washing.jpg,Hand dermatitis,Hand dermatitis,PENDING,,,,,
Hand dermatitis/contact-dermatitis-water.jpg,Hand dermatitis,Hand dermatitis,PENDING,,,,,
Hand dermatitis/d-05-1-012.jpg,Hand dermatitis,Hand dermatitis,PENDING,,,,,
Hand dermatitis/dentists-allergy-1.jpg,Hand dermatitis,Hand dermatitis,PENDING,,,,,
Hand dermatitis/digital-hyperkeratotic-eczema.jpg,Hand dermatitis,Hand dermatitis,PENDING,,,,,
Hand dermatitis/dscn0004.jpg,Hand dermatitis,Hand dermatitis,PENDING,,,,,
Hand dermatitis/dscn0887.jpg,Hand dermatitis,Hand dermatitis,PENDING,,,,,
Hand dermatitis/dscn0888.jpg,Hand dermatitis,Hand dermatitis,PENDING,,,,,
Hand dermatitis/dscn5441.jpg,Hand dermatitis,Hand dermatitis,PENDING,,,,,
Hand dermatitis/dscn5443.jpg,Hand dermatitis,Hand dermatitis,PENDING,,,,,
Hand dermatitis/dscn5445.jpg,Hand dermatitis,Hand dermatitis,PENDING,,,,,
Hand dermatitis/ecz-hand2.jpg,Hand dermatitis,Hand dermatitis,PENDING,,,,,
Hand dermatitis/ecz-hand7.jpg,Hand dermatitis,Hand dermatitis,PENDING,,,,,
Hand dermatitis/ecz-hand8.jpg,Hand dermatitis,Hand dermatitis,PENDING,,,,,
Hand dermatitis/ecz-nail3.jpg,Hand dermatitis,Hand dermatitis,PENDING,,,,,
Hand dermatitis/eczchrman3.jpg,Hand dermatitis,Hand dermatitis,PENDING,,,,,
Hand dermatitis/eczchrmana.jpg,Hand dermatitis,Hand dermatitis,PENDING,,,,,
Hand dermatitis/eczchrmanb.jpg,Hand dermatitis,Hand dermatitis,PENDING,,,,,
Hand dermatitis/eczchrmanc.jpg,Hand dermatitis,Hand dermatitis,PENDING,,,,,
Hand dermatitis/farmer-02.jpg,Hand dermatitis,Hand dermatitis,PENDING,,,,,
Hand dermatitis/hairdresser-dermatitis01.jpg,Hand dermatitis,Hand dermatitis,PENDING,,,,,
Hand dermatitis/hairdresser-dermatitis06.jpg,Hand dermatitis,Hand dermatitis,PENDING,,,,,
Hand dermatitis/hand-dermatitis-00018.jpg,Hand dermatitis,Hand dermatitis,PENDING,,,,,
Hand dermatitis/hand-dermatitis-00019.jpg,Hand dermatitis,Hand dermatitis,PENDING,,,,,
Hand dermatitis/hand-dermatitis-0002.jpg,Hand dermatitis,Hand dermatitis,PENDING,,,,,
Hand dermatitis/hand-dermatitis-00020.jpg,Hand dermatitis,Hand dermatitis,PENDING,,,,,
Hand dermatitis/hand-dermatitis-00022.jpg,Hand dermatitis,Hand dermatitis,PENDING,,,,,
Hand dermatitis/hand-dermatitis-0003.jpg,Hand dermatitis,Hand dermatitis,PENDING,,,,,
Hand dermatitis/hand-dermatitis-00032.jpg,Hand dermatitis,Hand dermatitis,PENDING,,,,,
Hand dermatitis/hand-dermatitis-00033.jpg,Hand dermatitis,Hand dermatitis,PENDING,,,,,
Hand dermatitis/hand-dermatitis-0004.jpg,Hand dermatitis,Hand dermatitis,PENDING,,,,,
Hand dermatitis/hand-dermatitis-00046.jpg,Hand dermatitis,Hand dermatitis,PENDING,,,,,
Hand dermatitis/hand-dermatitis-00055.jpg,Hand dermatitis,Hand dermatitis,PENDING,,,,,
Hand dermatitis/hand-dermatitis-00056.jpg,Hand dermatitis,Hand dermatitis,PENDING,,,,,
Hand dermatitis/hand-dermatitis-aTNF.jpg,Hand dermatitis,Hand dermatitis,PENDING,,,,,
Hand dermatitis/hand-dermatitis-rubber.jpg,Hand dermatitis,Hand dermatitis,PENDING,,,,,
Hand dermatitis/hand-dermatitis1.jpg,Hand dermatitis,Hand dermatitis,PENDING,,,,,
Hand dermatitis/hand-dermatitis2.jpg,Hand dermatitis,Hand dermatitis,PENDING,,,,,
Hand dermatitis/hand-dermatitis3.jpg,Hand dermatitis,Hand dermatitis,PENDING,,,,,
Hand dermatitis/hand-dermatitis4.jpg,Hand dermatitis,Hand dermatitis,PENDING,,,,,
Hand dermatitis/hand-dermatitis6.jpg,Hand dermatitis,Hand dermatitis,PENDING,,,,,
Hand dermatitis/hand-dermatitis7.jpg,Hand dermatitis,Hand dermatitis,PENDING,,,,,
Hand dermatitis/hand10.jpg,Hand dermatitis,Hand dermatitis,PENDING,,,,,
Hand dermatitis/hand9.jpg,Hand dermatitis,Hand dermatitis,PENDING,,,,,
Hand dermatitis/housewife-hand-dermatitis.jpg,Hand dermatitis,Hand dermatitis,PENDING,,,,,
Hand dermatitis/hyperkeratotic-hand-dermatitis-07.jpg,Hand dermatitis,Hand dermatitis,PENDING,,,,,
Hand dermatitis/hyperkeratotic-hand-dermatitis-08.jpg,Hand dermatitis,Hand dermatitis,PENDING,,,,,
Hand dermatitis/icd3.jpg,Hand dermatitis,Hand dermatitis,PENDING,,,,,
Hand dermatitis/infectderm2.jpg,Hand dermatitis,Hand dermatitis,PENDING,,,,,
Hand dermatitis/irritant-contact-dermatitis-001.jpg,Hand dermatitis,Hand dermatitis,PENDING,,,,,
Hand dermatitis/itchy-skin-41.jpg,Hand dermatitis,Hand dermatitis,PENDING,,,,,
Hand dermatitis/nail-reaction2.jpg,Hand dermatitis,Hand dermatitis,PENDING,,,,,
Hand dermatitis/numderm.jpg,Hand dermatitis,Hand dermatitis,PENDING,,,,,
Hand dermatitis/occupational-dermatitis-01.jpg,Hand dermatitis,Hand dermatitis,PENDING,,,,,
Hand dermatitis/occupational-dermatitis-02.jpg,Hand dermatitis,Hand dermatitis,PENDING,,,,,
Hand dermatitis/occupational-dermatitis-03.jpg,Hand dermatitis,Hand dermatitis,PENDING,,,,,
Hand dermatitis/occupational-dermatitis-04.jpg,Hand dermatitis,Hand dermatitis,PENDING,,,,,
Hand dermatitis/palm-derm.jpg,Hand dermatitis,Hand dermatitis,PENDING,,,,,
Hand dermatitis/postinflamm5.jpg,Hand dermatitis,Hand dermatitis,PENDING,,,,,
Hand dermatitis/scorad1.jpg,Hand dermatitis,Hand dermatitis,PENDING,,,,,
Henoch–Schönlein purpura/hsp1.jpg,Henoch–Schönlein purpura,Henoch–Schönlein purpura,PENDING,,,,,
Henoch–Schönlein purpura/hsp2.jpg,Henoch–Schönlein purpura,Henoch–Schönlein purpura,PENDING,,,,,
Henoch–Schönlein purpura/hsp3.jpg,Henoch–Schönlein purpura,Henoch–Schönlein purpura,PENDING,,,,,
Henoch–Schönlein purpura/hsp4.jpg,Henoch–Schönlein purpura,Henoch–Schönlein purpura,PENDING,,,,,
Henoch–Schönlein purpura/hsp5.jpg,Henoch–Schönlein purpura,Henoch–Schönlein purpura,PENDING,,,,,
Henoch–Schönlein purpura/hsp6.jpg,Henoch–Schönlein purpura,Henoch–Schönlein purpura,PENDING,,,,,
Hereditary haemorrhagic telangiectasia/hht1.jpg,Hereditary haemorrhagic telangiectasia,Hereditary haemorrhagic telangiectasia,PENDING,,,,,
Hereditary haemorrhagic telangiectasia/hht2.jpg,Hereditary haemorrhagic telangiectasia,Hereditary haemorrhagic telangiectasia,PENDING,,,,,
Hereditary haemorrhagic telangiectasia/hht3.jpg,Hereditary haemorrhagic telangiectasia,Hereditary haemorrhagic telangiectasia,PENDING,,,,,
Hereditary haemorrhagic telangiectasia/hht4.jpg,Hereditary haemorrhagic telangiectasia,Hereditary haemorrhagic telangiectasia,PENDING,,,,,
Hereditary haemorrhagic telangiectasia/hht5.jpg,Hereditary haemorrhagic telangiectasia,Hereditary haemorrhagic telangiectasia,PENDING,,,,,
Hereditary haemorrhagic telangiectasia/hht6.jpg,Hereditary haemorrhagic telangiectasia,Hereditary haemorrhagic telangiectasia,PENDING,,,,,
Hereditary haemorrhagic telangiectasia/telangiectases-06.jpg,Hereditary haemorrhagic telangiectasia,Hereditary haemorrhagic telangiectasia,PENDING,,,,,
Hereditary haemorrhagic telangiectasia/vascular-lesions-10.jpg,Hereditary haemorrhagic telangiectasia,Hereditary haemorrhagic telangiectasia,PENDING,,,,,
Herpangina/herpangina.jpg,Herpangina,Herpangina,PENDING,,,,,
Herpangina/herpangina1.jpg,Herpangina,Herpangina,PENDING,,,,,
Herpes simplex/2855.jpg,Herpes simplex,Herpes simplex,PENDING,,,,,
Herpes simplex/2856.jpg,Herpes simplex,Herpes simplex,PENDING,,,,,
Herpes simplex/2857.jpg,Herpes simplex,Herpes simplex,PENDING,,,,,
Herpes simplex/2858.jpg,Herpes simplex,Herpes simplex,PENDING,,,,,
Herpes simplex/2861.jpg,Herpes simplex,Herpes simplex,PENDING,,,,,
Herpes simplex/2862.jpg,Herpes simplex,Herpes simplex,PENDING,,,,,
Herpes simplex/2863.jpg,Herpes simplex,Herpes simplex,PENDING,,,,,
Herpes simplex/2864.jpg,Herpes simplex,Herpes simplex,PENDING,,,,,
Herpes simplex/2869.jpg,Herpes simplex,Herpes simplex,PENDING,,,,,
Herpes simplex/2872.jpg,Herpes simplex,Herpes simplex,PENDING,,,,,
Herpes simplex/2876.jpg,Herpes simplex,Herpes simplex,PENDING,,,,,
Herpes simplex/2877.jpg,Herpes simplex,Herpes simplex,PENDING,,,,,
Herpes simplex/2878.jpg,Herpes simplex,Herpes simplex,PENDING,,,,,
Herpes simplex/2879.jpg,Herpes simplex,Herpes simplex,PENDING,,,,,
Herpes simplex/HSV_lactation-Barrett-2013.jpg,Herpes simplex,Herpes simplex,PENDING,,,,,
Herpes simplex/cutaneous-adverse-drug-reaction-0039.jpg,Herpes simplex,Herpes simplex,PENDING,,,,,
Herpes simplex/figure-21-blistering.jpg,Herpes simplex,Herpes simplex,PENDING,,,,,
Herpes simplex/genital-herpes-1-s.jpg,Herpes simplex,Herpes simplex,PENDING,,,,,
Herpes simplex/genital-herpes-2-s.jpg,Herpes simplex,Herpes simplex,PENDING,,,,,
Herpes simplex/genital-herpes-3-s.jpg,Herpes simplex,Herpes simplex,PENDING,,,,,
Herpes simplex/genital-herpes-8.jpg,Herpes simplex,Herpes simplex,PENDING,,,,,
Herpes simplex/genital-herpes-s.jpg,Herpes simplex,Herpes simplex,PENDING,,,,,
Herpes simplex/herpes-simplex-0001.jpg,Herpes simplex,Herpes simplex,PENDING,,,,,
Herpes simplex/herpes-simplex-00019.jpg,Herpes simplex,Herpes simplex,PENDING,,,,,
Herpes simplex/herpes-simplex-0002.jpg,Herpes simplex,Herpes simplex,PENDING,,,,,
Herpes simplex/herpes-simplex-0003.jpg,Herpes simplex,Herpes simplex,PENDING,,,,,
Herpes simplex/herpes-simplex-022.jpg,Herpes simplex,Herpes simplex,PENDING,,,,,
Herpes simplex/herpes-simplex-labialis-01.jpg,Herpes simplex,Herpes simplex,PENDING,,,,,
Herpes simplex/herpes-simplex-labialis-013.jpg,Herpes simplex,Herpes simplex,PENDING,,,,,
Herpes simplex/herpes-simplex-labialis-02.jpg,Herpes simplex,Herpes simplex,PENDING,,,,,
Herpes simplex/herpes-simplex-labialis-03.jpg,Herpes simplex,Herpes simplex,PENDING,,,,,
Herpes simplex/herpes-simplex-labialis-04.jpg,Herpes simplex,Herpes simplex,PENDING,,,,,
Herpes simplex/herpes-simplex-labialis-05.jpg,Herpes simplex,Herpes simplex,PENDING,,,,,
Herpes simplex/herpes-simplex-labialis-06.jpg,Herpes simplex,Herpes simplex,PENDING,,,,,
Herpes simplex/herpes-simplex-labialis-09.jpg,Herpes simplex,Herpes simplex,PENDING,,,,,
Herpes simplex/herpes-simplex-labialis-10.jpg,Herpes simplex,Herpes simplex,PENDING,,,,,
Herpes simplex/herpes-simplex-labialis-11.jpg,Herpes simplex,Herpes simplex,PENDING,,,,,
Herpes simplex/herpes-simplex-labialis-12.jpg,Herpes simplex,Herpes simplex,PENDING,,,,,
Herpes simplex/herpes-simplex-labialis-13.jpg,Herpes simplex,Herpes simplex,PENDING,,,,,
Herpes simplex/herpes-simplex-labialis-15.jpg,Herpes simplex,Herpes simplex,PENDING,,,,,
Herpes simplex/herpes-simplex-labialis-16.jpg,Herpes simplex,Herpes simplex,PENDING,,,,,
Herpes simplex/herpes-simplex-labialis-17.jpg,Herpes simplex,Herpes simplex,PENDING,,,,,
Herpes simplex/herpes-simplex-labialis-18.jpg,Herpes simplex,Herpes simplex,PENDING,,,,,
Herpes simplex/herpes-simplex-labialis-19.jpg,Herpes simplex,Herpes simplex,PENDING,,,,,
Herpes simplex/herpes-simplex-labialis-20.jpg,Herpes simplex,Herpes simplex,PENDING,,,,,
Herpes simplex/herpes-simplex-labialis-21.jpg,Herpes simplex,Herpes simplex,PENDING,,,,,
Herpes simplex/herpes-simplex-labialis-22.jpg,Herpes simplex,Herpes simplex,PENDING,,,,,
Herpes simplex/herpes-simplex-labialis-23.jpg,Herpes simplex,Herpes simplex,PENDING,,,,,
Herpes simplex/herpes-simplex-labialis-24.jpg,Herpes simplex,Herpes simplex,PENDING,,,,,
Herpes simplex/herpes-simplex-labialis-25.jpg,Herpes simplex,Herpes simplex,PENDING,,,,,
Herpes simplex/herpes-simplex-labialis-26.jpg,Herpes simplex,Herpes simplex,PENDING,,,,,
Herpes simplex/herpes-simplex-labialis-27.jpg,Herpes simplex,Herpes simplex,PENDING,,,,,
Herpes simplex/herpes-simplex-labialis-28.jpg,Herpes simplex,Herpes simplex,PENDING,,,,,
Herpes simplex/herpes-simplex-labialis-29.jpg,Herpes simplex,Herpes simplex,PENDING,,,,,
Herpes simplex/herpes-simplex-labialis-30.jpg,Herpes simplex,Herpes simplex,PENDING,,,,,
Herpes simplex/herpes-simplex-labialis-31.jpg,Herpes simplex,Herpes simplex,PENDING,,,,,
Herpes simplex/herpes-simplex-labialis-32.jpg,Herpes simplex,Herpes simplex,PENDING,,,,,
Herpes simplex/herpes-simplex-labialis-33.jpg,Herpes simplex,Herpes simplex,PENDING,,,,,
Herpes simplex/herpes-simplex-labialis-34.jpg,Herpes simplex,Herpes simplex,PENDING,,,,,
Herpes simplex/herpes-simplex-labialis-35.jpg,Herpes simplex,Herpes simplex,PENDING,,,,,
Herpes simplex/herpes-simplex-labialis-36.jpg,Herpes simplex,Herpes simplex,PENDING,,,,,
Herpes simplex/herpes-simplex-labialis-37.jpg,Herpes simplex,Herpes simplex,PENDING,,,,,
Herpes simplex/herpes-simplex-labialis-38.jpg,Herpes simplex,Herpes simplex,PENDING,,,,,
Herpes simplex/herpes-simplex-labialis-39.jpg,Herpes simplex,Herpes simplex,PENDING,,,,,
Herpes simplex/herpes-simplex-labialis-40.jpg,Herpes simplex,Herpes simplex,PENDING,,,,,
Herpes simplex/herpes-simplex-labialis-41.jpg,Herpes simplex,Herpes simplex,PENDING,,,,,
Herpes simplex/herpes-simplex-labialis-42.jpg,Herpes simplex,Herpes simplex,PENDING,,,,,
Herpes simplex/herpes-simplex-labialis-43.jpg,Herpes simplex,Herpes simplex,PENDING,,,,,
Herpes simplex/herpes-simplex-labialis-44.jpg,Herpes simplex,Herpes simplex,PENDING,,,,,
Herpes simplex/herpes-simplex-labialis-45.jpg,Herpes simplex,Herpes simplex,PENDING,,,,,
Herpes simplex/herpes-simplex-labialis-46.jpg,Herpes simplex,Herpes simplex,PENDING,,,,,
Herpes simplex/herpes-simplex-labialis-47.jpg,Herpes simplex,Herpes simplex,PENDING,,,,,
Herpes simplex/herpes-simplex-labialis-48.jpg,Herpes simplex,Herpes simplex,PENDING,,,,,
Herpes simplex/herpes-simplex-labialis-49.jpg,Herpes simplex,Herpes simplex,PENDING,,,,,
Herpes simplex/herpes-simplex-labialis-52.jpg,Herpes simplex,Herpes simplex,PENDING,,,,,
Herpes simplex/herpes-simplex-labialis-53.jpg,Herpes simplex,Herpes simplex,PENDING,,,,,
Herpes simplex/herpes-simplex-labialis-54.jpg,Herpes simplex,Herpes simplex,PENDING,,,,,
Herpes simplex/herpes-simplex-labialis-55.jpg,Herpes simplex,Herpes simplex,PENDING,,,,,
Herpes simplex/herpes-simplex-labialis-56.jpg,Herpes simplex,Herpes simplex,PENDING,,,,,
Herpes simplex/herpes-simplex-paronychia.jpg,Herpes simplex,Herpes simplex,PENDING,,,,,
Herpes simplex/herpes-simplex-vesicles-1.jpg,Herpes simplex,Herpes simplex,PENDING,,,,,
Herpes simplex/herpetic-stomatitis.jpg,Herpes simplex,Herpes simplex,PENDING,,,,,
Herpes simplex/hsbuttock-s.jpg,Herpes simplex,Herpes simplex,PENDING,,,,,
Herpes simplex/hsbuttock2-s.jpg,Herpes simplex,Herpes simplex,PENDING,,,,,
Herpes simplex/hsimpl2.jpg,Herpes simplex,Herpes simplex,PENDING,,,,,
Herpes simplex/hsimplex.jpg,Herpes simplex,Herpes simplex,PENDING,,,,,
Herpes simplex/hsimplex2.jpg,Herpes simplex,Herpes simplex,PENDING,,,,,
Herpes simplex/hspenis2-s.jpg,Herpes simplex,Herpes simplex,PENDING,,,,,
Herpes simplex/hsv6.jpg,Herpes simplex,Herpes simplex,PENDING,,,,,
Herpes simplex/hsvpen4.jpg,Herpes simplex,Herpes simplex,PENDING,,,,,
Herpes simplex/neonatal-herpes-simplex2.jpg,Herpes simplex,Herpes simplex,PENDING,,,,,
Herpes zoster/eyelid-20.jpg,Herpes zoster,Herpes zoster,PENDING,,,,,
Herpes zoster/figure-37-face.jpg,Herpes zoster,Herpes zoster,PENDING,,,,,
Herpes zoster/figure-6-fever+rash2.jpg,Herpes zoster,Herpes zoster,PENDING,,,,,
Herpes zoster/herpes-zoster-0001.jpg,Herpes zoster,Herpes zoster,PENDING,,,,,
Herpes zoster/herpes-zoster-0003.jpg,Herpes zoster,Herpes zoster,PENDING,,,,,
Herpes zoster/herpes-zoster-010.jpg,Herpes zoster,Herpes zoster,PENDING,,,,,
Herpes zoster/herpes-zoster-011.jpg,Herpes zoster,Herpes zoster,PENDING,,,,,
Herpes zoster/herpes-zoster-012.jpg,Herpes zoster,Herpes zoster,PENDING,,,,,
Herpes zoster/hvz1.jpg,Herpes zoster,Herpes zoster,PENDING,,,,,
Herpes zoster/hvz2.jpg,Herpes zoster,Herpes zoster,PENDING,,,,,
Herpes zoster/hvz3.jpg,Herpes zoster,Herpes zoster,PENDING,,,,,
Herpes zoster/hvz4.jpg,Herpes zoster,Herpes zoster,PENDING,,,,,
Herpes zoster/hvz6.jpg,Herpes zoster,Herpes zoster,PENDING,,,,,
Herpes zoster/hz2.jpg,Herpes zoster,Herpes zoster,PENDING,,,,,
Herpes zoster/hz3.jpg,Herpes zoster,Herpes zoster,PENDING,,,,,
Herpes zoster/hz5.jpg,Herpes zoster,Herpes zoster,PENDING,,,,,
Herpes zoster/ps-koebner.jpg,Herpes zoster,Herpes zoster,PENDING,,,,,
Herpes zoster/pyoderma-gangrenosum-0002.jpg,Herpes zoster,Herpes zoster,PENDING,,,,,
Herpes zoster/ramsay-hunt-02.jpg,Herpes zoster,Herpes zoster,PENDING,,,,,
Herpes zoster/vesicles.jpg,Herpes zoster,Herpes zoster,PENDING,,,,,
Herpes zoster/zoster-01.jpg,Herpes zoster,Herpes zoster,PENDING,,,,,
Herpes zoster/zoster-02.jpg,Herpes zoster,Herpes zoster,PENDING,,,,,
Herpes zoster/zoster-03.jpg,Herpes zoster,Herpes zoster,PENDING,,,,,
Herpes zoster/zoster-04.jpg,Herpes zoster,Herpes zoster,PENDING,,,,,
Herpes zoster/zoster-05.jpg,Herpes zoster,Herpes zoster,PENDING,,,,,
Herpes zoster/zoster-06.jpg,Herpes zoster,Herpes zoster,PENDING,,,,,
Herpes zoster/zoster-07.jpg,Herpes zoster,Herpes zoster,PENDING,,,,,
Herpes zoster/zoster-08.jpg,Herpes zoster,Herpes zoster,PENDING,,,,,
Herpes zoster/zoster-09.jpg,Herpes zoster,Herpes zoster,PENDING,,,,,
Herpes zoster/zoster-10.jpg,Herpes zoster,Herpes zoster,PENDING,,,,,
Herpes zoster/zoster-11.jpg,Herpes zoster,Herpes zoster,PENDING,,,,,
Herpes zoster/zoster-12.jpg,Herpes zoster,Herpes zoster,PENDING,,,,,
Herpes zoster/zoster-13.jpg,Herpes zoster,Herpes zoster,PENDING,,,,,
Herpes zoster/zoster-14.jpg,Herpes zoster,Herpes zoster,PENDING,,,,,
Herpes zoster/zoster-15.jpg,Herpes zoster,Herpes zoster,PENDING,,,,,
Herpes zoster/zoster-16.jpg,Herpes zoster,Herpes zoster,PENDING,,,,,
Herpes zoster/zoster-17.jpg,Herpes zoster,Herpes zoster,PENDING,,,,,
Herpes zoster/zoster-18.jpg,Herpes zoster,Herpes zoster,PENDING,,,,,
Herpes zoster/zoster3.jpg,Herpes zoster,Herpes zoster,PENDING,,,,,
Hidradenitis suppurativa/cutaneous-adverse-drug-reaction-0042.jpg,Hidradenitis suppurativa,Hidradenitis suppurativa,PENDING,,,,,
Hidradenitis suppurativa/hidrad1.jpg,Hidradenitis suppurativa,Hidradenitis suppurativa,PENDING,,,,,
Hidradenitis suppurativa/hidrad2.jpg,Hidradenitis suppurativa,Hidradenitis suppurativa,PENDING,,,,,
Hidradenitis suppurativa/hidrad3.jpg,Hidradenitis suppurativa,Hidradenitis suppurativa,PENDING,,,,,
Hidradenitis suppurativa/hidrad4.jpg,Hidradenitis suppurativa,Hidradenitis suppurativa,PENDING,,,,,
Hidradenitis suppurativa/hidrad5.jpg,Hidradenitis suppurativa,Hidradenitis suppurativa,PENDING,,,,,
Hidradenitis suppurativa/hidradenitis-comedones.jpg,Hidradenitis suppurativa,Hidradenitis suppurativa,PENDING,,,,,
Hidradenitis suppurativa/hidradenitis-nodule.jpg,Hidradenitis suppurativa,Hidradenitis suppurativa,PENDING,,,,,
Hidradenitis suppurativa/hidradenitis-suppurativa-0001.jpg,Hidradenitis suppurativa,Hidradenitis suppurativa,PENDING,,,,,
Hidradenitis suppurativa/hidradenitis-suppurativa-001.jpg,Hidradenitis suppurativa,Hidradenitis suppurativa,PENDING,,,,,
Hidradenitis suppurativa/hidradenitis-suppurativa-002.jpg,Hidradenitis suppurativa,Hidradenitis suppurativa,PENDING,,,,,
Hidradenitis suppurativa/hidradenitis-suppurativa-011.jpg,Hidradenitis suppurativa,Hidradenitis suppurativa,PENDING,,,,,
Hidradenitis suppurativa/hidradenitis-suppurativa-019.jpg,Hidradenitis suppurativa,Hidradenitis suppurativa,PENDING,,,,,
Hidradenitis suppurativa/hidradenitis-suppurativa.jpg,Hidradenitis suppurativa,Hidradenitis suppurativa,PENDING,,,,,
Hidradenitis suppurativa/hidradenitis.jpg,Hidradenitis suppurativa,Hidradenitis suppurativa,PENDING,,,,,
Hidradenitis suppurativa/hidradenitis1.jpg,Hidradenitis suppurativa,Hidradenitis suppurativa,PENDING,,,,,
Hidradenitis suppurativa/hidradenitis2.jpg,Hidradenitis suppurativa,Hidradenitis suppurativa,PENDING,,,,,
Hidradenitis suppurativa/hidradenitis3.jpg,Hidradenitis suppurativa,Hidradenitis suppurativa,PENDING,,,,,
Hidradenitis suppurativa/hidradenitis4.jpg,Hidradenitis suppurativa,Hidradenitis suppurativa,PENDING,,,,,
Hidradenitis suppurativa/hidradenitis5.jpg,Hidradenitis suppurativa,Hidradenitis suppurativa,PENDING,,,,,
Hidradenitis suppurativa/hidradenitis6.jpg,Hidradenitis suppurativa,Hidradenitis suppurativa,PENDING,,,,,
Hidradenitis suppurativa/hidradenitis7.jpg,Hidradenitis suppurativa,Hidradenitis suppurativa,PENDING,,,,,
Hidradenitis suppurativa/hs-abdo-139.jpg,Hidradenitis suppurativa,Hidradenitis suppurativa,PENDING,,,,,
Hidradenitis suppurativa/hs-axilla-001.jpg,Hidradenitis suppurativa,Hidradenitis suppurativa,PENDING,,,,,
Hidradenitis suppurativa/hs-axilla-002.jpg,Hidradenitis suppurativa,Hidradenitis suppurativa,PENDING,,,,,
Hidradenitis suppurativa/hs-axilla-003.jpg,Hidradenitis suppurativa,Hidradenitis suppurativa,PENDING,,,,,
Hidradenitis suppurativa/hs-axilla-004.jpg,Hidradenitis suppurativa,Hidradenitis suppurativa,PENDING,,,,,
Hidradenitis suppurativa/hs-axilla-005.jpg,Hidradenitis suppurativa,Hidradenitis suppurativa,PENDING,,,,,
Hidradenitis suppurativa/hs-axilla-039.jpg,Hidradenitis suppurativa,Hidradenitis suppurativa,PENDING,,,,,
Hidradenitis suppurativa/hs-axilla-040.jpg,Hidradenitis suppurativa,Hidradenitis suppurativa,PENDING,,,,,
Hidradenitis suppurativa/hs-axilla-041.jpg,Hidradenitis suppurativa,Hidradenitis suppurativa,PENDING,,,,,
Hidradenitis suppurativa/hs-axilla-042.jpg,Hidradenitis suppurativa,Hidradenitis suppurativa,PENDING,,,,,
Hidradenitis suppurativa/hs-axilla-043.jpg,Hidradenitis suppurativa,Hidradenitis suppurativa,PENDING,,,,,
Hidradenitis suppurativa/hs-axilla-044.jpg,Hidradenitis suppurativa,Hidradenitis suppurativa,PENDING,,,,,
Hidradenitis suppurativa/hs-axilla-045.jpg,Hidradenitis suppurativa,Hidradenitis suppurativa,PENDING,,,,,
Hidradenitis suppurativa/hs-axilla-046.jpg,Hidradenitis suppurativa,Hidradenitis suppurativa,PENDING,,,,,
Hidradenitis suppurativa/hs-axilla-047.jpg,Hidradenitis suppurativa,Hidradenitis suppurativa,PENDING,,,,,
Hidradenitis suppurativa/hs-axilla-048.jpg,Hidradenitis suppurativa,Hidradenitis suppurativa,PENDING,,,,,
Hidradenitis suppurativa/hs-axilla-049.jpg,Hidradenitis suppurativa,Hidradenitis suppurativa,PENDING,,,,,
Hidradenitis suppurativa/hs-axilla-050.jpg,Hidradenitis suppurativa,Hidradenitis suppurativa,PENDING,,,,,
Hidradenitis suppurativa/hs-axilla-051.jpg,Hidradenitis suppurativa,Hidradenitis suppurativa,PENDING,,,,,
Hidradenitis suppurativa/hs-axilla-052.jpg,Hidradenitis suppurativa,Hidradenitis suppurativa,PENDING,,,,,
Hidradenitis suppurativa/hs-axilla-053.jpg,Hidradenitis suppurativa,Hidradenitis suppurativa,PENDING,,,,,
Hidradenitis suppurativa/hs-axilla-054.jpg,Hidradenitis suppurativa,Hidradenitis suppurativa,PENDING,,,,,
Hidradenitis suppurativa/hs-axilla-056.jpg,Hidradenitis suppurativa,Hidradenitis suppurativa,PENDING,,,,,
Hidradenitis suppurativa/hs-axilla-057.jpg,Hidradenitis suppurativa,Hidradenitis suppurativa,PENDING,,,,,
Hidradenitis suppurativa/hs-axilla-059.jpg,Hidradenitis suppurativa,Hidradenitis suppurativa,PENDING,,,,,
Hidradenitis suppurativa/hs-axilla-061.jpg,Hidradenitis suppurativa,Hidradenitis suppurativa,PENDING,,,,,
Hidradenitis suppurativa/hs-axilla-062.jpg,Hidradenitis suppurativa,Hidradenitis suppurativa,PENDING,,,,,
Hidradenitis suppurativa/hs-axilla-063.jpg,Hidradenitis suppurativa,Hidradenitis suppurativa,PENDING,,,,,
Hidradenitis suppurativa/hs-axilla-064.jpg,Hidradenitis suppurativa,Hidradenitis suppurativa,PENDING,,,,,
Hidradenitis suppurativa/hs-axilla-065.jpg,Hidradenitis suppurativa,Hidradenitis suppurativa,PENDING,,,,,
Hidradenitis suppurativa/hs-axilla-066.jpg,Hidradenitis suppurativa,Hidradenitis suppurativa,PENDING,,,,,
Hidradenitis suppurativa/hs-axilla-067.jpg,Hidradenitis suppurativa,Hidradenitis suppurativa,PENDING,,,,,
Hidradenitis suppurativa/hs-axilla-068.jpg,Hidradenitis suppurativa,Hidradenitis suppurativa,PENDING,,,,,
Hidradenitis suppurativa/hs-axilla-069.jpg,Hidradenitis suppurativa,Hidradenitis suppurativa,PENDING,,,,,
Hidradenitis suppurativa/hs-axilla-070.jpg,Hidradenitis suppurativa,Hidradenitis suppurativa,PENDING,,,,,
Hidradenitis suppurativa/hs-axilla-071.jpg,Hidradenitis suppurativa,Hidradenitis suppurativa,PENDING,,,,,
Hidradenitis suppurativa/hs-axilla-072.jpg,Hidradenitis suppurativa,Hidradenitis suppurativa,PENDING,,,,,
Hidradenitis suppurativa/hs-breast-073.jpg,Hidradenitis suppurativa,Hidradenitis suppurativa,PENDING,,,,,
Hidradenitis suppurativa/hs-breast-074.jpg,Hidradenitis suppurativa,Hidradenitis suppurativa,PENDING,,,,,
Hidradenitis suppurativa/hs-breast-075.jpg,Hidradenitis suppurativa,Hidradenitis suppurativa,PENDING,,,,,
Hidradenitis suppurativa/hs-breast-076.jpg,Hidradenitis suppurativa,Hidradenitis suppurativa,PENDING,,,,,
Hidradenitis suppurativa/hs-breast-077.jpg,Hidradenitis suppurativa,Hidradenitis suppurativa,PENDING,,,,,
Hidradenitis suppurativa/hs-breast-078.jpg,Hidradenitis suppurativa,Hidradenitis suppurativa,PENDING,,,,,
Hidradenitis suppurativa/hs-breast-079.jpg,Hidradenitis suppurativa,Hidradenitis suppurativa,PENDING,,,,,
Hidradenitis suppurativa/hs-breast-080.jpg,Hidradenitis suppurativa,Hidradenitis suppurativa,PENDING,,,,,
Hidradenitis suppurativa/hs-breast-081.jpg,Hidradenitis suppurativa,Hidradenitis suppurativa,PENDING,,,,,
Hidradenitis suppurativa/hs-breast-082.jpg,Hidradenitis suppurativa,Hidradenitis suppurativa,PENDING,,,,,
Hidradenitis suppurativa/hs-breast-083.jpg,Hidradenitis suppurativa,Hidradenitis suppurativa,PENDING,,,,,
Hidradenitis suppurativa/hs-breast-084.jpg,Hidradenitis suppurativa,Hidradenitis suppurativa,PENDING,,,,,
Hidradenitis suppurativa/hs-buttocks-117.jpg,Hidradenitis suppurativa,Hidradenitis suppurativa,PENDING,,,,,
Hidradenitis suppurativa/hs-buttocks-118.jpg,Hidradenitis suppurativa,Hidradenitis suppurativa,PENDING,,,,,
Hidradenitis suppurativa/hs-buttocks-119.jpg,Hidradenitis suppurativa,Hidradenitis suppurativa,PENDING,,,,,
Hidradenitis suppurativa/hs-buttocks-120.jpg,Hidradenitis suppurativa,Hidradenitis suppurativa,PENDING,,,,,
Hidradenitis suppurativa/hs-buttocks-121.jpg,Hidradenitis suppurativa,Hidradenitis suppurativa,PENDING,,,,,
Hidradenitis suppurativa/hs-buttocks-122.jpg,Hidradenitis suppurativa,Hidradenitis suppurativa,PENDING,,,,,
Hidradenitis suppurativa/hs-buttocks-123.jpg,Hidradenitis suppurativa,Hidradenitis suppurativa,PENDING,,,,,
Hidradenitis suppurativa/hs-buttocks-124.jpg,Hidradenitis suppurativa,Hidradenitis suppurativa,PENDING,,,,,
Hidradenitis suppurativa/hs-comedones-085.jpg,Hidradenitis suppurativa,Hidradenitis suppurativa,PENDING,,,,,
Hidradenitis suppurativa/hs-comedones-086.jpg,Hidradenitis suppurativa,Hidradenitis suppurativa,PENDING,,,,,
Hidradenitis suppurativa/hs-comedones-087.jpg,Hidradenitis suppurativa,Hidradenitis suppurativa,PENDING,,,,,
Hidradenitis suppurativa/hs-comedones-088.jpg,Hidradenitis suppurativa,Hidradenitis suppurativa,PENDING,,,,,
Hidradenitis suppurativa/hs-comedones-089.jpg,Hidradenitis suppurativa,Hidradenitis suppurativa,PENDING,,,,,
Hidradenitis suppurativa/hs-comedones-090.jpg,Hidradenitis suppurativa,Hidradenitis suppurativa,PENDING,,,,,
Hidradenitis suppurativa/hs-comedones-091.jpg,Hidradenitis suppurativa,Hidradenitis suppurativa,PENDING,,,,,
Hidradenitis suppurativa/hs-comedones-092.jpg,Hidradenitis suppurativa,Hidradenitis suppurativa,PENDING,,,,,
Hidradenitis suppurativa/hs-comedones-093.jpg,Hidradenitis suppurativa,Hidradenitis suppurativa,PENDING,,,,,
Hidradenitis suppurativa/hs-groin-125.jpg,Hidradenitis suppurativa,Hidradenitis suppurativa,PENDING,,,,,
Hidradenitis suppurativa/hs-groin-126.jpg,Hidradenitis suppurativa,Hidradenitis suppurativa,PENDING,,,,,
Hidradenitis suppurativa/hs-groin-127.jpg,Hidradenitis suppurativa,Hidradenitis suppurativa,PENDING,,,,,
Hidradenitis suppurativa/hs-groin-128.jpg,Hidradenitis suppurativa,Hidradenitis suppurativa,PENDING,,,,,
Hidradenitis suppurativa/hs-groin-129.jpg,Hidradenitis suppurativa,Hidradenitis suppurativa,PENDING,,,,,
Hidradenitis suppurativa/hs-groin-130.jpg,Hidradenitis suppurativa,Hidradenitis suppurativa,PENDING,,,,,
Hidradenitis suppurativa/hs-groin-131.jpg,Hidradenitis suppurativa,Hidradenitis suppurativa,PENDING,,,,,
Hidradenitis suppurativa/hs-groin-132.jpg,Hidradenitis suppurativa,Hidradenitis suppurativa,PENDING,,,,,
Hidradenitis suppurativa/hs-groin-133.jpg,Hidradenitis suppurativa,Hidradenitis suppurativa,PENDING,,,,,
Hidradenitis suppurativa/hs-groin-134.jpg,Hidradenitis suppurativa,Hidradenitis suppurativa,PENDING,,,,,
Hidradenitis suppurativa/hs-groin-135.jpg,Hidradenitis suppurativa,Hidradenitis suppurativa,PENDING,,,,,
Hidradenitis suppurativa/hs-groin-136.jpg,Hidradenitis suppurativa,Hidradenitis suppurativa,PENDING,,,,,
Hidradenitis suppurativa/hs-groin-137.jpg,Hidradenitis suppurativa,Hidradenitis suppurativa,PENDING,,,,,
Hidradenitis suppurativa/hs-groin-138.jpg,Hidradenitis suppurativa,Hidradenitis suppurativa,PENDING,,,,,
Hidradenitis suppurativa/hs-inflammatory-108.jpg,Hidradenitis suppurativa,Hidradenitis suppurativa,PENDING,,,,,
Hidradenitis suppurativa/hs-inflammatory-109.jpg,Hidradenitis suppurativa,Hidradenitis suppurativa,PENDING,,,,,
Hidradenitis suppurativa/hs-inflammatory-110.jpg,Hidradenitis suppurativa,Hidradenitis suppurativa,PENDING,,,,,
Hidradenitis suppurativa/hs-inflammatory-111.jpg,Hidradenitis suppurativa,Hidradenitis suppurativa,PENDING,,,,,
Hidradenitis suppurativa/hs-inflammatory-112.jpg,Hidradenitis suppurativa,Hidradenitis suppurativa,PENDING,,,,,
Hidradenitis suppurativa/hs-inflammatory-113.jpg,Hidradenitis suppurativa,Hidradenitis suppurativa,PENDING,,,,,
Hidradenitis suppurativa/hs-inflammatory-114.jpg,Hidradenitis suppurativa,Hidradenitis suppurativa,PENDING,,,,,
Hidradenitis suppurativa/hs-inflammatory-115.jpg,Hidradenitis suppurativa,Hidradenitis suppurativa,PENDING,,,,,
Hidradenitis suppurativa/hs-inflammatory-116.jpg,Hidradenitis suppurativa,Hidradenitis suppurativa,PENDING,,,,,
Hidradenitis suppurativa/hs-scars-094.jpg,Hidradenitis suppurativa,Hidradenitis suppurativa,PENDING,,,,,
Hidradenitis suppurativa/hs-scars-095.jpg,Hidradenitis suppurativa,Hidradenitis suppurativa,PENDING,,,,,
Hidradenitis suppurativa/hs-scars-096.jpg,Hidradenitis suppurativa,Hidradenitis suppurativa,PENDING,,,,,
Hidradenitis suppurativa/hs-scars-097.jpg,Hidradenitis suppurativa,Hidradenitis suppurativa,PENDING,,,,,
Hidradenitis suppurativa/hs-scars-098.jpg,Hidradenitis suppurativa,Hidradenitis suppurativa,PENDING,,,,,
Hidradenitis suppurativa/hs-scars-099.jpg,Hidradenitis suppurativa,Hidradenitis suppurativa,PENDING,,,,,
Hidradenitis suppurativa/hs-scars-100.jpg,Hidradenitis suppurativa,Hidradenitis suppurativa,PENDING,,,,,
Hidradenitis suppurativa/hs-scars-101.jpg,Hidradenitis suppurativa,Hidradenitis suppurativa,PENDING,,,,,
Hidradenitis suppurativa/hs-scars-102.jpg,Hidradenitis suppurativa,Hidradenitis suppurativa,PENDING,,,,,
Hidradenitis suppurativa/hs-scars-103.jpg,Hidradenitis suppurativa,Hidradenitis suppurativa,PENDING,,,,,
Hidradenitis suppurativa/hs-scars-104.jpg,Hidradenitis suppurativa,Hidradenitis suppurativa,PENDING,,,,,
Hidradenitis suppurativa/hs-scars-105.jpg,Hidradenitis suppurativa,Hidradenitis suppurativa,PENDING,,,,,
Hidradenitis suppurativa/hs-scars-106.jpg,Hidradenitis suppurativa,Hidradenitis suppurativa,PENDING,,,,,
Hidradenitis suppurativa/hs-scars-107.jpg,Hidradenitis suppurativa,Hidradenitis suppurativa,PENDING,,,,,
Hidradenitis suppurativa/smoker-hidradenitis1.jpg,Hidradenitis suppurativa,Hidradenitis suppurativa,PENDING,,,,,
Hidradenitis suppurativa/smoker-hidradenitis2.jpg,Hidradenitis suppurativa,Hidradenitis suppurativa,PENDING,,,,,
Hidradenitis suppurativa/smoker-hidradenitis3.jpg,Hidradenitis suppurativa,Hidradenitis suppurativa,PENDING,,,,,
Hyperhidrosis/hyper1.jpg,Hyperhidrosis,Hyperhidrosis,PENDING,,,,,
Hyperhidrosis/hyperhid1.jpg,Hyperhidrosis,Hyperhidrosis,PENDING,,,,,
Hyperhidrosis/hyperhidrosis.jpg,Hyperhidrosis,Hyperhidrosis,PENDING,,,,,
Hyperhidrosis/hyperhidrosis3.jpg,Hyperhidrosis,Hyperhidrosis,PENDING,,,,,
Hyperhidrosis/hyperhidrosis4.jpg,Hyperhidrosis,Hyperhidrosis,PENDING,,,,,
Hyperhidrosis/ross-syndrome-hyperhidrosis-05.jpg,Hyperhidrosis,Hyperhidrosis,PENDING,,,,,
Hyperhidrosis/ross-syndrome-hyperhidrosis-06.jpg,Hyperhidrosis,Hyperhidrosis,PENDING,,,,,
Hyperkeratotic palmar dermatitis/hyperkeratotic-hand-dermatitis-01.jpg,Hyperkeratotic palmar dermatitis,Hyperkeratotic palmar dermatitis,PENDING,,,,,
Hyperkeratotic palmar dermatitis/hyperkeratotic-hand-dermatitis-02.jpg,Hyperkeratotic palmar dermatitis,Hyperkeratotic palmar dermatitis,PENDING,,,,,
Hyperkeratotic palmar dermatitis/hyperkeratotic-hand-dermatitis-03.jpg,Hyperkeratotic palmar dermatitis,Hyperkeratotic palmar dermatitis,PENDING,,,,,
Hyperkeratotic palmar dermatitis/hyperkeratotic-hand-dermatitis-07.jpg,Hyperkeratotic palmar dermatitis,Hyperkeratotic palmar dermatitis,PENDING,,,,,
Hyperkeratotic palmar dermatitis/hyperkeratotic-hand-dermatitis-08.jpg,Hyperkeratotic palmar dermatitis,Hyperkeratotic palmar dermatitis,PENDING,,,,,
Ichthyosis/cutaneous-adverse-drug-reaction-0044.jpg,Ichthyosis,Ichthyosis,PENDING,,,,,
Ichthyosis/ichth1.jpg,Ichthyosis,Ichthyosis,PENDING,,,,,
Ichthyosis/ichth2.jpg,Ichthyosis,Ichthyosis,PENDING,,,,,
Ichthyosis/ichth3.jpg,Ichthyosis,Ichthyosis,PENDING,,,,,
Ichthyosis/ichthyosis-10.jpg,Ichthyosis,Ichthyosis,PENDING,,,,,
Ichthyosis/ichthyosis-11.jpg,Ichthyosis,Ichthyosis,PENDING,,,,,
Ichthyosis/ichthyosis-12.jpg,Ichthyosis,Ichthyosis,PENDING,,,,,
Ichthyosis/ichthyosis-14.jpg,Ichthyosis,Ichthyosis,PENDING,,,,,
Ichthyosis/ichthyosis-15.jpg,Ichthyosis,Ichthyosis,PENDING,,,,,
Ichthyosis/ichthyosis-16.jpg,Ichthyosis,Ichthyosis,PENDING,,,,,
Ichthyosis/ichthyosis-17.jpg,Ichthyosis,Ichthyosis,PENDING,,,,,
Ichthyosis/ichthyosis-18.jpg,Ichthyosis,Ichthyosis,PENDING,,,,,
Ichthyosis/ichthyosis-19.jpg,Ichthyosis,Ichthyosis,PENDING,,,,,
Ichthyosis/ichthyosis-20.jpg,Ichthyosis,Ichthyosis,PENDING,,,,,
Ichthyosis/ichthyosis-21.jpg,Ichthyosis,Ichthyosis,PENDING,,,,,
Ichthyosis/ichthyosis-22.jpg,Ichthyosis,Ichthyosis,PENDING,,,,,
Ichthyosis/ichthyosis-23.jpg,Ichthyosis,Ichthyosis,PENDING,,,,,
Ichthyosis/ichthyosis-24.jpg,Ichthyosis,Ichthyosis,PENDING,,,,,
Ichthyosis/ichthyosis-25.jpg,Ichthyosis,Ichthyosis,PENDING,,,,,
Ichthyosis/ichthyosis-26.jpg,Ichthyosis,Ichthyosis,PENDING,,,,,
Ichthyosis/ichthyosis-27.jpg,Ichthyosis,Ichthyosis,PENDING,,,,,
Ichthyosis/ichthyosis-28.jpg,Ichthyosis,Ichthyosis,PENDING,,,,,
Ichthyosis/ichthyosis-29.jpg,Ichthyosis,Ichthyosis,PENDING,,,,,
Ichthyosis/ichthyosis-30.jpg,Ichthyosis,Ichthyosis,PENDING,,,,,
Ichthyosis/ichthyosis-31.jpg,Ichthyosis,Ichthyosis,PENDING,,,,,
Ichthyosis/ichthyosis-32.jpg,Ichthyosis,Ichthyosis,PENDING,,,,,
Ichthyosis/ichthyosis-33.jpg,Ichthyosis,Ichthyosis,PENDING,,,,,
Ichthyosis/ichthyosis-34.jpg,Ichthyosis,Ichthyosis,PENDING,,,,,
Ichthyosis/ichthyosis-35.jpg,Ichthyosis,Ichthyosis,PENDING,,,,,
Ichthyosis/ichthyosis-38.jpg,Ichthyosis,Ichthyosis,PENDING,,,,,
Ichthyosis/ichthyosis-39.jpg,Ichthyosis,Ichthyosis,PENDING,,,,,
Ichthyosis/ichthyosis-40.jpg,Ichthyosis,Ichthyosis,PENDING,,,,,
Ichthyosis/ichthyosis-c.jpg,Ichthyosis,Ichthyosis,PENDING,,,,,
Ichthyosis/ichthyosis-prematurity-syndrome-0001.jpg,Ichthyosis,Ichthyosis,PENDING,,,,,
Ichthyosis/ichthyosis-prematurity-syndrome-0002.jpg,Ichthyosis,Ichthyosis,PENDING,,,,,
Ichthyosis/ichthyosis-vulgaris-1.jpg,Ichthyosis,Ichthyosis,PENDING,,,,,
Ichthyosis/ichthyosis-vulgaris-2.jpg,Ichthyosis,Ichthyosis,PENDING,,,,,
Ichthyosis/ichthyosis-vulgaris-3.jpg,Ichthyosis,Ichthyosis,PENDING,,,,,
Ichthyosis/ichthyosis.jpg,Ichthyosis,Ichthyosis,PENDING,,,,,
Ichthyosis/ichthyosis1.jpg,Ichthyosis,Ichthyosis,PENDING,,,,,
Ichthyosis/ichthyosis2.jpg,Ichthyosis,Ichthyosis,PENDING,,,,,
Ichthyosis/ichthyosis3.jpg,Ichthyosis,Ichthyosis,PENDING,,,,,
Ichthyosis/ichthyosis4.jpg,Ichthyosis,Ichthyosis,PENDING,,,,,
Ichthyosis/ichthyosis5.jpg,Ichthyosis,Ichthyosis,PENDING,,,,,
Ichthyosis/ichthyosis6.jpg,Ichthyosis,Ichthyosis,PENDING,,,,,
Ichthyosis/ichthyosis7.jpg,Ichthyosis,Ichthyosis,PENDING,,,,,
Ichthyosis/keratinopathic-ichthyosis-0001.jpg,Ichthyosis,Ichthyosis,PENDING,,,,,
Ichthyosis/keratinopathic-ichthyosis-0002.jpg,Ichthyosis,Ichthyosis,PENDING,,,,,
Ichthyosis/keratinopathic-ichthyosis-0003.jpg,Ichthyosis,Ichthyosis,PENDING,,,,,
Ichthyosis/keratinopathic-ichthyosis-0004.jpg,Ichthyosis,Ichthyosis,PENDING,,,,,
Ichthyosis/keratinopathic-ichthyosis-0005.jpg,Ichthyosis,Ichthyosis,PENDING,,,,,
Ichthyosis/keratinopathic-ichthyosis-0006.jpg,Ichthyosis,Ichthyosis,PENDING,,,,,
Ichthyosis/keratinopathic-ichthyosis-0007.jpg,Ichthyosis,Ichthyosis,PENDING,,,,,
Ichthyosis/keratinopathic-ichthyosis-0008.jpg,Ichthyosis,Ichthyosis,PENDING,,,,,
Ichthyosis/keratinopathic-ichthyosis-0009.jpg,Ichthyosis,Ichthyosis,PENDING,,,,,
Ichthyosis/keratinopathic-ichthyosis-0010.jpg,Ichthyosis,Ichthyosis,PENDING,,,,,
Ichthyosis/keratinopathic-ichthyosis-0011.jpg,Ichthyosis,Ichthyosis,PENDING,,,,,
Ichthyosis/keratinopathic-ichthyosis-0012.jpg,Ichthyosis,Ichthyosis,PENDING,,,,,
Ichthyosis/keratinopathic-ichthyosis-0013.jpg,Ichthyosis,Ichthyosis,PENDING,,,,,
Ichthyosis/keratinopathic-ichthyosis-0014.jpg,Ichthyosis,Ichthyosis,PENDING,,,,,
Ichthyosis/x-linked-ichthyosis-3.jpg,Ichthyosis,Ichthyosis,PENDING,,,,,
Ichthyosis/x-linked-ichthyosis-4.jpg,Ichthyosis,Ichthyosis,PENDING,,,,,
Impetigo/bull-impet.jpg,Impetigo,Impetigo,PENDING,,,,,
Impetigo/figure-136-trunk.jpg,Impetigo,Impetigo,PENDING,,,,,
Impetigo/figure-16-blistering.jpg,Impetigo,Impetigo,PENDING,,,,,
Impetigo/impet-bull.jpg,Impetigo,Impetigo,PENDING,,,,,
Impetigo/impet2.jpg,Impetigo,Impetigo,PENDING,,,,,
Impetigo/impet3.jpg,Impetigo,Impetigo,PENDING,,,,,
Impetigo/impet5.jpg,Impetigo,Impetigo,PENDING,,,,,
Impetigo/impet7.jpg,Impetigo,Impetigo,PENDING,,,,,
Impetigo/impet8.jpg,Impetigo,Impetigo,PENDING,,,,,
Impetigo/impetigo-0002.jpg,Impetigo,Impetigo,PENDING,,,,,
Impetigo/impetigo-0003.jpg,Impetigo,Impetigo,PENDING,,,,,
Impetigo/impetigo-0004.jpg,Impetigo,Impetigo,PENDING,,,,,
Impetigo/impetigo-0005.jpg,Impetigo,Impetigo,PENDING,,,,,
Impetigo/impetigo-0006.jpg,Impetigo,Impetigo,PENDING,,,,,
Impetigo/impetigo-0007.jpg,Impetigo,Impetigo,PENDING,,,,,
Impetigo/impetigo-0010.jpg,Impetigo,Impetigo,PENDING,,,,,
Impetigo/impetigo-062.jpg,Impetigo,Impetigo,PENDING,,,,,
Impetigo/impetigo-066.jpg,Impetigo,Impetigo,PENDING,,,,,
Impetigo/impetigo-5.jpg,Impetigo,Impetigo,PENDING,,,,,
Impetigo/impetigo.jpg,Impetigo,Impetigo,PENDING,,,,,
Impetigo/impetigo10.jpg,Impetigo,Impetigo,PENDING,,,,,
Impetigo/impetigo11.jpg,Impetigo,Impetigo,PENDING,,,,,
Impetigo/impetigo12.jpg,Impetigo,Impetigo,PENDING,,,,,
Impetigo/impetigo2.jpg,Impetigo,Impetigo,PENDING,,,,,
Impetigo/impetigo3.jpg,Impetigo,Impetigo,PENDING,,,,,
Impetigo/impetigo4.jpg,Impetigo,Impetigo,PENDING,,,,,
Impetigo/impetigo5.jpg,Impetigo,Impetigo,PENDING,,,,,
Impetigo/impetigo6.jpg,Impetigo,Impetigo,PENDING,,,,,
Impetigo/impetigo7.jpg,Impetigo,Impetigo,PENDING,,,,,
Impetigo/impetigo8.jpg,Impetigo,Impetigo,PENDING,,,,,
Impetigo/impetigo9.jpg,Impetigo,Impetigo,PENDING,,,,,
Impetigo/infected-eczema-02.jpg,Impetigo,Impetigo,PENDING,,,,,
Impetigo/perioral-impetigo-01.jpg,Impetigo,Impetigo,PENDING,,,,,
Impetigo/perioral-impetigo-02.jpg,Impetigo,Impetigo,PENDING,,,,,
Impetigo/perioral-impetigo-03.jpg,Impetigo,Impetigo,PENDING,,,,,
Impetigo/perioral-impetigo-04.jpg,Impetigo,Impetigo,PENDING,,,,,
Impetigo/perioral-impetigo-05.jpg,Impetigo,Impetigo,PENDING,,,,,
Impetigo/perioral-impetigo-06.jpg,Impetigo,Impetigo,PENDING,,,,,
Impetigo/perioral-impetigo-07.jpg,Impetigo,Impetigo,PENDING,,,,,
Impetigo/perioral-impetigo-08.jpg,Impetigo,Impetigo,PENDING,,,,,
Impetigo/perioral-impetigo-09.jpg,Impetigo,Impetigo,PENDING,,,,,
Impetigo/perioral-impetigo-10.jpg,Impetigo,Impetigo,PENDING,,,,,
Impetigo/perioral-impetigo-11.jpg,Impetigo,Impetigo,PENDING,,,,,
Impetigo/perioral-impetigo-12.jpg,Impetigo,Impetigo,PENDING,,,,,
Impetigo/perioral-impetigo-13.jpg,Impetigo,Impetigo,PENDING,,,,,
Impetigo/perioral-impetigo-14.jpg,Impetigo,Impetigo,PENDING,,,,,
Impetigo/perioral-impetigo-15.jpg,Impetigo,Impetigo,PENDING,,,,,
Impetigo/perioral-impetigo-16.jpg,Impetigo,Impetigo,PENDING,,,,,
Impetigo/perioral-impetigo-17.jpg,Impetigo,Impetigo,PENDING,,,,,
Impetigo/perioral-impetigo-18.jpg,Impetigo,Impetigo,PENDING,,,,,
Impetigo/perioral-impetigo-19.jpg,Impetigo,Impetigo,PENDING,,,,,
Impetigo/perioral-impetigo-20.jpg,Impetigo,Impetigo,PENDING,,,,,
Impetigo/perioral-impetigo-21.jpg,Impetigo,Impetigo,PENDING,,,,,
Impetigo/perioral-impetigo-22.jpg,Impetigo,Impetigo,PENDING,,,,,
Impetigo/severe-impetigo-infant.jpg,Impetigo,Impetigo,PENDING,,,,,
Intralymphatic histiocytosis/intralymphatic-histiocytosis-1.jpg,Intralymphatic histiocytosis,Intralymphatic histiocytosis,PENDING,,,,,
Intralymphatic histiocytosis/intralymphatic-histiocytosis-2.jpg,Intralymphatic histiocytosis,Intralymphatic histiocytosis,PENDING,,,,,
Intralymphatic histiocytosis/intralymphatic-histiocytosis.jpg,Intralymphatic histiocytosis,Intralymphatic histiocytosis,PENDING,,,,,
Intravascular lymphoma/intravascular-lymphoma-01.jpg,Intravascular lymphoma,Intravascular lymphoma,PENDING,,,,,
Intravascular lymphoma/intravascular-lymphoma-02.jpg,Intravascular lymphoma,Intravascular lymphoma,PENDING,,,,,
Intravascular lymphoma/intravascular-lymphoma-03.jpg,Intravascular lymphoma,Intravascular lymphoma,PENDING,,,,,
Jessner lymphocytic infiltrate/figure-54-face.jpg,Jessner lymphocytic infiltrate,Jessner lymphocytic infiltrate,PENDING,,,,,
Jessner lymphocytic infiltrate/jessner.jpg,Jessner lymphocytic infiltrate,Jessner lymphocytic infiltrate,PENDING,,,,,
Jessner lymphocytic infiltrate/jessner1.jpg,Jessner lymphocytic infiltrate,Jessner lymphocytic infiltrate,PENDING,,,,,
Jessner lymphocytic infiltrate/jessner2.jpg,Jessner lymphocytic infiltrate,Jessner lymphocytic infiltrate,PENDING,,,,,
Jessner lymphocytic infiltrate/jessner3.jpg,Jessner lymphocytic infiltrate,Jessner lymphocytic infiltrate,PENDING,,,,,
Jessner lymphocytic infiltrate/jessner4.jpg,Jessner lymphocytic infiltrate,Jessner lymphocytic infiltrate,PENDING,,,,,
Jessner lymphocytic infiltrate/jessner5.jpg,Jessner lymphocytic infiltrate,Jessner lymphocytic infiltrate,PENDING,,,,,
Kaposi sarcoma/elephantiasis-nostras-verrucosa-0014.jpg,Kaposi sarcoma,Kaposi sarcoma,PENDING,,,,,
Kaposi sarcoma/gen.jpg,Kaposi sarcoma,Kaposi sarcoma,PENDING,,,,,
Kaposi sarcoma/kaposi-sarcoma-13.jpg,Kaposi sarcoma,Kaposi sarcoma,PENDING,,,,,
Kaposi sarcoma/kaposi-sarcoma-14.jpg,Kaposi sarcoma,Kaposi sarcoma,PENDING,,,,,
Kaposi sarcoma/kaposi-sarcoma-15.jpg,Kaposi sarcoma,Kaposi sarcoma,PENDING,,,,,
Kaposi sarcoma/kaposi-sarcoma-16.jpg,Kaposi sarcoma,Kaposi sarcoma,PENDING,,,,,
Kaposi sarcoma/kaposi-sarcoma-17.jpg,Kaposi sarcoma,Kaposi sarcoma,PENDING,,,,,
Kaposi sarcoma/kaposi-sarcoma-18.jpg,Kaposi sarcoma,Kaposi sarcoma,PENDING,,,,,
Kaposi sarcoma/kaposi-sarcoma-19.jpg,Kaposi sarcoma,Kaposi sarcoma,PENDING,,,,,
Kaposi sarcoma/kaposi-sarcoma-20.jpg,Kaposi sarcoma,Kaposi sarcoma,PENDING,,,,,
Kaposi sarcoma/kaposi-sarcoma-21.jpg,Kaposi sarcoma,Kaposi sarcoma,PENDING,,,,,
Kaposi sarcoma/kaposi-sarcoma-22.jpg,Kaposi sarcoma,Kaposi sarcoma,PENDING,,,,,
Kaposi sarcoma/ks.jpg,Kaposi sarcoma,Kaposi sarcoma,PENDING,,,,,
Kaposi sarcoma/ks1.jpg,Kaposi sarcoma,Kaposi sarcoma,PENDING,,,,,
Kaposi sarcoma/ks10.jpg,Kaposi sarcoma,Kaposi sarcoma,PENDING,,,,,
Kaposi sarcoma/ks2.jpg,Kaposi sarcoma,Kaposi sarcoma,PENDING,,,,,
Kaposi sarcoma/ks3.jpg,Kaposi sarcoma,Kaposi sarcoma,PENDING,,,,,
Kaposi sarcoma/ks4.jpg,Kaposi sarcoma,Kaposi sarcoma,PENDING,,,,,
Kaposi sarcoma/ks5.jpg,Kaposi sarcoma,Kaposi sarcoma,PENDING,,,,,
Kaposi sarcoma/ks6.jpg,Kaposi sarcoma,Kaposi sarcoma,PENDING,,,,,
Kaposi sarcoma/ks7.jpg,Kaposi sarcoma,Kaposi sarcoma,PENDING,,,,,
Kaposi sarcoma/ks9.jpg,Kaposi sarcoma,Kaposi sarcoma,PENDING,,,,,
Kaposi sarcoma/oral.jpg,Kaposi sarcoma,Kaposi sarcoma,PENDING,,,,,
Kaposi sarcoma/patch2.jpg,Kaposi sarcoma,Kaposi sarcoma,PENDING,,,,,
Kaposi sarcoma/plaque2.jpg,Kaposi sarcoma,Kaposi sarcoma,PENDING,,,,,
Keloid scar/2987.jpg,Keloid scar,Keloid scar,PENDING,,,,,
Keloid scar/2988.jpg,Keloid scar,Keloid scar,PENDING,,,,,
Keloid scar/2990.jpg,Keloid scar,Keloid scar,PENDING,,,,,
Keloid scar/acne-scarring-0025.jpg,Keloid scar,Keloid scar,PENDING,,,,,
Keloid scar/acne-scarring-0029.jpg,Keloid scar,Keloid scar,PENDING,,,,,
Keloid scar/keloid-scar-0001.jpg,Keloid scar,Keloid scar,PENDING,,,,,
Keloid scar/keloid-scar-0002.jpg,Keloid scar,Keloid scar,PENDING,,,,,
Keloid scar/keloid-scar-0003.jpg,Keloid scar,Keloid scar,PENDING,,,,,
Keloid scar/keloid-scar-0004.jpg,Keloid scar,Keloid scar,PENDING,,,,,
Keloid scar/keloid-scar-0005.jpg,Keloid scar,Keloid scar,PENDING,,,,,
Keloid scar/keloid-scar-0006.jpg,Keloid scar,Keloid scar,PENDING,,,,,
Keloid scar/keloid-scar-0007.jpg,Keloid scar,Keloid scar,PENDING,,,,,
Keloid scar/keloid-scar-0008.jpg,Keloid scar,Keloid scar,PENDING,,,,,
Keloid scar/keloid-scar-0009.jpg,Keloid scar,Keloid scar,PENDING,,,,,
Keloid scar/keloid-scar-0010.jpg,Keloid scar,Keloid scar,PENDING,,,,,
Keloid scar/keloid-scar-0011.jpg,Keloid scar,Keloid scar,PENDING,,,,,
Keloid scar/keloid-scar-0012.jpg,Keloid scar,Keloid scar,PENDING,,,,,
Keloid scar/keloid-scar-0013.jpg,Keloid scar,Keloid scar,PENDING,,,,,
Keloid scar/keloid-scar-0016.jpg,Keloid scar,Keloid scar,PENDING,,,,,
Keloid scar/keloid-scar-0017-2.jpg,Keloid scar,Keloid scar,PENDING,,,,,
Keloid scar/keloid-scar-0017.jpg,Keloid scar,Keloid scar,PENDING,,,,,
Keloid scar/keloid-scar-0018.jpg,Keloid scar,Keloid scar,PENDING,,,,,
Keloid scar/keloid-scar-0019.jpg,Keloid scar,Keloid scar,PENDING,,,,,
Keloid scar/keloid-scar-0020.jpg,Keloid scar,Keloid scar,PENDING,,,,,
Keloid scar/keloid-scar-0021.jpg,Keloid scar,Keloid scar,PENDING,,,,,
Keloid scar/keloid-scar-0022.jpg,Keloid scar,Keloid scar,PENDING,,,,,
Keloid scar/keloid-scar-0023.jpg,Keloid scar,Keloid scar,PENDING,,,,,
Keloid scar/keloid-scar-0025.jpg,Keloid scar,Keloid scar,PENDING,,,,,
Keloid scar/keloid-scar-0026.jpg,Keloid scar,Keloid scar,PENDING,,,,,
Keloid scar/keloid-scar-0027.jpg,Keloid scar,Keloid scar,PENDING,,,,,
Keloid scar/keloid-scar-0028.jpg,Keloid scar,Keloid scar,PENDING,,,,,
Keloid scar/keloid-scar-0029.jpg,Keloid scar,Keloid scar,PENDING,,,,,
Keloid scar/keloid-scar-0030.jpg,Keloid scar,Keloid scar,PENDING,,,,,
Keloid scar/keloid-scar-0031.jpg,Keloid scar,Keloid scar,PENDING,,,,,
Keloid scar/keloid-scar-0032.jpg,Keloid scar,Keloid scar,PENDING,,,,,
Keloid scar/keloid-scar-0033.jpg,Keloid scar,Keloid scar,PENDING,,,,,
Keloid scar/keloid-scar-0034.jpg,Keloid scar,Keloid scar,PENDING,,,,,
Keloid scar/keloid-scar-0035.jpg,Keloid scar,Keloid scar,PENDING,,,,,
Keloid scar/keloid-scar-0036.jpg,Keloid scar,Keloid scar,PENDING,,,,,
Keloid scar/keloid-scar-0037.jpg,Keloid scar,Keloid scar,PENDING,,,,,
Keloid scar/keloid-scar-0038.jpg,Keloid scar,Keloid scar,PENDING,,,,,
Keloid scar/keloid-scar-0039.jpg,Keloid scar,Keloid scar,PENDING,,,,,
Keloid scar/keloid-scar-0040.jpg,Keloid scar,Keloid scar,PENDING,,,,,
Keloid scar/keloid-scar-0042.jpg,Keloid scar,Keloid scar,PENDING,,,,,
Keloid scar/keloid-scar-0048.jpg,Keloid scar,Keloid scar,PENDING,,,,,
Keloid scar/keloid-scar-0049.jpg,Keloid scar,Keloid scar,PENDING,,,,,
Keloid scar/keloid-scar-0050.jpg,Keloid scar,Keloid scar,PENDING,,,,,
Keloid scar/keloid-skin-type-VI.jpg,Keloid scar,Keloid scar,PENDING,,,,,
Keloid scar/keloid.jpg,Keloid scar,Keloid scar,PENDING,,,,,
Keloid scar/keloid01.jpg,Keloid scar,Keloid scar,PENDING,,,,,
Keloid scar/keloid02.jpg,Keloid scar,Keloid scar,PENDING,,,,,
Keloid scar/keloid03.jpg,Keloid scar,Keloid scar,PENDING,,,,,
Keloid scar/keloid04.jpg,Keloid scar,Keloid scar,PENDING,,,,,
Keloid scar/keloid05.jpg,Keloid scar,Keloid scar,PENDING,,,,,
Keloid scar/keloid06.jpg,Keloid scar,Keloid scar,PENDING,,,,,
Keloid scar/keloid07.jpg,Keloid scar,Keloid scar,PENDING,,,,,
Keloid scar/keloid08.jpg,Keloid scar,Keloid scar,PENDING,,,,,
Keloid scar/keloid09.jpg,Keloid scar,Keloid scar,PENDING,,,,,
Keloid scar/keloid10.jpg,Keloid scar,Keloid scar,PENDING,,,,,
Keloid scar/keloid11.jpg,Keloid scar,Keloid scar,PENDING,,,,,
Keloid scar/keloid12.jpg,Keloid scar,Keloid scar,PENDING,,,,,
Keloid scar/keloid13.jpg,Keloid scar,Keloid scar,PENDING,,,,,
Keloid scar/keloid14.jpg,Keloid scar,Keloid scar,PENDING,,,,,
Keloid scar/keloid15.jpg,Keloid scar,Keloid scar,PENDING,,,,,
Keloid scar/keloid16.jpg,Keloid scar,Keloid scar,PENDING,,,,,
Keloid scar/keloid17.jpg,Keloid scar,Keloid scar,PENDING,,,,,
Keloid scar/keloid18.jpg,Keloid scar,Keloid scar,PENDING,,,,,
Keloid scar/keloid19.jpg,Keloid scar,Keloid scar,PENDING,,,,,
Keloid scar/keloid20.jpg,Keloid scar,Keloid scar,PENDING,,,,,
Keloid scar/keloid22.jpg,Keloid scar,Keloid scar,PENDING,,,,,
Keloid scar/keloid23.jpg,Keloid scar,Keloid scar,PENDING,,,,,
Keloid scar/keloid24.jpg,Keloid scar,Keloid scar,PENDING,,,,,
Keloid scar/keloid25.jpg,Keloid scar,Keloid scar,PENDING,,,,,
Keloid scar/piercing-06.jpg,Keloid scar,Keloid scar,PENDING,,,,,
Keloid scar/rubinstein-taybi-syndrome-0001.jpg,Keloid scar,Keloid scar,PENDING,,,,,
Keratoelastoidosis marginalis/keratoelastoidosis-marginalis-02.jpg,Keratoelastoidosis marginalis,Keratoelastoidosis marginalis,PENDING,,,,,
Keratoelastoidosis marginalis/keratoelastoidosis-marginalis-03.jpg,Keratoelastoidosis marginalis,Keratoelastoidosis marginalis,PENDING,,,,,
Keratoelastoidosis marginalis/keratoelastoidosis-marginalis-04.jpg,Keratoelastoidosis marginalis,Keratoelastoidosis marginalis,PENDING,,,,,
Keratolytic winter erythema/keratolytic-winter-erythema-01.jpg,Keratolytic winter erythema,Keratolytic winter erythema,PENDING,,,,,
Keratolytic winter erythema/keratolytic-winter-erythema-02.jpg,Keratolytic winter erythema,Keratolytic winter erythema,PENDING,,,,,
Keratolytic winter erythema/keratolytic-winter-erythema-03.jpg,Keratolytic winter erythema,Keratolytic winter erythema,PENDING,,,,,
Keratolytic winter erythema/keratolytic-winter-erythema-04.jpg,Keratolytic winter erythema,Keratolytic winter erythema,PENDING,,,,,
Keratolytic winter erythema/keratolytic-winter-erythema-05.jpg,Keratolytic winter erythema,Keratolytic winter erythema,PENDING,,,,,
Keratolytic winter erythema/keratolytic-winter-erythema-06.jpg,Keratolytic winter erythema,Keratolytic winter erythema,PENDING,,,,,
Keratolytic winter erythema/keratolytic-winter-erythema-07.jpg,Keratolytic winter erythema,Keratolytic winter erythema,PENDING,,,,,
Keratolytic winter erythema/keratolytic-winter-erythema-08.jpg,Keratolytic winter erythema,Keratolytic winter erythema,PENDING,,,,,
Keratolytic winter erythema/keratolytic-winter-erythema-09.jpg,Keratolytic winter erythema,Keratolytic winter erythema,PENDING,,,,,
Keratolytic winter erythema/keratolytic-winter-erythema-10.jpg,Keratolytic winter erythema,Keratolytic winter erythema,PENDING,,,,,
Keratolytic winter erythema/keratolytic-winter-erythema-11.jpg,Keratolytic winter erythema,Keratolytic winter erythema,PENDING,,,,,
Keratolytic winter erythema/keratolytic-winter-erythema-12.jpg,Keratolytic winter erythema,Keratolytic winter erythema,PENDING,,,,,
Keratolytic winter erythema/keratolytic-winter-erythema-13.jpg,Keratolytic winter erythema,Keratolytic winter erythema,PENDING,,,,,
Keratolytic winter erythema/keratolytic-winter-erythema-14.jpg,Keratolytic winter erythema,Keratolytic winter erythema,PENDING,,,,,
Keratolytic winter erythema/keratolytic-winter-erythema-15.jpg,Keratolytic winter erythema,Keratolytic winter erythema,PENDING,,,,,
Keratolytic winter erythema/keratolytic-winter-erythema-16.jpg,Keratolytic winter erythema,Keratolytic winter erythema,PENDING,,,,,
Keratolytic winter erythema/keratolytic-winter-erythema-17.jpg,Keratolytic winter erythema,Keratolytic winter erythema,PENDING,,,,,
Keratolytic winter erythema/keratolytic-winter-erythema-18.jpg,Keratolytic winter erythema,Keratolytic winter erythema,PENDING,,,,,
Keratolytic winter erythema/keratolytic-winter-erythema-19.jpg,Keratolytic winter erythema,Keratolytic winter erythema,PENDING,,,,,
Keratolytic winter erythema/keratolytic-winter-erythema-20.jpg,Keratolytic winter erythema,Keratolytic winter erythema,PENDING,,,,,
Keratolytic winter erythema/keratolytic-winter-erythema-21.jpg,Keratolytic winter erythema,Keratolytic winter erythema,PENDING,,,,,
Keratolytic winter erythema/keratolytic-winter-erythema-22.jpg,Keratolytic winter erythema,Keratolytic winter erythema,PENDING,,,,,
Keratolytic winter erythema/keratolytic-winter-erythema-23.jpg,Keratolytic winter erythema,Keratolytic winter erythema,PENDING,,,,,
Keratolytic winter erythema/keratolytic-winter-erythema-24.jpg,Keratolytic winter erythema,Keratolytic winter erythema,PENDING,,,,,
Keratolytic winter erythema/keratolytic-winter-erythema-25.jpg,Keratolytic winter erythema,Keratolytic winter erythema,PENDING,,,,,
Keratolytic winter erythema/keratolytic-winter-erythema-26.jpg,Keratolytic winter erythema,Keratolytic winter erythema,PENDING,,,,,
Keratosis pilaris/3013.jpg,Keratosis pilaris,Keratosis pilaris,PENDING,,,,,
Keratosis pilaris/3014.jpg,Keratosis pilaris,Keratosis pilaris,PENDING,,,,,
Keratosis pilaris/3015.jpg,Keratosis pilaris,Keratosis pilaris,PENDING,,,,,
Keratosis pilaris/3016.jpg,Keratosis pilaris,Keratosis pilaris,PENDING,,,,,
Keratosis pilaris/3017.jpg,Keratosis pilaris,Keratosis pilaris,PENDING,,,,,
Keratosis pilaris/3018.jpg,Keratosis pilaris,Keratosis pilaris,PENDING,,,,,
Keratosis pilaris/3019.jpg,Keratosis pilaris,Keratosis pilaris,PENDING,,,,,
Keratosis pilaris/3020.jpg,Keratosis pilaris,Keratosis pilaris,PENDING,,,,,
Keratosis pilaris/3021.jpg,Keratosis pilaris,Keratosis pilaris,PENDING,,,,,
Keratosis pilaris/3022.jpg,Keratosis pilaris,Keratosis pilaris,PENDING,,,,,
Keratosis pilaris/3024.jpg,Keratosis pilaris,Keratosis pilaris,PENDING,,,,,
Keratosis pilaris/3026.jpg,Keratosis pilaris,Keratosis pilaris,PENDING,,,,,
Keratosis pilaris/3027.jpg,Keratosis pilaris,Keratosis pilaris,PENDING,,,,,
Keratosis pilaris/3028.jpg,Keratosis pilaris,Keratosis pilaris,PENDING,,,,,
Keratosis pilaris/3029.jpg,Keratosis pilaris,Keratosis pilaris,PENDING,,,,,
Keratosis pilaris/3030.jpg,Keratosis pilaris,Keratosis pilaris,PENDING,,,,,
Keratosis pilaris/3031.jpg,Keratosis pilaris,Keratosis pilaris,PENDING,,,,,
Keratosis pilaris/3032.jpg,Keratosis pilaris,Keratosis pilaris,PENDING,,,,,
Keratosis pilaris/3033.jpg,Keratosis pilaris,Keratosis pilaris,PENDING,,,,,
Keratosis pilaris/3034.jpg,Keratosis pilaris,Keratosis pilaris,PENDING,,,,,
Keratosis pilaris/cutaneous-adverse-drug-reaction-0035.jpg,Keratosis pilaris,Keratosis pilaris,PENDING,,,,,
Keratosis pilaris/down-syndrome-03.jpg,Keratosis pilaris,Keratosis pilaris,PENDING,,,,,
Keratosis pilaris/kerapil1.jpg,Keratosis pilaris,Keratosis pilaris,PENDING,,,,,
Keratosis pilaris/kerapil2.jpg,Keratosis pilaris,Keratosis pilaris,PENDING,,,,,
Keratosis pilaris/kerapil3.jpg,Keratosis pilaris,Keratosis pilaris,PENDING,,,,,
Keratosis pilaris/keratosis-pilaris-0001.jpg,Keratosis pilaris,Keratosis pilaris,PENDING,,,,,
Keratosis pilaris/keratosis-pilaris-0002.jpg,Keratosis pilaris,Keratosis pilaris,PENDING,,,,,
Keratosis pilaris/keratosis-pilaris-0003.jpg,Keratosis pilaris,Keratosis pilaris,PENDING,,,,,
Keratosis pilaris/keratosis-pilaris-0004.jpg,Keratosis pilaris,Keratosis pilaris,PENDING,,,,,
Keratosis pilaris/keratosis-pilaris-0005.jpg,Keratosis pilaris,Keratosis pilaris,PENDING,,,,,
Keratosis pilaris/keratosis-pilaris-018-v2.jpg,Keratosis pilaris,Keratosis pilaris,PENDING,,,,,
Keratosis pilaris/keratosis-pilaris-1.jpg,Keratosis pilaris,Keratosis pilaris,PENDING,,,,,
Keratosis pilaris/keratosis-pilaris-2.jpg,Keratosis pilaris,Keratosis pilaris,PENDING,,,,,
Keratosis pilaris/keratosis-pilaris-3.jpg,Keratosis pilaris,Keratosis pilaris,PENDING,,,,,
Keratosis pilaris/keratosis-pilaris-faciei-06-v2.jpg,Keratosis pilaris,Keratosis pilaris,PENDING,,,,,
Keratosis pilaris/keratosis-pilaris-faciei-07-v2.jpg,Keratosis pilaris,Keratosis pilaris,PENDING,,,,,
Keratosis pilaris/keratosis-pilaris-faciei-08-v2.jpg,Keratosis pilaris,Keratosis pilaris,PENDING,,,,,
Keratosis pilaris/keratosis-pilaris-faciei-09-v2.jpg,Keratosis pilaris,Keratosis pilaris,PENDING,,,,,
Keratosis pilaris/keratosis-pilaris-faciei-10-v2.jpg,Keratosis pilaris,Keratosis pilaris,PENDING,,,,,
Keratosis pilaris/kp1-2.jpg,Keratosis pilaris,Keratosis pilaris,PENDING,,,,,
Keratosis pilaris/kp1.jpg,Keratosis pilaris,Keratosis pilaris,PENDING,,,,,
Keratosis pilaris/kp2.jpg,Keratosis pilaris,Keratosis pilaris,PENDING,,,,,
Keratosis pilaris/kp3.jpg,Keratosis pilaris,Keratosis pilaris,PENDING,,,,,
Kerion/anagen-effluvium-14.jpg,Kerion,Kerion,PENDING,,,,,
Kerion/anagen-effluvium-15.jpg,Kerion,Kerion,PENDING,,,,,
Kerion/anagen-effluvium-16.jpg,Kerion,Kerion,PENDING,,,,,
Kerion/eyelid-40.jpg,Kerion,Kerion,PENDING,,,,,
Kerion/kerion-01.jpg,Kerion,Kerion,PENDING,,,,,
Kerion/kerion01.jpg,Kerion,Kerion,PENDING,,,,,
Kerion/kerion02.jpg,Kerion,Kerion,PENDING,,,,,
Kerion/kerion03.jpg,Kerion,Kerion,PENDING,,,,,
Kerion/kerion04.jpg,Kerion,Kerion,PENDING,,,,,
Kerion/kerion05.jpg,Kerion,Kerion,PENDING,,,,,
Kerion/kerion06.jpg,Kerion,Kerion,PENDING,,,,,
Kerion/kerion07.jpg,Kerion,Kerion,PENDING,,,,,
Kerion/kerion09.jpg,Kerion,Kerion,PENDING,,,,,
Kerion/kerion10.jpg,Kerion,Kerion,PENDING,,,,,
Kerion/kerion11.jpg,Kerion,Kerion,PENDING,,,,,
Kerion/kerion12.jpg,Kerion,Kerion,PENDING,,,,,
Kerion/kerion13.jpg,Kerion,Kerion,PENDING,,,,,
Kerion/tfker.jpg,Kerion,Kerion,PENDING,,,,,
Kerion/trichophyton-mentagrophytes-genotype-VII-0001.jpg,Kerion,Kerion,PENDING,,,,,
Kyrle disease/kyrle-disease-0001.jpg,Kyrle disease,Kyrle disease,PENDING,,,,,
Kyrle disease/kyrle-disease-0002.jpg,Kyrle disease,Kyrle disease,PENDING,,,,,
Kyrle disease/kyrle-disease-0003.jpg,Kyrle disease,Kyrle disease,PENDING,,,,,
Kyrle disease/kyrle-disease-0004.jpg,Kyrle disease,Kyrle disease,PENDING,,,,,
Kyrle disease/kyrle-disease-0005.jpg,Kyrle disease,Kyrle disease,PENDING,,,,,
Kyrle disease/kyrle.jpg,Kyrle disease,Kyrle disease,PENDING,,,,,
Kyrle disease/kyrle2.jpg,Kyrle disease,Kyrle disease,PENDING,,,,,
Kyrle disease/kyrle3.jpg,Kyrle disease,Kyrle disease,PENDING,,,,,
Leg ulcer/3035.jpg,Leg ulcer,Leg ulcer,PENDING,,,,,
Leg ulcer/3036.jpg,Leg ulcer,Leg ulcer,PENDING,,,,,
Leg ulcer/3037.jpg,Leg ulcer,Leg ulcer,PENDING,,,,,
Leg ulcer/3038.jpg,Leg ulcer,Leg ulcer,PENDING,,,,,
Leg ulcer/3039.jpg,Leg ulcer,Leg ulcer,PENDING,,,,,
Leg ulcer/3040.jpg,Leg ulcer,Leg ulcer,PENDING,,,,,
Leg ulcer/3041.jpg,Leg ulcer,Leg ulcer,PENDING,,,,,
Leg ulcer/3042.jpg,Leg ulcer,Leg ulcer,PENDING,,,,,
Leg ulcer/3043.jpg,Leg ulcer,Leg ulcer,PENDING,,,,,
Leg ulcer/3044.jpg,Leg ulcer,Leg ulcer,PENDING,,,,,
Leg ulcer/3045.jpg,Leg ulcer,Leg ulcer,PENDING,,,,,
Leg ulcer/3046.jpg,Leg ulcer,Leg ulcer,PENDING,,,,,
Leg ulcer/3047.jpg,Leg ulcer,Leg ulcer,PENDING,,,,,
Leg ulcer/3048.jpg,Leg ulcer,Leg ulcer,PENDING,,,,,
Leg ulcer/3049.jpg,Leg ulcer,Leg ulcer,PENDING,,,,,
Leg ulcer/3050.jpg,Leg ulcer,Leg ulcer,PENDING,,,,,
Leg ulcer/3051.jpg,Leg ulcer,Leg ulcer,PENDING,,,,,
Leg ulcer/3052.jpg,Leg ulcer,Leg ulcer,PENDING,,,,,
Leg ulcer/3053.jpg,Leg ulcer,Leg ulcer,PENDING,,,,,
Leg ulcer/3054.jpg,Leg ulcer,Leg ulcer,PENDING,,,,,
Leg ulcer/3055.jpg,Leg ulcer,Leg ulcer,PENDING,,,,,
Leg ulcer/3056.jpg,Leg ulcer,Leg ulcer,PENDING,,,,,
Leg ulcer/3057.jpg,Leg ulcer,Leg ulcer,PENDING,,,,,
Leg ulcer/3058.jpg,Leg ulcer,Leg ulcer,PENDING,,,,,
Leg ulcer/3059.jpg,Leg ulcer,Leg ulcer,PENDING,,,,,
Leg ulcer/3060.jpg,Leg ulcer,Leg ulcer,PENDING,,,,,
Leg ulcer/3061.jpg,Leg ulcer,Leg ulcer,PENDING,,,,,
Leg ulcer/3062.jpg,Leg ulcer,Leg ulcer,PENDING,,,,,
Leg ulcer/atrophie-blanche-0008.jpg,Leg ulcer,Leg ulcer,PENDING,,,,,
Leg ulcer/hydroxyurea-ulcer1.jpg,Leg ulcer,Leg ulcer,PENDING,,,,,
Leg ulcer/hydroxyurea-ulcer2.jpg,Leg ulcer,Leg ulcer,PENDING,,,,,
Leg ulcer/ulcer-02.jpg,Leg ulcer,Leg ulcer,PENDING,,,,,
Leg ulcer/ulcer-diab.jpg,Leg ulcer,Leg ulcer,PENDING,,,,,
Leg ulcer/ulcer-neurop.jpg,Leg ulcer,Leg ulcer,PENDING,,,,,
Leg ulcer/ulcer-ven1.jpg,Leg ulcer,Leg ulcer,PENDING,,,,,
Leg ulcer/ulcer-ven2-2.jpg,Leg ulcer,Leg ulcer,PENDING,,,,,
Leg ulcer/ulcer-ven2.jpg,Leg ulcer,Leg ulcer,PENDING,,,,,
Leg ulcer/ulcer-ven5.jpg,Leg ulcer,Leg ulcer,PENDING,,,,,
Leg ulcer/ulcer.jpg,Leg ulcer,Leg ulcer,PENDING,,,,,
Leg ulcer/venous-insufficiency-00006.jpg,Leg ulcer,Leg ulcer,PENDING,,,,,
Leg ulcer/venous-ulcer-03.jpg,Leg ulcer,Leg ulcer,PENDING,,,,,
Leg ulcer/xylazine-induced-skin-ulceration-0002.jpg,Leg ulcer,Leg ulcer,PENDING,,,,,
Leishmaniasis/cutaneous-leishmaniasis-01-v2.jpg,Leishmaniasis,Leishmaniasis,PENDING,,,,,
Leishmaniasis/cutaneous-leishmaniasis-02-v2.jpg,Leishmaniasis,Leishmaniasis,PENDING,,,,,
Leishmaniasis/cutaneous-leishmaniasis-04-v2.jpg,Leishmaniasis,Leishmaniasis,PENDING,,,,,
Leishmaniasis/cutaneous-leishmaniasis-05-v2.jpg,Leishmaniasis,Leishmaniasis,PENDING,,,,,
Leishmaniasis/cutaneous-leishmaniasis-06-v2.jpg,Leishmaniasis,Leishmaniasis,PENDING,,,,,
Leishmaniasis/cutaneous-leishmaniasis-07-v3.jpg,Leishmaniasis,Leishmaniasis,PENDING,,,,,
Leishmaniasis/cutaneous-leishmaniasis-08-v3.jpg,Leishmaniasis,Leishmaniasis,PENDING,,,,,
Leishmaniasis/cutaneous-leishmaniasis-09-v2.jpg,Leishmaniasis,Leishmaniasis,PENDING,,,,,
Leishmaniasis/cutaneous-leishmaniasis-10-v2.jpg,Leishmaniasis,Leishmaniasis,PENDING,,,,,
Leishmaniasis/cutaneous-leishmaniasis-11-v2.jpg,Leishmaniasis,Leishmaniasis,PENDING,,,,,
Leishmaniasis/cutaneous-leishmaniasis-12-v2.jpg,Leishmaniasis,Leishmaniasis,PENDING,,,,,
Leishmaniasis/cutaneous-leishmaniasis-12.jpg,Leishmaniasis,Leishmaniasis,PENDING,,,,,
Leishmaniasis/cutaneous-leishmaniasis-13-v2.jpg,Leishmaniasis,Leishmaniasis,PENDING,,,,,
Leishmaniasis/cutaneous-leishmaniasis-14-v2.jpg,Leishmaniasis,Leishmaniasis,PENDING,,,,,
Leishmaniasis/cutaneous-leishmaniasis-15-v2.jpg,Leishmaniasis,Leishmaniasis,PENDING,,,,,
Leishmaniasis/cutaneous-leishmaniasis-16-v2.jpg,Leishmaniasis,Leishmaniasis,PENDING,,,,,
Leishmaniasis/cutaneous-leishmaniasis-17-v2.jpg,Leishmaniasis,Leishmaniasis,PENDING,,,,,
Leishmaniasis/cutaneous-leishmaniasis-18-v2.jpg,Leishmaniasis,Leishmaniasis,PENDING,,,,,
Leishmaniasis/cutaneous-leishmaniasis-19-v3.jpg,Leishmaniasis,Leishmaniasis,PENDING,,,,,
Leishmaniasis/cutaneous-leishmaniasis-20-v2.jpg,Leishmaniasis,Leishmaniasis,PENDING,,,,,
Leishmaniasis/cutaneous-leishmaniasis-21-v2.jpg,Leishmaniasis,Leishmaniasis,PENDING,,,,,
Leishmaniasis/cutaneous-leishmaniasis-22-v2.jpg,Leishmaniasis,Leishmaniasis,PENDING,,,,,
Leishmaniasis/cutaneous-leishmaniasis-23-v2.jpg,Leishmaniasis,Leishmaniasis,PENDING,,,,,
Leishmaniasis/cutaneous-leishmaniasis-24-v2.jpg,Leishmaniasis,Leishmaniasis,PENDING,,,,,
Leishmaniasis/leishmaniasis1.jpg,Leishmaniasis,Leishmaniasis,PENDING,,,,,
Leishmaniasis/leishmaniasis2.jpg,Leishmaniasis,Leishmaniasis,PENDING,,,,,
Leishmaniasis/leishmaniasis4.jpg,Leishmaniasis,Leishmaniasis,PENDING,,,,,
Leishmaniasis/leishmaniasis5.jpg,Leishmaniasis,Leishmaniasis,PENDING,,,,,
Leishmaniasis/leishmaniasis6.jpg,Leishmaniasis,Leishmaniasis,PENDING,,,,,
Leishmaniasis/leishmaniasis7.jpg,Leishmaniasis,Leishmaniasis,PENDING,,,,,
Leishmaniasis/leishmaniasis8.jpg,Leishmaniasis,Leishmaniasis,PENDING,,,,,
Leishmaniasis/leishmaniasis9.jpg,Leishmaniasis,Leishmaniasis,PENDING,,,,,
Leprosy/lepra-type-1.jpg,Leprosy,Leprosy,PENDING,,,,,
Leprosy/leprosy-borderline-borderline-00001.jpg,Leprosy,Leprosy,PENDING,,,,,
Leprosy/leprosy-borderline-lepromatous-00001.jpg,Leprosy,Leprosy,PENDING,,,,,
Leprosy/leprosy-borderline-tuberculoid-00001.jpg,Leprosy,Leprosy,PENDING,,,,,
Leprosy/leprosy-borderline-tuberculoid-00002.jpg,Leprosy,Leprosy,PENDING,,,,,
Leprosy/leprosy-lepromatous-00003.jpg,Leprosy,Leprosy,PENDING,,,,,
Leprosy/leprosy-pure-neural-00003.jpg,Leprosy,Leprosy,PENDING,,,,,
Leprosy/leprosy1.jpg,Leprosy,Leprosy,PENDING,,,,,
Leprosy/leprosy2.jpg,Leprosy,Leprosy,PENDING,,,,,
Leprosy/leprosy3-2.jpg,Leprosy,Leprosy,PENDING,,,,,
Leprosy/leprosy3.jpg,Leprosy,Leprosy,PENDING,,,,,
Leprosy/leprosy4-2.jpg,Leprosy,Leprosy,PENDING,,,,,
Leprosy/leprosy4.jpg,Leprosy,Leprosy,PENDING,,,,,
Leprosy/leprosy5-2.jpg,Leprosy,Leprosy,PENDING,,,,,
Leprosy/leprosy5.jpg,Leprosy,Leprosy,PENDING,,,,,
Leprosy/leprosy6.jpg,Leprosy,Leprosy,PENDING,,,,,
Leprosy/lucio-04.jpg,Leprosy,Leprosy,PENDING,,,,,
Leprosy/lucio-05.jpg,Leprosy,Leprosy,PENDING,,,,,
Leprosy/lucio-06.jpg,Leprosy,Leprosy,PENDING,,,,,
Leprosy/ulcer-02.jpg,Leprosy,Leprosy,PENDING,,,,,
Leukaemia cutis/leukaemia-cutis1.jpg,Leukaemia cutis,Leukaemia cutis,PENDING,,,,,
Leukaemia cutis/leukaemia-cutis2.jpg,Leukaemia cutis,Leukaemia cutis,PENDING,,,,,
Leukaemia cutis/leukaemia-cutis3.jpg,Leukaemia cutis,Leukaemia cutis,PENDING,,,,,
Leukaemia cutis/leukaemia-cutis4.jpg,Leukaemia cutis,Leukaemia cutis,PENDING,,,,,
Leukaemia cutis/leukaemia-cutis5.jpg,Leukaemia cutis,Leukaemia cutis,PENDING,,,,,
Leukaemia cutis/leukaemia-cutis6.jpg,Leukaemia cutis,Leukaemia cutis,PENDING,,,,,
Lichen myxoedematosus/scleromyxoedema1.jpg,Lichen myxoedematosus,Lichen myxoedematosus,PENDING,,,,,
Lichen myxoedematosus/scleromyxoedema2.jpg,Lichen myxoedematosus,Lichen myxoedematosus,PENDING,,,,,
Lichen myxoedematosus/scleromyxoedema3.jpg,Lichen myxoedematosus,Lichen myxoedematosus,PENDING,,,,,
Lichen myxoedematosus/scleromyxoedema4.jpg,Lichen myxoedematosus,Lichen myxoedematosus,PENDING,,,,,
Lichen myxoedematosus/scleromyxoedema5.jpg,Lichen myxoedematosus,Lichen myxoedematosus,PENDING,,,,,
Lichen myxoedematosus/scleromyxoedema6.jpg,Lichen myxoedematosus,Lichen myxoedematosus,PENDING,,,,,
Lichen nitidus/lichen-nitidus1.jpg,Lichen nitidus,Lichen nitidus,PENDING,,,,,
Lichen nitidus/lichen-nitidus2.jpg,Lichen nitidus,Lichen nitidus,PENDING,,,,,
Lichen nitidus/lichennitid4.jpg,Lichen nitidus,Lichen nitidus,PENDING,,,,,
Lichen planus/2380-s2.jpg,Lichen planus,Lichen planus,PENDING,,,,,
Lichen planus/2381-s2.jpg,Lichen planus,Lichen planus,PENDING,,,,,
Lichen planus/2382-s2.jpg,Lichen planus,Lichen planus,PENDING,,,,,
Lichen planus/2383-s2.jpg,Lichen planus,Lichen planus,PENDING,,,,,
Lichen planus/2384-s2.jpg,Lichen planus,Lichen planus,PENDING,,,,,
Lichen planus/2384-small.jpg,Lichen planus,Lichen planus,PENDING,,,,,
Lichen planus/2385-small.jpg,Lichen planus,Lichen planus,PENDING,,,,,
Lichen planus/2386-s2.jpg,Lichen planus,Lichen planus,PENDING,,,,,
Lichen planus/2387-small.jpg,Lichen planus,Lichen planus,PENDING,,,,,
Lichen planus/2388-s2.jpg,Lichen planus,Lichen planus,PENDING,,,,,
Lichen planus/2390-s2.jpg,Lichen planus,Lichen planus,PENDING,,,,,
Lichen planus/2392-s2.jpg,Lichen planus,Lichen planus,PENDING,,,,,
Lichen planus/2393-s2.jpg,Lichen planus,Lichen planus,PENDING,,,,,
Lichen planus/2394-s2.jpg,Lichen planus,Lichen planus,PENDING,,,,,
Lichen planus/2395-s2.jpg,Lichen planus,Lichen planus,PENDING,,,,,
Lichen planus/3063.jpg,Lichen planus,Lichen planus,PENDING,,,,,
Lichen planus/3064.jpg,Lichen planus,Lichen planus,PENDING,,,,,
Lichen planus/3065.jpg,Lichen planus,Lichen planus,PENDING,,,,,
Lichen planus/3066.jpg,Lichen planus,Lichen planus,PENDING,,,,,
Lichen planus/3067.jpg,Lichen planus,Lichen planus,PENDING,,,,,
Lichen planus/3068.jpg,Lichen planus,Lichen planus,PENDING,,,,,
Lichen planus/3070.jpg,Lichen planus,Lichen planus,PENDING,,,,,
Lichen planus/3071.jpg,Lichen planus,Lichen planus,PENDING,,,,,
Lichen planus/3072.jpg,Lichen planus,Lichen planus,PENDING,,,,,
Lichen planus/3073.jpg,Lichen planus,Lichen planus,PENDING,,,,,
Lichen planus/3074.jpg,Lichen planus,Lichen planus,PENDING,,,,,
Lichen planus/3075.jpg,Lichen planus,Lichen planus,PENDING,,,,,
Lichen planus/3078.jpg,Lichen planus,Lichen planus,PENDING,,,,,
Lichen planus/3079.jpg,Lichen planus,Lichen planus,PENDING,,,,,
Lichen planus/3080.jpg,Lichen planus,Lichen planus,PENDING,,,,,
Lichen planus/3081.jpg,Lichen planus,Lichen planus,PENDING,,,,,
Lichen planus/3082.jpg,Lichen planus,Lichen planus,PENDING,,,,,
Lichen planus/3083.jpg,Lichen planus,Lichen planus,PENDING,,,,,
Lichen planus/3084.jpg,Lichen planus,Lichen planus,PENDING,,,,,
Lichen planus/3085.jpg,Lichen planus,Lichen planus,PENDING,,,,,
Lichen planus/3086.jpg,Lichen planus,Lichen planus,PENDING,,,,,
Lichen planus/3087.jpg,Lichen planus,Lichen planus,PENDING,,,,,
Lichen planus/3088.jpg,Lichen planus,Lichen planus,PENDING,,,,,
Lichen planus/3089.jpg,Lichen planus,Lichen planus,PENDING,,,,,
Lichen planus/3090.jpg,Lichen planus,Lichen planus,PENDING,,,,,
Lichen planus/3091.jpg,Lichen planus,Lichen planus,PENDING,,,,,
Lichen planus/3092.jpg,Lichen planus,Lichen planus,PENDING,,,,,
Lichen planus/3093.jpg,Lichen planus,Lichen planus,PENDING,,,,,
Lichen planus/3094.jpg,Lichen planus,Lichen planus,PENDING,,,,,
Lichen planus/3095.jpg,Lichen planus,Lichen planus,PENDING,,,,,
Lichen planus/3096.jpg,Lichen planus,Lichen planus,PENDING,,,,,
Lichen planus/3097.jpg,Lichen planus,Lichen planus,PENDING,,,,,
Lichen planus/3098.jpg,Lichen planus,Lichen planus,PENDING,,,,,
Lichen planus/3099.jpg,Lichen planus,Lichen planus,PENDING,,,,,
Lichen planus/3100.jpg,Lichen planus,Lichen planus,PENDING,,,,,
Lichen planus/3101.jpg,Lichen planus,Lichen planus,PENDING,,,,,
Lichen planus/3102.jpg,Lichen planus,Lichen planus,PENDING,,,,,
Lichen planus/3103.jpg,Lichen planus,Lichen planus,PENDING,,,,,
Lichen planus/3104.jpg,Lichen planus,Lichen planus,PENDING,,,,,
Lichen planus/3105.jpg,Lichen planus,Lichen planus,PENDING,,,,,
Lichen planus/3106.jpg,Lichen planus,Lichen planus,PENDING,,,,,
Lichen planus/3107.jpg,Lichen planus,Lichen planus,PENDING,,,,,
Lichen planus/3108.jpg,Lichen planus,Lichen planus,PENDING,,,,,
Lichen planus/3109.jpg,Lichen planus,Lichen planus,PENDING,,,,,
Lichen planus/3110.jpg,Lichen planus,Lichen planus,PENDING,,,,,
Lichen planus/3111.jpg,Lichen planus,Lichen planus,PENDING,,,,,
Lichen planus/3112.jpg,Lichen planus,Lichen planus,PENDING,,,,,
Lichen planus/3113.jpg,Lichen planus,Lichen planus,PENDING,,,,,
Lichen planus/3114.jpg,Lichen planus,Lichen planus,PENDING,,,,,
Lichen planus/annular-lichen-planus-0001.jpg,Lichen planus,Lichen planus,PENDING,,,,,
Lichen planus/annular-lichen-planus-0002.jpg,Lichen planus,Lichen planus,PENDING,,,,,
Lichen planus/annular-lichen-planus-0004.jpg,Lichen planus,Lichen planus,PENDING,,,,,
Lichen planus/annular-lichen-planus-0005.jpg,Lichen planus,Lichen planus,PENDING,,,,,
Lichen planus/annular-lichen-planus-0006.jpg,Lichen planus,Lichen planus,PENDING,,,,,
Lichen planus/annular-lichen-planus-0007.jpg,Lichen planus,Lichen planus,PENDING,,,,,
Lichen planus/blaschko2.jpg,Lichen planus,Lichen planus,PENDING,,,,,
Lichen planus/elp1.jpg,Lichen planus,Lichen planus,PENDING,,,,,
Lichen planus/elp2.jpg,Lichen planus,Lichen planus,PENDING,,,,,
Lichen planus/elp3.jpg,Lichen planus,Lichen planus,PENDING,,,,,
Lichen planus/elp4.jpg,Lichen planus,Lichen planus,PENDING,,,,,
Lichen planus/follicular-lichen-planus-0001.jpg,Lichen planus,Lichen planus,PENDING,,,,,
Lichen planus/genital-lichen-planus-0001.jpg,Lichen planus,Lichen planus,PENDING,,,,,
Lichen planus/hypertrophic-lichen-planus-0001.jpg,Lichen planus,Lichen planus,PENDING,,,,,
Lichen planus/hypertrophic-lichen-planus-0002.jpg,Lichen planus,Lichen planus,PENDING,,,,,
Lichen planus/hypertrophic-lichen-planus-0003.jpg,Lichen planus,Lichen planus,PENDING,,,,,
Lichen planus/hypertrophic-lichen-planus-0004.jpg,Lichen planus,Lichen planus,PENDING,,,,,
Lichen planus/koebner-3.jpg,Lichen planus,Lichen planus,PENDING,,,,,
Lichen planus/koebner-4.jpg,Lichen planus,Lichen planus,PENDING,,,,,
Lichen planus/koebner-5.jpg,Lichen planus,Lichen planus,PENDING,,,,,
Lichen planus/lichen-planus-matrix-2.jpg,Lichen planus,Lichen planus,PENDING,,,,,
Lichen planus/lichen-planus-matrix.jpg,Lichen planus,Lichen planus,PENDING,,,,,
Lichen planus/lichen-planus-nail-001.jpg,Lichen planus,Lichen planus,PENDING,,,,,
Lichen planus/lichen-planus-nail-002.jpg,Lichen planus,Lichen planus,PENDING,,,,,
Lichen planus/lichen-planus-nail-003.jpg,Lichen planus,Lichen planus,PENDING,,,,,
Lichen planus/lichen-planus-nail-004.jpg,Lichen planus,Lichen planus,PENDING,,,,,
Lichen planus/lichen-planus-nail-006.jpg,Lichen planus,Lichen planus,PENDING,,,,,
Lichen planus/lichen-planus-nail-007.jpg,Lichen planus,Lichen planus,PENDING,,,,,
Lichen planus/lichen-planus-nail-008.jpg,Lichen planus,Lichen planus,PENDING,,,,,
Lichen planus/lichen-planus-nail-009.jpg,Lichen planus,Lichen planus,PENDING,,,,,
Lichen planus/lichen-planus-nail-010.jpg,Lichen planus,Lichen planus,PENDING,,,,,
Lichen planus/lichen-planus-nail-011.jpg,Lichen planus,Lichen planus,PENDING,,,,,
Lichen planus/lichen-planus-nail-013.jpg,Lichen planus,Lichen planus,PENDING,,,,,
Lichen planus/lichen-planus-nail-014.jpg,Lichen planus,Lichen planus,PENDING,,,,,
Lichen planus/lichen-planus-nail-015.jpg,Lichen planus,Lichen planus,PENDING,,,,,
Lichen planus/lichen-planus-nail-016.jpg,Lichen planus,Lichen planus,PENDING,,,,,
Lichen planus/lichen-planus-nail-017.jpg,Lichen planus,Lichen planus,PENDING,,,,,
Lichen planus/lichen-planus-nail-018.jpg,Lichen planus,Lichen planus,PENDING,,,,,
Lichen planus/lichen-planus-nail-019.jpg,Lichen planus,Lichen planus,PENDING,,,,,
Lichen planus/lichen-planus-nail-020.jpg,Lichen planus,Lichen planus,PENDING,,,,,
Lichen planus/lichen-planus-nail-021.jpg,Lichen planus,Lichen planus,PENDING,,,,,
Lichen planus/lichen-planus-nail-022.jpg,Lichen planus,Lichen planus,PENDING,,,,,
Lichen planus/lichen-planus-nail-023.jpg,Lichen planus,Lichen planus,PENDING,,,,,
Lichen planus/lichen-planus-nail-028.jpg,Lichen planus,Lichen planus,PENDING,,,,,
Lichen planus/lichen-planus-nail-029.jpg,Lichen planus,Lichen planus,PENDING,,,,,
Lichen planus/lichen-planus-nail-030.jpg,Lichen planus,Lichen planus,PENDING,,,,,
Lichen planus/lichen-planus-nail-031.jpg,Lichen planus,Lichen planus,PENDING,,,,,
Lichen planus/lichen-planus-nail-032.jpg,Lichen planus,Lichen planus,PENDING,,,,,
Lichen planus/lichen-planus-nail-033.jpg,Lichen planus,Lichen planus,PENDING,,,,,
Lichen planus/lichen-planus-nail-035.jpg,Lichen planus,Lichen planus,PENDING,,,,,
Lichen planus/lichen-planus-nail-036.jpg,Lichen planus,Lichen planus,PENDING,,,,,
Lichen planus/lichen-planus-nail-037.jpg,Lichen planus,Lichen planus,PENDING,,,,,
Lichen planus/lichen-planus-nail-038.jpg,Lichen planus,Lichen planus,PENDING,,,,,
Lichen planus/lichen-planus-nail-039.jpg,Lichen planus,Lichen planus,PENDING,,,,,
Lichen planus/lichen-planus-nail-040.jpg,Lichen planus,Lichen planus,PENDING,,,,,
Lichen planus/lichen-planus-nail-041.jpg,Lichen planus,Lichen planus,PENDING,,,,,
Lichen planus/lichen-planus-nail-042.jpg,Lichen planus,Lichen planus,PENDING,,,,,
Lichen planus/lichen-planus-nail-043.jpg,Lichen planus,Lichen planus,PENDING,,,,,
Lichen planus/lichen-planus-nail-045.jpg,Lichen planus,Lichen planus,PENDING,,,,,
Lichen planus/lichen-planus-nail-046.jpg,Lichen planus,Lichen planus,PENDING,,,,,
Lichen planus/lichen-planus-nail-047.jpg,Lichen planus,Lichen planus,PENDING,,,,,
Lichen planus/lichen-planus-nail-048.jpg,Lichen planus,Lichen planus,PENDING,,,,,
Lichen planus/lichen-planus-nail-049.jpg,Lichen planus,Lichen planus,PENDING,,,,,
Lichen planus/lichen-planus-nail-050.jpg,Lichen planus,Lichen planus,PENDING,,,,,
Lichen planus/lichen-planus-nail-051.jpg,Lichen planus,Lichen planus,PENDING,,,,,
Lichen planus/lichen-planus-nail-052.jpg,Lichen planus,Lichen planus,PENDING,,,,,
Lichen planus/lichen-planus-nail-053.jpg,Lichen planus,Lichen planus,PENDING,,,,,
Lichen planus/lichen-planus-nail-054.jpg,Lichen planus,Lichen planus,PENDING,,,,,
Lichen planus/lichen-planus-nail-056.jpg,Lichen planus,Lichen planus,PENDING,,,,,
Lichen planus/lichen-planus-nail-057.jpg,Lichen planus,Lichen planus,PENDING,,,,,
Lichen planus/lichen-planus-pigmentosus-0001.jpg,Lichen planus,Lichen planus,PENDING,,,,,
Lichen planus/lichen-planus-pigmentosus-0002.jpg,Lichen planus,Lichen planus,PENDING,,,,,
Lichen planus/lichen-planus-pigmentosus-0003.jpg,Lichen planus,Lichen planus,PENDING,,,,,
Lichen planus/lichen-planus0.jpg,Lichen planus,Lichen planus,PENDING,,,,,
Lichen planus/lichenkynnet.jpg,Lichen planus,Lichen planus,PENDING,,,,,
Lichen planus/lichenplanus-nail1.jpg,Lichen planus,Lichen planus,PENDING,,,,,
Lichen planus/lichenplanus-nail2.jpg,Lichen planus,Lichen planus,PENDING,,,,,
Lichen planus/linear-lp.jpg,Lichen planus,Lichen planus,PENDING,,,,,
Lichen planus/lp-pigmentosus2.jpg,Lichen planus,Lichen planus,PENDING,,,,,
Lichen planus/lp10.jpg,Lichen planus,Lichen planus,PENDING,,,,,
Lichen planus/lp13.jpg,Lichen planus,Lichen planus,PENDING,,,,,
Lichen planus/lp6.jpg,Lichen planus,Lichen planus,PENDING,,,,,
Lichen planus/olp1.jpg,Lichen planus,Lichen planus,PENDING,,,,,
Lichen planus/olp2.jpg,Lichen planus,Lichen planus,PENDING,,,,,
Lichen planus/olp3.jpg,Lichen planus,Lichen planus,PENDING,,,,,
Lichen planus/oral-lichen-planus-0002.jpg,Lichen planus,Lichen planus,PENDING,,,,,
Lichen planus/oral-lichen-planus-0003.jpg,Lichen planus,Lichen planus,PENDING,,,,,
Lichen planus/oral-lichen-planus-0004.jpg,Lichen planus,Lichen planus,PENDING,,,,,
Lichen planus/oral-lichen-planus-0005.jpg,Lichen planus,Lichen planus,PENDING,,,,,
Lichen planus/papular-lichen-planus-0001.jpg,Lichen planus,Lichen planus,PENDING,,,,,
Lichen planus/papular-lichen-planus-0002.jpg,Lichen planus,Lichen planus,PENDING,,,,,
Lichen planus/papular-lichen-planus-0003.jpg,Lichen planus,Lichen planus,PENDING,,,,,
Lichen planus/papular-lichen-planus-0004.jpg,Lichen planus,Lichen planus,PENDING,,,,,
Lichen planus/papular-lichen-planus-0005.jpg,Lichen planus,Lichen planus,PENDING,,,,,
Lichen planus/papular-lichen-planus-0006.jpg,Lichen planus,Lichen planus,PENDING,,,,,
Lichen planus/papular-lichen-planus-0007.jpg,Lichen planus,Lichen planus,PENDING,,,,,
Lichen planus/papular-lichen-planus-0008.jpg,Lichen planus,Lichen planus,PENDING,,,,,
Lichen planus/papular-lichen-planus-0009.jpg,Lichen planus,Lichen planus,PENDING,,,,,
Lichen planus/papular-lichen-planus-0010.jpg,Lichen planus,Lichen planus,PENDING,,,,,
Lichen planus/pigmented-cheilitis1.jpg,Lichen planus,Lichen planus,PENDING,,,,,
Lichen planus/superimposed1.jpg,Lichen planus,Lichen planus,PENDING,,,,,
Lichen planus/vesiculobullous-lichen-planus-0001.jpg,Lichen planus,Lichen planus,PENDING,,,,,
Lichen planus/vesiculobullous-lichen-planus-0002.jpg,Lichen planus,Lichen planus,PENDING,,,,,
Lichen planus/vesiculobullous-lichen-planus-0003.jpg,Lichen planus,Lichen planus,PENDING,,,,,
Lichen planus/zosteriform-lichen-planus-0001.jpg,Lichen planus,Lichen planus,PENDING,,,,,
Lichen simplex/3115.jpg,Lichen simplex,Lichen simplex,PENDING,,,,,
Lichen simplex/3116.jpg,Lichen simplex,Lichen simplex,PENDING,,,,,
Lichen simplex/3117.jpg,Lichen simplex,Lichen simplex,PENDING,,,,,
Lichen simplex/3118.jpg,Lichen simplex,Lichen simplex,PENDING,,,,,
Lichen simplex/3119.jpg,Lichen simplex,Lichen simplex,PENDING,,,,,
Lichen simplex/3120.jpg,Lichen simplex,Lichen simplex,PENDING,,,,,
Lichen simplex/3121.jpg,Lichen simplex,Lichen simplex,PENDING,,,,,
Lichen simplex/3122.jpg,Lichen simplex,Lichen simplex,PENDING,,,,,
Lichen simplex/3123.jpg,Lichen simplex,Lichen simplex,PENDING,,,,,
Lichen simplex/3124.jpg,Lichen simplex,Lichen simplex,PENDING,,,,,
Lichen simplex/3125.jpg,Lichen simplex,Lichen simplex,PENDING,,,,,
Lichen simplex/3126.jpg,Lichen simplex,Lichen simplex,PENDING,,,,,
Lichen simplex/3127.jpg,Lichen simplex,Lichen simplex,PENDING,,,,,
Lichen simplex/3128.jpg,Lichen simplex,Lichen simplex,PENDING,,,,,
Lichen simplex/3826-s.jpg,Lichen simplex,Lichen simplex,PENDING,,,,,
Lichen simplex/3827-s.jpg,Lichen simplex,Lichen simplex,PENDING,,,,,
Lichen simplex/3828-s.jpg,Lichen simplex,Lichen simplex,PENDING,,,,,
Lichen simplex/3829-s.jpg,Lichen simplex,Lichen simplex,PENDING,,,,,
Lichen simplex/3830-s.jpg,Lichen simplex,Lichen simplex,PENDING,,,,,
Lichen simplex/3831-s.jpg,Lichen simplex,Lichen simplex,PENDING,,,,,
Lichen simplex/3832-s.jpg,Lichen simplex,Lichen simplex,PENDING,,,,,
Lichen simplex/3833-s.jpg,Lichen simplex,Lichen simplex,PENDING,,,,,
Lichen simplex/3834-s.jpg,Lichen simplex,Lichen simplex,PENDING,,,,,
Lichen simplex/3835-s.jpg,Lichen simplex,Lichen simplex,PENDING,,,,,
Lichen simplex/3836-s.jpg,Lichen simplex,Lichen simplex,PENDING,,,,,
Lichen simplex/3837-s.jpg,Lichen simplex,Lichen simplex,PENDING,,,,,
Lichen simplex/3838-s.jpg,Lichen simplex,Lichen simplex,PENDING,,,,,
Lichen simplex/3839-s.jpg,Lichen simplex,Lichen simplex,PENDING,,,,,
Lichen simplex/3840-s.jpg,Lichen simplex,Lichen simplex,PENDING,,,,,
Lichen simplex/3841-s.jpg,Lichen simplex,Lichen simplex,PENDING,,,,,
Lichen simplex/3842-s.jpg,Lichen simplex,Lichen simplex,PENDING,,,,,
Lichen simplex/Lichen-simplex.jpg,Lichen simplex,Lichen simplex,PENDING,,,,,
Lichen simplex/ecz-lich2.jpg,Lichen simplex,Lichen simplex,PENDING,,,,,
Lichen simplex/figure-5-itch.jpg,Lichen simplex,Lichen simplex,PENDING,,,,,
Lichen simplex/itchy-skin-13.jpg,Lichen simplex,Lichen simplex,PENDING,,,,,
Lichen simplex/itchy-skin-14.jpg,Lichen simplex,Lichen simplex,PENDING,,,,,
Lichen simplex/itchy-skin-15.jpg,Lichen simplex,Lichen simplex,PENDING,,,,,
Lichen simplex/lichen-simplex-0002.jpg,Lichen simplex,Lichen simplex,PENDING,,,,,
Lichen simplex/lichen-simplex-0003.jpg,Lichen simplex,Lichen simplex,PENDING,,,,,
Lichen simplex/lichen-simplex-0004.jpg,Lichen simplex,Lichen simplex,PENDING,,,,,
Lichen simplex/lichen-simplex-0005.jpg,Lichen simplex,Lichen simplex,PENDING,,,,,
Lichen simplex/lichen-simplex-0006.jpg,Lichen simplex,Lichen simplex,PENDING,,,,,
Lichen simplex/lichen-simplex-0007.jpg,Lichen simplex,Lichen simplex,PENDING,,,,,
Lichen simplex/lichen-simplex-0009.jpg,Lichen simplex,Lichen simplex,PENDING,,,,,
Lichen simplex/lichen-simplex-0010.jpg,Lichen simplex,Lichen simplex,PENDING,,,,,
Lichen simplex/lichen-simplex-0011.jpg,Lichen simplex,Lichen simplex,PENDING,,,,,
Lichen simplex/lichen-simplex-0012.jpg,Lichen simplex,Lichen simplex,PENDING,,,,,
Lichen simplex/lichen-simplex-0013.jpg,Lichen simplex,Lichen simplex,PENDING,,,,,
Lichen simplex/lichen-simplex-0014.jpg,Lichen simplex,Lichen simplex,PENDING,,,,,
Lichen simplex/lichen-simplex-0015.jpg,Lichen simplex,Lichen simplex,PENDING,,,,,
Lichen simplex/lichen-simplex-0016.jpg,Lichen simplex,Lichen simplex,PENDING,,,,,
Lichen simplex/lichen-simplex-0017.jpg,Lichen simplex,Lichen simplex,PENDING,,,,,
Lichen simplex/lichen-simplex-0018.jpg,Lichen simplex,Lichen simplex,PENDING,,,,,
Lichen simplex/lichen-simplex-0019.jpg,Lichen simplex,Lichen simplex,PENDING,,,,,
Lichen simplex/lichen-simplex-0020.jpg,Lichen simplex,Lichen simplex,PENDING,,,,,
Lichen simplex/lichen-simplex-01.1.jpg,Lichen simplex,Lichen simplex,PENDING,,,,,
Lichen simplex/lichen-simplex-01.jpg,Lichen simplex,Lichen simplex,PENDING,,,,,
Lichen simplex/lichen-simplex-scrotum-002.jpg,Lichen simplex,Lichen simplex,PENDING,,,,,
Lichen simplex/lichen-simplex-scrotum-003.jpg,Lichen simplex,Lichen simplex,PENDING,,,,,
Lichen simplex/lichen-simplex-scrotum-01.jpg,Lichen simplex,Lichen simplex,PENDING,,,,,
Lichen simplex/lichen-simplex1.jpg,Lichen simplex,Lichen simplex,PENDING,,,,,
Lichen simplex/neuroderm.jpg,Lichen simplex,Lichen simplex,PENDING,,,,,
Lichenoid keratosis/eruptive-lplk.jpg,Lichenoid keratosis,Lichenoid keratosis,PENDING,,,,,
Lichenoid keratosis/lichenoid-keratosis-00078.jpg,Lichenoid keratosis,Lichenoid keratosis,PENDING,,,,,
Lichenoid keratosis/lichenoid-keratosis-46.jpg,Lichenoid keratosis,Lichenoid keratosis,PENDING,,,,,
Lichenoid keratosis/lichenoid-keratosis1.jpg,Lichenoid keratosis,Lichenoid keratosis,PENDING,,,,,
Lichenoid keratosis/lichenoid-keratosis2.jpg,Lichenoid keratosis,Lichenoid keratosis,PENDING,,,,,
Lichenoid keratosis/lichenoid-keratosis3.jpg,Lichenoid keratosis,Lichenoid keratosis,PENDING,,,,,
Lichenoid keratosis/lichenoid-keratosis7.jpg,Lichenoid keratosis,Lichenoid keratosis,PENDING,,,,,
Lichenoid keratosis/sebk6.jpg,Lichenoid keratosis,Lichenoid keratosis,PENDING,,,,,
Lupus pernio/lupus-pernio-1.jpg,Lupus pernio,Lupus pernio,PENDING,,,,,
Lupus pernio/lupus-pernio-2.jpg,Lupus pernio,Lupus pernio,PENDING,,,,,
Lupus pernio/lupus-pernio.jpg,Lupus pernio,Lupus pernio,PENDING,,,,,
Lymphatic malformation/lymph1.jpg,Lymphatic malformation,Lymphatic malformation,PENDING,,,,,
Lymphatic malformation/lymph2.jpg,Lymphatic malformation,Lymphatic malformation,PENDING,,,,,
Lymphatic malformation/lymph3.jpg,Lymphatic malformation,Lymphatic malformation,PENDING,,,,,
Lymphatic malformation/lymphangioma-circumscriptum_2.jpg,Lymphatic malformation,Lymphatic malformation,PENDING,,,,,
Lymphatic malformation/lymphangioma-cirumscriptum_1.jpg,Lymphatic malformation,Lymphatic malformation,PENDING,,,,,
Lymphatic malformation/lymphangioma_circumscriptum_3.jpg,Lymphatic malformation,Lymphatic malformation,PENDING,,,,,
Macroglossia/amyl1.jpg,Macroglossia,Macroglossia,PENDING,,,,,
Macroglossia/amyloid8.jpg,Macroglossia,Macroglossia,PENDING,,,,,
Macroglossia/amyloidosis-0007.jpg,Macroglossia,Macroglossia,PENDING,,,,,
Macroglossia/macroglAmylo.jpg,Macroglossia,Macroglossia,PENDING,,,,,
Macular amyloidosis/amyloidosis-0005.jpg,Macular amyloidosis,Macular amyloidosis,PENDING,,,,,
Macular amyloidosis/amyloidosis-0013.jpg,Macular amyloidosis,Macular amyloidosis,PENDING,,,,,
Macular amyloidosis/amyloidosis-0014.jpg,Macular amyloidosis,Macular amyloidosis,PENDING,,,,,
Macular amyloidosis/macular-amyloidosis-01-v2.jpg,Macular amyloidosis,Macular amyloidosis,PENDING,,,,,
Macular amyloidosis/macular-amyloidosis-02-v2.jpg,Macular amyloidosis,Macular amyloidosis,PENDING,,,,,
Macular amyloidosis/macular-amyloidosis-03.jpg,Macular amyloidosis,Macular amyloidosis,PENDING,,,,,
Macular amyloidosis/macular-amyloidosis-04.jpg,Macular amyloidosis,Macular amyloidosis,PENDING,,,,,
Macular amyloidosis/macular-amyloidosis.jpg,Macular amyloidosis,Macular amyloidosis,PENDING,,,,,
Maculopapular cutaneous mastocytosis/maculopapular-cutaneous-mastocytosis-00002.jpg,Maculopapular cutaneous mastocytosis,Maculopapular cutaneous mastocytosis,PENDING,,,,,
Maculopapular cutaneous mastocytosis/maculopapular-cutaneous-mastocytosis-00005.jpg,Maculopapular cutaneous mastocytosis,Maculopapular cutaneous mastocytosis,PENDING,,,,,
Maculopapular cutaneous mastocytosis/mastocytosis-1.jpg,Maculopapular cutaneous mastocytosis,Maculopapular cutaneous mastocytosis,PENDING,,,,,
Maculopapular cutaneous mastocytosis/mastocytosis-10.jpg,Maculopapular cutaneous mastocytosis,Maculopapular cutaneous mastocytosis,PENDING,,,,,
Maculopapular cutaneous mastocytosis/mastocytosis-2.jpg,Maculopapular cutaneous mastocytosis,Maculopapular cutaneous mastocytosis,PENDING,,,,,
Maculopapular cutaneous mastocytosis/mastocytosis-4.jpg,Maculopapular cutaneous mastocytosis,Maculopapular cutaneous mastocytosis,PENDING,,,,,
Maculopapular cutaneous mastocytosis/mastocytosis-8.jpg,Maculopapular cutaneous mastocytosis,Maculopapular cutaneous mastocytosis,PENDING,,,,,
Maculopapular cutaneous mastocytosis/mastocytosis-9.jpg,Maculopapular cutaneous mastocytosis,Maculopapular cutaneous mastocytosis,PENDING,,,,,
Maculopapular cutaneous mastocytosis/telang5.jpg,Maculopapular cutaneous mastocytosis,Maculopapular cutaneous mastocytosis,PENDING,,,,,
Maculopapular cutaneous mastocytosis/urt-pig1.jpg,Maculopapular cutaneous mastocytosis,Maculopapular cutaneous mastocytosis,PENDING,,,,,
Maculopapular cutaneous mastocytosis/urt-pig2.jpg,Maculopapular cutaneous mastocytosis,Maculopapular cutaneous mastocytosis,PENDING,,,,,
Maculopapular cutaneous mastocytosis/urt-pig3.jpg,Maculopapular cutaneous mastocytosis,Maculopapular cutaneous mastocytosis,PENDING,,,,,
Maculopapular cutaneous mastocytosis/urticaria-pigmentosa1.jpg,Maculopapular cutaneous mastocytosis,Maculopapular cutaneous mastocytosis,PENDING,,,,,
Madarosis/madarosis-01.jpg,Madarosis,Madarosis,PENDING,,,,,
Madarosis/madarosis-02.jpg,Madarosis,Madarosis,PENDING,,,,,
Madarosis/madarosis-03.jpg,Madarosis,Madarosis,PENDING,,,,,
Madarosis/madarosis-04.jpg,Madarosis,Madarosis,PENDING,,,,,
Madarosis/madarosis-09-v2.jpg,Madarosis,Madarosis,PENDING,,,,,
Madarosis/madarosis-10.jpg,Madarosis,Madarosis,PENDING,,,,,
Madarosis/madarosis-11.jpg,Madarosis,Madarosis,PENDING,,,,,
Madarosis/madarosis-12.jpg,Madarosis,Madarosis,PENDING,,,,,
Madarosis/madarosis-13.jpg,Madarosis,Madarosis,PENDING,,,,,
Madarosis/madarosis-14.jpg,Madarosis,Madarosis,PENDING,,,,,
Madarosis/madarosis-15.jpg,Madarosis,Madarosis,PENDING,,,,,
Madarosis/madarosis-16.jpg,Madarosis,Madarosis,PENDING,,,,,
Madarosis/madarosis-17.jpg,Madarosis,Madarosis,PENDING,,,,,
Madarosis/madarosis-18.jpg,Madarosis,Madarosis,PENDING,,,,,
Madarosis/madarosis-19.jpg,Madarosis,Madarosis,PENDING,,,,,
Madarosis/madarosis-20.jpg,Madarosis,Madarosis,PENDING,,,,,
Madarosis/madarosis-6.jpg,Madarosis,Madarosis,PENDING,,,,,
Majocchi granuloma/majocchi12.jpg,Majocchi granuloma,Majocchi granuloma,PENDING,,,,,
Majocchi granuloma/majocchi13.jpg,Majocchi granuloma,Majocchi granuloma,PENDING,,,,,
Majocchi granuloma/majocchi14.jpg,Majocchi granuloma,Majocchi granuloma,PENDING,,,,,
Majocchi granuloma/majocchi15.jpg,Majocchi granuloma,Majocchi granuloma,PENDING,,,,,
Malassezia folliculitis/2671.jpg,Malassezia folliculitis,Malassezia folliculitis,PENDING,,,,,
Malassezia folliculitis/mal-foll.jpg,Malassezia folliculitis,Malassezia folliculitis,PENDING,,,,,
Malassezia folliculitis/pitfol1.jpg,Malassezia folliculitis,Malassezia folliculitis,PENDING,,,,,
Malassezia folliculitis/pitfol2.jpg,Malassezia folliculitis,Malassezia folliculitis,PENDING,,,,,
Malassezia folliculitis/pitfol3.jpg,Malassezia folliculitis,Malassezia folliculitis,PENDING,,,,,
Malassezia folliculitis/steroid-acne1.jpg,Malassezia folliculitis,Malassezia folliculitis,PENDING,,,,,
Male pattern hair loss/aga-mild.jpg,Male pattern hair loss,Male pattern hair loss,PENDING,,,,,
Male pattern hair loss/aga-severe.jpg,Male pattern hair loss,Male pattern hair loss,PENDING,,,,,
Male pattern hair loss/pattern.jpg,Male pattern hair loss,Male pattern hair loss,PENDING,,,,,
Malignant atrophic papulosis/degos1.jpg,Malignant atrophic papulosis,Malignant atrophic papulosis,PENDING,,,,,
Malignant atrophic papulosis/degos2.jpg,Malignant atrophic papulosis,Malignant atrophic papulosis,PENDING,,,,,
Malignant atrophic papulosis/degos3.jpg,Malignant atrophic papulosis,Malignant atrophic papulosis,PENDING,,,,,
Malignant histiocytoses/leukaemia3.jpg,Malignant histiocytoses,Malignant histiocytoses,PENDING,,,,,
Malignant histiocytoses/mal-histio3.jpg,Malignant histiocytoses,Malignant histiocytoses,PENDING,,,,,
Marfan syndrome/marfan1.jpg,Marfan syndrome,Marfan syndrome,PENDING,,,,,
Marfan syndrome/marfan2.jpg,Marfan syndrome,Marfan syndrome,PENDING,,,,,
Marjolin ulcer/Mohs-1-640x480.jpg,Marjolin ulcer,Marjolin ulcer,PENDING,,,,,
Marjolin ulcer/Mohs12-640x480.jpg,Marjolin ulcer,Marjolin ulcer,PENDING,,,,,
Marjolin ulcer/Mohs13-640x480.jpg,Marjolin ulcer,Marjolin ulcer,PENDING,,,,,
Marjolin ulcer/Mohs14-640x480.jpg,Marjolin ulcer,Marjolin ulcer,PENDING,,,,,
Marjolin ulcer/Mohs15-640x480.jpg,Marjolin ulcer,Marjolin ulcer,PENDING,,,,,
Marjolin ulcer/Mohs16-640x480.jpg,Marjolin ulcer,Marjolin ulcer,PENDING,,,,,
Marjolin ulcer/Mohs17-640x480.jpg,Marjolin ulcer,Marjolin ulcer,PENDING,,,,,
Marjolin ulcer/Mohs19-640x480.jpg,Marjolin ulcer,Marjolin ulcer,PENDING,,,,,
Marjolin ulcer/Mohs20-640x480.jpg,Marjolin ulcer,Marjolin ulcer,PENDING,,,,,
Marjolin ulcer/Mohs8-640x480.jpg,Marjolin ulcer,Marjolin ulcer,PENDING,,,,,
Marjolin ulcer/Mohs9-640x480.jpg,Marjolin ulcer,Marjolin ulcer,PENDING,,,,,
Marjolin ulcer/marjolin-ulcer-07.jpg,Marjolin ulcer,Marjolin ulcer,PENDING,,,,,
Marjolin ulcer/scc-007.jpg,Marjolin ulcer,Marjolin ulcer,PENDING,,,,,
Martorell ulcer/martorell1.jpg,Martorell ulcer,Martorell ulcer,PENDING,,,,,
Martorell ulcer/martorell2.jpg,Martorell ulcer,Martorell ulcer,PENDING,,,,,
Martorell ulcer/martorell3.jpg,Martorell ulcer,Martorell ulcer,PENDING,,,,,
Mastocytoma/cutaneous-mastocytosis-0006.jpg,Mastocytoma,Mastocytoma,PENDING,,,,,
Mastocytoma/cutaneous-mastocytosis-0015.jpg,Mastocytoma,Mastocytoma,PENDING,,,,,
Mastocytoma/figure-28-blistering.jpg,Mastocytoma,Mastocytoma,PENDING,,,,,
Mastocytoma/masto.jpg,Mastocytoma,Mastocytoma,PENDING,,,,,
Mastocytoma/mastob.jpg,Mastocytoma,Mastocytoma,PENDING,,,,,
Mastocytoma/mastocytoma-1.jpg,Mastocytoma,Mastocytoma,PENDING,,,,,
Mastocytoma/mastocytoma-2.jpg,Mastocytoma,Mastocytoma,PENDING,,,,,
Mastocytoma/mastocytoma-3.jpg,Mastocytoma,Mastocytoma,PENDING,,,,,
Mastocytoma/mastocytoma-4.jpg,Mastocytoma,Mastocytoma,PENDING,,,,,
Mastocytoma/mastocytoma-hand-Darier-sign.jpg,Mastocytoma,Mastocytoma,PENDING,,,,,
Mastocytoma/mastocytoma-hand.jpg,Mastocytoma,Mastocytoma,PENDING,,,,,
Measles/conjunctivitis-0001.jpg,Measles,Measles,PENDING,,,,,
Measles/figure-21-fever+rash.jpg,Measles,Measles,PENDING,,,,,
Measles/measles-26.jpg,Measles,Measles,PENDING,,,,,
Measles/measles-27.jpg,Measles,Measles,PENDING,,,,,
Measles/measles-28.jpg,Measles,Measles,PENDING,,,,,
Measles/measles-29.jpg,Measles,Measles,PENDING,,,,,
Measles/measles-30.jpg,Measles,Measles,PENDING,,,,,
Measles/measles-32.jpg,Measles,Measles,PENDING,,,,,
Measles/measles.jpg,Measles,Measles,PENDING,,,,,
Measles/measles01.jpg,Measles,Measles,PENDING,,,,,
Measles/measles02.jpg,Measles,Measles,PENDING,,,,,
Measles/measles03.jpg,Measles,Measles,PENDING,,,,,
Measles/measles04.jpg,Measles,Measles,PENDING,,,,,
Measles/measles05.jpg,Measles,Measles,PENDING,,,,,
Measles/measles06.jpg,Measles,Measles,PENDING,,,,,
Measles/measles07.jpg,Measles,Measles,PENDING,,,,,
Measles/measles08.jpg,Measles,Measles,PENDING,,,,,
Measles/measles09.jpg,Measles,Measles,PENDING,,,,,
Measles/measles10.jpg,Measles,Measles,PENDING,,,,,
Measles/measles11.jpg,Measles,Measles,PENDING,,,,,
Measles/measles12.jpg,Measles,Measles,PENDING,,,,,
Measles/measles13.jpg,Measles,Measles,PENDING,,,,,
Measles/measles14.jpg,Measles,Measles,PENDING,,,,,
Measles/measles15.jpg,Measles,Measles,PENDING,,,,,
Measles/measles16.jpg,Measles,Measles,PENDING,,,,,
Measles/measles17.jpg,Measles,Measles,PENDING,,,,,
Measles/measles18.jpg,Measles,Measles,PENDING,,,,,
Measles/measles19.jpg,Measles,Measles,PENDING,,,,,
Measles/measles20.jpg,Measles,Measles,PENDING,,,,,
Measles/measles21.jpg,Measles,Measles,PENDING,,,,,
Measles/measles22.jpg,Measles,Measles,PENDING,,,,,
Measles/measles23.jpg,Measles,Measles,PENDING,,,,,
Measles/measles24.jpg,Measles,Measles,PENDING,,,,,
Measles/measles25.jpg,Measles,Measles,PENDING,,,,,
Measles/morbilli1.jpg,Measles,Measles,PENDING,,,,,
Measles/morbilli3.jpg,Measles,Measles,PENDING,,,,,
Median canaliform nail dystrophy/compulsive-picking-01.jpg,Median canaliform nail dystrophy,Median canaliform nail dystrophy,PENDING,,,,,
Median canaliform nail dystrophy/glomus1.jpg,Median canaliform nail dystrophy,Median canaliform nail dystrophy,PENDING,,,,,
Median canaliform nail dystrophy/median-canaliform-dystrophy.jpg,Median canaliform nail dystrophy,Median canaliform nail dystrophy,PENDING,,,,,
Median canaliform nail dystrophy/median.jpg,Median canaliform nail dystrophy,Median canaliform nail dystrophy,PENDING,,,,,
Melanocytic naevus/125066.13830567.20110713115710061.jpg,Melanocytic naevus,Melanocytic naevus,PENDING,,,,,
Melanocytic naevus/125867.44770195.20110727105637012.jpg,Melanocytic naevus,Melanocytic naevus,PENDING,,,,,
Melanocytic naevus/156894.15240596.20121127094427028.jpg,Melanocytic naevus,Melanocytic naevus,PENDING,,,,,
Melanocytic naevus/213384.46670468.20160303141935918.jpg,Melanocytic naevus,Melanocytic naevus,PENDING,,,,,
Melanocytic naevus/2783.jpg,Melanocytic naevus,Melanocytic naevus,PENDING,,,,,
Melanocytic naevus/2786.jpg,Melanocytic naevus,Melanocytic naevus,PENDING,,,,,
Melanocytic naevus/2787.jpg,Melanocytic naevus,Melanocytic naevus,PENDING,,,,,
Melanocytic naevus/2789.jpg,Melanocytic naevus,Melanocytic naevus,PENDING,,,,,
Melanocytic naevus/3152.jpg,Melanocytic naevus,Melanocytic naevus,PENDING,,,,,
Melanocytic naevus/3154.jpg,Melanocytic naevus,Melanocytic naevus,PENDING,,,,,
Melanocytic naevus/3155.jpg,Melanocytic naevus,Melanocytic naevus,PENDING,,,,,
Melanocytic naevus/3159.jpg,Melanocytic naevus,Melanocytic naevus,PENDING,,,,,
Melanocytic naevus/3160.jpg,Melanocytic naevus,Melanocytic naevus,PENDING,,,,,
Melanocytic naevus/3161.jpg,Melanocytic naevus,Melanocytic naevus,PENDING,,,,,
Melanocytic naevus/3162.jpg,Melanocytic naevus,Melanocytic naevus,PENDING,,,,,
Melanocytic naevus/3163.jpg,Melanocytic naevus,Melanocytic naevus,PENDING,,,,,
Melanocytic naevus/3164.jpg,Melanocytic naevus,Melanocytic naevus,PENDING,,,,,
Melanocytic naevus/3165.jpg,Melanocytic naevus,Melanocytic naevus,PENDING,,,,,
Melanocytic naevus/3166.jpg,Melanocytic naevus,Melanocytic naevus,PENDING,,,,,
Melanocytic naevus/3167.jpg,Melanocytic naevus,Melanocytic naevus,PENDING,,,,,
Melanocytic naevus/3168.jpg,Melanocytic naevus,Melanocytic naevus,PENDING,,,,,
Melanocytic naevus/3169.jpg,Melanocytic naevus,Melanocytic naevus,PENDING,,,,,
Melanocytic naevus/3170.jpg,Melanocytic naevus,Melanocytic naevus,PENDING,,,,,
Melanocytic naevus/3171.jpg,Melanocytic naevus,Melanocytic naevus,PENDING,,,,,
Melanocytic naevus/3172.jpg,Melanocytic naevus,Melanocytic naevus,PENDING,,,,,
Melanocytic naevus/3173.jpg,Melanocytic naevus,Melanocytic naevus,PENDING,,,,,
Melanocytic naevus/3174.jpg,Melanocytic naevus,Melanocytic naevus,PENDING,,,,,
Melanocytic naevus/3175.jpg,Melanocytic naevus,Melanocytic naevus,PENDING,,,,,
Melanocytic naevus/3176.jpg,Melanocytic naevus,Melanocytic naevus,PENDING,,,,,
Melanocytic naevus/3182.jpg,Melanocytic naevus,Melanocytic naevus,PENDING,,,,,
Melanocytic naevus/3184.jpg,Melanocytic naevus,Melanocytic naevus,PENDING,,,,,
Melanocytic naevus/3185.jpg,Melanocytic naevus,Melanocytic naevus,PENDING,,,,,
Melanocytic naevus/3186.jpg,Melanocytic naevus,Melanocytic naevus,PENDING,,,,,
Melanocytic naevus/3187.jpg,Melanocytic naevus,Melanocytic naevus,PENDING,,,,,
Melanocytic naevus/3188.jpg,Melanocytic naevus,Melanocytic naevus,PENDING,,,,,
Melanocytic naevus/3189.jpg,Melanocytic naevus,Melanocytic naevus,PENDING,,,,,
Melanocytic naevus/3190.jpg,Melanocytic naevus,Melanocytic naevus,PENDING,,,,,
Melanocytic naevus/572.jpg,Melanocytic naevus,Melanocytic naevus,PENDING,,,,,
Melanocytic naevus/577.jpg,Melanocytic naevus,Melanocytic naevus,PENDING,,,,,
Melanocytic naevus/579.jpg,Melanocytic naevus,Melanocytic naevus,PENDING,,,,,
Melanocytic naevus/580.jpg,Melanocytic naevus,Melanocytic naevus,PENDING,,,,,
Melanocytic naevus/581.jpg,Melanocytic naevus,Melanocytic naevus,PENDING,,,,,
Melanocytic naevus/583.jpg,Melanocytic naevus,Melanocytic naevus,PENDING,,,,,
Melanocytic naevus/584.jpg,Melanocytic naevus,Melanocytic naevus,PENDING,,,,,
Melanocytic naevus/585.jpg,Melanocytic naevus,Melanocytic naevus,PENDING,,,,,
Melanocytic naevus/587.jpg,Melanocytic naevus,Melanocytic naevus,PENDING,,,,,
Melanocytic naevus/589.jpg,Melanocytic naevus,Melanocytic naevus,PENDING,,,,,
Melanocytic naevus/592.jpg,Melanocytic naevus,Melanocytic naevus,PENDING,,,,,
Melanocytic naevus/596.jpg,Melanocytic naevus,Melanocytic naevus,PENDING,,,,,
Melanocytic naevus/597.jpg,Melanocytic naevus,Melanocytic naevus,PENDING,,,,,
Melanocytic naevus/600.jpg,Melanocytic naevus,Melanocytic naevus,PENDING,,,,,
Melanocytic naevus/609.jpg,Melanocytic naevus,Melanocytic naevus,PENDING,,,,,
Melanocytic naevus/611.jpg,Melanocytic naevus,Melanocytic naevus,PENDING,,,,,
Melanocytic naevus/614.jpg,Melanocytic naevus,Melanocytic naevus,PENDING,,,,,
Melanocytic naevus/98562-v2.24510370.20100302113028718.jpg,Melanocytic naevus,Melanocytic naevus,PENDING,,,,,
Melanocytic naevus/Melanocytic-naevus-type-5-face-v2.jpg,Melanocytic naevus,Melanocytic naevus,PENDING,,,,,
Melanocytic naevus/black-ind.jpg,Melanocytic naevus,Melanocytic naevus,PENDING,,,,,
Melanocytic naevus/bml-c2.jpg,Melanocytic naevus,Melanocytic naevus,PENDING,,,,,
Melanocytic naevus/bml-c4.jpg,Melanocytic naevus,Melanocytic naevus,PENDING,,,,,
Melanocytic naevus/cellular-naevus.jpg,Melanocytic naevus,Melanocytic naevus,PENDING,,,,,
Melanocytic naevus/common-mole.jpg,Melanocytic naevus,Melanocytic naevus,PENDING,,,,,
Melanocytic naevus/congen-melanocytic-naevus.jpg,Melanocytic naevus,Melanocytic naevus,PENDING,,,,,
Melanocytic naevus/dark-naevus.jpg,Melanocytic naevus,Melanocytic naevus,PENDING,,,,,
Melanocytic naevus/dysplastic.jpg,Melanocytic naevus,Melanocytic naevus,PENDING,,,,,
Melanocytic naevus/eccentric-pigment.jpg,Melanocytic naevus,Melanocytic naevus,PENDING,,,,,
Melanocytic naevus/eclipse-naevus.jpg,Melanocytic naevus,Melanocytic naevus,PENDING,,,,,
Melanocytic naevus/fried-egg-naevus-sm.jpg,Melanocytic naevus,Melanocytic naevus,PENDING,,,,,
Melanocytic naevus/giant.jpg,Melanocytic naevus,Melanocytic naevus,PENDING,,,,,
Melanocytic naevus/hairy2.jpg,Melanocytic naevus,Melanocytic naevus,PENDING,,,,,
Melanocytic naevus/macro-dermal-naevus-1-v2.jpg,Melanocytic naevus,Melanocytic naevus,PENDING,,,,,
Melanocytic naevus/macro-melanocytic-naevus-2-v2.jpg,Melanocytic naevus,Melanocytic naevus,PENDING,,,,,
Melanocytic naevus/macro-melanocytic-naevus-3-v2.jpg,Melanocytic naevus,Melanocytic naevus,PENDING,,,,,
Melanocytic naevus/macro-melanocytic-naevus-4-v2.jpg,Melanocytic naevus,Melanocytic naevus,PENDING,,,,,
Melanocytic naevus/macro-melanocytic-naevus-4-v3.jpg,Melanocytic naevus,Melanocytic naevus,PENDING,,,,,
Melanocytic naevus/medium.jpg,Melanocytic naevus,Melanocytic naevus,PENDING,,,,,
Melanocytic naevus/melanocytic-naevus-small-15.jpg,Melanocytic naevus,Melanocytic naevus,PENDING,,,,,
Melanocytic naevus/melanocytic-naevus-small-17.jpg,Melanocytic naevus,Melanocytic naevus,PENDING,,,,,
Melanocytic naevus/melanocytic-naevus.jpg,Melanocytic naevus,Melanocytic naevus,PENDING,,,,,
Melanocytic naevus/meyerson5.jpg,Melanocytic naevus,Melanocytic naevus,PENDING,,,,,
Melanocytic naevus/miescher.jpg,Melanocytic naevus,Melanocytic naevus,PENDING,,,,,
Melanocytic naevus/mole2.jpg,Melanocytic naevus,Melanocytic naevus,PENDING,,,,,
Melanocytic naevus/mole3.jpg,Melanocytic naevus,Melanocytic naevus,PENDING,,,,,
Melanocytic naevus/moles-sm.jpg,Melanocytic naevus,Melanocytic naevus,PENDING,,,,,
Melanocytic naevus/mongolian.jpg,Melanocytic naevus,Melanocytic naevus,PENDING,,,,,
Melanocytic naevus/naevoid-ht1.jpg,Melanocytic naevus,Melanocytic naevus,PENDING,,,,,
Melanocytic naevus/naevus-single-colour-08.jpg,Melanocytic naevus,Melanocytic naevus,PENDING,,,,,
Melanocytic naevus/nail-pigment8.jpg,Melanocytic naevus,Melanocytic naevus,PENDING,,,,,
Melanocytic naevus/neurocutaneous-melanosis-0002.jpg,Melanocytic naevus,Melanocytic naevus,PENDING,,,,,
Melanocytic naevus/neurocutaneous-melanosis-0003.jpg,Melanocytic naevus,Melanocytic naevus,PENDING,,,,,
Melanocytic naevus/neurocutaneous-melanosis-0004.jpg,Melanocytic naevus,Melanocytic naevus,PENDING,,,,,
Melanocytic naevus/ota4.jpg,Melanocytic naevus,Melanocytic naevus,PENDING,,,,,
Melanocytic naevus/pigmented-lesion-02.jpg,Melanocytic naevus,Melanocytic naevus,PENDING,,,,,
Melanocytic naevus/recurrent-naevus.jpg,Melanocytic naevus,Melanocytic naevus,PENDING,,,,,
Melanocytic naevus/reed-naevus.jpg,Melanocytic naevus,Melanocytic naevus,PENDING,,,,,
Melanocytic naevus/small.jpg,Melanocytic naevus,Melanocytic naevus,PENDING,,,,,
Melanocytic naevus/solid-brown.jpg,Melanocytic naevus,Melanocytic naevus,PENDING,,,,,
Melanocytic naevus/solid-pink.jpg,Melanocytic naevus,Melanocytic naevus,PENDING,,,,,
Melanocytic naevus/speckled2.jpg,Melanocytic naevus,Melanocytic naevus,PENDING,,,,,
Melanocytic naevus/spitz2.jpg,Melanocytic naevus,Melanocytic naevus,PENDING,,,,,
Melanocytic naevus/spitz3.jpg,Melanocytic naevus,Melanocytic naevus,PENDING,,,,,
Melanocytic naevus/target.jpg,Melanocytic naevus,Melanocytic naevus,PENDING,,,,,
Melanocytic naevus/unna-naevus.jpg,Melanocytic naevus,Melanocytic naevus,PENDING,,,,,
Melanoma/12-pubic-melanoma-m.jpg,Melanoma,Melanoma,PENDING,,,,,
Melanoma/Desmoplastic-melanoma-1-v2.jpg,Melanoma,Melanoma,PENDING,,,,,
Melanoma/Desmoplastic-melanoma-2-1-v2.jpg,Melanoma,Melanoma,PENDING,,,,,
Melanoma/Desmoplastic-melanoma-2-2-2-v2.jpg,Melanoma,Melanoma,PENDING,,,,,
Melanoma/Desmoplastic-melanoma-2.jpg,Melanoma,Melanoma,PENDING,,,,,
Melanoma/MMamelanotic2.jpg,Melanoma,Melanoma,PENDING,,,,,
Melanoma/big-melanoma.jpg,Melanoma,Melanoma,PENDING,,,,,
Melanoma/desmoplastic-melanoma-1.jpg,Melanoma,Melanoma,PENDING,,,,,
Melanoma/desmoplastic-melanoma-3.jpg,Melanoma,Melanoma,PENDING,,,,,
Melanoma/farmer-12.jpg,Melanoma,Melanoma,PENDING,,,,,
Melanoma/mel-desmo1.jpg,Melanoma,Melanoma,PENDING,,,,,
Melanoma/mel-desmo2.jpg,Melanoma,Melanoma,PENDING,,,,,
Melanoma/mel-reg.jpg,Melanoma,Melanoma,PENDING,,,,,
Melanoma/mel3.jpg,Melanoma,Melanoma,PENDING,,,,,
Melanoma/melanoma-abcds-23.jpg,Melanoma,Melanoma,PENDING,,,,,
Melanoma/q2-2.jpg,Melanoma,Melanoma,PENDING,,,,,
Melanoma/q5-2.jpg,Melanoma,Melanoma,PENDING,,,,,
Melanoma in situ/0230-MiS-macro-v2.jpg,Melanoma in situ,Melanoma in situ,PENDING,,,,,
Melanoma in situ/MIS-TS-upper-arm-Macro-.jpg,Melanoma in situ,Melanoma in situ,PENDING,,,,,
Melanoma in situ/Melanoma-in-situ-1.jpg,Melanoma in situ,Melanoma in situ,PENDING,,,,,
Melanoma in situ/Melanoma-in-situ-10.jpg,Melanoma in situ,Melanoma in situ,PENDING,,,,,
Melanoma in situ/Melanoma-in-situ-11.jpg,Melanoma in situ,Melanoma in situ,PENDING,,,,,
Melanoma in situ/Melanoma-in-situ-12.jpg,Melanoma in situ,Melanoma in situ,PENDING,,,,,
Melanoma in situ/Melanoma-in-situ-13.jpg,Melanoma in situ,Melanoma in situ,PENDING,,,,,
Melanoma in situ/Melanoma-in-situ-3.jpg,Melanoma in situ,Melanoma in situ,PENDING,,,,,
Melanoma in situ/Melanoma-in-situ-4.jpg,Melanoma in situ,Melanoma in situ,PENDING,,,,,
Melanoma in situ/Melanoma-in-situ-5.jpg,Melanoma in situ,Melanoma in situ,PENDING,,,,,
Melanoma in situ/Melanoma-in-situ-6.jpg,Melanoma in situ,Melanoma in situ,PENDING,,,,,
Melanoma in situ/Melanoma-in-situ-7.jpg,Melanoma in situ,Melanoma in situ,PENDING,,,,,
Melanoma in situ/Melanoma-in-situ-8.jpg,Melanoma in situ,Melanoma in situ,PENDING,,,,,
Melanoma in situ/Melanoma-in-situ-9.jpg,Melanoma in situ,Melanoma in situ,PENDING,,,,,
Melanoma in situ/MiS-1-macro.jpg,Melanoma in situ,Melanoma in situ,PENDING,,,,,
Melanoma in situ/MiS-2-macro.jpg,Melanoma in situ,Melanoma in situ,PENDING,,,,,
Melanoma in situ/MiS-3-macro.jpg,Melanoma in situ,Melanoma in situ,PENDING,,,,,
Melanoma in situ/MiS-4-macro.jpg,Melanoma in situ,Melanoma in situ,PENDING,,,,,
Melanoma in situ/MiS-4474-macro.jpg,Melanoma in situ,Melanoma in situ,PENDING,,,,,
Melanoma in situ/MiS-5-macro2.jpg,Melanoma in situ,Melanoma in situ,PENDING,,,,,
Melanoma in situ/MiS-6-macro.jpg,Melanoma in situ,Melanoma in situ,PENDING,,,,,
Melanoma in situ/MiS-7-macro.jpg,Melanoma in situ,Melanoma in situ,PENDING,,,,,
Melanoma in situ/MiS-8-macro.jpg,Melanoma in situ,Melanoma in situ,PENDING,,,,,
Melanoma in situ/MiS-9-macro.jpg,Melanoma in situ,Melanoma in situ,PENDING,,,,,
Melanoma in situ/SSMIS-BNV-macro.jpg,Melanoma in situ,Melanoma in situ,PENDING,,,,,
Melanoma in situ/SSmelanoma-011.jpg,Melanoma in situ,Melanoma in situ,PENDING,,,,,
Melanoma in situ/acral-lentiginous-melanoma-0005.jpg,Melanoma in situ,Melanoma in situ,PENDING,,,,,
Melanoma in situ/alm-3-macro.jpg,Melanoma in situ,Melanoma in situ,PENDING,,,,,
Melanoma in situ/alm-4-macro.jpg,Melanoma in situ,Melanoma in situ,PENDING,,,,,
Melanoma in situ/alm16.jpg,Melanoma in situ,Melanoma in situ,PENDING,,,,,
Melanoma in situ/amelanotic-melanoma-2m.jpg,Melanoma in situ,Melanoma in situ,PENDING,,,,,
Melanoma in situ/collision-skin-lesion-0004.jpg,Melanoma in situ,Melanoma in situ,PENDING,,,,,
Melanoma in situ/mel-is1.jpg,Melanoma in situ,Melanoma in situ,PENDING,,,,,
Melanoma in situ/mel-is10.jpg,Melanoma in situ,Melanoma in situ,PENDING,,,,,
Melanoma in situ/mel-is11.jpg,Melanoma in situ,Melanoma in situ,PENDING,,,,,
Melanoma in situ/mel-is12.jpg,Melanoma in situ,Melanoma in situ,PENDING,,,,,
Melanoma in situ/mel-is9.jpg,Melanoma in situ,Melanoma in situ,PENDING,,,,,
Melanoma in situ/melanoma-abcd-05.jpg,Melanoma in situ,Melanoma in situ,PENDING,,,,,
Melanoma in situ/melanoma-abcd-11.jpg,Melanoma in situ,Melanoma in situ,PENDING,,,,,
Melanoma in situ/melanoma-abcd-13.jpg,Melanoma in situ,Melanoma in situ,PENDING,,,,,
Melanoma in situ/melanoma-abcd-14.jpg,Melanoma in situ,Melanoma in situ,PENDING,,,,,
Melanoma in situ/melanoma-in-situ-0001.jpg,Melanoma in situ,Melanoma in situ,PENDING,,,,,
Melanoma in situ/melanoma-in-situ-0002.jpg,Melanoma in situ,Melanoma in situ,PENDING,,,,,
Melanoma in situ/melanoma-in-situ-0004.jpg,Melanoma in situ,Melanoma in situ,PENDING,,,,,
Melanoma in situ/melanoma-in-situ-0006.jpg,Melanoma in situ,Melanoma in situ,PENDING,,,,,
Melanoma in situ/melanoma-in-situ-0007.jpg,Melanoma in situ,Melanoma in situ,PENDING,,,,,
Melanoma in situ/melanoma-in-situ-0008.jpg,Melanoma in situ,Melanoma in situ,PENDING,,,,,
Melanoma in situ/melanoma-in-situ-0009.jpg,Melanoma in situ,Melanoma in situ,PENDING,,,,,
Melanoma in situ/melanoma-in-situ-0010.jpg,Melanoma in situ,Melanoma in situ,PENDING,,,,,
Melanoma in situ/melanoma-in-situ-0011.jpg,Melanoma in situ,Melanoma in situ,PENDING,,,,,
Melanoma in situ/melanoma-in-situ-0014.jpg,Melanoma in situ,Melanoma in situ,PENDING,,,,,
Melanoma in situ/melanoma-regional-00021.jpg,Melanoma in situ,Melanoma in situ,PENDING,,,,,
Melanoma in situ/superficial-spreading-melanoma-0020.jpg,Melanoma in situ,Melanoma in situ,PENDING,,,,,
Melanoma in situ/superficial-spreading-melanoma-0021.jpg,Melanoma in situ,Melanoma in situ,PENDING,,,,,
Melanoma in situ/superficial-spreading-melanoma-0026.jpg,Melanoma in situ,Melanoma in situ,PENDING,,,,,
Melanoma in situ/superficial-spreading-melanoma-0042.jpg,Melanoma in situ,Melanoma in situ,PENDING,,,,,
Melanonychia/Habit-tic-nail-deformity-0013.jpg,Melanonychia,Melanonychia,PENDING,,,,,
Melanonychia/Melanonychia-3-v2.jpg,Melanonychia,Melanonychia,PENDING,,,,,
Melanonychia/Melanonychia-race-v2.jpg,Melanonychia,Melanonychia,PENDING,,,,,
Melanonychia/brown-mn.jpg,Melanonychia,Melanonychia,PENDING,,,,,
Melanonychia/brown-onychomycosis.jpg,Melanonychia,Melanonychia,PENDING,,,,,
Melanonychia/cutaneous-adverse-drug-reaction-0003.jpg,Melanonychia,Melanonychia,PENDING,,,,,
Melanonychia/cutaneous-adverse-drug-reaction-0068.jpg,Melanonychia,Melanonychia,PENDING,,,,,
Melanonychia/dithranol-stained-nail.jpg,Melanonychia,Melanonychia,PENDING,,,,,
Melanonychia/habit-tic-nail-deformity-0001.jpg,Melanonychia,Melanonychia,PENDING,,,,,
Melanonychia/habit-tic-nail-deformity-0004.jpg,Melanonychia,Melanonychia,PENDING,,,,,
Melanonychia/habit-tic-nail-deformity-0008.jpg,Melanonychia,Melanonychia,PENDING,,,,,
Melanonychia/laugier-hunziker-syndrome-0003.jpg,Melanonychia,Melanonychia,PENDING,,,,,
Melanonychia/laugier-hunziker-syndrome-0017.jpg,Melanonychia,Melanonychia,PENDING,,,,,
Melanonychia/laugier-hunziker-syndrome-0018.jpg,Melanonychia,Melanonychia,PENDING,,,,,
Melanonychia/laugier-hunziker-syndrome-0019.jpg,Melanonychia,Melanonychia,PENDING,,,,,
Melanonychia/laugier-hunziker-syndrome-0020.jpg,Melanonychia,Melanonychia,PENDING,,,,,
Melanonychia/laugier-hunziker-syndrome-0026.jpg,Melanonychia,Melanonychia,PENDING,,,,,
Melanonychia/laugier-hunziker-syndrome-0029.jpg,Melanonychia,Melanonychia,PENDING,,,,,
Melanonychia/lhs.jpg,Melanonychia,Melanonychia,PENDING,,,,,
Melanonychia/melanoma-of-the-nail-unit-0001.jpg,Melanonychia,Melanonychia,PENDING,,,,,
Melanonychia/melanonychia-001.jpg,Melanonychia,Melanonychia,PENDING,,,,,
Melanonychia/melanonychia-02.jpg,Melanonychia,Melanonychia,PENDING,,,,,
Melanonychia/melanonychia-04.jpg,Melanonychia,Melanonychia,PENDING,,,,,
Melanonychia/melanonychia-06.jpg,Melanonychia,Melanonychia,PENDING,,,,,
Melanonychia/melanonychia-09.jpg,Melanonychia,Melanonychia,PENDING,,,,,
Melanonychia/melanonychia-14.jpg,Melanonychia,Melanonychia,PENDING,,,,,
Melanonychia/melanonychia-16.jpg,Melanonychia,Melanonychia,PENDING,,,,,
Melanonychia/melanonychia-18.jpg,Melanonychia,Melanonychia,PENDING,,,,,
Melanonychia/melanonychia-2-v2.jpg,Melanonychia,Melanonychia,PENDING,,,,,
Melanonychia/melanonychia30.jpg,Melanonychia,Melanonychia,PENDING,,,,,
Melanonychia/nail-mel-naevus.jpg,Melanonychia,Melanonychia,PENDING,,,,,
Melanonychia/nail-pigment-01.jpg,Melanonychia,Melanonychia,PENDING,,,,,
Melanonychia/onychopapilloma-2.jpg,Melanonychia,Melanonychia,PENDING,,,,,
Melanonychia/pseudomonas-nail.jpg,Melanonychia,Melanonychia,PENDING,,,,,
Melanonychia/racial-melanonychia-2.jpg,Melanonychia,Melanonychia,PENDING,,,,,
Melanonychia/racial-melanonychia.jpg,Melanonychia,Melanonychia,PENDING,,,,,
Melanotic macule/lmm1.jpg,Melanotic macule,Melanotic macule,PENDING,,,,,
Melanotic macule/lmm2.jpg,Melanotic macule,Melanotic macule,PENDING,,,,,
Melanotic macule/lmm4.jpg,Melanotic macule,Melanotic macule,PENDING,,,,,
Melasma/3129.jpg,Melasma,Melasma,PENDING,,,,,
Melasma/3130.jpg,Melasma,Melasma,PENDING,,,,,
Melasma/3131.jpg,Melasma,Melasma,PENDING,,,,,
Melasma/3132.jpg,Melasma,Melasma,PENDING,,,,,
Melasma/3133.jpg,Melasma,Melasma,PENDING,,,,,
Melasma/3134.jpg,Melasma,Melasma,PENDING,,,,,
Melasma/3135.jpg,Melasma,Melasma,PENDING,,,,,
Melasma/3136.jpg,Melasma,Melasma,PENDING,,,,,
Melasma/3137.jpg,Melasma,Melasma,PENDING,,,,,
Melasma/3138.jpg,Melasma,Melasma,PENDING,,,,,
Melasma/3139.jpg,Melasma,Melasma,PENDING,,,,,
Melasma/3140.jpg,Melasma,Melasma,PENDING,,,,,
Melasma/3141.jpg,Melasma,Melasma,PENDING,,,,,
Melasma/3142.jpg,Melasma,Melasma,PENDING,,,,,
Melasma/3143.jpg,Melasma,Melasma,PENDING,,,,,
Melasma/3144.jpg,Melasma,Melasma,PENDING,,,,,
Melasma/3145.jpg,Melasma,Melasma,PENDING,,,,,
Melasma/3146.jpg,Melasma,Melasma,PENDING,,,,,
Melasma/3147.jpg,Melasma,Melasma,PENDING,,,,,
Melasma/3148.jpg,Melasma,Melasma,PENDING,,,,,
Melasma/3149.jpg,Melasma,Melasma,PENDING,,,,,
Melasma/3150.jpg,Melasma,Melasma,PENDING,,,,,
Melasma/3151.jpg,Melasma,Melasma,PENDING,,,,,
Melasma/chloas1.jpg,Melasma,Melasma,PENDING,,,,,
Melasma/chloas3.jpg,Melasma,Melasma,PENDING,,,,,
Melasma/cutaneous-adverse-drug-reaction-0070.jpg,Melasma,Melasma,PENDING,,,,,
Melasma/figure-61-face.jpg,Melasma,Melasma,PENDING,,,,,
Melasma/melas1.jpg,Melasma,Melasma,PENDING,,,,,
Melasma/post-hq.jpg,Melasma,Melasma,PENDING,,,,,
Melasma/pre-hq.jpg,Melasma,Melasma,PENDING,,,,,
Melasma/pregnancy-04.jpg,Melasma,Melasma,PENDING,,,,,
Melasma/type4.jpg,Melasma,Melasma,PENDING,,,,,
Meningococcal disease/menigococcaemia1.jpg,Meningococcal disease,Meningococcal disease,PENDING,,,,,
Meningococcal disease/menigococceamia2.jpg,Meningococcal disease,Meningococcal disease,PENDING,,,,,
Meningococcal disease/meningo-close.jpg,Meningococcal disease,Meningococcal disease,PENDING,,,,,
Meningococcal disease/meningo.jpg,Meningococcal disease,Meningococcal disease,PENDING,,,,,
Meningococcal disease/meningococcus1.jpg,Meningococcal disease,Meningococcal disease,PENDING,,,,,
Meningococcal disease/meningococcus2.jpg,Meningococcal disease,Meningococcal disease,PENDING,,,,,
Meningococcal disease/meningococcus3.jpg,Meningococcal disease,Meningococcal disease,PENDING,,,,,
Merkel cell carcinoma/eyelid-merkel-1.jpg,Merkel cell carcinoma,Merkel cell carcinoma,PENDING,,,,,
Merkel cell carcinoma/eyelid-merkel-2.jpg,Merkel cell carcinoma,Merkel cell carcinoma,PENDING,,,,,
Merkel cell carcinoma/mcc.jpg,Merkel cell carcinoma,Merkel cell carcinoma,PENDING,,,,,
Merkel cell carcinoma/mcc2.jpg,Merkel cell carcinoma,Merkel cell carcinoma,PENDING,,,,,
Merkel cell carcinoma/mcc3.jpg,Merkel cell carcinoma,Merkel cell carcinoma,PENDING,,,,,
Merkel cell carcinoma/mcc4.jpg,Merkel cell carcinoma,Merkel cell carcinoma,PENDING,,,,,
Merkel cell carcinoma/merkel-cell-carcinoma-0001.jpg,Merkel cell carcinoma,Merkel cell carcinoma,PENDING,,,,,
Merkel cell carcinoma/merkel-cell-carcinoma-0002.jpg,Merkel cell carcinoma,Merkel cell carcinoma,PENDING,,,,,
Merkel cell carcinoma/merkel-cell-carcinoma-0003.jpg,Merkel cell carcinoma,Merkel cell carcinoma,PENDING,,,,,
Merkel cell carcinoma/merkel-cell-carcinoma-0004.jpg,Merkel cell carcinoma,Merkel cell carcinoma,PENDING,,,,,
Merkel cell carcinoma/merkel-cell-carcinoma-0005.jpg,Merkel cell carcinoma,Merkel cell carcinoma,PENDING,,,,,
Merkel cell carcinoma/merkel-cell-carcinoma-0006.jpg,Merkel cell carcinoma,Merkel cell carcinoma,PENDING,,,,,
Merkel cell carcinoma/merkel-cell-carcinoma-0007.jpg,Merkel cell carcinoma,Merkel cell carcinoma,PENDING,,,,,
Merkel cell carcinoma/merkel-cell-carcinoma-0010.jpg,Merkel cell carcinoma,Merkel cell carcinoma,PENDING,,,,,
Merkel cell carcinoma/merkel.jpg,Merkel cell carcinoma,Merkel cell carcinoma,PENDING,,,,,
Metastatic melanoma/amelanotic-melanoma-028.jpg,Metastatic melanoma,Metastatic melanoma,PENDING,,,,,
Metastatic melanoma/mel21.jpg,Metastatic melanoma,Metastatic melanoma,PENDING,,,,,
Metastatic melanoma/metastasis-v2.jpg,Metastatic melanoma,Metastatic melanoma,PENDING,,,,,
Metastatic melanoma/metastasis1.jpg,Metastatic melanoma,Metastatic melanoma,PENDING,,,,,
Metastatic melanoma/metastasis2.jpg,Metastatic melanoma,Metastatic melanoma,PENDING,,,,,
Metastatic melanoma/metastasis3.jpg,Metastatic melanoma,Metastatic melanoma,PENDING,,,,,
Metastatic melanoma/metastatic-melanoma-008.jpg,Metastatic melanoma,Metastatic melanoma,PENDING,,,,,
Metastatic melanoma/metastatic-melanoma-100.jpg,Metastatic melanoma,Metastatic melanoma,PENDING,,,,,
Metastatic melanoma/metastatic-melanoma-11.jpg,Metastatic melanoma,Metastatic melanoma,PENDING,,,,,
Metastatic melanoma/metastatic-melanoma-12.jpg,Metastatic melanoma,Metastatic melanoma,PENDING,,,,,
Metastatic melanoma/metastatic-melanoma-13.jpg,Metastatic melanoma,Metastatic melanoma,PENDING,,,,,
Metastatic melanoma/metastatic-melanoma-14.jpg,Metastatic melanoma,Metastatic melanoma,PENDING,,,,,
Metastatic melanoma/metastatic-melanoma-15.jpg,Metastatic melanoma,Metastatic melanoma,PENDING,,,,,
Metastatic melanoma/metastatic-melanoma-16.jpg,Metastatic melanoma,Metastatic melanoma,PENDING,,,,,
Metastatic melanoma/metastatic-melanoma-17.jpg,Metastatic melanoma,Metastatic melanoma,PENDING,,,,,
Metastatic melanoma/metastatic-melanoma-18.jpg,Metastatic melanoma,Metastatic melanoma,PENDING,,,,,
Metastatic melanoma/metastatic-melanoma-19.jpg,Metastatic melanoma,Metastatic melanoma,PENDING,,,,,
Metastatic melanoma/metastatic-melanoma01.jpg,Metastatic melanoma,Metastatic melanoma,PENDING,,,,,
Metastatic melanoma/metastatic-melanoma02.jpg,Metastatic melanoma,Metastatic melanoma,PENDING,,,,,
Metastatic melanoma/metastatic-melanoma03.jpg,Metastatic melanoma,Metastatic melanoma,PENDING,,,,,
Metastatic melanoma/metastatic-melanoma04.jpg,Metastatic melanoma,Metastatic melanoma,PENDING,,,,,
Metastatic melanoma/metastatic-melanoma05.jpg,Metastatic melanoma,Metastatic melanoma,PENDING,,,,,
Metastatic melanoma/metastatic-melanoma06.jpg,Metastatic melanoma,Metastatic melanoma,PENDING,,,,,
Metastatic melanoma/metastatic-melanoma07.jpg,Metastatic melanoma,Metastatic melanoma,PENDING,,,,,
Metastatic melanoma/metastatic-melanoma08.jpg,Metastatic melanoma,Metastatic melanoma,PENDING,,,,,
Metastatic melanoma/metastatic-melanoma09.jpg,Metastatic melanoma,Metastatic melanoma,PENDING,,,,,
Metastatic melanoma/mmm1.jpg,Metastatic melanoma,Metastatic melanoma,PENDING,,,,,
Metastatic melanoma/mmm3.jpg,Metastatic melanoma,Metastatic melanoma,PENDING,,,,,
Metastatic melanoma/mmm4.jpg,Metastatic melanoma,Metastatic melanoma,PENDING,,,,,
Metastatic melanoma/mmm5.jpg,Metastatic melanoma,Metastatic melanoma,PENDING,,,,,
Meyerson naevus/eczema-mole1c.jpg,Meyerson naevus,Meyerson naevus,PENDING,,,,,
Meyerson naevus/eczema-mole2c.jpg,Meyerson naevus,Meyerson naevus,PENDING,,,,,
Meyerson naevus/meyerson1.jpg,Meyerson naevus,Meyerson naevus,PENDING,,,,,
Meyerson naevus/meyerson2.jpg,Meyerson naevus,Meyerson naevus,PENDING,,,,,
Meyerson naevus/meyerson5.jpg,Meyerson naevus,Meyerson naevus,PENDING,,,,,
Mid-dermal elastolysis/middermal-elastolysis-1.jpg,Mid-dermal elastolysis,Mid-dermal elastolysis,PENDING,,,,,
Mid-dermal elastolysis/middermal-elastolysis-2.jpg,Mid-dermal elastolysis,Mid-dermal elastolysis,PENDING,,,,,
Mid-dermal elastolysis/middermal-elastolysis-3.jpg,Mid-dermal elastolysis,Mid-dermal elastolysis,PENDING,,,,,
Mid-dermal elastolysis/middermal-elastolysis-4.jpg,Mid-dermal elastolysis,Mid-dermal elastolysis,PENDING,,,,,
Mid-dermal elastolysis/middermal-elastolysis-5.jpg,Mid-dermal elastolysis,Mid-dermal elastolysis,PENDING,,,,,
Milium/milia-15.jpg,Milium,Milium,PENDING,,,,,
Milium/milia-16.jpg,Milium,Milium,PENDING,,,,,
Milium/milia-17.jpg,Milium,Milium,PENDING,,,,,
Milium/milia-18.jpg,Milium,Milium,PENDING,,,,,
Milium/milia-19.jpg,Milium,Milium,PENDING,,,,,
Milium/milia-20.jpg,Milium,Milium,PENDING,,,,,
Milium/milia-21.jpg,Milium,Milium,PENDING,,,,,
Milium/milia-22.jpg,Milium,Milium,PENDING,,,,,
Milium/milia-25.jpg,Milium,Milium,PENDING,,,,,
Milium/milia-26.jpg,Milium,Milium,PENDING,,,,,
Milium/milia-27.jpg,Milium,Milium,PENDING,,,,,
Milium/milia-pemphigoid-27.jpg,Milium,Milium,PENDING,,,,,
Milium/milia01.jpg,Milium,Milium,PENDING,,,,,
Milium/milia02.jpg,Milium,Milium,PENDING,,,,,
Milium/milia03.jpg,Milium,Milium,PENDING,,,,,
Milium/milia04.jpg,Milium,Milium,PENDING,,,,,
Milium/milia05.jpg,Milium,Milium,PENDING,,,,,
Milium/milia06.jpg,Milium,Milium,PENDING,,,,,
Milium/milia07.jpg,Milium,Milium,PENDING,,,,,
Milium/milia08.jpg,Milium,Milium,PENDING,,,,,
Milium/milia09.jpg,Milium,Milium,PENDING,,,,,
Milium/milia10.jpg,Milium,Milium,PENDING,,,,,
Milium/milia11.jpg,Milium,Milium,PENDING,,,,,
Milker_s nodule/ecz-hand3.jpg,Milker_s nodule,Milker_s nodule,PENDING,,,,,
Milker_s nodule/milkers1-sm.jpg,Milker_s nodule,Milker_s nodule,PENDING,,,,,
Milker_s nodule/milkers2-sm.jpg,Milker_s nodule,Milker_s nodule,PENDING,,,,,
Milker_s nodule/milkers2.jpg,Milker_s nodule,Milker_s nodule,PENDING,,,,,
Milker_s nodule/milkers3-sm.jpg,Milker_s nodule,Milker_s nodule,PENDING,,,,,
Milker_s nodule/milkers3.jpg,Milker_s nodule,Milker_s nodule,PENDING,,,,,
Mixed connective tissue disease/mixed-ctd-1.jpg,Mixed connective tissue disease,Mixed connective tissue disease,PENDING,,,,,
Mixed connective tissue disease/mixed-ctd-2.jpg,Mixed connective tissue disease,Mixed connective tissue disease,PENDING,,,,,
Mixed connective tissue disease/mixed-ctd-3.jpg,Mixed connective tissue disease,Mixed connective tissue disease,PENDING,,,,,
Mixed connective tissue disease/mixed-ctd-4.jpg,Mixed connective tissue disease,Mixed connective tissue disease,PENDING,,,,,
Molluscum contagiosum/amputation-stump-05.jpg,Molluscum contagiosum,Molluscum contagiosum,PENDING,,,,,
Molluscum contagiosum/amputation-stump-07.jpg,Molluscum contagiosum,Molluscum contagiosum,PENDING,,,,,
Molluscum contagiosum/at-mol.jpg,Molluscum contagiosum,Molluscum contagiosum,PENDING,,,,,
Molluscum contagiosum/ecz-atopic3.jpg,Molluscum contagiosum,Molluscum contagiosum,PENDING,,,,,
Molluscum contagiosum/eyelid-15.jpg,Molluscum contagiosum,Molluscum contagiosum,PENDING,,,,,
Molluscum contagiosum/moll-cont.jpg,Molluscum contagiosum,Molluscum contagiosum,PENDING,,,,,
Molluscum contagiosum/moll-ecz.jpg,Molluscum contagiosum,Molluscum contagiosum,PENDING,,,,,
Molluscum contagiosum/moll-scar.jpg,Molluscum contagiosum,Molluscum contagiosum,PENDING,,,,,
Molluscum contagiosum/moll1.jpg,Molluscum contagiosum,Molluscum contagiosum,PENDING,,,,,
Molluscum contagiosum/moll2.jpg,Molluscum contagiosum,Molluscum contagiosum,PENDING,,,,,
Molluscum contagiosum/moll3.jpg,Molluscum contagiosum,Molluscum contagiosum,PENDING,,,,,
Molluscum contagiosum/molluscum-contagiosum-0001.jpg,Molluscum contagiosum,Molluscum contagiosum,PENDING,,,,,
Molluscum contagiosum/molluscum-contagiosum-0002.jpg,Molluscum contagiosum,Molluscum contagiosum,PENDING,,,,,
Molluscum contagiosum/molluscum-contagiosum-0003.jpg,Molluscum contagiosum,Molluscum contagiosum,PENDING,,,,,
Molluscum contagiosum/molluscum-contagiosum-0004.jpg,Molluscum contagiosum,Molluscum contagiosum,PENDING,,,,,
Molluscum contagiosum/molluscum-contagiosum-0005.jpg,Molluscum contagiosum,Molluscum contagiosum,PENDING,,,,,
Molluscum contagiosum/molluscum-contagiosum-0008.jpg,Molluscum contagiosum,Molluscum contagiosum,PENDING,,,,,
Molluscum contagiosum/molluscum-contagiosum-0009.jpg,Molluscum contagiosum,Molluscum contagiosum,PENDING,,,,,
Molluscum contagiosum/molluscum-contagiosum-0010.jpg,Molluscum contagiosum,Molluscum contagiosum,PENDING,,,,,
Molluscum contagiosum/molluscum-contagiosum-0011.jpg,Molluscum contagiosum,Molluscum contagiosum,PENDING,,,,,
Molluscum contagiosum/molluscum-contagiosum-0012.jpg,Molluscum contagiosum,Molluscum contagiosum,PENDING,,,,,
Molluscum contagiosum/molluscum-contagiosum-0013.jpg,Molluscum contagiosum,Molluscum contagiosum,PENDING,,,,,
Molluscum contagiosum/molluscum-contagiosum-0014.jpg,Molluscum contagiosum,Molluscum contagiosum,PENDING,,,,,
Molluscum contagiosum/molluscum-contagiosum-0015.jpg,Molluscum contagiosum,Molluscum contagiosum,PENDING,,,,,
Molluscum contagiosum/molluscum-contagiosum-0016.jpg,Molluscum contagiosum,Molluscum contagiosum,PENDING,,,,,
Molluscum contagiosum/molluscum-contagiosum-0017.jpg,Molluscum contagiosum,Molluscum contagiosum,PENDING,,,,,
Molluscum contagiosum/molluscum-contagiosum-0018.jpg,Molluscum contagiosum,Molluscum contagiosum,PENDING,,,,,
Molluscum contagiosum/molluscum-contagiosum-0019.jpg,Molluscum contagiosum,Molluscum contagiosum,PENDING,,,,,
Molluscum contagiosum/molluscum-contagiosum-0021.jpg,Molluscum contagiosum,Molluscum contagiosum,PENDING,,,,,
Molluscum contagiosum/molluscum-contagiosum-0023.jpg,Molluscum contagiosum,Molluscum contagiosum,PENDING,,,,,
Molluscum contagiosum/molluscum-contagiosum-0026.jpg,Molluscum contagiosum,Molluscum contagiosum,PENDING,,,,,
Molluscum contagiosum/molluscum-contagiosum-0027.jpg,Molluscum contagiosum,Molluscum contagiosum,PENDING,,,,,
Molluscum contagiosum/molluscum-contagiosum-0028.jpg,Molluscum contagiosum,Molluscum contagiosum,PENDING,,,,,
Molluscum contagiosum/molluscum-contagiosum-0029.jpg,Molluscum contagiosum,Molluscum contagiosum,PENDING,,,,,
Molluscum contagiosum/molluscum-contagiosum-0030.jpg,Molluscum contagiosum,Molluscum contagiosum,PENDING,,,,,
Molluscum contagiosum/molluscum-contagiosum-0031.jpg,Molluscum contagiosum,Molluscum contagiosum,PENDING,,,,,
Molluscum contagiosum/molluscum-contagiosum-0032.jpg,Molluscum contagiosum,Molluscum contagiosum,PENDING,,,,,
Molluscum contagiosum/molluscum-contagiosum-0033.jpg,Molluscum contagiosum,Molluscum contagiosum,PENDING,,,,,
Molluscum contagiosum/molluscum-contagiosum-0034.jpg,Molluscum contagiosum,Molluscum contagiosum,PENDING,,,,,
Molluscum contagiosum/molluscum-contagiosum-0035.jpg,Molluscum contagiosum,Molluscum contagiosum,PENDING,,,,,
Molluscum contagiosum/molluscum-contagiosum-eyelid.jpg,Molluscum contagiosum,Molluscum contagiosum,PENDING,,,,,
Molluscum contagiosum/molluscum01.jpg,Molluscum contagiosum,Molluscum contagiosum,PENDING,,,,,
Molluscum contagiosum/molluscum02.jpg,Molluscum contagiosum,Molluscum contagiosum,PENDING,,,,,
Molluscum contagiosum/molluscum03.jpg,Molluscum contagiosum,Molluscum contagiosum,PENDING,,,,,
Molluscum contagiosum/molluscum04.jpg,Molluscum contagiosum,Molluscum contagiosum,PENDING,,,,,
Molluscum contagiosum/molluscum05.jpg,Molluscum contagiosum,Molluscum contagiosum,PENDING,,,,,
Molluscum contagiosum/molluscum06.jpg,Molluscum contagiosum,Molluscum contagiosum,PENDING,,,,,
Molluscum contagiosum/molluscum07.jpg,Molluscum contagiosum,Molluscum contagiosum,PENDING,,,,,
Molluscum contagiosum/molluscum08.jpg,Molluscum contagiosum,Molluscum contagiosum,PENDING,,,,,
Molluscum contagiosum/molluscum09.jpg,Molluscum contagiosum,Molluscum contagiosum,PENDING,,,,,
Molluscum contagiosum/molluscum1.jpg,Molluscum contagiosum,Molluscum contagiosum,PENDING,,,,,
Molluscum contagiosum/molluscum10.jpg,Molluscum contagiosum,Molluscum contagiosum,PENDING,,,,,
Molluscum contagiosum/molluscum11.jpg,Molluscum contagiosum,Molluscum contagiosum,PENDING,,,,,
Molluscum contagiosum/molluscum12.jpg,Molluscum contagiosum,Molluscum contagiosum,PENDING,,,,,
Molluscum contagiosum/molluscum13.jpg,Molluscum contagiosum,Molluscum contagiosum,PENDING,,,,,
Molluscum contagiosum/molluscum15.jpg,Molluscum contagiosum,Molluscum contagiosum,PENDING,,,,,
Molluscum contagiosum/molluscum16.jpg,Molluscum contagiosum,Molluscum contagiosum,PENDING,,,,,
Molluscum contagiosum/molluscum17.jpg,Molluscum contagiosum,Molluscum contagiosum,PENDING,,,,,
Molluscum contagiosum/molluscum18.jpg,Molluscum contagiosum,Molluscum contagiosum,PENDING,,,,,
Molluscum contagiosum/molluscum19.jpg,Molluscum contagiosum,Molluscum contagiosum,PENDING,,,,,
Molluscum contagiosum/molluscum2.jpg,Molluscum contagiosum,Molluscum contagiosum,PENDING,,,,,
Molluscum contagiosum/molluscum20.jpg,Molluscum contagiosum,Molluscum contagiosum,PENDING,,,,,
Molluscum contagiosum/molluscum21.jpg,Molluscum contagiosum,Molluscum contagiosum,PENDING,,,,,
Molluscum contagiosum/molluscum22.jpg,Molluscum contagiosum,Molluscum contagiosum,PENDING,,,,,
Molluscum contagiosum/molluscum23.jpg,Molluscum contagiosum,Molluscum contagiosum,PENDING,,,,,
Molluscum contagiosum/molluscum24.jpg,Molluscum contagiosum,Molluscum contagiosum,PENDING,,,,,
Molluscum contagiosum/molluscum25.jpg,Molluscum contagiosum,Molluscum contagiosum,PENDING,,,,,
Molluscum contagiosum/molluscum26.jpg,Molluscum contagiosum,Molluscum contagiosum,PENDING,,,,,
Molluscum contagiosum/molluscum27.jpg,Molluscum contagiosum,Molluscum contagiosum,PENDING,,,,,
Molluscum contagiosum/molluscum28.jpg,Molluscum contagiosum,Molluscum contagiosum,PENDING,,,,,
Molluscum contagiosum/molluscum29.jpg,Molluscum contagiosum,Molluscum contagiosum,PENDING,,,,,
Molluscum contagiosum/molluscum3.jpg,Molluscum contagiosum,Molluscum contagiosum,PENDING,,,,,
Molluscum contagiosum/molluscum30.jpg,Molluscum contagiosum,Molluscum contagiosum,PENDING,,,,,
Molluscum contagiosum/molluscum31.jpg,Molluscum contagiosum,Molluscum contagiosum,PENDING,,,,,
Molluscum contagiosum/molluscum32.jpg,Molluscum contagiosum,Molluscum contagiosum,PENDING,,,,,
Molluscum contagiosum/molluscum33.jpg,Molluscum contagiosum,Molluscum contagiosum,PENDING,,,,,
Molluscum contagiosum/molluscum34.jpg,Molluscum contagiosum,Molluscum contagiosum,PENDING,,,,,
Molluscum contagiosum/molluscum35.jpg,Molluscum contagiosum,Molluscum contagiosum,PENDING,,,,,
Molluscum contagiosum/molluscum36.jpg,Molluscum contagiosum,Molluscum contagiosum,PENDING,,,,,
Molluscum contagiosum/molluscum37.jpg,Molluscum contagiosum,Molluscum contagiosum,PENDING,,,,,
Molluscum contagiosum/molluscum38.jpg,Molluscum contagiosum,Molluscum contagiosum,PENDING,,,,,
Molluscum contagiosum/molluscum39.jpg,Molluscum contagiosum,Molluscum contagiosum,PENDING,,,,,
Molluscum contagiosum/molluscum4.jpg,Molluscum contagiosum,Molluscum contagiosum,PENDING,,,,,
Molluscum contagiosum/molluscum40.jpg,Molluscum contagiosum,Molluscum contagiosum,PENDING,,,,,
Molluscum contagiosum/molluscum41.jpg,Molluscum contagiosum,Molluscum contagiosum,PENDING,,,,,
Molluscum contagiosum/molluscum42.jpg,Molluscum contagiosum,Molluscum contagiosum,PENDING,,,,,
Molluscum contagiosum/molluscum43.jpg,Molluscum contagiosum,Molluscum contagiosum,PENDING,,,,,
Molluscum contagiosum/molluscum44.jpg,Molluscum contagiosum,Molluscum contagiosum,PENDING,,,,,
Molluscum contagiosum/molluscum45.jpg,Molluscum contagiosum,Molluscum contagiosum,PENDING,,,,,
Molluscum contagiosum/molluscum46.jpg,Molluscum contagiosum,Molluscum contagiosum,PENDING,,,,,
Molluscum contagiosum/molluscum47.jpg,Molluscum contagiosum,Molluscum contagiosum,PENDING,,,,,
Molluscum contagiosum/molluscum48.jpg,Molluscum contagiosum,Molluscum contagiosum,PENDING,,,,,
Molluscum contagiosum/molluscum49.jpg,Molluscum contagiosum,Molluscum contagiosum,PENDING,,,,,
Molluscum contagiosum/molluscum5.jpg,Molluscum contagiosum,Molluscum contagiosum,PENDING,,,,,
Molluscum contagiosum/molluscum50.jpg,Molluscum contagiosum,Molluscum contagiosum,PENDING,,,,,
Molluscum contagiosum/molluscum51.jpg,Molluscum contagiosum,Molluscum contagiosum,PENDING,,,,,
Molluscum contagiosum/molluscum52.jpg,Molluscum contagiosum,Molluscum contagiosum,PENDING,,,,,
Molluscum contagiosum/molluscum53.jpg,Molluscum contagiosum,Molluscum contagiosum,PENDING,,,,,
Molluscum contagiosum/molluscum6.jpg,Molluscum contagiosum,Molluscum contagiosum,PENDING,,,,,
Molluscum contagiosum/tag4.jpg,Molluscum contagiosum,Molluscum contagiosum,PENDING,,,,,
Morbilliform drug reaction/morbilliform1.jpg,Morbilliform drug reaction,Morbilliform drug reaction,PENDING,,,,,
Morbilliform drug reaction/morbilliform2.jpg,Morbilliform drug reaction,Morbilliform drug reaction,PENDING,,,,,
Morbilliform drug reaction/morbilliform3.jpg,Morbilliform drug reaction,Morbilliform drug reaction,PENDING,,,,,
Morphoea/3191.jpg,Morphoea,Morphoea,PENDING,,,,,
Morphoea/3192.jpg,Morphoea,Morphoea,PENDING,,,,,
Morphoea/3193.jpg,Morphoea,Morphoea,PENDING,,,,,
Morphoea/3194.jpg,Morphoea,Morphoea,PENDING,,,,,
Morphoea/3195.jpg,Morphoea,Morphoea,PENDING,,,,,
Morphoea/3196.jpg,Morphoea,Morphoea,PENDING,,,,,
Morphoea/3197.jpg,Morphoea,Morphoea,PENDING,,,,,
Morphoea/3198.jpg,Morphoea,Morphoea,PENDING,,,,,
Morphoea/3199.jpg,Morphoea,Morphoea,PENDING,,,,,
Morphoea/3200.jpg,Morphoea,Morphoea,PENDING,,,,,
Morphoea/3201.jpg,Morphoea,Morphoea,PENDING,,,,,
Morphoea/3202.jpg,Morphoea,Morphoea,PENDING,,,,,
Morphoea/3203.jpg,Morphoea,Morphoea,PENDING,,,,,
Morphoea/3204.jpg,Morphoea,Morphoea,PENDING,,,,,
Morphoea/3205.jpg,Morphoea,Morphoea,PENDING,,,,,
Morphoea/3206.jpg,Morphoea,Morphoea,PENDING,,,,,
Morphoea/3207.jpg,Morphoea,Morphoea,PENDING,,,,,
Morphoea/3208.jpg,Morphoea,Morphoea,PENDING,,,,,
Morphoea/3209.jpg,Morphoea,Morphoea,PENDING,,,,,
Morphoea/3210.jpg,Morphoea,Morphoea,PENDING,,,,,
Morphoea/3211.jpg,Morphoea,Morphoea,PENDING,,,,,
Morphoea/3212.jpg,Morphoea,Morphoea,PENDING,,,,,
Morphoea/3213.jpg,Morphoea,Morphoea,PENDING,,,,,
Morphoea/3214.jpg,Morphoea,Morphoea,PENDING,,,,,
Morphoea/3215.jpg,Morphoea,Morphoea,PENDING,,,,,
Morphoea/3216.jpg,Morphoea,Morphoea,PENDING,,,,,
Morphoea/3217.jpg,Morphoea,Morphoea,PENDING,,,,,
Morphoea/guttate-morphoea-1.jpg,Morphoea,Morphoea,PENDING,,,,,
Morphoea/guttate-morphoea-2.jpg,Morphoea,Morphoea,PENDING,,,,,
Morphoea/morph1.jpg,Morphoea,Morphoea,PENDING,,,,,
Morphoea/morph2.jpg,Morphoea,Morphoea,PENDING,,,,,
Morphoea/morph3.jpg,Morphoea,Morphoea,PENDING,,,,,
Morphoea/morph4.jpg,Morphoea,Morphoea,PENDING,,,,,
Morphoea/morph5.jpg,Morphoea,Morphoea,PENDING,,,,,
Morphoea/morph6.jpg,Morphoea,Morphoea,PENDING,,,,,
Morphoea/morph7.jpg,Morphoea,Morphoea,PENDING,,,,,
Morphoea/morph8.jpg,Morphoea,Morphoea,PENDING,,,,,
Morphoea/parry-romberg-syndrome-0001.jpg,Morphoea,Morphoea,PENDING,,,,,
Morphoea/parry-romberg-syndrome-0002.jpg,Morphoea,Morphoea,PENDING,,,,,
Morphoea/parry-romberg-syndrome-0003.jpg,Morphoea,Morphoea,PENDING,,,,,
Morphoea/parry-romberg-syndrome-0004.jpg,Morphoea,Morphoea,PENDING,,,,,
Morphoea/parry-romberg-syndrome-0006.jpg,Morphoea,Morphoea,PENDING,,,,,
Morphoea en coup de sabre/morphoea-en-coup-de-sabre-01.jpg,Morphoea en coup de sabre,Morphoea en coup de sabre,PENDING,,,,,
Morphoea en coup de sabre/morphoea-en-coup-de-sabre-03.jpg,Morphoea en coup de sabre,Morphoea en coup de sabre,PENDING,,,,,
Morphoea en coup de sabre/morphoea-en-coup-de-sabre-04.jpg,Morphoea en coup de sabre,Morphoea en coup de sabre,PENDING,,,,,
Morphoea en coup de sabre/morphoea-en-coup-de-sabre-05.jpg,Morphoea en coup de sabre,Morphoea en coup de sabre,PENDING,,,,,
Mucocoele of the lip/mucocoele1.jpg,Mucocoele of the lip,Mucocoele of the lip,PENDING,,,,,
Mucocoele of the lip/mucocoele2.jpg,Mucocoele of the lip,Mucocoele of the lip,PENDING,,,,,
Mucocoele of the lip/mucocoele3.jpg,Mucocoele of the lip,Mucocoele of the lip,PENDING,,,,,
Multicentric reticulohistiocytosis/multicentric-histiocytosis-001.jpg,Multicentric reticulohistiocytosis,Multicentric reticulohistiocytosis,PENDING,,,,,
Multicentric reticulohistiocytosis/multicentric-histiocytosis-002.jpg,Multicentric reticulohistiocytosis,Multicentric reticulohistiocytosis,PENDING,,,,,
Multicentric reticulohistiocytosis/multicentric-histiocytosis-003.jpg,Multicentric reticulohistiocytosis,Multicentric reticulohistiocytosis,PENDING,,,,,
Multicentric reticulohistiocytosis/multicentric-histiocytosis-005.jpg,Multicentric reticulohistiocytosis,Multicentric reticulohistiocytosis,PENDING,,,,,
Multicentric reticulohistiocytosis/multicentric-histiocytosis-006.jpg,Multicentric reticulohistiocytosis,Multicentric reticulohistiocytosis,PENDING,,,,,
Multicentric reticulohistiocytosis/multicentric-histiocytosis-007.jpg,Multicentric reticulohistiocytosis,Multicentric reticulohistiocytosis,PENDING,,,,,
Multicentric reticulohistiocytosis/reticulocytosis1.jpg,Multicentric reticulohistiocytosis,Multicentric reticulohistiocytosis,PENDING,,,,,
Multicentric reticulohistiocytosis/reticulocytosis2.jpg,Multicentric reticulohistiocytosis,Multicentric reticulohistiocytosis,PENDING,,,,,
Multicentric reticulohistiocytosis/reticulocytosis3.jpg,Multicentric reticulohistiocytosis,Multicentric reticulohistiocytosis,PENDING,,,,,
Multiple self-healing squamous epitheliomas of Ferguson-Smith/ferguson-smith-1.jpg,Multiple self-healing squamous epitheliomas of Ferguson-Smith,Multiple self-healing squamous epitheliomas of Ferguson-Smith,PENDING,,,,,
Multiple self-healing squamous epitheliomas of Ferguson-Smith/ferguson-smith-2.jpg,Multiple self-healing squamous epitheliomas of Ferguson-Smith,Multiple self-healing squamous epitheliomas of Ferguson-Smith,PENDING,,,,,
Multiple self-healing squamous epitheliomas of Ferguson-Smith/ferguson-smith-3.jpg,Multiple self-healing squamous epitheliomas of Ferguson-Smith,Multiple self-healing squamous epitheliomas of Ferguson-Smith,PENDING,,,,,
Multiple self-healing squamous epitheliomas of Ferguson-Smith/ferguson-smith-4.jpg,Multiple self-healing squamous epitheliomas of Ferguson-Smith,Multiple self-healing squamous epitheliomas of Ferguson-Smith,PENDING,,,,,
Mycetoma/Mycetoma-foot-2.jpg,Mycetoma,Mycetoma,PENDING,,,,,
Mycetoma/actinomycetoma-foot-and-legs-v2.jpg,Mycetoma,Mycetoma,PENDING,,,,,
Mycetoma/mycetoma-foot.jpg,Mycetoma,Mycetoma,PENDING,,,,,
Mycoplasma pneumoniae infection/mycoplasma-04.jpg,Mycoplasma pneumoniae infection,Mycoplasma pneumoniae infection,PENDING,,,,,
Mycoplasma pneumoniae infection/mycoplasma-05.jpg,Mycoplasma pneumoniae infection,Mycoplasma pneumoniae infection,PENDING,,,,,
Mycoplasma pneumoniae infection/mycoplasma-06.jpg,Mycoplasma pneumoniae infection,Mycoplasma pneumoniae infection,PENDING,,,,,
Mycoplasma pneumoniae infection/mycoplasma1.jpg,Mycoplasma pneumoniae infection,Mycoplasma pneumoniae infection,PENDING,,,,,
Mycoplasma pneumoniae infection/mycoplasma2.jpg,Mycoplasma pneumoniae infection,Mycoplasma pneumoniae infection,PENDING,,,,,
Mycoplasma pneumoniae infection/reactive-infectious-mucocutaneous-eruption-0001.jpg,Mycoplasma pneumoniae infection,Mycoplasma pneumoniae infection,PENDING,,,,,
Mycoplasma pneumoniae infection/reactive-infectious-mucocutaneous-eruption-0002.jpg,Mycoplasma pneumoniae infection,Mycoplasma pneumoniae infection,PENDING,,,,,
Mycoplasma pneumoniae infection/reactive-infectious-mucocutaneous-eruption-0003.jpg,Mycoplasma pneumoniae infection,Mycoplasma pneumoniae infection,PENDING,,,,,
Mycoplasma pneumoniae infection/reactive-infectious-mucocutaneous-eruption-0004.jpg,Mycoplasma pneumoniae infection,Mycoplasma pneumoniae infection,PENDING,,,,,
Mycoplasma pneumoniae infection/reactive-infectious-mucocutaneous-eruption-0005.jpg,Mycoplasma pneumoniae infection,Mycoplasma pneumoniae infection,PENDING,,,,,
Mycoplasma pneumoniae infection/reactive-infectious-mucocutaneous-eruption-0006.jpg,Mycoplasma pneumoniae infection,Mycoplasma pneumoniae infection,PENDING,,,,,
Mycoplasma pneumoniae infection/reactive-infectious-mucocutaneous-eruption-0007.jpg,Mycoplasma pneumoniae infection,Mycoplasma pneumoniae infection,PENDING,,,,,
Mycoplasma pneumoniae infection/reactive-infectious-mucocutaneous-eruption-0008.jpg,Mycoplasma pneumoniae infection,Mycoplasma pneumoniae infection,PENDING,,,,,
Mycoplasma pneumoniae infection/reactive-infectious-mucocutaneous-eruption-0009-1.jpg,Mycoplasma pneumoniae infection,Mycoplasma pneumoniae infection,PENDING,,,,,
Mycoplasma pneumoniae infection/reactive-infectious-mucocutaneous-eruption-0010.jpg,Mycoplasma pneumoniae infection,Mycoplasma pneumoniae infection,PENDING,,,,,
Mycoplasma pneumoniae infection/reactive-infectious-mucocutaneous-eruption-0011-1.jpg,Mycoplasma pneumoniae infection,Mycoplasma pneumoniae infection,PENDING,,,,,
Mycoplasma pneumoniae infection/reactive-infectious-mucocutaneous-eruption-0012-1.jpg,Mycoplasma pneumoniae infection,Mycoplasma pneumoniae infection,PENDING,,,,,
Mycoplasma pneumoniae infection/reactive-infectious-mucocutaneous-eruption-0013.jpg,Mycoplasma pneumoniae infection,Mycoplasma pneumoniae infection,PENDING,,,,,
Mycoplasma pneumoniae infection/sjs-mycoplasma.jpg,Mycoplasma pneumoniae infection,Mycoplasma pneumoniae infection,PENDING,,,,,
Mycosis fungoides/MF-palms.jpg,Mycosis fungoides,Mycosis fungoides,PENDING,,,,,
Mycosis fungoides/ctcl1.jpg,Mycosis fungoides,Mycosis fungoides,PENDING,,,,,
Mycosis fungoides/ctcl10.jpg,Mycosis fungoides,Mycosis fungoides,PENDING,,,,,
Mycosis fungoides/ctcl11.jpg,Mycosis fungoides,Mycosis fungoides,PENDING,,,,,
Mycosis fungoides/ctcl12.jpg,Mycosis fungoides,Mycosis fungoides,PENDING,,,,,
Mycosis fungoides/ctcl13.jpg,Mycosis fungoides,Mycosis fungoides,PENDING,,,,,
Mycosis fungoides/ctcl14.jpg,Mycosis fungoides,Mycosis fungoides,PENDING,,,,,
Mycosis fungoides/ctcl3.jpg,Mycosis fungoides,Mycosis fungoides,PENDING,,,,,
Mycosis fungoides/ctcl4.jpg,Mycosis fungoides,Mycosis fungoides,PENDING,,,,,
Mycosis fungoides/ctcl6.jpg,Mycosis fungoides,Mycosis fungoides,PENDING,,,,,
Mycosis fungoides/ctcl7.jpg,Mycosis fungoides,Mycosis fungoides,PENDING,,,,,
Mycosis fungoides/ctcl8.jpg,Mycosis fungoides,Mycosis fungoides,PENDING,,,,,
Mycosis fungoides/ctcl9.jpg,Mycosis fungoides,Mycosis fungoides,PENDING,,,,,
Mycosis fungoides/itchy-skin-52.jpg,Mycosis fungoides,Mycosis fungoides,PENDING,,,,,
Mycosis fungoides/lymph-pap1.jpg,Mycosis fungoides,Mycosis fungoides,PENDING,,,,,
Mycosis fungoides/lymph-pap2.jpg,Mycosis fungoides,Mycosis fungoides,PENDING,,,,,
Mycosis fungoides/lymphoma2.jpg,Mycosis fungoides,Mycosis fungoides,PENDING,,,,,
Mycosis fungoides/mycosis-fungoides-1.jpg,Mycosis fungoides,Mycosis fungoides,PENDING,,,,,
Mycosis fungoides/mycosis-fungoides-10.jpg,Mycosis fungoides,Mycosis fungoides,PENDING,,,,,
Mycosis fungoides/mycosis-fungoides-11.jpg,Mycosis fungoides,Mycosis fungoides,PENDING,,,,,
Mycosis fungoides/mycosis-fungoides-12.jpg,Mycosis fungoides,Mycosis fungoides,PENDING,,,,,
Mycosis fungoides/mycosis-fungoides-13.jpg,Mycosis fungoides,Mycosis fungoides,PENDING,,,,,
Mycosis fungoides/mycosis-fungoides-14.jpg,Mycosis fungoides,Mycosis fungoides,PENDING,,,,,
Mycosis fungoides/mycosis-fungoides-15.jpg,Mycosis fungoides,Mycosis fungoides,PENDING,,,,,
Mycosis fungoides/mycosis-fungoides-16.jpg,Mycosis fungoides,Mycosis fungoides,PENDING,,,,,
Mycosis fungoides/mycosis-fungoides-17.jpg,Mycosis fungoides,Mycosis fungoides,PENDING,,,,,
Mycosis fungoides/mycosis-fungoides-2.jpg,Mycosis fungoides,Mycosis fungoides,PENDING,,,,,
Mycosis fungoides/mycosis-fungoides-3.jpg,Mycosis fungoides,Mycosis fungoides,PENDING,,,,,
Mycosis fungoides/mycosis-fungoides-4.jpg,Mycosis fungoides,Mycosis fungoides,PENDING,,,,,
Mycosis fungoides/mycosis-fungoides-5.jpg,Mycosis fungoides,Mycosis fungoides,PENDING,,,,,
Mycosis fungoides/mycosis-fungoides-6.jpg,Mycosis fungoides,Mycosis fungoides,PENDING,,,,,
Mycosis fungoides/mycosis-fungoides-7.jpg,Mycosis fungoides,Mycosis fungoides,PENDING,,,,,
Mycosis fungoides/mycosis-fungoides-8.jpg,Mycosis fungoides,Mycosis fungoides,PENDING,,,,,
Mycosis fungoides/mycosis-fungoides-9.jpg,Mycosis fungoides,Mycosis fungoides,PENDING,,,,,
Mycosis fungoides/mycosis-fungoides-palmaris-02.jpg,Mycosis fungoides,Mycosis fungoides,PENDING,,,,,
Mycosis fungoides/mycosis-fungoides-palmaris-03.jpg,Mycosis fungoides,Mycosis fungoides,PENDING,,,,,
Mycosis fungoides/mycosis-fungoides-patch-01.jpg,Mycosis fungoides,Mycosis fungoides,PENDING,,,,,
Mycosis fungoides/mycosis-fungoides-patch-02.jpg,Mycosis fungoides,Mycosis fungoides,PENDING,,,,,
Mycosis fungoides/mycosis-fungoides-plaque-03.jpg,Mycosis fungoides,Mycosis fungoides,PENDING,,,,,
Mycosis fungoides/mycosis-fungoides-plaque-04.jpg,Mycosis fungoides,Mycosis fungoides,PENDING,,,,,
Mycosis fungoides/mycosis-fungoides-plaque-05.jpg,Mycosis fungoides,Mycosis fungoides,PENDING,,,,,
Mycosis fungoides/mycosis-fungoides-plaque-06.jpg,Mycosis fungoides,Mycosis fungoides,PENDING,,,,,
Mycosis fungoides/mycosis-fungoides-plaque-07.jpg,Mycosis fungoides,Mycosis fungoides,PENDING,,,,,
Mycosis fungoides/mycosis-fungoides-plaque-08.jpg,Mycosis fungoides,Mycosis fungoides,PENDING,,,,,
Mycosis fungoides/mycosis-fungoides-plaque-09.jpg,Mycosis fungoides,Mycosis fungoides,PENDING,,,,,
Mycosis fungoides/mycosis-fungoides-plaque-10.jpg,Mycosis fungoides,Mycosis fungoides,PENDING,,,,,
Mycosis fungoides/mycosis-fungoides-plaque-11.jpg,Mycosis fungoides,Mycosis fungoides,PENDING,,,,,
Mycosis fungoides/mycosis-fungoides-plaque-14.jpg,Mycosis fungoides,Mycosis fungoides,PENDING,,,,,
Mycosis fungoides/mycosis-fungoides-plaque-15.jpg,Mycosis fungoides,Mycosis fungoides,PENDING,,,,,
Mycosis fungoides/mycosis-fungoides-plaque-16.jpg,Mycosis fungoides,Mycosis fungoides,PENDING,,,,,
Mycosis fungoides/mycosis-fungoides-plaque-17.jpg,Mycosis fungoides,Mycosis fungoides,PENDING,,,,,
Mycosis fungoides/mycosis-fungoides-plaque-18.jpg,Mycosis fungoides,Mycosis fungoides,PENDING,,,,,
Mycosis fungoides/mycosis-fungoides-plaque-19.jpg,Mycosis fungoides,Mycosis fungoides,PENDING,,,,,
Myxoma syndrome/myxoma-01.jpg,Myxoma syndrome,Myxoma syndrome,PENDING,,,,,
Myxoma syndrome/myxoma-02.jpg,Myxoma syndrome,Myxoma syndrome,PENDING,,,,,
Naevus anaemicus/01.jpg,Naevus anaemicus,Naevus anaemicus,PENDING,,,,,
Naevus anaemicus/02.jpg,Naevus anaemicus,Naevus anaemicus,PENDING,,,,,
Naevus anaemicus/03.jpg,Naevus anaemicus,Naevus anaemicus,PENDING,,,,,
Naevus anaemicus/04.jpg,Naevus anaemicus,Naevus anaemicus,PENDING,,,,,
Naevus anaemicus/05.jpg,Naevus anaemicus,Naevus anaemicus,PENDING,,,,,
Naevus anaemicus/06.jpg,Naevus anaemicus,Naevus anaemicus,PENDING,,,,,
Naevus anaemicus/07.jpg,Naevus anaemicus,Naevus anaemicus,PENDING,,,,,
Naevus anaemicus/naevus-anaemicus-1.jpg,Naevus anaemicus,Naevus anaemicus,PENDING,,,,,
Naevus anaemicus/naevus-anaemicus-2.jpg,Naevus anaemicus,Naevus anaemicus,PENDING,,,,,
Naevus anaemicus/naevus-anaemicus-3.jpg,Naevus anaemicus,Naevus anaemicus,PENDING,,,,,
Naevus anaemicus/naevus-anaemicus-4.jpg,Naevus anaemicus,Naevus anaemicus,PENDING,,,,,
Naevus anaemicus/naevus-anaemicus-5.jpg,Naevus anaemicus,Naevus anaemicus,PENDING,,,,,
Naevus anaemicus/naevus-anaemicus-6.jpg,Naevus anaemicus,Naevus anaemicus,PENDING,,,,,
Naevus depigmentosus/01.jpg,Naevus depigmentosus,Naevus depigmentosus,PENDING,,,,,
Naevus depigmentosus/02.jpg,Naevus depigmentosus,Naevus depigmentosus,PENDING,,,,,
Naevus depigmentosus/03.jpg,Naevus depigmentosus,Naevus depigmentosus,PENDING,,,,,
Naevus depigmentosus/04.jpg,Naevus depigmentosus,Naevus depigmentosus,PENDING,,,,,
Naevus depigmentosus/05.jpg,Naevus depigmentosus,Naevus depigmentosus,PENDING,,,,,
Naevus depigmentosus/06.jpg,Naevus depigmentosus,Naevus depigmentosus,PENDING,,,,,
Naevus depigmentosus/07.jpg,Naevus depigmentosus,Naevus depigmentosus,PENDING,,,,,
Naevus depigmentosus/naevus-depigmentosus-1.jpg,Naevus depigmentosus,Naevus depigmentosus,PENDING,,,,,
Naevus depigmentosus/naevus-depigmentosus-2.jpg,Naevus depigmentosus,Naevus depigmentosus,PENDING,,,,,
Naevus depigmentosus/naevus-depigmentosus-3.jpg,Naevus depigmentosus,Naevus depigmentosus,PENDING,,,,,
Naevus depigmentosus/naevus-depigmentosus-4.jpg,Naevus depigmentosus,Naevus depigmentosus,PENDING,,,,,
Naevus depigmentosus/naevus-depigmentosus-5.jpg,Naevus depigmentosus,Naevus depigmentosus,PENDING,,,,,
Naevus flammeus simplex/01.jpg,Naevus flammeus simplex,Naevus flammeus simplex,PENDING,,,,,
Naevus flammeus simplex/02.jpg,Naevus flammeus simplex,Naevus flammeus simplex,PENDING,,,,,
Naevus flammeus simplex/03.jpg,Naevus flammeus simplex,Naevus flammeus simplex,PENDING,,,,,
Naevus flammeus simplex/04.jpg,Naevus flammeus simplex,Naevus flammeus simplex,PENDING,,,,,
Naevus flammeus simplex/05.jpg,Naevus flammeus simplex,Naevus flammeus simplex,PENDING,,,,,
"Naevus of Ota, naevus of Ito and naevus of Hori/01.jpg","Naevus of Ota, naevus of Ito and naevus of Hori","Naevus of Ota, naevus of Ito and naevus of Hori",PENDING,,,,,
"Naevus of Ota, naevus of Ito and naevus of Hori/02.jpg","Naevus of Ota, naevus of Ito and naevus of Hori","Naevus of Ota, naevus of Ito and naevus of Hori",PENDING,,,,,
"Naevus of Ota, naevus of Ito and naevus of Hori/03.jpg","Naevus of Ota, naevus of Ito and naevus of Hori","Naevus of Ota, naevus of Ito and naevus of Hori",PENDING,,,,,
"Naevus of Ota, naevus of Ito and naevus of Hori/04.jpg","Naevus of Ota, naevus of Ito and naevus of Hori","Naevus of Ota, naevus of Ito and naevus of Hori",PENDING,,,,,
"Naevus of Ota, naevus of Ito and naevus of Hori/05.jpg","Naevus of Ota, naevus of Ito and naevus of Hori","Naevus of Ota, naevus of Ito and naevus of Hori",PENDING,,,,,
"Naevus of Ota, naevus of Ito and naevus of Hori/06.jpg","Naevus of Ota, naevus of Ito and naevus of Hori","Naevus of Ota, naevus of Ito and naevus of Hori",PENDING,,,,,
"Naevus of Ota, naevus of Ito and naevus of Hori/ito.jpg","Naevus of Ota, naevus of Ito and naevus of Hori","Naevus of Ota, naevus of Ito and naevus of Hori",PENDING,,,,,
"Naevus of Ota, naevus of Ito and naevus of Hori/melanocytosis-ito.jpg","Naevus of Ota, naevus of Ito and naevus of Hori","Naevus of Ota, naevus of Ito and naevus of Hori",PENDING,,,,,
"Naevus of Ota, naevus of Ito and naevus of Hori/ota.jpg","Naevus of Ota, naevus of Ito and naevus of Hori","Naevus of Ota, naevus of Ito and naevus of Hori",PENDING,,,,,
"Naevus of Ota, naevus of Ito and naevus of Hori/ota2.jpg","Naevus of Ota, naevus of Ito and naevus of Hori","Naevus of Ota, naevus of Ito and naevus of Hori",PENDING,,,,,
"Naevus of Ota, naevus of Ito and naevus of Hori/ota3.jpg","Naevus of Ota, naevus of Ito and naevus of Hori","Naevus of Ota, naevus of Ito and naevus of Hori",PENDING,,,,,
Napkin dermatitis/napkin-dermatitis01-sm.jpg,Napkin dermatitis,Napkin dermatitis,PENDING,,,,,
Napkin dermatitis/napkin-dermatitis02-sm.jpg,Napkin dermatitis,Napkin dermatitis,PENDING,,,,,
Napkin dermatitis/napkin-dermatitis03-sm.jpg,Napkin dermatitis,Napkin dermatitis,PENDING,,,,,
Napkin dermatitis/napkin-dermatitis04-sm.jpg,Napkin dermatitis,Napkin dermatitis,PENDING,,,,,
Napkin dermatitis/napkin-dermatitis05-sm.jpg,Napkin dermatitis,Napkin dermatitis,PENDING,,,,,
Napkin dermatitis/napkin-dermatitis06-sm.jpg,Napkin dermatitis,Napkin dermatitis,PENDING,,,,,
Napkin dermatitis/napkin-dermatitis07-sm.jpg,Napkin dermatitis,Napkin dermatitis,PENDING,,,,,
Napkin dermatitis/napkin-dermatitis08-sm.jpg,Napkin dermatitis,Napkin dermatitis,PENDING,,,,,
Napkin dermatitis/napkin-dermatitis09-sm.jpg,Napkin dermatitis,Napkin dermatitis,PENDING,,,,,
Napkin dermatitis/napkin-dermatitis1-sm.jpg,Napkin dermatitis,Napkin dermatitis,PENDING,,,,,
Napkin dermatitis/napkin-dermatitis10-sm.jpg,Napkin dermatitis,Napkin dermatitis,PENDING,,,,,
Napkin dermatitis/napkin-dermatitis11-sm.jpg,Napkin dermatitis,Napkin dermatitis,PENDING,,,,,
Napkin dermatitis/napkin-dermatitis12-sm.jpg,Napkin dermatitis,Napkin dermatitis,PENDING,,,,,
Napkin dermatitis/napkin-dermatitis13-sm.jpg,Napkin dermatitis,Napkin dermatitis,PENDING,,,,,
Napkin dermatitis/napkin-dermatitis14-sm.jpg,Napkin dermatitis,Napkin dermatitis,PENDING,,,,,
Napkin dermatitis/napkin-dermatitis15-sm.jpg,Napkin dermatitis,Napkin dermatitis,PENDING,,,,,
Napkin dermatitis/napkin-dermatitis16-sm.jpg,Napkin dermatitis,Napkin dermatitis,PENDING,,,,,
Napkin dermatitis/napkin-dermatitis17-sm.jpg,Napkin dermatitis,Napkin dermatitis,PENDING,,,,,
Napkin dermatitis/napkin-dermatitis18-sm.jpg,Napkin dermatitis,Napkin dermatitis,PENDING,,,,,
Napkin dermatitis/napkin-dermatitis19-s.jpg,Napkin dermatitis,Napkin dermatitis,PENDING,,,,,
Napkin dermatitis/napkin-dermatitis20-sm.jpg,Napkin dermatitis,Napkin dermatitis,PENDING,,,,,
Napkin dermatitis/napkin-dermatitis21-sm.jpg,Napkin dermatitis,Napkin dermatitis,PENDING,,,,,
Napkin dermatitis/napkin-dermatitis23-sm.jpg,Napkin dermatitis,Napkin dermatitis,PENDING,,,,,
Napkin dermatitis/napkin-dermatitis24-sm.jpg,Napkin dermatitis,Napkin dermatitis,PENDING,,,,,
Napkin dermatitis/napkin-dermatitis25-sm.jpg,Napkin dermatitis,Napkin dermatitis,PENDING,,,,,
Napkin dermatitis/napkin-dermatitis26-sm.jpg,Napkin dermatitis,Napkin dermatitis,PENDING,,,,,
Napkin dermatitis/napkin-dermatitis27-sm.jpg,Napkin dermatitis,Napkin dermatitis,PENDING,,,,,
Napkin dermatitis/napkin-dermatitis28-sm.jpg,Napkin dermatitis,Napkin dermatitis,PENDING,,,,,
Napkin dermatitis/napkin-dermatitis29-sm.jpg,Napkin dermatitis,Napkin dermatitis,PENDING,,,,,
Napkin dermatitis/napkin-dermatitis30-sm.jpg,Napkin dermatitis,Napkin dermatitis,PENDING,,,,,
Napkin dermatitis/napkin-dermatitis31-sm.jpg,Napkin dermatitis,Napkin dermatitis,PENDING,,,,,
Napkin dermatitis/napkin-dermatitis32-sm.jpg,Napkin dermatitis,Napkin dermatitis,PENDING,,,,,
Napkin dermatitis/napkin-dermatitis33-sm.jpg,Napkin dermatitis,Napkin dermatitis,PENDING,,,,,
Napkin dermatitis/napkin-dermatitis34-sm.jpg,Napkin dermatitis,Napkin dermatitis,PENDING,,,,,
Napkin dermatitis/napkin-dermatitis36-sm.jpg,Napkin dermatitis,Napkin dermatitis,PENDING,,,,,
Napkin dermatitis/napkin-thrush-s.jpg,Napkin dermatitis,Napkin dermatitis,PENDING,,,,,
Napkin dermatitis/nrash.jpg,Napkin dermatitis,Napkin dermatitis,PENDING,,,,,
Necrobiosis lipoidica/01.jpg,Necrobiosis lipoidica,Necrobiosis lipoidica,PENDING,,,,,
Necrobiosis lipoidica/02.jpg,Necrobiosis lipoidica,Necrobiosis lipoidica,PENDING,,,,,
Necrobiosis lipoidica/03.jpg,Necrobiosis lipoidica,Necrobiosis lipoidica,PENDING,,,,,
Necrobiosis lipoidica/04.jpg,Necrobiosis lipoidica,Necrobiosis lipoidica,PENDING,,,,,
Necrobiosis lipoidica/05.jpg,Necrobiosis lipoidica,Necrobiosis lipoidica,PENDING,,,,,
Necrobiosis lipoidica/06.jpg,Necrobiosis lipoidica,Necrobiosis lipoidica,PENDING,,,,,
Necrobiosis lipoidica/07.jpg,Necrobiosis lipoidica,Necrobiosis lipoidica,PENDING,,,,,
Necrobiosis lipoidica/08.jpg,Necrobiosis lipoidica,Necrobiosis lipoidica,PENDING,,,,,
Necrobiosis lipoidica/09.jpg,Necrobiosis lipoidica,Necrobiosis lipoidica,PENDING,,,,,
Necrobiosis lipoidica/10.jpg,Necrobiosis lipoidica,Necrobiosis lipoidica,PENDING,,,,,
Necrobiosis lipoidica/11.jpg,Necrobiosis lipoidica,Necrobiosis lipoidica,PENDING,,,,,
Necrobiosis lipoidica/12.jpg,Necrobiosis lipoidica,Necrobiosis lipoidica,PENDING,,,,,
Necrobiosis lipoidica/13.jpg,Necrobiosis lipoidica,Necrobiosis lipoidica,PENDING,,,,,
Necrobiosis lipoidica/nld.jpg,Necrobiosis lipoidica,Necrobiosis lipoidica,PENDING,,,,,
Necrobiosis lipoidica/nld1.jpg,Necrobiosis lipoidica,Necrobiosis lipoidica,PENDING,,,,,
Necrobiosis lipoidica/nld2.jpg,Necrobiosis lipoidica,Necrobiosis lipoidica,PENDING,,,,,
Necrobiosis lipoidica/nld3.jpg,Necrobiosis lipoidica,Necrobiosis lipoidica,PENDING,,,,,
Necrobiosis lipoidica/ulcer-32.jpg,Necrobiosis lipoidica,Necrobiosis lipoidica,PENDING,,,,,
Necrobiosis lipoidica/ulcer-34.jpg,Necrobiosis lipoidica,Necrobiosis lipoidica,PENDING,,,,,
Necrolytic migratory erythema/01.jpg,Necrolytic migratory erythema,Necrolytic migratory erythema,PENDING,,,,,
Necrolytic migratory erythema/02.jpg,Necrolytic migratory erythema,Necrolytic migratory erythema,PENDING,,,,,
Necrolytic migratory erythema/03.jpg,Necrolytic migratory erythema,Necrolytic migratory erythema,PENDING,,,,,
Necrolytic migratory erythema/04.jpg,Necrolytic migratory erythema,Necrolytic migratory erythema,PENDING,,,,,
Necrolytic migratory erythema/05.jpg,Necrolytic migratory erythema,Necrolytic migratory erythema,PENDING,,,,,
Necrolytic migratory erythema/06.jpg,Necrolytic migratory erythema,Necrolytic migratory erythema,PENDING,,,,,
Necrolytic migratory erythema/glucagon1.jpg,Necrolytic migratory erythema,Necrolytic migratory erythema,PENDING,,,,,
Necrolytic migratory erythema/glucagon2.jpg,Necrolytic migratory erythema,Necrolytic migratory erythema,PENDING,,,,,
Necrolytic migratory erythema/glucagon3.jpg,Necrolytic migratory erythema,Necrolytic migratory erythema,PENDING,,,,,
Necrolytic migratory erythema/glucagonoma1.jpg,Necrolytic migratory erythema,Necrolytic migratory erythema,PENDING,,,,,
Necrolytic migratory erythema/glucagonoma2.jpg,Necrolytic migratory erythema,Necrolytic migratory erythema,PENDING,,,,,
Necrotising fasciitis/01.jpg,Necrotising fasciitis,Necrotising fasciitis,PENDING,,,,,
Necrotising fasciitis/02.jpg,Necrotising fasciitis,Necrotising fasciitis,PENDING,,,,,
Necrotising fasciitis/03.jpg,Necrotising fasciitis,Necrotising fasciitis,PENDING,,,,,
Necrotising fasciitis/04.jpg,Necrotising fasciitis,Necrotising fasciitis,PENDING,,,,,
Necrotising fasciitis/05.jpg,Necrotising fasciitis,Necrotising fasciitis,PENDING,,,,,
Necrotising fasciitis/06.jpg,Necrotising fasciitis,Necrotising fasciitis,PENDING,,,,,
Necrotising fasciitis/07.jpg,Necrotising fasciitis,Necrotising fasciitis,PENDING,,,,,
Necrotising fasciitis/08.jpg,Necrotising fasciitis,Necrotising fasciitis,PENDING,,,,,
Necrotising fasciitis/09.jpg,Necrotising fasciitis,Necrotising fasciitis,PENDING,,,,,
Necrotising fasciitis/10.jpg,Necrotising fasciitis,Necrotising fasciitis,PENDING,,,,,
Necrotising fasciitis/11.jpg,Necrotising fasciitis,Necrotising fasciitis,PENDING,,,,,
Necrotising fasciitis/12.jpg,Necrotising fasciitis,Necrotising fasciitis,PENDING,,,,,
Necrotising fasciitis/13.jpg,Necrotising fasciitis,Necrotising fasciitis,PENDING,,,,,
Necrotising fasciitis/14.jpg,Necrotising fasciitis,Necrotising fasciitis,PENDING,,,,,
Necrotising fasciitis/15.jpg,Necrotising fasciitis,Necrotising fasciitis,PENDING,,,,,
Necrotising fasciitis/16.jpg,Necrotising fasciitis,Necrotising fasciitis,PENDING,,,,,
Necrotising fasciitis/17.jpg,Necrotising fasciitis,Necrotising fasciitis,PENDING,,,,,
Necrotising fasciitis/18.jpg,Necrotising fasciitis,Necrotising fasciitis,PENDING,,,,,
Necrotising fasciitis/19.jpg,Necrotising fasciitis,Necrotising fasciitis,PENDING,,,,,
Necrotising fasciitis/20.jpg,Necrotising fasciitis,Necrotising fasciitis,PENDING,,,,,
Necrotising fasciitis/21.jpg,Necrotising fasciitis,Necrotising fasciitis,PENDING,,,,,
Necrotising fasciitis/22.jpg,Necrotising fasciitis,Necrotising fasciitis,PENDING,,,,,
Necrotising fasciitis/23.jpg,Necrotising fasciitis,Necrotising fasciitis,PENDING,,,,,
Necrotising fasciitis/24.jpg,Necrotising fasciitis,Necrotising fasciitis,PENDING,,,,,
Necrotising fasciitis/25.jpg,Necrotising fasciitis,Necrotising fasciitis,PENDING,,,,,
Necrotising fasciitis/26.jpg,Necrotising fasciitis,Necrotising fasciitis,PENDING,,,,,
Necrotising fasciitis/27.jpg,Necrotising fasciitis,Necrotising fasciitis,PENDING,,,,,
Necrotising fasciitis/28.jpg,Necrotising fasciitis,Necrotising fasciitis,PENDING,,,,,
Necrotising fasciitis/29.jpg,Necrotising fasciitis,Necrotising fasciitis,PENDING,,,,,
Necrotising fasciitis/30.jpg,Necrotising fasciitis,Necrotising fasciitis,PENDING,,,,,
Necrotising fasciitis/31.jpg,Necrotising fasciitis,Necrotising fasciitis,PENDING,,,,,
Necrotising fasciitis/32.jpg,Necrotising fasciitis,Necrotising fasciitis,PENDING,,,,,
Necrotising fasciitis/nec-fas1.jpg,Necrotising fasciitis,Necrotising fasciitis,PENDING,,,,,
Necrotising fasciitis/nec-fas10.jpg,Necrotising fasciitis,Necrotising fasciitis,PENDING,,,,,
Necrotising fasciitis/nec-fas2.jpg,Necrotising fasciitis,Necrotising fasciitis,PENDING,,,,,
Necrotising fasciitis/nec-fas3.jpg,Necrotising fasciitis,Necrotising fasciitis,PENDING,,,,,
Necrotising fasciitis/nec-fas4.jpg,Necrotising fasciitis,Necrotising fasciitis,PENDING,,,,,
Necrotising fasciitis/nec-fas5.jpg,Necrotising fasciitis,Necrotising fasciitis,PENDING,,,,,
Necrotising fasciitis/nec-fas7.jpg,Necrotising fasciitis,Necrotising fasciitis,PENDING,,,,,
Necrotising fasciitis/nec-fas8.jpg,Necrotising fasciitis,Necrotising fasciitis,PENDING,,,,,
Necrotising fasciitis/nec-fas9.jpg,Necrotising fasciitis,Necrotising fasciitis,PENDING,,,,,
Neonatal lupus/01.jpg,Neonatal lupus,Neonatal lupus,PENDING,,,,,
Neonatal lupus/02.jpg,Neonatal lupus,Neonatal lupus,PENDING,,,,,
Neonatal lupus/03.jpg,Neonatal lupus,Neonatal lupus,PENDING,,,,,
Neonatal lupus/04.jpg,Neonatal lupus,Neonatal lupus,PENDING,,,,,
Neonatal lupus/05.jpg,Neonatal lupus,Neonatal lupus,PENDING,,,,,
Neonatal lupus/06.jpg,Neonatal lupus,Neonatal lupus,PENDING,,,,,
Neonatal lupus/lupus-neon.jpg,Neonatal lupus,Neonatal lupus,PENDING,,,,,
Neonatal lupus/lupus-neon1.jpg,Neonatal lupus,Neonatal lupus,PENDING,,,,,
Neonatal lupus/lupus-neon2-s.jpg,Neonatal lupus,Neonatal lupus,PENDING,,,,,
Neonatal lupus/lupus-neon3.jpg,Neonatal lupus,Neonatal lupus,PENDING,,,,,
Neonatal subcutaneous fat necrosis/fat-necrosis1.jpg,Neonatal subcutaneous fat necrosis,Neonatal subcutaneous fat necrosis,PENDING,,,,,
Neonatal subcutaneous fat necrosis/fat-necrosis2.jpg,Neonatal subcutaneous fat necrosis,Neonatal subcutaneous fat necrosis,PENDING,,,,,
Neonatal subcutaneous fat necrosis/fat-necrosis3.jpg,Neonatal subcutaneous fat necrosis,Neonatal subcutaneous fat necrosis,PENDING,,,,,
Neonatal subcutaneous fat necrosis/sfnnfig1.jpg,Neonatal subcutaneous fat necrosis,Neonatal subcutaneous fat necrosis,PENDING,,,,,
Neurofibromatosis/bml-c3.jpg,Neurofibromatosis,Neurofibromatosis,PENDING,,,,,
Neurofibromatosis/calm-8.jpg,Neurofibromatosis,Neurofibromatosis,PENDING,,,,,
Neurofibromatosis/calm1.jpg,Neurofibromatosis,Neurofibromatosis,PENDING,,,,,
Neurofibromatosis/calm10.jpg,Neurofibromatosis,Neurofibromatosis,PENDING,,,,,
Neurofibromatosis/calm11.jpg,Neurofibromatosis,Neurofibromatosis,PENDING,,,,,
Neurofibromatosis/calm12.jpg,Neurofibromatosis,Neurofibromatosis,PENDING,,,,,
Neurofibromatosis/calm13.jpg,Neurofibromatosis,Neurofibromatosis,PENDING,,,,,
Neurofibromatosis/calm15.jpg,Neurofibromatosis,Neurofibromatosis,PENDING,,,,,
Neurofibromatosis/calm16.jpg,Neurofibromatosis,Neurofibromatosis,PENDING,,,,,
Neurofibromatosis/calm17.jpg,Neurofibromatosis,Neurofibromatosis,PENDING,,,,,
Neurofibromatosis/calm2.jpg,Neurofibromatosis,Neurofibromatosis,PENDING,,,,,
Neurofibromatosis/calm6.jpg,Neurofibromatosis,Neurofibromatosis,PENDING,,,,,
Neurofibromatosis/calm7.jpg,Neurofibromatosis,Neurofibromatosis,PENDING,,,,,
Neurofibromatosis/neurofibromatosis-02.jpg,Neurofibromatosis,Neurofibromatosis,PENDING,,,,,
Neurofibromatosis/nf01.jpg,Neurofibromatosis,Neurofibromatosis,PENDING,,,,,
Neurofibromatosis/nf02.jpg,Neurofibromatosis,Neurofibromatosis,PENDING,,,,,
Neurofibromatosis/nf04.jpg,Neurofibromatosis,Neurofibromatosis,PENDING,,,,,
Neurofibromatosis/nf05.jpg,Neurofibromatosis,Neurofibromatosis,PENDING,,,,,
Neurofibromatosis/nf06.jpg,Neurofibromatosis,Neurofibromatosis,PENDING,,,,,
Neurofibromatosis/nf07.jpg,Neurofibromatosis,Neurofibromatosis,PENDING,,,,,
Neurofibromatosis/nf08.jpg,Neurofibromatosis,Neurofibromatosis,PENDING,,,,,
Neurofibromatosis/nf1.jpg,Neurofibromatosis,Neurofibromatosis,PENDING,,,,,
Neurofibromatosis/nf10.jpg,Neurofibromatosis,Neurofibromatosis,PENDING,,,,,
Neurofibromatosis/nf11.jpg,Neurofibromatosis,Neurofibromatosis,PENDING,,,,,
Neurofibromatosis/nf12.jpg,Neurofibromatosis,Neurofibromatosis,PENDING,,,,,
Neurofibromatosis/nf13.jpg,Neurofibromatosis,Neurofibromatosis,PENDING,,,,,
Neurofibromatosis/nf14.jpg,Neurofibromatosis,Neurofibromatosis,PENDING,,,,,
Neurofibromatosis/nf15.jpg,Neurofibromatosis,Neurofibromatosis,PENDING,,,,,
Neurofibromatosis/nf16.jpg,Neurofibromatosis,Neurofibromatosis,PENDING,,,,,
Neurofibromatosis/nf2-big.jpg,Neurofibromatosis,Neurofibromatosis,PENDING,,,,,
Neurofibromatosis/nf2.jpg,Neurofibromatosis,Neurofibromatosis,PENDING,,,,,
Neurofibromatosis/nf3-big.jpg,Neurofibromatosis,Neurofibromatosis,PENDING,,,,,
Neurofibromatosis/nf3.jpg,Neurofibromatosis,Neurofibromatosis,PENDING,,,,,
Neurofibromatosis/nf4.jpg,Neurofibromatosis,Neurofibromatosis,PENDING,,,,,
Neurofibromatosis/nf5.jpg,Neurofibromatosis,Neurofibromatosis,PENDING,,,,,
Neurofibromatosis/nf6.jpg,Neurofibromatosis,Neurofibromatosis,PENDING,,,,,
Nevus comedonicus/01.jpg,Nevus comedonicus,Nevus comedonicus,PENDING,,,,,
Nevus comedonicus/02.jpg,Nevus comedonicus,Nevus comedonicus,PENDING,,,,,
Nevus comedonicus/03.jpg,Nevus comedonicus,Nevus comedonicus,PENDING,,,,,
Nevus comedonicus/com-naev1.jpg,Nevus comedonicus,Nevus comedonicus,PENDING,,,,,
Nevus comedonicus/comedo-naevus.jpg,Nevus comedonicus,Nevus comedonicus,PENDING,,,,,
Niacin deficiency/01.jpg,Niacin deficiency,Niacin deficiency,PENDING,,,,,
Niacin deficiency/02.jpg,Niacin deficiency,Niacin deficiency,PENDING,,,,,
Niacin deficiency/03.jpg,Niacin deficiency,Niacin deficiency,PENDING,,,,,
Niacin deficiency/04.jpg,Niacin deficiency,Niacin deficiency,PENDING,,,,,
Niacin deficiency/05.jpg,Niacin deficiency,Niacin deficiency,PENDING,,,,,
Niacin deficiency/06.jpg,Niacin deficiency,Niacin deficiency,PENDING,,,,,
Niacin deficiency/07.jpg,Niacin deficiency,Niacin deficiency,PENDING,,,,,
Niacin deficiency/08.jpg,Niacin deficiency,Niacin deficiency,PENDING,,,,,
Nickel allergy/01.jpg,Nickel allergy,Nickel allergy,PENDING,,,,,
Nickel allergy/02.jpg,Nickel allergy,Nickel allergy,PENDING,,,,,
Nickel allergy/03.jpg,Nickel allergy,Nickel allergy,PENDING,,,,,
Nickel allergy/04.jpg,Nickel allergy,Nickel allergy,PENDING,,,,,
Nickel allergy/05.jpg,Nickel allergy,Nickel allergy,PENDING,,,,,
Nickel allergy/06.jpg,Nickel allergy,Nickel allergy,PENDING,,,,,
Nickel allergy/07.jpg,Nickel allergy,Nickel allergy,PENDING,,,,,
Nickel allergy/08.jpg,Nickel allergy,Nickel allergy,PENDING,,,,,
Nickel allergy/09.jpg,Nickel allergy,Nickel allergy,PENDING,,,,,
Nickel allergy/10.jpg,Nickel allergy,Nickel allergy,PENDING,,,,,
Nickel allergy/11.jpg,Nickel allergy,Nickel allergy,PENDING,,,,,
Nickel allergy/12.jpg,Nickel allergy,Nickel allergy,PENDING,,,,,
Nickel allergy/13.jpg,Nickel allergy,Nickel allergy,PENDING,,,,,
Nickel allergy/14.jpg,Nickel allergy,Nickel allergy,PENDING,,,,,
Nickel allergy/15.jpg,Nickel allergy,Nickel allergy,PENDING,,,,,
Nickel allergy/16.jpg,Nickel allergy,Nickel allergy,PENDING,,,,,
Nickel allergy/17.jpg,Nickel allergy,Nickel allergy,PENDING,,,,,
Nickel allergy/18.jpg,Nickel allergy,Nickel allergy,PENDING,,,,,
Nickel allergy/19.jpg,Nickel allergy,Nickel allergy,PENDING,,,,,
Nickel allergy/20.jpg,Nickel allergy,Nickel allergy,PENDING,,,,,
Nickel allergy/21.jpg,Nickel allergy,Nickel allergy,PENDING,,,,,
Nickel allergy/ecz-nose.jpg,Nickel allergy,Nickel allergy,PENDING,,,,,
Nickel allergy/ni1.jpg,Nickel allergy,Nickel allergy,PENDING,,,,,
Nickel allergy/ni2.jpg,Nickel allergy,Nickel allergy,PENDING,,,,,
Nickel allergy/ni6.jpg,Nickel allergy,Nickel allergy,PENDING,,,,,
Nicotine stomatitis/cigarettes-01.JPG,Nicotine stomatitis,Nicotine stomatitis,PENDING,,,,,
Nicotine stomatitis/cigarettes-02.jpg,Nicotine stomatitis,Nicotine stomatitis,PENDING,,,,,
Nipple eczema/01.jpg,Nipple eczema,Nipple eczema,PENDING,,,,,
Nipple eczema/02.jpg,Nipple eczema,Nipple eczema,PENDING,,,,,
Nipple eczema/03.jpg,Nipple eczema,Nipple eczema,PENDING,,,,,
Nipple eczema/04.jpg,Nipple eczema,Nipple eczema,PENDING,,,,,
Nipple eczema/05.jpg,Nipple eczema,Nipple eczema,PENDING,,,,,
Nipple eczema/06.jpg,Nipple eczema,Nipple eczema,PENDING,,,,,
Nipple eczema/07.jpg,Nipple eczema,Nipple eczema,PENDING,,,,,
Nipple eczema/08.jpg,Nipple eczema,Nipple eczema,PENDING,,,,,
Nipple eczema/09.jpg,Nipple eczema,Nipple eczema,PENDING,,,,,
Nipple eczema/10.jpg,Nipple eczema,Nipple eczema,PENDING,,,,,
Nipple eczema/11.jpg,Nipple eczema,Nipple eczema,PENDING,,,,,
Nipple eczema/12.jpg,Nipple eczema,Nipple eczema,PENDING,,,,,
Nipple eczema/nipple-eczema-02.jpg,Nipple eczema,Nipple eczema,PENDING,,,,,
Nipple eczema/nipple-eczema-03.jpg,Nipple eczema,Nipple eczema,PENDING,,,,,
Nipple eczema/nipple-eczema-07.jpg,Nipple eczema,Nipple eczema,PENDING,,,,,
Nodular chondrodermatitis/01.jpg,Nodular chondrodermatitis,Nodular chondrodermatitis,PENDING,,,,,
Nodular chondrodermatitis/02.jpg,Nodular chondrodermatitis,Nodular chondrodermatitis,PENDING,,,,,
Nodular chondrodermatitis/03.jpg,Nodular chondrodermatitis,Nodular chondrodermatitis,PENDING,,,,,
Nodular chondrodermatitis/04.jpg,Nodular chondrodermatitis,Nodular chondrodermatitis,PENDING,,,,,
Nodular chondrodermatitis/05.jpg,Nodular chondrodermatitis,Nodular chondrodermatitis,PENDING,,,,,
Nodular chondrodermatitis/06.jpg,Nodular chondrodermatitis,Nodular chondrodermatitis,PENDING,,,,,
Nodular chondrodermatitis/07.jpg,Nodular chondrodermatitis,Nodular chondrodermatitis,PENDING,,,,,
Nodular chondrodermatitis/08.jpg,Nodular chondrodermatitis,Nodular chondrodermatitis,PENDING,,,,,
Nodular chondrodermatitis/cnh2.jpg,Nodular chondrodermatitis,Nodular chondrodermatitis,PENDING,,,,,
Nodular chondrodermatitis/cnh3.jpg,Nodular chondrodermatitis,Nodular chondrodermatitis,PENDING,,,,,
Nodular chondrodermatitis/cnh4.jpg,Nodular chondrodermatitis,Nodular chondrodermatitis,PENDING,,,,,
Nodular lymphangitis/sporotrichoid-deep-fungal-infection.jpg,Nodular lymphangitis,Nodular lymphangitis,PENDING,,,,,
Nodular lymphangitis/sporotrichoid-spread-01.jpg,Nodular lymphangitis,Nodular lymphangitis,PENDING,,,,,
Nodular lymphangitis/sporotrichoid-spread-02.jpg,Nodular lymphangitis,Nodular lymphangitis,PENDING,,,,,
Nodular melanoma/nm.jpg,Nodular melanoma,Nodular melanoma,PENDING,,,,,
Nodular melanoma/nm1.jpg,Nodular melanoma,Nodular melanoma,PENDING,,,,,
Nodular melanoma/nm10.jpg,Nodular melanoma,Nodular melanoma,PENDING,,,,,
Nodular melanoma/nm2.jpg,Nodular melanoma,Nodular melanoma,PENDING,,,,,
Nodular melanoma/nm3.jpg,Nodular melanoma,Nodular melanoma,PENDING,,,,,
Nodular melanoma/nm4.jpg,Nodular melanoma,Nodular melanoma,PENDING,,,,,
Nodular melanoma/nm7-big.jpg,Nodular melanoma,Nodular melanoma,PENDING,,,,,
Nodular melanoma/nm9-big.jpg,Nodular melanoma,Nodular melanoma,PENDING,,,,,
Non-albicans candida infections/01.jpg,Non-albicans candida infections,Non-albicans candida infections,PENDING,,,,,
Non-albicans candida infections/02.jpg,Non-albicans candida infections,Non-albicans candida infections,PENDING,,,,,
Non-albicans candida infections/03.jpg,Non-albicans candida infections,Non-albicans candida infections,PENDING,,,,,
Non-albicans candida infections/04.jpg,Non-albicans candida infections,Non-albicans candida infections,PENDING,,,,,
Non-albicans candida infections/05.jpg,Non-albicans candida infections,Non-albicans candida infections,PENDING,,,,,
Non-albicans candida infections/06.jpg,Non-albicans candida infections,Non-albicans candida infections,PENDING,,,,,
Non-albicans candida infections/07.jpg,Non-albicans candida infections,Non-albicans candida infections,PENDING,,,,,
Non-albicans candida infections/08.jpg,Non-albicans candida infections,Non-albicans candida infections,PENDING,,,,,
Non-albicans candida infections/09.jpg,Non-albicans candida infections,Non-albicans candida infections,PENDING,,,,,
Non-albicans candida infections/10.jpg,Non-albicans candida infections,Non-albicans candida infections,PENDING,,,,,
Non-albicans candida infections/11.jpg,Non-albicans candida infections,Non-albicans candida infections,PENDING,,,,,
Non-albicans candida infections/12.jpg,Non-albicans candida infections,Non-albicans candida infections,PENDING,,,,,
Non-albicans candida infections/13.jpg,Non-albicans candida infections,Non-albicans candida infections,PENDING,,,,,
Non-albicans candida infections/14.jpg,Non-albicans candida infections,Non-albicans candida infections,PENDING,,,,,
Non-albicans candida infections/15.jpg,Non-albicans candida infections,Non-albicans candida infections,PENDING,,,,,
Non-albicans candida infections/16.jpg,Non-albicans candida infections,Non-albicans candida infections,PENDING,,,,,
Non-albicans candida infections/17.jpg,Non-albicans candida infections,Non-albicans candida infections,PENDING,,,,,
Non-albicans candida infections/18.jpg,Non-albicans candida infections,Non-albicans candida infections,PENDING,,,,,
Non-albicans candida infections/19.jpg,Non-albicans candida infections,Non-albicans candida infections,PENDING,,,,,
Non-albicans candida infections/20.jpg,Non-albicans candida infections,Non-albicans candida infections,PENDING,,,,,
Non-albicans candida infections/21.jpg,Non-albicans candida infections,Non-albicans candida infections,PENDING,,,,,
Non-albicans candida infections/22.jpg,Non-albicans candida infections,Non-albicans candida infections,PENDING,,,,,
Non-albicans candida infections/23.jpg,Non-albicans candida infections,Non-albicans candida infections,PENDING,,,,,
Non-albicans candida infections/24.jpg,Non-albicans candida infections,Non-albicans candida infections,PENDING,,,,,
Non-albicans candida infections/25.jpg,Non-albicans candida infections,Non-albicans candida infections,PENDING,,,,,
Non-albicans candida infections/26.jpg,Non-albicans candida infections,Non-albicans candida infections,PENDING,,,,,
Non-albicans candida infections/27.jpg,Non-albicans candida infections,Non-albicans candida infections,PENDING,,,,,
Non-albicans candida infections/28.jpg,Non-albicans candida infections,Non-albicans candida infections,PENDING,,,,,
Non-albicans candida infections/29.jpg,Non-albicans candida infections,Non-albicans candida infections,PENDING,,,,,
Non-albicans candida infections/30.jpg,Non-albicans candida infections,Non-albicans candida infections,PENDING,,,,,
Non-albicans candida infections/31.jpg,Non-albicans candida infections,Non-albicans candida infections,PENDING,,,,,
Non-albicans candida infections/32.jpg,Non-albicans candida infections,Non-albicans candida infections,PENDING,,,,,
Non-albicans candida infections/33.jpg,Non-albicans candida infections,Non-albicans candida infections,PENDING,,,,,
Non-albicans candida infections/34.jpg,Non-albicans candida infections,Non-albicans candida infections,PENDING,,,,,
Non-albicans candida infections/35.jpg,Non-albicans candida infections,Non-albicans candida infections,PENDING,,,,,
Non-albicans candida infections/36.jpg,Non-albicans candida infections,Non-albicans candida infections,PENDING,,,,,
Non-albicans candida infections/37.jpg,Non-albicans candida infections,Non-albicans candida infections,PENDING,,,,,
Non-albicans candida infections/38.jpg,Non-albicans candida infections,Non-albicans candida infections,PENDING,,,,,
Non-albicans candida infections/39.jpg,Non-albicans candida infections,Non-albicans candida infections,PENDING,,,,,
Non-albicans candida infections/40.jpg,Non-albicans candida infections,Non-albicans candida infections,PENDING,,,,,
Non-albicans candida infections/41.jpg,Non-albicans candida infections,Non-albicans candida infections,PENDING,,,,,
Non-albicans candida infections/42.jpg,Non-albicans candida infections,Non-albicans candida infections,PENDING,,,,,
Non-albicans candida infections/43.jpg,Non-albicans candida infections,Non-albicans candida infections,PENDING,,,,,
Non-albicans candida infections/44.jpg,Non-albicans candida infections,Non-albicans candida infections,PENDING,,,,,
Non-albicans candida infections/45.jpg,Non-albicans candida infections,Non-albicans candida infections,PENDING,,,,,
Non-albicans candida infections/450px-Candida_tropicalis.jpg,Non-albicans candida infections,Non-albicans candida infections,PENDING,,,,,
Non-albicans candida infections/46.jpg,Non-albicans candida infections,Non-albicans candida infections,PENDING,,,,,
Non-albicans candida infections/47.jpg,Non-albicans candida infections,Non-albicans candida infections,PENDING,,,,,
Non-albicans candida infections/48.jpg,Non-albicans candida infections,Non-albicans candida infections,PENDING,,,,,
Non-albicans candida infections/49.jpg,Non-albicans candida infections,Non-albicans candida infections,PENDING,,,,,
Non-albicans candida infections/50.jpg,Non-albicans candida infections,Non-albicans candida infections,PENDING,,,,,
Non-albicans candida infections/51.jpg,Non-albicans candida infections,Non-albicans candida infections,PENDING,,,,,
Non-albicans candida infections/52.jpg,Non-albicans candida infections,Non-albicans candida infections,PENDING,,,,,
Non-albicans candida infections/53.jpg,Non-albicans candida infections,Non-albicans candida infections,PENDING,,,,,
Non-albicans candida infections/54.jpg,Non-albicans candida infections,Non-albicans candida infections,PENDING,,,,,
Non-albicans candida infections/55.jpg,Non-albicans candida infections,Non-albicans candida infections,PENDING,,,,,
Non-albicans candida infections/56.jpg,Non-albicans candida infections,Non-albicans candida infections,PENDING,,,,,
Non-albicans candida infections/57.jpg,Non-albicans candida infections,Non-albicans candida infections,PENDING,,,,,
Non-albicans candida infections/58.jpg,Non-albicans candida infections,Non-albicans candida infections,PENDING,,,,,
Non-albicans candida infections/59.jpg,Non-albicans candida infections,Non-albicans candida infections,PENDING,,,,,
Non-albicans candida infections/60.jpg,Non-albicans candida infections,Non-albicans candida infections,PENDING,,,,,
Non-albicans candida infections/61.jpg,Non-albicans candida infections,Non-albicans candida infections,PENDING,,,,,
Non-albicans candida infections/62.jpg,Non-albicans candida infections,Non-albicans candida infections,PENDING,,,,,
Non-albicans candida infections/63.jpg,Non-albicans candida infections,Non-albicans candida infections,PENDING,,,,,
Non-albicans candida infections/64.jpg,Non-albicans candida infections,Non-albicans candida infections,PENDING,,,,,
Non-albicans candida infections/640px-Candida_dubliniensis.jpg,Non-albicans candida infections,Non-albicans candida infections,PENDING,,,,,
Non-albicans candida infections/65.jpg,Non-albicans candida infections,Non-albicans candida infections,PENDING,,,,,
Non-albicans candida infections/66.jpg,Non-albicans candida infections,Non-albicans candida infections,PENDING,,,,,
Non-albicans candida infections/67.jpg,Non-albicans candida infections,Non-albicans candida infections,PENDING,,,,,
Non-albicans candida infections/68.jpg,Non-albicans candida infections,Non-albicans candida infections,PENDING,,,,,
Non-albicans candida infections/69.jpg,Non-albicans candida infections,Non-albicans candida infections,PENDING,,,,,
Non-albicans candida infections/70.jpg,Non-albicans candida infections,Non-albicans candida infections,PENDING,,,,,
Non-albicans candida infections/71.jpg,Non-albicans candida infections,Non-albicans candida infections,PENDING,,,,,
Non-sexually acquired genital ulceration/vulva-ulcer-small.jpg,Non-sexually acquired genital ulceration,Non-sexually acquired genital ulceration,PENDING,,,,,
Non-sexually acquired genital ulceration/vulval-ulcer1-small.jpg,Non-sexually acquired genital ulceration,Non-sexually acquired genital ulceration,PENDING,,,,,
Non-sexually acquired genital ulceration/vulval-ulcer10-small.jpg,Non-sexually acquired genital ulceration,Non-sexually acquired genital ulceration,PENDING,,,,,
Non-sexually acquired genital ulceration/vulval-ulcer11-small.jpg,Non-sexually acquired genital ulceration,Non-sexually acquired genital ulceration,PENDING,,,,,
Non-sexually acquired genital ulceration/vulval-ulcer2-small.jpg,Non-sexually acquired genital ulceration,Non-sexually acquired genital ulceration,PENDING,,,,,
Non-sexually acquired genital ulceration/vulval-ulcer3-small.jpg,Non-sexually acquired genital ulceration,Non-sexually acquired genital ulceration,PENDING,,,,,
Non-sexually acquired genital ulceration/vulval-ulcer4-small.jpg,Non-sexually acquired genital ulceration,Non-sexually acquired genital ulceration,PENDING,,,,,
Non-sexually acquired genital ulceration/vulval-ulcer5-small.jpg,Non-sexually acquired genital ulceration,Non-sexually acquired genital ulceration,PENDING,,,,,
Non-sexually acquired genital ulceration/vulval-ulcer6-small.jpg,Non-sexually acquired genital ulceration,Non-sexually acquired genital ulceration,PENDING,,,,,
Non-sexually acquired genital ulceration/vulval-ulcer7-small.jpg,Non-sexually acquired genital ulceration,Non-sexually acquired genital ulceration,PENDING,,,,,
Non-sexually acquired genital ulceration/vulval-ulcer8-small.jpg,Non-sexually acquired genital ulceration,Non-sexually acquired genital ulceration,PENDING,,,,,
Non-sexually acquired genital ulceration/vulval-ulcer9-small.jpg,Non-sexually acquired genital ulceration,Non-sexually acquired genital ulceration,PENDING,,,,,
Noonan syndrome with multiple lentigines/01.jpg,Noonan syndrome with multiple lentigines,Noonan syndrome with multiple lentigines,PENDING,,,,,
Noonan syndrome with multiple lentigines/02.jpg,Noonan syndrome with multiple lentigines,Noonan syndrome with multiple lentigines,PENDING,,,,,
Noonan syndrome with multiple lentigines/03.jpg,Noonan syndrome with multiple lentigines,Noonan syndrome with multiple lentigines,PENDING,,,,,
Noonan syndrome with multiple lentigines/leopard1.jpg,Noonan syndrome with multiple lentigines,Noonan syndrome with multiple lentigines,PENDING,,,,,
Noonan syndrome with multiple lentigines/leopard2.jpg,Noonan syndrome with multiple lentigines,Noonan syndrome with multiple lentigines,PENDING,,,,,
Noonan syndrome with multiple lentigines/leopard3.jpg,Noonan syndrome with multiple lentigines,Noonan syndrome with multiple lentigines,PENDING,,,,,
Notalgia paraesthetica/01.jpg,Notalgia paraesthetica,Notalgia paraesthetica,PENDING,,,,,
Notalgia paraesthetica/02.jpg,Notalgia paraesthetica,Notalgia paraesthetica,PENDING,,,,,
Notalgia paraesthetica/03.jpg,Notalgia paraesthetica,Notalgia paraesthetica,PENDING,,,,,
Notalgia paraesthetica/04.jpg,Notalgia paraesthetica,Notalgia paraesthetica,PENDING,,,,,
Notalgia paraesthetica/05.jpg,Notalgia paraesthetica,Notalgia paraesthetica,PENDING,,,,,
Notalgia paraesthetica/06.jpg,Notalgia paraesthetica,Notalgia paraesthetica,PENDING,,,,,
Notalgia paraesthetica/07.jpg,Notalgia paraesthetica,Notalgia paraesthetica,PENDING,,,,,
Notalgia paraesthetica/08.jpg,Notalgia paraesthetica,Notalgia paraesthetica,PENDING,,,,,
Notalgia paraesthetica/09.jpg,Notalgia paraesthetica,Notalgia paraesthetica,PENDING,,,,,
Notalgia paraesthetica/10.jpg,Notalgia paraesthetica,Notalgia paraesthetica,PENDING,,,,,
Notalgia paraesthetica/11.jpg,Notalgia paraesthetica,Notalgia paraesthetica,PENDING,,,,,
Notalgia paraesthetica/12.jpg,Notalgia paraesthetica,Notalgia paraesthetica,PENDING,,,,,
Notalgia paraesthetica/13.jpg,Notalgia paraesthetica,Notalgia paraesthetica,PENDING,,,,,
Notalgia paraesthetica/14.jpg,Notalgia paraesthetica,Notalgia paraesthetica,PENDING,,,,,
Notalgia paraesthetica/15.jpg,Notalgia paraesthetica,Notalgia paraesthetica,PENDING,,,,,
Notalgia paraesthetica/16.jpg,Notalgia paraesthetica,Notalgia paraesthetica,PENDING,,,,,
Notalgia paraesthetica/17.jpg,Notalgia paraesthetica,Notalgia paraesthetica,PENDING,,,,,
Notalgia paraesthetica/18.jpg,Notalgia paraesthetica,Notalgia paraesthetica,PENDING,,,,,
Notalgia paraesthetica/19.jpg,Notalgia paraesthetica,Notalgia paraesthetica,PENDING,,,,,
Notalgia paraesthetica/20.jpg,Notalgia paraesthetica,Notalgia paraesthetica,PENDING,,,,,
Notalgia paraesthetica/21.jpg,Notalgia paraesthetica,Notalgia paraesthetica,PENDING,,,,,
Notalgia paraesthetica/notalgia.jpg,Notalgia paraesthetica,Notalgia paraesthetica,PENDING,,,,,
Notalgia paraesthetica/notalgia1.jpg,Notalgia paraesthetica,Notalgia paraesthetica,PENDING,,,,,
Notalgia paraesthetica/notalgia2.jpg,Notalgia paraesthetica,Notalgia paraesthetica,PENDING,,,,,
Nummular eczematous dermatitis/eanumm2.jpg,Nummular eczematous dermatitis,Nummular eczematous dermatitis,PENDING,,,,,
Nummular eczematous dermatitis/nummular-eczema01.jpg,Nummular eczematous dermatitis,Nummular eczematous dermatitis,PENDING,,,,,
Nummular eczematous dermatitis/nummular-eczema02.jpg,Nummular eczematous dermatitis,Nummular eczematous dermatitis,PENDING,,,,,
Nummular eczematous dermatitis/nummular-eczema03.jpg,Nummular eczematous dermatitis,Nummular eczematous dermatitis,PENDING,,,,,
Nummular eczematous dermatitis/nummular-eczema04.jpg,Nummular eczematous dermatitis,Nummular eczematous dermatitis,PENDING,,,,,
Nummular eczematous dermatitis/nummular-eczema05.jpg,Nummular eczematous dermatitis,Nummular eczematous dermatitis,PENDING,,,,,
Nummular eczematous dermatitis/nummular-eczema06.jpg,Nummular eczematous dermatitis,Nummular eczematous dermatitis,PENDING,,,,,
Nummular eczematous dermatitis/nummular-eczema07.jpg,Nummular eczematous dermatitis,Nummular eczematous dermatitis,PENDING,,,,,
Nummular eczematous dermatitis/nummular-eczema08.jpg,Nummular eczematous dermatitis,Nummular eczematous dermatitis,PENDING,,,,,
Nummular eczematous dermatitis/nummular-eczema09.jpg,Nummular eczematous dermatitis,Nummular eczematous dermatitis,PENDING,,,,,
Nummular eczematous dermatitis/nummular-eczema10.jpg,Nummular eczematous dermatitis,Nummular eczematous dermatitis,PENDING,,,,,
Nummular eczematous dermatitis/nummular-eczema11.jpg,Nummular eczematous dermatitis,Nummular eczematous dermatitis,PENDING,,,,,
Nummular eczematous dermatitis/nummular-eczema12.jpg,Nummular eczematous dermatitis,Nummular eczematous dermatitis,PENDING,,,,,
Nummular eczematous dermatitis/nummular-eczema13.jpg,Nummular eczematous dermatitis,Nummular eczematous dermatitis,PENDING,,,,,
Nummular eczematous dermatitis/nummular-eczema14.jpg,Nummular eczematous dermatitis,Nummular eczematous dermatitis,PENDING,,,,,
Nummular eczematous dermatitis/nummular-eczema15.jpg,Nummular eczematous dermatitis,Nummular eczematous dermatitis,PENDING,,,,,
Nummular eczematous dermatitis/nummular-eczema16.jpg,Nummular eczematous dermatitis,Nummular eczematous dermatitis,PENDING,,,,,
Nummular eczematous dermatitis/nummular-eczema17.jpg,Nummular eczematous dermatitis,Nummular eczematous dermatitis,PENDING,,,,,
Nummular eczematous dermatitis/nummular-eczema18.jpg,Nummular eczematous dermatitis,Nummular eczematous dermatitis,PENDING,,,,,
Nummular eczematous dermatitis/nummular-eczema19.jpg,Nummular eczematous dermatitis,Nummular eczematous dermatitis,PENDING,,,,,
Nummular eczematous dermatitis/nummular-eczema20.jpg,Nummular eczematous dermatitis,Nummular eczematous dermatitis,PENDING,,,,,
Nummular eczematous dermatitis/nummular-eczema21.jpg,Nummular eczematous dermatitis,Nummular eczematous dermatitis,PENDING,,,,,
Nummular eczematous dermatitis/nummular-eczema22.jpg,Nummular eczematous dermatitis,Nummular eczematous dermatitis,PENDING,,,,,
Nummular eczematous dermatitis/nummular-eczema23.jpg,Nummular eczematous dermatitis,Nummular eczematous dermatitis,PENDING,,,,,
Nummular eczematous dermatitis/nummular-eczema24.jpg,Nummular eczematous dermatitis,Nummular eczematous dermatitis,PENDING,,,,,
Nummular eczematous dermatitis/nummular-eczema25.jpg,Nummular eczematous dermatitis,Nummular eczematous dermatitis,PENDING,,,,,
Nummular eczematous dermatitis/nummular-eczema26.jpg,Nummular eczematous dermatitis,Nummular eczematous dermatitis,PENDING,,,,,
Nummular eczematous dermatitis/nummular-eczema27.jpg,Nummular eczematous dermatitis,Nummular eczematous dermatitis,PENDING,,,,,
Nummular eczematous dermatitis/nummular-eczema28.jpg,Nummular eczematous dermatitis,Nummular eczematous dermatitis,PENDING,,,,,
Nummular eczematous dermatitis/nummular-eczema29.jpg,Nummular eczematous dermatitis,Nummular eczematous dermatitis,PENDING,,,,,
Nummular eczematous dermatitis/nummular-eczema30.jpg,Nummular eczematous dermatitis,Nummular eczematous dermatitis,PENDING,,,,,
Nummular eczematous dermatitis/nummular-eczema31.jpg,Nummular eczematous dermatitis,Nummular eczematous dermatitis,PENDING,,,,,
Nummular eczematous dermatitis/nummular-eczema32.jpg,Nummular eczematous dermatitis,Nummular eczematous dermatitis,PENDING,,,,,
Nummular eczematous dermatitis/nummular-eczema33.jpg,Nummular eczematous dermatitis,Nummular eczematous dermatitis,PENDING,,,,,
Nummular eczematous dermatitis/nummular-eczema34.jpg,Nummular eczematous dermatitis,Nummular eczematous dermatitis,PENDING,,,,,
Nummular eczematous dermatitis/nummular-eczema35.jpg,Nummular eczematous dermatitis,Nummular eczematous dermatitis,PENDING,,,,,
Nummular eczematous dermatitis/nummular-eczema36.jpg,Nummular eczematous dermatitis,Nummular eczematous dermatitis,PENDING,,,,,
Nummular eczematous dermatitis/nummular-eczema37.jpg,Nummular eczematous dermatitis,Nummular eczematous dermatitis,PENDING,,,,,
Nummular eczematous dermatitis/nummular-eczema38.jpg,Nummular eczematous dermatitis,Nummular eczematous dermatitis,PENDING,,,,,
Nummular eczematous dermatitis/nummular-eczema39.jpg,Nummular eczematous dermatitis,Nummular eczematous dermatitis,PENDING,,,,,
Nummular eczematous dermatitis/nummular-eczema40.jpg,Nummular eczematous dermatitis,Nummular eczematous dermatitis,PENDING,,,,,
Nummular eczematous dermatitis/nummular-eczema41.jpg,Nummular eczematous dermatitis,Nummular eczematous dermatitis,PENDING,,,,,
Nummular eczematous dermatitis/nummular-eczema42.jpg,Nummular eczematous dermatitis,Nummular eczematous dermatitis,PENDING,,,,,
Nummular eczematous dermatitis/nummular-eczema43.jpg,Nummular eczematous dermatitis,Nummular eczematous dermatitis,PENDING,,,,,
Nummular eczematous dermatitis/nummular-eczema44.jpg,Nummular eczematous dermatitis,Nummular eczematous dermatitis,PENDING,,,,,
Nummular eczematous dermatitis/nummular-eczema45.jpg,Nummular eczematous dermatitis,Nummular eczematous dermatitis,PENDING,,,,,
Nummular eczematous dermatitis/nummular-eczema46.jpg,Nummular eczematous dermatitis,Nummular eczematous dermatitis,PENDING,,,,,
Nummular eczematous dermatitis/nummular-eczema47.jpg,Nummular eczematous dermatitis,Nummular eczematous dermatitis,PENDING,,,,,
Nummular eczematous dermatitis/nummular-eczema48.jpg,Nummular eczematous dermatitis,Nummular eczematous dermatitis,PENDING,,,,,
Nummular eczematous dermatitis/nummular-eczema49.jpg,Nummular eczematous dermatitis,Nummular eczematous dermatitis,PENDING,,,,,
Nummular eczematous dermatitis/nummular-eczema50.jpg,Nummular eczematous dermatitis,Nummular eczematous dermatitis,PENDING,,,,,
Nummular eczematous dermatitis/nummular-eczema51.jpg,Nummular eczematous dermatitis,Nummular eczematous dermatitis,PENDING,,,,,
Nummular eczematous dermatitis/nummular-eczema52.jpg,Nummular eczematous dermatitis,Nummular eczematous dermatitis,PENDING,,,,,
Nummular eczematous dermatitis/nummular-eczema53.jpg,Nummular eczematous dermatitis,Nummular eczematous dermatitis,PENDING,,,,,
Nummular eczematous dermatitis/nummular-eczema54.jpg,Nummular eczematous dermatitis,Nummular eczematous dermatitis,PENDING,,,,,
Nummular eczematous dermatitis/nummular-eczema55.jpg,Nummular eczematous dermatitis,Nummular eczematous dermatitis,PENDING,,,,,
Nummular eczematous dermatitis/nummular-eczema56.jpg,Nummular eczematous dermatitis,Nummular eczematous dermatitis,PENDING,,,,,
Nummular eczematous dermatitis/nummular-eczema57.jpg,Nummular eczematous dermatitis,Nummular eczematous dermatitis,PENDING,,,,,
Nummular eczematous dermatitis/nummular-eczema58.jpg,Nummular eczematous dermatitis,Nummular eczematous dermatitis,PENDING,,,,,
Nummular eczematous dermatitis/nummular-eczema59.jpg,Nummular eczematous dermatitis,Nummular eczematous dermatitis,PENDING,,,,,
Nummular eczematous dermatitis/nummular-eczema60.jpg,Nummular eczematous dermatitis,Nummular eczematous dermatitis,PENDING,,,,,
Nummular eczematous dermatitis/nummular-eczema61.jpg,Nummular eczematous dermatitis,Nummular eczematous dermatitis,PENDING,,,,,
Nummular eczematous dermatitis/nummular-eczema62.jpg,Nummular eczematous dermatitis,Nummular eczematous dermatitis,PENDING,,,,,
Nummular eczematous dermatitis/nummular-eczema63.jpg,Nummular eczematous dermatitis,Nummular eczematous dermatitis,PENDING,,,,,
Nummular eczematous dermatitis/nummular-eczema64.jpg,Nummular eczematous dermatitis,Nummular eczematous dermatitis,PENDING,,,,,
Nummular eczematous dermatitis/nummular-eczema65.jpg,Nummular eczematous dermatitis,Nummular eczematous dermatitis,PENDING,,,,,
Nummular eczematous dermatitis/nummular-eczema66.jpg,Nummular eczematous dermatitis,Nummular eczematous dermatitis,PENDING,,,,,
Nummular eczematous dermatitis/nummular-eczema67.jpg,Nummular eczematous dermatitis,Nummular eczematous dermatitis,PENDING,,,,,
Nummular eczematous dermatitis/nummular-eczema68.jpg,Nummular eczematous dermatitis,Nummular eczematous dermatitis,PENDING,,,,,
Nummular eczematous dermatitis/nummular-eczema69.jpg,Nummular eczematous dermatitis,Nummular eczematous dermatitis,PENDING,,,,,
Nummular eczematous dermatitis/nummular-eczema70.jpg,Nummular eczematous dermatitis,Nummular eczematous dermatitis,PENDING,,,,,
Nummular eczematous dermatitis/nummular-eczema71.jpg,Nummular eczematous dermatitis,Nummular eczematous dermatitis,PENDING,,,,,
Nummular eczematous dermatitis/nummular-eczema72.jpg,Nummular eczematous dermatitis,Nummular eczematous dermatitis,PENDING,,,,,
Nummular eczematous dermatitis/nummular-eczema73.jpg,Nummular eczematous dermatitis,Nummular eczematous dermatitis,PENDING,,,,,
Nummular eczematous dermatitis/nummular-eczema74.jpg,Nummular eczematous dermatitis,Nummular eczematous dermatitis,PENDING,,,,,
Nummular eczematous dermatitis/nummular3.jpg,Nummular eczematous dermatitis,Nummular eczematous dermatitis,PENDING,,,,,
Nummular eczematous dermatitis/nummular4.jpg,Nummular eczematous dermatitis,Nummular eczematous dermatitis,PENDING,,,,,
Nummular eczematous dermatitis/nummular5.jpg,Nummular eczematous dermatitis,Nummular eczematous dermatitis,PENDING,,,,,
Nummular eczematous dermatitis/nummular6.jpg,Nummular eczematous dermatitis,Nummular eczematous dermatitis,PENDING,,,,,
Nummular eczematous dermatitis/nummular7.jpg,Nummular eczematous dermatitis,Nummular eczematous dermatitis,PENDING,,,,,
Nummular eczematous dermatitis/nummular8.jpg,Nummular eczematous dermatitis,Nummular eczematous dermatitis,PENDING,,,,,
Nummular eczematous dermatitis/nummular9.jpg,Nummular eczematous dermatitis,Nummular eczematous dermatitis,PENDING,,,,,
Ocular melanoma/eyelid-melanoma-1.jpg,Ocular melanoma,Ocular melanoma,PENDING,,,,,
Ocular melanoma/eyelid-melanoma-2.jpg,Ocular melanoma,Ocular melanoma,PENDING,,,,,
Ocular melanoma/eyelid-melanoma-3.jpg,Ocular melanoma,Ocular melanoma,PENDING,,,,,
Ocular melanoma/eyelid-melanoma-4.jpg,Ocular melanoma,Ocular melanoma,PENDING,,,,,
Ocular melanoma/uveal-melanoma1.jpg,Ocular melanoma,Ocular melanoma,PENDING,,,,,
Ocular melanoma/uveal-melanoma3.jpg,Ocular melanoma,Ocular melanoma,PENDING,,,,,
Onychocryptosis/01.jpg,Onychocryptosis,Onychocryptosis,PENDING,,,,,
Onychocryptosis/02.jpg,Onychocryptosis,Onychocryptosis,PENDING,,,,,
Onychocryptosis/03.jpg,Onychocryptosis,Onychocryptosis,PENDING,,,,,
Onychocryptosis/04.jpg,Onychocryptosis,Onychocryptosis,PENDING,,,,,
Onychocryptosis/05.jpg,Onychocryptosis,Onychocryptosis,PENDING,,,,,
Onychocryptosis/06.jpg,Onychocryptosis,Onychocryptosis,PENDING,,,,,
Onychocryptosis/07.jpg,Onychocryptosis,Onychocryptosis,PENDING,,,,,
Onychocryptosis/08.jpg,Onychocryptosis,Onychocryptosis,PENDING,,,,,
Onychocryptosis/ingrown-toenail1.jpg,Onychocryptosis,Onychocryptosis,PENDING,,,,,
Onychocryptosis/ingrown-toenail2.jpg,Onychocryptosis,Onychocryptosis,PENDING,,,,,
Onychocryptosis/ingrown-toenail3.jpg,Onychocryptosis,Onychocryptosis,PENDING,,,,,
Onychogryphosis/01.jpg,Onychogryphosis,Onychogryphosis,PENDING,,,,,
Onychogryphosis/02.jpg,Onychogryphosis,Onychogryphosis,PENDING,,,,,
Onychogryphosis/03.jpg,Onychogryphosis,Onychogryphosis,PENDING,,,,,
Onychogryphosis/04.jpg,Onychogryphosis,Onychogryphosis,PENDING,,,,,
Onychogryphosis/05.jpg,Onychogryphosis,Onychogryphosis,PENDING,,,,,
Onychogryphosis/06.jpg,Onychogryphosis,Onychogryphosis,PENDING,,,,,
Onychogryphosis/07.jpg,Onychogryphosis,Onychogryphosis,PENDING,,,,,
Onychogryphosis/onychogryphosis-04.jpg,Onychogryphosis,Onychogryphosis,PENDING,,,,,
Onychogryphosis/onychogryphosis-05.jpg,Onychogryphosis,Onychogryphosis,PENDING,,,,,
Onychogryphosis/onychogryphosis-06.jpg,Onychogryphosis,Onychogryphosis,PENDING,,,,,
Onychomycosis/01.jpg,Onychomycosis,Onychomycosis,PENDING,,,,,
Onychomycosis/02.jpg,Onychomycosis,Onychomycosis,PENDING,,,,,
Onychomycosis/03.jpg,Onychomycosis,Onychomycosis,PENDING,,,,,
Onychomycosis/04.jpg,Onychomycosis,Onychomycosis,PENDING,,,,,
Onychomycosis/05.jpg,Onychomycosis,Onychomycosis,PENDING,,,,,
Onychomycosis/06.jpg,Onychomycosis,Onychomycosis,PENDING,,,,,
Onychomycosis/07.jpg,Onychomycosis,Onychomycosis,PENDING,,,,,
Onychomycosis/08.jpg,Onychomycosis,Onychomycosis,PENDING,,,,,
Onychomycosis/09.jpg,Onychomycosis,Onychomycosis,PENDING,,,,,
Onychomycosis/10.jpg,Onychomycosis,Onychomycosis,PENDING,,,,,
Onychomycosis/11.jpg,Onychomycosis,Onychomycosis,PENDING,,,,,
Onychomycosis/12.jpg,Onychomycosis,Onychomycosis,PENDING,,,,,
Onychomycosis/1254.jpg,Onychomycosis,Onychomycosis,PENDING,,,,,
Onychomycosis/1261.jpg,Onychomycosis,Onychomycosis,PENDING,,,,,
Onychomycosis/1263.jpg,Onychomycosis,Onychomycosis,PENDING,,,,,
Onychomycosis/1272.jpg,Onychomycosis,Onychomycosis,PENDING,,,,,
Onychomycosis/1276.jpg,Onychomycosis,Onychomycosis,PENDING,,,,,
Onychomycosis/1278.jpg,Onychomycosis,Onychomycosis,PENDING,,,,,
Onychomycosis/1279.jpg,Onychomycosis,Onychomycosis,PENDING,,,,,
Onychomycosis/1280.jpg,Onychomycosis,Onychomycosis,PENDING,,,,,
Onychomycosis/1297.jpg,Onychomycosis,Onychomycosis,PENDING,,,,,
Onychomycosis/13.jpg,Onychomycosis,Onychomycosis,PENDING,,,,,
Onychomycosis/1313.jpg,Onychomycosis,Onychomycosis,PENDING,,,,,
Onychomycosis/14.jpg,Onychomycosis,Onychomycosis,PENDING,,,,,
Onychomycosis/15.jpg,Onychomycosis,Onychomycosis,PENDING,,,,,
Onychomycosis/16.jpg,Onychomycosis,Onychomycosis,PENDING,,,,,
Onychomycosis/17.jpg,Onychomycosis,Onychomycosis,PENDING,,,,,
Onychomycosis/18.jpg,Onychomycosis,Onychomycosis,PENDING,,,,,
Onychomycosis/19.jpg,Onychomycosis,Onychomycosis,PENDING,,,,,
Onychomycosis/20.jpg,Onychomycosis,Onychomycosis,PENDING,,,,,
Onychomycosis/21.jpg,Onychomycosis,Onychomycosis,PENDING,,,,,
Onychomycosis/22.jpg,Onychomycosis,Onychomycosis,PENDING,,,,,
Onychomycosis/23.jpg,Onychomycosis,Onychomycosis,PENDING,,,,,
Onychomycosis/24.jpg,Onychomycosis,Onychomycosis,PENDING,,,,,
Onychomycosis/25.jpg,Onychomycosis,Onychomycosis,PENDING,,,,,
Onychomycosis/26.jpg,Onychomycosis,Onychomycosis,PENDING,,,,,
Onychomycosis/27.jpg,Onychomycosis,Onychomycosis,PENDING,,,,,
Onychomycosis/28.jpg,Onychomycosis,Onychomycosis,PENDING,,,,,
Onychomycosis/29.jpg,Onychomycosis,Onychomycosis,PENDING,,,,,
Onychomycosis/30.jpg,Onychomycosis,Onychomycosis,PENDING,,,,,
Onychomycosis/31.jpg,Onychomycosis,Onychomycosis,PENDING,,,,,
Onychomycosis/32.jpg,Onychomycosis,Onychomycosis,PENDING,,,,,
Onychomycosis/33.jpg,Onychomycosis,Onychomycosis,PENDING,,,,,
Onychomycosis/34.jpg,Onychomycosis,Onychomycosis,PENDING,,,,,
Onychomycosis/35.jpg,Onychomycosis,Onychomycosis,PENDING,,,,,
Onychomycosis/36.jpg,Onychomycosis,Onychomycosis,PENDING,,,,,
Onychomycosis/37.jpg,Onychomycosis,Onychomycosis,PENDING,,,,,
Onychomycosis/38.jpg,Onychomycosis,Onychomycosis,PENDING,,,,,
Onychomycosis/39.jpg,Onychomycosis,Onychomycosis,PENDING,,,,,
Onychomycosis/40.jpg,Onychomycosis,Onychomycosis,PENDING,,,,,
Onychomycosis/41.jpg,Onychomycosis,Onychomycosis,PENDING,,,,,
Onychomycosis/42.jpg,Onychomycosis,Onychomycosis,PENDING,,,,,
Onychomycosis/43.jpg,Onychomycosis,Onychomycosis,PENDING,,,,,
Onychomycosis/44.jpg,Onychomycosis,Onychomycosis,PENDING,,,,,
Onychomycosis/45.jpg,Onychomycosis,Onychomycosis,PENDING,,,,,
Onychomycosis/46.jpg,Onychomycosis,Onychomycosis,PENDING,,,,,
Onychomycosis/47.jpg,Onychomycosis,Onychomycosis,PENDING,,,,,
Onychomycosis/48.jpg,Onychomycosis,Onychomycosis,PENDING,,,,,
Onychomycosis/49.jpg,Onychomycosis,Onychomycosis,PENDING,,,,,
Onychomycosis/50.jpg,Onychomycosis,Onychomycosis,PENDING,,,,,
Onychomycosis/51.jpg,Onychomycosis,Onychomycosis,PENDING,,,,,
Onychomycosis/52.jpg,Onychomycosis,Onychomycosis,PENDING,,,,,
Onychomycosis/53.jpg,Onychomycosis,Onychomycosis,PENDING,,,,,
Onychomycosis/54.jpg,Onychomycosis,Onychomycosis,PENDING,,,,,
Onychomycosis/55.jpg,Onychomycosis,Onychomycosis,PENDING,,,,,
Onychomycosis/tin-ung1-v2.jpg,Onychomycosis,Onychomycosis,PENDING,,,,,
Onychopapilloma/01.jpg,Onychopapilloma,Onychopapilloma,PENDING,,,,,
Onychopapilloma/02.jpg,Onychopapilloma,Onychopapilloma,PENDING,,,,,
Onychopapilloma/03.jpg,Onychopapilloma,Onychopapilloma,PENDING,,,,,
Onychopapilloma/04.jpg,Onychopapilloma,Onychopapilloma,PENDING,,,,,
Onychopapilloma/05.jpg,Onychopapilloma,Onychopapilloma,PENDING,,,,,
Onychopapilloma/06.jpg,Onychopapilloma,Onychopapilloma,PENDING,,,,,
Onychopapilloma/07.jpg,Onychopapilloma,Onychopapilloma,PENDING,,,,,
Onychopapilloma/08.jpg,Onychopapilloma,Onychopapilloma,PENDING,,,,,
Onychopapilloma/09.jpg,Onychopapilloma,Onychopapilloma,PENDING,,,,,
Onychopapilloma/onychopapilloma-2.jpg,Onychopapilloma,Onychopapilloma,PENDING,,,,,
Onychopapilloma/onychopapilloma-3.jpg,Onychopapilloma,Onychopapilloma,PENDING,,,,,
Onychopapilloma/onychopapilloma-5.jpg,Onychopapilloma,Onychopapilloma,PENDING,,,,,
Oral allergy syndrome/birch-pollen-food-allergy.jpg,Oral allergy syndrome,Oral allergy syndrome,PENDING,,,,,
Oral allergy syndrome/grass-pollen-oral-allergy-food.jpg,Oral allergy syndrome,Oral allergy syndrome,PENDING,,,,,
Oral allergy syndrome/ragweed-pollen-oral-allergy-food.jpg,Oral allergy syndrome,Oral allergy syndrome,PENDING,,,,,
Oral candidiasis/01.jpg,Oral candidiasis,Oral candidiasis,PENDING,,,,,
Oral candidiasis/02.jpg,Oral candidiasis,Oral candidiasis,PENDING,,,,,
Oral candidiasis/03.jpg,Oral candidiasis,Oral candidiasis,PENDING,,,,,
Oral candidiasis/04.jpg,Oral candidiasis,Oral candidiasis,PENDING,,,,,
Oral candidiasis/05.jpg,Oral candidiasis,Oral candidiasis,PENDING,,,,,
Oral candidiasis/06.jpg,Oral candidiasis,Oral candidiasis,PENDING,,,,,
Oral candidiasis/07.jpg,Oral candidiasis,Oral candidiasis,PENDING,,,,,
Oral candidiasis/08.jpg,Oral candidiasis,Oral candidiasis,PENDING,,,,,
Oral candidiasis/09.jpg,Oral candidiasis,Oral candidiasis,PENDING,,,,,
Oral candidiasis/10.jpg,Oral candidiasis,Oral candidiasis,PENDING,,,,,
Oral candidiasis/1277-big.jpg,Oral candidiasis,Oral candidiasis,PENDING,,,,,
Oral candidiasis/1282-big.jpg,Oral candidiasis,Oral candidiasis,PENDING,,,,,
Oral candidiasis/1283-big.jpg,Oral candidiasis,Oral candidiasis,PENDING,,,,,
Oral candidiasis/1300-big.jpg,Oral candidiasis,Oral candidiasis,PENDING,,,,,
Oral candidiasis/1307-big.jpg,Oral candidiasis,Oral candidiasis,PENDING,,,,,
Oral candidiasis/candida-barbae-18.jpg,Oral candidiasis,Oral candidiasis,PENDING,,,,,
Oral candidiasis/candida-barbae-19.jpg,Oral candidiasis,Oral candidiasis,PENDING,,,,,
Oral candidiasis/candor.jpg,Oral candidiasis,Oral candidiasis,PENDING,,,,,
Oral candidiasis/ocan1.jpg,Oral candidiasis,Oral candidiasis,PENDING,,,,,
Oral mucositis - Stomatitis/01.jpg,Oral mucositis - Stomatitis,Oral mucositis - Stomatitis,PENDING,,,,,
Oral mucositis - Stomatitis/02.jpg,Oral mucositis - Stomatitis,Oral mucositis - Stomatitis,PENDING,,,,,
Oral mucositis - Stomatitis/03.jpg,Oral mucositis - Stomatitis,Oral mucositis - Stomatitis,PENDING,,,,,
Oral mucositis - Stomatitis/04.jpg,Oral mucositis - Stomatitis,Oral mucositis - Stomatitis,PENDING,,,,,
Oral mucositis - Stomatitis/05.jpg,Oral mucositis - Stomatitis,Oral mucositis - Stomatitis,PENDING,,,,,
Oral mucositis - Stomatitis/06.jpg,Oral mucositis - Stomatitis,Oral mucositis - Stomatitis,PENDING,,,,,
Oral mucositis - Stomatitis/07.jpg,Oral mucositis - Stomatitis,Oral mucositis - Stomatitis,PENDING,,,,,
Oral mucositis - Stomatitis/08.jpg,Oral mucositis - Stomatitis,Oral mucositis - Stomatitis,PENDING,,,,,
Oral mucositis - Stomatitis/09.jpg,Oral mucositis - Stomatitis,Oral mucositis - Stomatitis,PENDING,,,,,
Oral mucositis - Stomatitis/10.jpg,Oral mucositis - Stomatitis,Oral mucositis - Stomatitis,PENDING,,,,,
Oral mucositis - Stomatitis/11.jpg,Oral mucositis - Stomatitis,Oral mucositis - Stomatitis,PENDING,,,,,
Oral mucositis - Stomatitis/12.jpg,Oral mucositis - Stomatitis,Oral mucositis - Stomatitis,PENDING,,,,,
Oral mucositis - Stomatitis/13.jpg,Oral mucositis - Stomatitis,Oral mucositis - Stomatitis,PENDING,,,,,
Oral mucositis - Stomatitis/14.jpg,Oral mucositis - Stomatitis,Oral mucositis - Stomatitis,PENDING,,,,,
Oral mucositis - Stomatitis/15.jpg,Oral mucositis - Stomatitis,Oral mucositis - Stomatitis,PENDING,,,,,
Oral mucositis - Stomatitis/16.jpg,Oral mucositis - Stomatitis,Oral mucositis - Stomatitis,PENDING,,,,,
Oral mucositis - Stomatitis/17.jpg,Oral mucositis - Stomatitis,Oral mucositis - Stomatitis,PENDING,,,,,
Oral mucositis - Stomatitis/18.jpg,Oral mucositis - Stomatitis,Oral mucositis - Stomatitis,PENDING,,,,,
Oral mucositis - Stomatitis/19.jpg,Oral mucositis - Stomatitis,Oral mucositis - Stomatitis,PENDING,,,,,
Oral mucositis - Stomatitis/20.jpg,Oral mucositis - Stomatitis,Oral mucositis - Stomatitis,PENDING,,,,,
Oral mucositis - Stomatitis/21.jpg,Oral mucositis - Stomatitis,Oral mucositis - Stomatitis,PENDING,,,,,
Oral mucositis - Stomatitis/22.jpg,Oral mucositis - Stomatitis,Oral mucositis - Stomatitis,PENDING,,,,,
Oral mucositis - Stomatitis/23.jpg,Oral mucositis - Stomatitis,Oral mucositis - Stomatitis,PENDING,,,,,
Oral mucositis - Stomatitis/24.jpg,Oral mucositis - Stomatitis,Oral mucositis - Stomatitis,PENDING,,,,,
Oral mucositis - Stomatitis/25.jpg,Oral mucositis - Stomatitis,Oral mucositis - Stomatitis,PENDING,,,,,
Oral mucositis - Stomatitis/26.jpg,Oral mucositis - Stomatitis,Oral mucositis - Stomatitis,PENDING,,,,,
Oral mucositis - Stomatitis/27.jpg,Oral mucositis - Stomatitis,Oral mucositis - Stomatitis,PENDING,,,,,
Oral mucositis - Stomatitis/28.jpg,Oral mucositis - Stomatitis,Oral mucositis - Stomatitis,PENDING,,,,,
Oral mucositis - Stomatitis/29.jpg,Oral mucositis - Stomatitis,Oral mucositis - Stomatitis,PENDING,,,,,
Oral mucositis - Stomatitis/30.jpg,Oral mucositis - Stomatitis,Oral mucositis - Stomatitis,PENDING,,,,,
Oral mucositis - Stomatitis/31.jpg,Oral mucositis - Stomatitis,Oral mucositis - Stomatitis,PENDING,,,,,
Oral mucositis - Stomatitis/32.jpg,Oral mucositis - Stomatitis,Oral mucositis - Stomatitis,PENDING,,,,,
Oral mucositis - Stomatitis/33.jpg,Oral mucositis - Stomatitis,Oral mucositis - Stomatitis,PENDING,,,,,
Oral mucositis - Stomatitis/34.jpg,Oral mucositis - Stomatitis,Oral mucositis - Stomatitis,PENDING,,,,,
Oral mucositis - Stomatitis/35.jpg,Oral mucositis - Stomatitis,Oral mucositis - Stomatitis,PENDING,,,,,
Oral mucositis - Stomatitis/36.jpg,Oral mucositis - Stomatitis,Oral mucositis - Stomatitis,PENDING,,,,,
Oral mucositis - Stomatitis/37.jpg,Oral mucositis - Stomatitis,Oral mucositis - Stomatitis,PENDING,,,,,
Oral mucositis - Stomatitis/38.jpg,Oral mucositis - Stomatitis,Oral mucositis - Stomatitis,PENDING,,,,,
Oral mucositis - Stomatitis/39.jpg,Oral mucositis - Stomatitis,Oral mucositis - Stomatitis,PENDING,,,,,
Oral mucositis - Stomatitis/40.jpg,Oral mucositis - Stomatitis,Oral mucositis - Stomatitis,PENDING,,,,,
Oral mucositis - Stomatitis/41.jpg,Oral mucositis - Stomatitis,Oral mucositis - Stomatitis,PENDING,,,,,
Oral mucositis - Stomatitis/42.jpg,Oral mucositis - Stomatitis,Oral mucositis - Stomatitis,PENDING,,,,,
Oral mucositis - Stomatitis/43.jpg,Oral mucositis - Stomatitis,Oral mucositis - Stomatitis,PENDING,,,,,
Oral mucositis - Stomatitis/44.jpg,Oral mucositis - Stomatitis,Oral mucositis - Stomatitis,PENDING,,,,,
Oral mucositis - Stomatitis/45.jpg,Oral mucositis - Stomatitis,Oral mucositis - Stomatitis,PENDING,,,,,
Oral mucositis - Stomatitis/46.jpg,Oral mucositis - Stomatitis,Oral mucositis - Stomatitis,PENDING,,,,,
Oral mucositis - Stomatitis/47.jpg,Oral mucositis - Stomatitis,Oral mucositis - Stomatitis,PENDING,,,,,
Oral mucositis - Stomatitis/48.jpg,Oral mucositis - Stomatitis,Oral mucositis - Stomatitis,PENDING,,,,,
Oral mucositis - Stomatitis/49.jpg,Oral mucositis - Stomatitis,Oral mucositis - Stomatitis,PENDING,,,,,
Oral mucositis - Stomatitis/50.jpg,Oral mucositis - Stomatitis,Oral mucositis - Stomatitis,PENDING,,,,,
Oral mucositis - Stomatitis/51.jpg,Oral mucositis - Stomatitis,Oral mucositis - Stomatitis,PENDING,,,,,
Oral mucositis - Stomatitis/52.jpg,Oral mucositis - Stomatitis,Oral mucositis - Stomatitis,PENDING,,,,,
Oral mucositis - Stomatitis/53.jpg,Oral mucositis - Stomatitis,Oral mucositis - Stomatitis,PENDING,,,,,
Oral mucositis - Stomatitis/54.jpg,Oral mucositis - Stomatitis,Oral mucositis - Stomatitis,PENDING,,,,,
Oral mucositis - Stomatitis/55.jpg,Oral mucositis - Stomatitis,Oral mucositis - Stomatitis,PENDING,,,,,
Oral mucositis - Stomatitis/56.jpg,Oral mucositis - Stomatitis,Oral mucositis - Stomatitis,PENDING,,,,,
Oral mucositis - Stomatitis/57.jpg,Oral mucositis - Stomatitis,Oral mucositis - Stomatitis,PENDING,,,,,
Oral mucositis - Stomatitis/58.jpg,Oral mucositis - Stomatitis,Oral mucositis - Stomatitis,PENDING,,,,,
Oral mucositis - Stomatitis/59.jpg,Oral mucositis - Stomatitis,Oral mucositis - Stomatitis,PENDING,,,,,
Oral mucositis - Stomatitis/60.jpg,Oral mucositis - Stomatitis,Oral mucositis - Stomatitis,PENDING,,,,,
Oral mucositis - Stomatitis/61.jpg,Oral mucositis - Stomatitis,Oral mucositis - Stomatitis,PENDING,,,,,
Oral mucositis - Stomatitis/62.jpg,Oral mucositis - Stomatitis,Oral mucositis - Stomatitis,PENDING,,,,,
Oral mucositis - Stomatitis/63.jpg,Oral mucositis - Stomatitis,Oral mucositis - Stomatitis,PENDING,,,,,
Oral mucositis - Stomatitis/64.jpg,Oral mucositis - Stomatitis,Oral mucositis - Stomatitis,PENDING,,,,,
Oral mucositis - Stomatitis/65.jpg,Oral mucositis - Stomatitis,Oral mucositis - Stomatitis,PENDING,,,,,
Oral mucositis - Stomatitis/66.jpg,Oral mucositis - Stomatitis,Oral mucositis - Stomatitis,PENDING,,,,,
Oral mucositis - Stomatitis/67.jpg,Oral mucositis - Stomatitis,Oral mucositis - Stomatitis,PENDING,,,,,
Oral mucositis - Stomatitis/68.jpg,Oral mucositis - Stomatitis,Oral mucositis - Stomatitis,PENDING,,,,,
Oral mucositis - Stomatitis/69.jpg,Oral mucositis - Stomatitis,Oral mucositis - Stomatitis,PENDING,,,,,
Oral mucositis - Stomatitis/70.jpg,Oral mucositis - Stomatitis,Oral mucositis - Stomatitis,PENDING,,,,,
Oral mucositis - Stomatitis/71.jpg,Oral mucositis - Stomatitis,Oral mucositis - Stomatitis,PENDING,,,,,
Oral mucositis - Stomatitis/72.jpg,Oral mucositis - Stomatitis,Oral mucositis - Stomatitis,PENDING,,,,,
Oral mucositis - Stomatitis/73.jpg,Oral mucositis - Stomatitis,Oral mucositis - Stomatitis,PENDING,,,,,
Oral mucositis - Stomatitis/74.jpg,Oral mucositis - Stomatitis,Oral mucositis - Stomatitis,PENDING,,,,,
Oral mucositis - Stomatitis/75.jpg,Oral mucositis - Stomatitis,Oral mucositis - Stomatitis,PENDING,,,,,
Oral mucositis - Stomatitis/76.jpg,Oral mucositis - Stomatitis,Oral mucositis - Stomatitis,PENDING,,,,,
Oral mucositis - Stomatitis/77.jpg,Oral mucositis - Stomatitis,Oral mucositis - Stomatitis,PENDING,,,,,
Oral mucositis - Stomatitis/78.jpg,Oral mucositis - Stomatitis,Oral mucositis - Stomatitis,PENDING,,,,,
Oral mucositis - Stomatitis/79.jpg,Oral mucositis - Stomatitis,Oral mucositis - Stomatitis,PENDING,,,,,
Oral mucositis - Stomatitis/80.jpg,Oral mucositis - Stomatitis,Oral mucositis - Stomatitis,PENDING,,,,,
Oral mucositis - Stomatitis/81.jpg,Oral mucositis - Stomatitis,Oral mucositis - Stomatitis,PENDING,,,,,
Oral mucositis - Stomatitis/82.jpg,Oral mucositis - Stomatitis,Oral mucositis - Stomatitis,PENDING,,,,,
Oral mucositis - Stomatitis/83.jpg,Oral mucositis - Stomatitis,Oral mucositis - Stomatitis,PENDING,,,,,
Oral mucositis - Stomatitis/84.jpg,Oral mucositis - Stomatitis,Oral mucositis - Stomatitis,PENDING,,,,,
Oral mucositis - Stomatitis/erosive-lp.jpg,Oral mucositis - Stomatitis,Oral mucositis - Stomatitis,PENDING,,,,,
Oral mucositis - Stomatitis/ten-stomatitis.jpg,Oral mucositis - Stomatitis,Oral mucositis - Stomatitis,PENDING,,,,,
Oral squamous cell carcinoma/01.jpg,Oral squamous cell carcinoma,Oral squamous cell carcinoma,PENDING,,,,,
Oral squamous cell carcinoma/02.jpg,Oral squamous cell carcinoma,Oral squamous cell carcinoma,PENDING,,,,,
Oral squamous cell carcinoma/oral-ca1.jpg,Oral squamous cell carcinoma,Oral squamous cell carcinoma,PENDING,,,,,
Oral squamous cell carcinoma/oral-cancer.jpg,Oral squamous cell carcinoma,Oral squamous cell carcinoma,PENDING,,,,,
Orf/em-orf1.jpg,Orf,Orf,PENDING,,,,,
Orf/em-orf2.jpg,Orf,Orf,PENDING,,,,,
Orf/orf-arm.jpg,Orf,Orf,PENDING,,,,,
Orf/orf-nose.jpg,Orf,Orf,PENDING,,,,,
Orf/orf02.jpg,Orf,Orf,PENDING,,,,,
Orf/orf03.jpg,Orf,Orf,PENDING,,,,,
Orf/orf04.jpg,Orf,Orf,PENDING,,,,,
Orf/orf05.jpg,Orf,Orf,PENDING,,,,,
Orf/orf06.jpg,Orf,Orf,PENDING,,,,,
Orf/orf07.jpg,Orf,Orf,PENDING,,,,,
Orf/orf08.jpg,Orf,Orf,PENDING,,,,,
Orf/orf09.jpg,Orf,Orf,PENDING,,,,,
Orf/orf10.jpg,Orf,Orf,PENDING,,,,,
Orf/orf11.jpg,Orf,Orf,PENDING,,,,,
Orf/orf12.jpg,Orf,Orf,PENDING,,,,,
Orf/orf13.jpg,Orf,Orf,PENDING,,,,,
Orf/orf14.jpg,Orf,Orf,PENDING,,,,,
Orf/orf15.jpg,Orf,Orf,PENDING,,,,,
Orf/orf16.jpg,Orf,Orf,PENDING,,,,,
Orf/orf17.jpg,Orf,Orf,PENDING,,,,,
Orf/orf18.jpg,Orf,Orf,PENDING,,,,,
Orf/orf19.jpg,Orf,Orf,PENDING,,,,,
Orf/orf2.jpg,Orf,Orf,PENDING,,,,,
Orf/orf20.jpg,Orf,Orf,PENDING,,,,,
Orf/orf21.jpg,Orf,Orf,PENDING,,,,,
Orf/orf22.jpg,Orf,Orf,PENDING,,,,,
Orf/orf23.jpg,Orf,Orf,PENDING,,,,,
Orf/orf24.jpg,Orf,Orf,PENDING,,,,,
Orf/orf25.jpg,Orf,Orf,PENDING,,,,,
Orf/orf26.jpg,Orf,Orf,PENDING,,,,,
Orf/orf27.jpg,Orf,Orf,PENDING,,,,,
Orf/orf28.jpg,Orf,Orf,PENDING,,,,,
Orf/orf29.jpg,Orf,Orf,PENDING,,,,,
Orf/orf30.jpg,Orf,Orf,PENDING,,,,,
Orf/orf31.jpg,Orf,Orf,PENDING,,,,,
Orf/orf32.jpg,Orf,Orf,PENDING,,,,,
Orf/orf33.jpg,Orf,Orf,PENDING,,,,,
Orf/orf34.jpg,Orf,Orf,PENDING,,,,,
Orf/orf35.jpg,Orf,Orf,PENDING,,,,,
Orf/orf36.jpg,Orf,Orf,PENDING,,,,,
Orf/orf37.jpg,Orf,Orf,PENDING,,,,,
Orf/orf38.jpg,Orf,Orf,PENDING,,,,,
Orf/orf40.jpg,Orf,Orf,PENDING,,,,,
Ornithonyssosis/bird-mite-1.jpg,Ornithonyssosis,Ornithonyssosis,PENDING,,,,,
Ornithonyssosis/bird-mite-2.jpg,Ornithonyssosis,Ornithonyssosis,PENDING,,,,,
Orofacial granulomatosis/01.jpg,Orofacial granulomatosis,Orofacial granulomatosis,PENDING,,,,,
Orofacial granulomatosis/02.jpg,Orofacial granulomatosis,Orofacial granulomatosis,PENDING,,,,,
Orofacial granulomatosis/03.jpg,Orofacial granulomatosis,Orofacial granulomatosis,PENDING,,,,,
Orofacial granulomatosis/04.jpg,Orofacial granulomatosis,Orofacial granulomatosis,PENDING,,,,,
Orofacial granulomatosis/05.jpg,Orofacial granulomatosis,Orofacial granulomatosis,PENDING,,,,,
Orofacial granulomatosis/06.jpg,Orofacial granulomatosis,Orofacial granulomatosis,PENDING,,,,,
Orofacial granulomatosis/07.jpg,Orofacial granulomatosis,Orofacial granulomatosis,PENDING,,,,,
Orofacial granulomatosis/08.jpg,Orofacial granulomatosis,Orofacial granulomatosis,PENDING,,,,,
Orofacial granulomatosis/09.jpg,Orofacial granulomatosis,Orofacial granulomatosis,PENDING,,,,,
Orofacial granulomatosis/10.jpg,Orofacial granulomatosis,Orofacial granulomatosis,PENDING,,,,,
Orofacial granulomatosis/11.jpg,Orofacial granulomatosis,Orofacial granulomatosis,PENDING,,,,,
Orofacial granulomatosis/12.jpg,Orofacial granulomatosis,Orofacial granulomatosis,PENDING,,,,,
Orofacial granulomatosis/13.jpg,Orofacial granulomatosis,Orofacial granulomatosis,PENDING,,,,,
Orofacial granulomatosis/14.jpg,Orofacial granulomatosis,Orofacial granulomatosis,PENDING,,,,,
Orofacial granulomatosis/15.jpg,Orofacial granulomatosis,Orofacial granulomatosis,PENDING,,,,,
Orofacial granulomatosis/16.jpg,Orofacial granulomatosis,Orofacial granulomatosis,PENDING,,,,,
Orofacial granulomatosis/17.jpg,Orofacial granulomatosis,Orofacial granulomatosis,PENDING,,,,,
Orofacial granulomatosis/18.jpg,Orofacial granulomatosis,Orofacial granulomatosis,PENDING,,,,,
Orofacial granulomatosis/crohn-cheilitis1.jpg,Orofacial granulomatosis,Orofacial granulomatosis,PENDING,,,,,
Orofacial granulomatosis/crohn-cheilitis2.jpg,Orofacial granulomatosis,Orofacial granulomatosis,PENDING,,,,,
Orofacial granulomatosis/gran-cheil1.jpg,Orofacial granulomatosis,Orofacial granulomatosis,PENDING,,,,,
Osteoma cutis/01.jpg,Osteoma cutis,Osteoma cutis,PENDING,,,,,
Osteoma cutis/02.jpg,Osteoma cutis,Osteoma cutis,PENDING,,,,,
Osteoma cutis/03.jpg,Osteoma cutis,Osteoma cutis,PENDING,,,,,
Osteoma cutis/osteoma-cutis1.jpg,Osteoma cutis,Osteoma cutis,PENDING,,,,,
Osteoma cutis/osteoma-cutis2.jpg,Osteoma cutis,Osteoma cutis,PENDING,,,,,
Osteoma cutis/osteoma-cutis3.jpg,Osteoma cutis,Osteoma cutis,PENDING,,,,,
PHACE syndrome/phaces-1.jpg,PHACE syndrome,PHACE syndrome,PENDING,,,,,
PHACE syndrome/phaces-2.jpg,PHACE syndrome,PHACE syndrome,PENDING,,,,,
PHACE syndrome/phaces-3.jpg,PHACE syndrome,PHACE syndrome,PENDING,,,,,
Pachydermodactyly/01.jpg,Pachydermodactyly,Pachydermodactyly,PENDING,,,,,
Pachydermodactyly/02.jpg,Pachydermodactyly,Pachydermodactyly,PENDING,,,,,
Pachydermodactyly/03.jpg,Pachydermodactyly,Pachydermodactyly,PENDING,,,,,
Pachydermodactyly/pachydermodactyly-1.jpg,Pachydermodactyly,Pachydermodactyly,PENDING,,,,,
Pachydermodactyly/pachydermodactyly-2.jpg,Pachydermodactyly,Pachydermodactyly,PENDING,,,,,
Pachydermodactyly/pachydermodactyly-3.jpg,Pachydermodactyly,Pachydermodactyly,PENDING,,,,,
Pachyonychia congenita/01.jpg,Pachyonychia congenita,Pachyonychia congenita,PENDING,,,,,
Pachyonychia congenita/02.jpg,Pachyonychia congenita,Pachyonychia congenita,PENDING,,,,,
Pachyonychia congenita/03.jpg,Pachyonychia congenita,Pachyonychia congenita,PENDING,,,,,
Pachyonychia congenita/04.jpg,Pachyonychia congenita,Pachyonychia congenita,PENDING,,,,,
Pachyonychia congenita/05.jpg,Pachyonychia congenita,Pachyonychia congenita,PENDING,,,,,
Pachyonychia congenita/06.jpg,Pachyonychia congenita,Pachyonychia congenita,PENDING,,,,,
Pachyonychia congenita/07.jpg,Pachyonychia congenita,Pachyonychia congenita,PENDING,,,,,
Pachyonychia congenita/08.jpg,Pachyonychia congenita,Pachyonychia congenita,PENDING,,,,,
Pachyonychia congenita/09.jpg,Pachyonychia congenita,Pachyonychia congenita,PENDING,,,,,
Pachyonychia congenita/pachy.jpg,Pachyonychia congenita,Pachyonychia congenita,PENDING,,,,,
Pachyonychia congenita/pachyonychia-congenita-07.jpg,Pachyonychia congenita,Pachyonychia congenita,PENDING,,,,,
Pachyonychia congenita/pachyonychia-congenita-08.jpg,Pachyonychia congenita,Pachyonychia congenita,PENDING,,,,,
Pachyonychia congenita/pachyonychia-congenita-09-v2.jpg,Pachyonychia congenita,Pachyonychia congenita,PENDING,,,,,
Pachyonychia congenita/pachyonychia-congenita-10.jpg,Pachyonychia congenita,Pachyonychia congenita,PENDING,,,,,
Pachyonychia congenita/pachyonychia1.jpg,Pachyonychia congenita,Pachyonychia congenita,PENDING,,,,,
Pachyonychia congenita/pachyonychia2.jpg,Pachyonychia congenita,Pachyonychia congenita,PENDING,,,,,
Pachyonychia congenita/pachyonychia3.jpg,Pachyonychia congenita,Pachyonychia congenita,PENDING,,,,,
Pachyonychia congenita/pachyonychia4.jpg,Pachyonychia congenita,Pachyonychia congenita,PENDING,,,,,
Pachyonychia congenita/pachyonychia5.jpg,Pachyonychia congenita,Pachyonychia congenita,PENDING,,,,,
Palmar fascial fibromatosis/01.jpg,Palmar fascial fibromatosis,Palmar fascial fibromatosis,PENDING,,,,,
Palmar fascial fibromatosis/02.jpg,Palmar fascial fibromatosis,Palmar fascial fibromatosis,PENDING,,,,,
Palmar fascial fibromatosis/03.jpg,Palmar fascial fibromatosis,Palmar fascial fibromatosis,PENDING,,,,,
Palmar fascial fibromatosis/dupuytren-contracture-01.jpg,Palmar fascial fibromatosis,Palmar fascial fibromatosis,PENDING,,,,,
Palmar fascial fibromatosis/dupuytren-contracture-02.jpg,Palmar fascial fibromatosis,Palmar fascial fibromatosis,PENDING,,,,,
Palmar fascial fibromatosis/dupuytren-contracture-03.jpg,Palmar fascial fibromatosis,Palmar fascial fibromatosis,PENDING,,,,,
Palmoplantar keratoderma/01.jpg,Palmoplantar keratoderma,Palmoplantar keratoderma,PENDING,,,,,
Palmoplantar keratoderma/02.jpg,Palmoplantar keratoderma,Palmoplantar keratoderma,PENDING,,,,,
Palmoplantar keratoderma/03.jpg,Palmoplantar keratoderma,Palmoplantar keratoderma,PENDING,,,,,
Palmoplantar keratoderma/04.jpg,Palmoplantar keratoderma,Palmoplantar keratoderma,PENDING,,,,,
Palmoplantar keratoderma/05.jpg,Palmoplantar keratoderma,Palmoplantar keratoderma,PENDING,,,,,
Palmoplantar keratoderma/06.jpg,Palmoplantar keratoderma,Palmoplantar keratoderma,PENDING,,,,,
Palmoplantar keratoderma/07.jpg,Palmoplantar keratoderma,Palmoplantar keratoderma,PENDING,,,,,
Palmoplantar keratoderma/08.jpg,Palmoplantar keratoderma,Palmoplantar keratoderma,PENDING,,,,,
Palmoplantar keratoderma/09.jpg,Palmoplantar keratoderma,Palmoplantar keratoderma,PENDING,,,,,
Palmoplantar keratoderma/10.jpg,Palmoplantar keratoderma,Palmoplantar keratoderma,PENDING,,,,,
Palmoplantar keratoderma/11.jpg,Palmoplantar keratoderma,Palmoplantar keratoderma,PENDING,,,,,
Palmoplantar keratoderma/12.jpg,Palmoplantar keratoderma,Palmoplantar keratoderma,PENDING,,,,,
Palmoplantar keratoderma/13.jpg,Palmoplantar keratoderma,Palmoplantar keratoderma,PENDING,,,,,
Palmoplantar keratoderma/14.jpg,Palmoplantar keratoderma,Palmoplantar keratoderma,PENDING,,,,,
Palmoplantar keratoderma/15.jpg,Palmoplantar keratoderma,Palmoplantar keratoderma,PENDING,,,,,
Palmoplantar keratoderma/16.jpg,Palmoplantar keratoderma,Palmoplantar keratoderma,PENDING,,,,,
Palmoplantar keratoderma/17.jpg,Palmoplantar keratoderma,Palmoplantar keratoderma,PENDING,,,,,
Palmoplantar keratoderma/18.jpg,Palmoplantar keratoderma,Palmoplantar keratoderma,PENDING,,,,,
Palmoplantar keratoderma/19.jpg,Palmoplantar keratoderma,Palmoplantar keratoderma,PENDING,,,,,
Palmoplantar keratoderma/20.jpg,Palmoplantar keratoderma,Palmoplantar keratoderma,PENDING,,,,,
Palmoplantar keratoderma/21.jpg,Palmoplantar keratoderma,Palmoplantar keratoderma,PENDING,,,,,
Palmoplantar keratoderma/22.jpg,Palmoplantar keratoderma,Palmoplantar keratoderma,PENDING,,,,,
Palmoplantar keratoderma/23.jpg,Palmoplantar keratoderma,Palmoplantar keratoderma,PENDING,,,,,
Palmoplantar keratoderma/24.jpg,Palmoplantar keratoderma,Palmoplantar keratoderma,PENDING,,,,,
Palmoplantar keratoderma/25.jpg,Palmoplantar keratoderma,Palmoplantar keratoderma,PENDING,,,,,
Palmoplantar keratoderma/26.jpg,Palmoplantar keratoderma,Palmoplantar keratoderma,PENDING,,,,,
Palmoplantar keratoderma/27.jpg,Palmoplantar keratoderma,Palmoplantar keratoderma,PENDING,,,,,
Palmoplantar keratoderma/28.jpg,Palmoplantar keratoderma,Palmoplantar keratoderma,PENDING,,,,,
Palmoplantar keratoderma/29.jpg,Palmoplantar keratoderma,Palmoplantar keratoderma,PENDING,,,,,
Palmoplantar keratoderma/30.jpg,Palmoplantar keratoderma,Palmoplantar keratoderma,PENDING,,,,,
Palmoplantar keratoderma/31.jpg,Palmoplantar keratoderma,Palmoplantar keratoderma,PENDING,,,,,
Palmoplantar keratoderma/32.jpg,Palmoplantar keratoderma,Palmoplantar keratoderma,PENDING,,,,,
Palmoplantar keratoderma/33.jpg,Palmoplantar keratoderma,Palmoplantar keratoderma,PENDING,,,,,
Palmoplantar keratoderma/34.jpg,Palmoplantar keratoderma,Palmoplantar keratoderma,PENDING,,,,,
Palmoplantar keratoderma/35.jpg,Palmoplantar keratoderma,Palmoplantar keratoderma,PENDING,,,,,
Palmoplantar keratoderma/36.jpg,Palmoplantar keratoderma,Palmoplantar keratoderma,PENDING,,,,,
Palmoplantar keratoderma/37.jpg,Palmoplantar keratoderma,Palmoplantar keratoderma,PENDING,,,,,
Palmoplantar keratoderma/38.jpg,Palmoplantar keratoderma,Palmoplantar keratoderma,PENDING,,,,,
Palmoplantar keratoderma/39.jpg,Palmoplantar keratoderma,Palmoplantar keratoderma,PENDING,,,,,
Palmoplantar keratoderma/40.jpg,Palmoplantar keratoderma,Palmoplantar keratoderma,PENDING,,,,,
Palmoplantar keratoderma/41.jpg,Palmoplantar keratoderma,Palmoplantar keratoderma,PENDING,,,,,
Palmoplantar keratoderma/42.jpg,Palmoplantar keratoderma,Palmoplantar keratoderma,PENDING,,,,,
Palmoplantar keratoderma/43.jpg,Palmoplantar keratoderma,Palmoplantar keratoderma,PENDING,,,,,
Palmoplantar keratoderma/44.jpg,Palmoplantar keratoderma,Palmoplantar keratoderma,PENDING,,,,,
Palmoplantar keratoderma/45.jpg,Palmoplantar keratoderma,Palmoplantar keratoderma,PENDING,,,,,
Palmoplantar keratoderma/46.jpg,Palmoplantar keratoderma,Palmoplantar keratoderma,PENDING,,,,,
Palmoplantar keratoderma/47.jpg,Palmoplantar keratoderma,Palmoplantar keratoderma,PENDING,,,,,
Palmoplantar keratoderma/48.jpg,Palmoplantar keratoderma,Palmoplantar keratoderma,PENDING,,,,,
Palmoplantar keratoderma/49.jpg,Palmoplantar keratoderma,Palmoplantar keratoderma,PENDING,,,,,
Palmoplantar keratoderma/50.jpg,Palmoplantar keratoderma,Palmoplantar keratoderma,PENDING,,,,,
Palmoplantar keratoderma/51.jpg,Palmoplantar keratoderma,Palmoplantar keratoderma,PENDING,,,,,
Palmoplantar keratoderma/52.jpg,Palmoplantar keratoderma,Palmoplantar keratoderma,PENDING,,,,,
Palmoplantar keratoderma/53.jpg,Palmoplantar keratoderma,Palmoplantar keratoderma,PENDING,,,,,
Palmoplantar keratoderma/54.jpg,Palmoplantar keratoderma,Palmoplantar keratoderma,PENDING,,,,,
Palmoplantar keratoderma/55.jpg,Palmoplantar keratoderma,Palmoplantar keratoderma,PENDING,,,,,
Palmoplantar keratoderma/56.jpg,Palmoplantar keratoderma,Palmoplantar keratoderma,PENDING,,,,,
Palmoplantar keratoderma/57.jpg,Palmoplantar keratoderma,Palmoplantar keratoderma,PENDING,,,,,
Palmoplantar keratoderma/58.jpg,Palmoplantar keratoderma,Palmoplantar keratoderma,PENDING,,,,,
Palmoplantar keratoderma/59.jpg,Palmoplantar keratoderma,Palmoplantar keratoderma,PENDING,,,,,
Palmoplantar pustulosis/3580.jpg,Palmoplantar pustulosis,Palmoplantar pustulosis,PENDING,,,,,
Palmoplantar pustulosis/3581.jpg,Palmoplantar pustulosis,Palmoplantar pustulosis,PENDING,,,,,
Palmoplantar pustulosis/3582.jpg,Palmoplantar pustulosis,Palmoplantar pustulosis,PENDING,,,,,
Palmoplantar pustulosis/3583.jpg,Palmoplantar pustulosis,Palmoplantar pustulosis,PENDING,,,,,
Palmoplantar pustulosis/3584.jpg,Palmoplantar pustulosis,Palmoplantar pustulosis,PENDING,,,,,
Palmoplantar pustulosis/3585.jpg,Palmoplantar pustulosis,Palmoplantar pustulosis,PENDING,,,,,
Palmoplantar pustulosis/3586.jpg,Palmoplantar pustulosis,Palmoplantar pustulosis,PENDING,,,,,
Palmoplantar pustulosis/3587.jpg,Palmoplantar pustulosis,Palmoplantar pustulosis,PENDING,,,,,
Palmoplantar pustulosis/3588.jpg,Palmoplantar pustulosis,Palmoplantar pustulosis,PENDING,,,,,
Palmoplantar pustulosis/3589.jpg,Palmoplantar pustulosis,Palmoplantar pustulosis,PENDING,,,,,
Palmoplantar pustulosis/3590.jpg,Palmoplantar pustulosis,Palmoplantar pustulosis,PENDING,,,,,
Palmoplantar pustulosis/3591.jpg,Palmoplantar pustulosis,Palmoplantar pustulosis,PENDING,,,,,
Palmoplantar pustulosis/3592.jpg,Palmoplantar pustulosis,Palmoplantar pustulosis,PENDING,,,,,
Palmoplantar pustulosis/3593.jpg,Palmoplantar pustulosis,Palmoplantar pustulosis,PENDING,,,,,
Palmoplantar pustulosis/3594.jpg,Palmoplantar pustulosis,Palmoplantar pustulosis,PENDING,,,,,
Palmoplantar pustulosis/3595.jpg,Palmoplantar pustulosis,Palmoplantar pustulosis,PENDING,,,,,
Palmoplantar pustulosis/3596.jpg,Palmoplantar pustulosis,Palmoplantar pustulosis,PENDING,,,,,
Palmoplantar pustulosis/3597.jpg,Palmoplantar pustulosis,Palmoplantar pustulosis,PENDING,,,,,
Palmoplantar pustulosis/3598.jpg,Palmoplantar pustulosis,Palmoplantar pustulosis,PENDING,,,,,
Palmoplantar pustulosis/3599.jpg,Palmoplantar pustulosis,Palmoplantar pustulosis,PENDING,,,,,
Palmoplantar pustulosis/3600.jpg,Palmoplantar pustulosis,Palmoplantar pustulosis,PENDING,,,,,
Palmoplantar pustulosis/palmar-pustulosis-01.jpg,Palmoplantar pustulosis,Palmoplantar pustulosis,PENDING,,,,,
Palmoplantar pustulosis/palmar-pustulosis-02.jpg,Palmoplantar pustulosis,Palmoplantar pustulosis,PENDING,,,,,
Palmoplantar pustulosis/palmar-pustulosis-03.jpg,Palmoplantar pustulosis,Palmoplantar pustulosis,PENDING,,,,,
Palmoplantar pustulosis/palmar-pustulosis-04.jpg,Palmoplantar pustulosis,Palmoplantar pustulosis,PENDING,,,,,
Palmoplantar pustulosis/palmar-pustulosis-05.jpg,Palmoplantar pustulosis,Palmoplantar pustulosis,PENDING,,,,,
Palmoplantar pustulosis/palmar-pustulosis-06.jpg,Palmoplantar pustulosis,Palmoplantar pustulosis,PENDING,,,,,
Palmoplantar pustulosis/palmar-pustulosis-07.jpg,Palmoplantar pustulosis,Palmoplantar pustulosis,PENDING,,,,,
Palmoplantar pustulosis/palmar-pustulosis-08.jpg,Palmoplantar pustulosis,Palmoplantar pustulosis,PENDING,,,,,
Palmoplantar pustulosis/palmar-pustulosis-09.jpg,Palmoplantar pustulosis,Palmoplantar pustulosis,PENDING,,,,,
Palmoplantar pustulosis/palmar-pustulosis-10.jpg,Palmoplantar pustulosis,Palmoplantar pustulosis,PENDING,,,,,
Palmoplantar pustulosis/palmar-pustulosis-11.jpg,Palmoplantar pustulosis,Palmoplantar pustulosis,PENDING,,,,,
Palmoplantar pustulosis/palmar-pustulosis-12.jpg,Palmoplantar pustulosis,Palmoplantar pustulosis,PENDING,,,,,
Palmoplantar pustulosis/plantar-pustulosis-13.jpg,Palmoplantar pustulosis,Palmoplantar pustulosis,PENDING,,,,,
Palmoplantar pustulosis/plantar-pustulosis-14.jpg,Palmoplantar pustulosis,Palmoplantar pustulosis,PENDING,,,,,
Palmoplantar pustulosis/plantar-pustulosis-15.jpg,Palmoplantar pustulosis,Palmoplantar pustulosis,PENDING,,,,,
Palmoplantar pustulosis/plantar-pustulosis-16.jpg,Palmoplantar pustulosis,Palmoplantar pustulosis,PENDING,,,,,
Palmoplantar pustulosis/plantar-pustulosis-17.jpg,Palmoplantar pustulosis,Palmoplantar pustulosis,PENDING,,,,,
Palmoplantar pustulosis/plantar-pustulosis-18.jpg,Palmoplantar pustulosis,Palmoplantar pustulosis,PENDING,,,,,
Palmoplantar pustulosis/plantar-pustulosis-19.jpg,Palmoplantar pustulosis,Palmoplantar pustulosis,PENDING,,,,,
Palmoplantar pustulosis/plantar-pustulosis-20.jpg,Palmoplantar pustulosis,Palmoplantar pustulosis,PENDING,,,,,
Palmoplantar pustulosis/plantar-pustulosis-21.jpg,Palmoplantar pustulosis,Palmoplantar pustulosis,PENDING,,,,,
Palmoplantar pustulosis/plantar-pustulosis-22.jpg,Palmoplantar pustulosis,Palmoplantar pustulosis,PENDING,,,,,
Palmoplantar pustulosis/plantar-pustulosis-23.jpg,Palmoplantar pustulosis,Palmoplantar pustulosis,PENDING,,,,,
Palmoplantar pustulosis/plantar-pustulosis-24.jpg,Palmoplantar pustulosis,Palmoplantar pustulosis,PENDING,,,,,
Palmoplantar pustulosis/plantar-pustulosis-25.jpg,Palmoplantar pustulosis,Palmoplantar pustulosis,PENDING,,,,,
Palmoplantar pustulosis/plantar-pustulosis-26.jpg,Palmoplantar pustulosis,Palmoplantar pustulosis,PENDING,,,,,
Palmoplantar pustulosis/plantar-pustulosis-27.jpg,Palmoplantar pustulosis,Palmoplantar pustulosis,PENDING,,,,,
Palmoplantar pustulosis/plantar-pustulosis-28.jpg,Palmoplantar pustulosis,Palmoplantar pustulosis,PENDING,,,,,
Palmoplantar pustulosis/plantar-pustulosis-29.jpg,Palmoplantar pustulosis,Palmoplantar pustulosis,PENDING,,,,,
Palmoplantar pustulosis/plantar-pustulosis-30.jpg,Palmoplantar pustulosis,Palmoplantar pustulosis,PENDING,,,,,
Palmoplantar pustulosis/plantar-pustulosis-31.jpg,Palmoplantar pustulosis,Palmoplantar pustulosis,PENDING,,,,,
Palmoplantar pustulosis/plantar-pustulosis-32.jpg,Palmoplantar pustulosis,Palmoplantar pustulosis,PENDING,,,,,
Palmoplantar pustulosis/plantar-pustulosis-33.jpg,Palmoplantar pustulosis,Palmoplantar pustulosis,PENDING,,,,,
Palmoplantar pustulosis/plantar-pustulosis-34.jpg,Palmoplantar pustulosis,Palmoplantar pustulosis,PENDING,,,,,
Palmoplantar pustulosis/plantar-pustulosis-35.jpg,Palmoplantar pustulosis,Palmoplantar pustulosis,PENDING,,,,,
Palmoplantar pustulosis/plantar-pustulosis-36.jpg,Palmoplantar pustulosis,Palmoplantar pustulosis,PENDING,,,,,
Palmoplantar pustulosis/plantar-pustulosis-37.jpg,Palmoplantar pustulosis,Palmoplantar pustulosis,PENDING,,,,,
Palmoplantar pustulosis/plantar-pustulosis-38.jpg,Palmoplantar pustulosis,Palmoplantar pustulosis,PENDING,,,,,
Palmoplantar pustulosis/plantar-pustulosis-39.jpg,Palmoplantar pustulosis,Palmoplantar pustulosis,PENDING,,,,,
Palmoplantar pustulosis/plantar-pustulosis-40.jpg,Palmoplantar pustulosis,Palmoplantar pustulosis,PENDING,,,,,
Palmoplantar pustulosis/plantar-pustulosis-41.jpg,Palmoplantar pustulosis,Palmoplantar pustulosis,PENDING,,,,,
Palmoplantar pustulosis/plantar-pustulosis-42.jpg,Palmoplantar pustulosis,Palmoplantar pustulosis,PENDING,,,,,
Palmoplantar pustulosis/plantar-pustulosis-43.jpg,Palmoplantar pustulosis,Palmoplantar pustulosis,PENDING,,,,,
Palmoplantar pustulosis/plantar-pustulosis-44.jpg,Palmoplantar pustulosis,Palmoplantar pustulosis,PENDING,,,,,
Palmoplantar pustulosis/plantar-pustulosis-45.jpg,Palmoplantar pustulosis,Palmoplantar pustulosis,PENDING,,,,,
Palmoplantar pustulosis/plantar-pustulosis-46.jpg,Palmoplantar pustulosis,Palmoplantar pustulosis,PENDING,,,,,
Palmoplantar pustulosis/plantar-pustulosis-47.jpg,Palmoplantar pustulosis,Palmoplantar pustulosis,PENDING,,,,,
Palmoplantar pustulosis/plantar-pustulosis-48.jpg,Palmoplantar pustulosis,Palmoplantar pustulosis,PENDING,,,,,
Palmoplantar pustulosis/plantar-pustulosis-49.jpg,Palmoplantar pustulosis,Palmoplantar pustulosis,PENDING,,,,,
Palmoplantar pustulosis/plantar-pustulosis-50.jpg,Palmoplantar pustulosis,Palmoplantar pustulosis,PENDING,,,,,
Palmoplantar pustulosis/plantar-pustulosis-51.jpg,Palmoplantar pustulosis,Palmoplantar pustulosis,PENDING,,,,,
Palmoplantar pustulosis/plantar-pustulosis-52.jpg,Palmoplantar pustulosis,Palmoplantar pustulosis,PENDING,,,,,
Palmoplantar pustulosis/plantar-pustulosis-53.jpg,Palmoplantar pustulosis,Palmoplantar pustulosis,PENDING,,,,,
Palmoplantar pustulosis/plantar-pustulosis-54.jpg,Palmoplantar pustulosis,Palmoplantar pustulosis,PENDING,,,,,
Palmoplantar pustulosis/plantar-pustulosis-55.jpg,Palmoplantar pustulosis,Palmoplantar pustulosis,PENDING,,,,,
Palmoplantar pustulosis/plantar-pustulosis-56.jpg,Palmoplantar pustulosis,Palmoplantar pustulosis,PENDING,,,,,
Palmoplantar pustulosis/plantar-pustulosis-57.jpg,Palmoplantar pustulosis,Palmoplantar pustulosis,PENDING,,,,,
Palmoplantar pustulosis/plantar-pustulosis-58.jpg,Palmoplantar pustulosis,Palmoplantar pustulosis,PENDING,,,,,
Palmoplantar pustulosis/plantar-pustulosis-59.jpg,Palmoplantar pustulosis,Palmoplantar pustulosis,PENDING,,,,,
Palmoplantar pustulosis/plantar-pustulosis-60.jpg,Palmoplantar pustulosis,Palmoplantar pustulosis,PENDING,,,,,
Palmoplantar pustulosis/plantar-pustulosis-61.jpg,Palmoplantar pustulosis,Palmoplantar pustulosis,PENDING,,,,,
Palmoplantar pustulosis/plantar-pustulosis-62.jpg,Palmoplantar pustulosis,Palmoplantar pustulosis,PENDING,,,,,
Palmoplantar pustulosis/plantar-pustulosis-63.jpg,Palmoplantar pustulosis,Palmoplantar pustulosis,PENDING,,,,,
Palmoplantar pustulosis/plantar-pustulosis-64.jpg,Palmoplantar pustulosis,Palmoplantar pustulosis,PENDING,,,,,
Palmoplantar pustulosis/plantar-pustulosis-65.jpg,Palmoplantar pustulosis,Palmoplantar pustulosis,PENDING,,,,,
Palmoplantar pustulosis/plantar-pustulosis-66.jpg,Palmoplantar pustulosis,Palmoplantar pustulosis,PENDING,,,,,
Palmoplantar pustulosis/plantar-pustulosis-67.jpg,Palmoplantar pustulosis,Palmoplantar pustulosis,PENDING,,,,,
Palmoplantar pustulosis/plantar-pustulosis-68.jpg,Palmoplantar pustulosis,Palmoplantar pustulosis,PENDING,,,,,
Palmoplantar pustulosis/plantar-pustulosis-69.jpg,Palmoplantar pustulosis,Palmoplantar pustulosis,PENDING,,,,,
Palmoplantar pustulosis/ps16.jpg,Palmoplantar pustulosis,Palmoplantar pustulosis,PENDING,,,,,
Palmoplantar pustulosis/ps17.jpg,Palmoplantar pustulosis,Palmoplantar pustulosis,PENDING,,,,,
Palmoplantar pustulosis/pustulosis.jpg,Palmoplantar pustulosis,Palmoplantar pustulosis,PENDING,,,,,
Panniculitis/01.jpg,Panniculitis,Panniculitis,PENDING,,,,,
Panniculitis/02.jpg,Panniculitis,Panniculitis,PENDING,,,,,
Panniculitis/03.jpg,Panniculitis,Panniculitis,PENDING,,,,,
Panniculitis/04.jpg,Panniculitis,Panniculitis,PENDING,,,,,
Panniculitis/05.jpg,Panniculitis,Panniculitis,PENDING,,,,,
Panniculitis/06.jpg,Panniculitis,Panniculitis,PENDING,,,,,
Panniculitis/07.jpg,Panniculitis,Panniculitis,PENDING,,,,,
Panniculitis/08.jpg,Panniculitis,Panniculitis,PENDING,,,,,
Panniculitis/09.jpg,Panniculitis,Panniculitis,PENDING,,,,,
Panniculitis/10.jpg,Panniculitis,Panniculitis,PENDING,,,,,
Panniculitis/11.jpg,Panniculitis,Panniculitis,PENDING,,,,,
Panniculitis/12.jpg,Panniculitis,Panniculitis,PENDING,,,,,
Panniculitis/13.jpg,Panniculitis,Panniculitis,PENDING,,,,,
Panniculitis/14.jpg,Panniculitis,Panniculitis,PENDING,,,,,
Panniculitis/15.jpg,Panniculitis,Panniculitis,PENDING,,,,,
Panniculitis/16.jpg,Panniculitis,Panniculitis,PENDING,,,,,
Panniculitis/17.jpg,Panniculitis,Panniculitis,PENDING,,,,,
Panniculitis/18.jpg,Panniculitis,Panniculitis,PENDING,,,,,
Panniculitis/19.jpg,Panniculitis,Panniculitis,PENDING,,,,,
Panniculitis/20.jpg,Panniculitis,Panniculitis,PENDING,,,,,
Panniculitis/21.jpg,Panniculitis,Panniculitis,PENDING,,,,,
Panniculitis/22.jpg,Panniculitis,Panniculitis,PENDING,,,,,
Panniculitis/23.jpg,Panniculitis,Panniculitis,PENDING,,,,,
Panniculitis/24.jpg,Panniculitis,Panniculitis,PENDING,,,,,
Panniculitis/25.jpg,Panniculitis,Panniculitis,PENDING,,,,,
Panniculitis/26.jpg,Panniculitis,Panniculitis,PENDING,,,,,
Panniculitis/27.jpg,Panniculitis,Panniculitis,PENDING,,,,,
Panniculitis/28.jpg,Panniculitis,Panniculitis,PENDING,,,,,
Panniculitis/29.jpg,Panniculitis,Panniculitis,PENDING,,,,,
Panniculitis/30.jpg,Panniculitis,Panniculitis,PENDING,,,,,
Panniculitis/pan-feet.jpg,Panniculitis,Panniculitis,PENDING,,,,,
Panniculitis/pannic2.jpg,Panniculitis,Panniculitis,PENDING,,,,,
Panniculitis/pannic3.jpg,Panniculitis,Panniculitis,PENDING,,,,,
Papular acrodermatitis of childhood/gcs07.jpg,Papular acrodermatitis of childhood,Papular acrodermatitis of childhood,PENDING,,,,,
Papular acrodermatitis of childhood/gcs08.jpg,Papular acrodermatitis of childhood,Papular acrodermatitis of childhood,PENDING,,,,,
Papular acrodermatitis of childhood/gcs09.jpg,Papular acrodermatitis of childhood,Papular acrodermatitis of childhood,PENDING,,,,,
Papular acrodermatitis of childhood/gcs10.jpg,Papular acrodermatitis of childhood,Papular acrodermatitis of childhood,PENDING,,,,,
Papular acrodermatitis of childhood/gcs11.jpg,Papular acrodermatitis of childhood,Papular acrodermatitis of childhood,PENDING,,,,,
Papular acrodermatitis of childhood/gcs12.jpg,Papular acrodermatitis of childhood,Papular acrodermatitis of childhood,PENDING,,,,,
Papular acrodermatitis of childhood/gcs13.jpg,Papular acrodermatitis of childhood,Papular acrodermatitis of childhood,PENDING,,,,,
Papular acrodermatitis of childhood/gcs14.jpg,Papular acrodermatitis of childhood,Papular acrodermatitis of childhood,PENDING,,,,,
Papular acrodermatitis of childhood/gcs15.jpg,Papular acrodermatitis of childhood,Papular acrodermatitis of childhood,PENDING,,,,,
Papular acrodermatitis of childhood/gcs16.jpg,Papular acrodermatitis of childhood,Papular acrodermatitis of childhood,PENDING,,,,,
Papular acrodermatitis of childhood/gcs17.jpg,Papular acrodermatitis of childhood,Papular acrodermatitis of childhood,PENDING,,,,,
Papular acrodermatitis of childhood/gcs18.jpg,Papular acrodermatitis of childhood,Papular acrodermatitis of childhood,PENDING,,,,,
Papular acrodermatitis of childhood/gcs19.jpg,Papular acrodermatitis of childhood,Papular acrodermatitis of childhood,PENDING,,,,,
Papular acrodermatitis of childhood/gcs20.jpg,Papular acrodermatitis of childhood,Papular acrodermatitis of childhood,PENDING,,,,,
Papular acrodermatitis of childhood/gcs21.jpg,Papular acrodermatitis of childhood,Papular acrodermatitis of childhood,PENDING,,,,,
Papular acrodermatitis of childhood/gcs22.jpg,Papular acrodermatitis of childhood,Papular acrodermatitis of childhood,PENDING,,,,,
Papular acrodermatitis of childhood/gcs23.jpg,Papular acrodermatitis of childhood,Papular acrodermatitis of childhood,PENDING,,,,,
Papular acrodermatitis of childhood/gcs24.jpg,Papular acrodermatitis of childhood,Papular acrodermatitis of childhood,PENDING,,,,,
Papular acrodermatitis of childhood/gcs25.jpg,Papular acrodermatitis of childhood,Papular acrodermatitis of childhood,PENDING,,,,,
Papular acrodermatitis of childhood/gcs26.jpg,Papular acrodermatitis of childhood,Papular acrodermatitis of childhood,PENDING,,,,,
Papular acrodermatitis of childhood/gcs27.jpg,Papular acrodermatitis of childhood,Papular acrodermatitis of childhood,PENDING,,,,,
Papular acrodermatitis of childhood/gcs28.jpg,Papular acrodermatitis of childhood,Papular acrodermatitis of childhood,PENDING,,,,,
Papular acrodermatitis of childhood/gcs29.jpg,Papular acrodermatitis of childhood,Papular acrodermatitis of childhood,PENDING,,,,,
Papular acrodermatitis of childhood/gcs30.jpg,Papular acrodermatitis of childhood,Papular acrodermatitis of childhood,PENDING,,,,,
Papular acrodermatitis of childhood/gcs31.jpg,Papular acrodermatitis of childhood,Papular acrodermatitis of childhood,PENDING,,,,,
Papular acrodermatitis of childhood/gcs32.jpg,Papular acrodermatitis of childhood,Papular acrodermatitis of childhood,PENDING,,,,,
Papular acrodermatitis of childhood/gcs33.jpg,Papular acrodermatitis of childhood,Papular acrodermatitis of childhood,PENDING,,,,,
Papular acrodermatitis of childhood/gcs35.jpg,Papular acrodermatitis of childhood,Papular acrodermatitis of childhood,PENDING,,,,,
Papular acrodermatitis of childhood/gcs36.jpg,Papular acrodermatitis of childhood,Papular acrodermatitis of childhood,PENDING,,,,,
Papular acrodermatitis of childhood/gcs37.jpg,Papular acrodermatitis of childhood,Papular acrodermatitis of childhood,PENDING,,,,,
Papular acrodermatitis of childhood/gcs38.jpg,Papular acrodermatitis of childhood,Papular acrodermatitis of childhood,PENDING,,,,,
Papular acrodermatitis of childhood/gcs39.jpg,Papular acrodermatitis of childhood,Papular acrodermatitis of childhood,PENDING,,,,,
Papular acrodermatitis of childhood/gcs4.jpg,Papular acrodermatitis of childhood,Papular acrodermatitis of childhood,PENDING,,,,,
Papular acrodermatitis of childhood/gcs40.jpg,Papular acrodermatitis of childhood,Papular acrodermatitis of childhood,PENDING,,,,,
Papular acrodermatitis of childhood/gcs41.jpg,Papular acrodermatitis of childhood,Papular acrodermatitis of childhood,PENDING,,,,,
Papular acrodermatitis of childhood/gcs42.jpg,Papular acrodermatitis of childhood,Papular acrodermatitis of childhood,PENDING,,,,,
Papular acrodermatitis of childhood/gcs43.jpg,Papular acrodermatitis of childhood,Papular acrodermatitis of childhood,PENDING,,,,,
Papular acrodermatitis of childhood/gcs44.jpg,Papular acrodermatitis of childhood,Papular acrodermatitis of childhood,PENDING,,,,,
Papular acrodermatitis of childhood/gcs45.jpg,Papular acrodermatitis of childhood,Papular acrodermatitis of childhood,PENDING,,,,,
Papular acrodermatitis of childhood/gcs46.jpg,Papular acrodermatitis of childhood,Papular acrodermatitis of childhood,PENDING,,,,,
Papular acrodermatitis of childhood/gcs47.jpg,Papular acrodermatitis of childhood,Papular acrodermatitis of childhood,PENDING,,,,,
Papular acrodermatitis of childhood/gcs48.jpg,Papular acrodermatitis of childhood,Papular acrodermatitis of childhood,PENDING,,,,,
Papular acrodermatitis of childhood/gcs49.jpg,Papular acrodermatitis of childhood,Papular acrodermatitis of childhood,PENDING,,,,,
Papular acrodermatitis of childhood/gcs50.jpg,Papular acrodermatitis of childhood,Papular acrodermatitis of childhood,PENDING,,,,,
Papular acrodermatitis of childhood/gcs51.jpg,Papular acrodermatitis of childhood,Papular acrodermatitis of childhood,PENDING,,,,,
Papular acrodermatitis of childhood/gcs52.jpg,Papular acrodermatitis of childhood,Papular acrodermatitis of childhood,PENDING,,,,,
Papular acrodermatitis of childhood/gcs53.jpg,Papular acrodermatitis of childhood,Papular acrodermatitis of childhood,PENDING,,,,,
Papular acrodermatitis of childhood/gcs54.jpg,Papular acrodermatitis of childhood,Papular acrodermatitis of childhood,PENDING,,,,,
Papular acrodermatitis of childhood/gcs55.jpg,Papular acrodermatitis of childhood,Papular acrodermatitis of childhood,PENDING,,,,,
Papular acrodermatitis of childhood/gcs56.jpg,Papular acrodermatitis of childhood,Papular acrodermatitis of childhood,PENDING,,,,,
Papular acrodermatitis of childhood/gcs57.jpg,Papular acrodermatitis of childhood,Papular acrodermatitis of childhood,PENDING,,,,,
Papular acrodermatitis of childhood/gcs58.jpg,Papular acrodermatitis of childhood,Papular acrodermatitis of childhood,PENDING,,,,,
Papular acrodermatitis of childhood/gcs59.jpg,Papular acrodermatitis of childhood,Papular acrodermatitis of childhood,PENDING,,,,,
Papular acrodermatitis of childhood/gcs60.jpg,Papular acrodermatitis of childhood,Papular acrodermatitis of childhood,PENDING,,,,,
Papular acrodermatitis of childhood/gcs61.jpg,Papular acrodermatitis of childhood,Papular acrodermatitis of childhood,PENDING,,,,,
Papular mucinosis/01.jpg,Papular mucinosis,Papular mucinosis,PENDING,,,,,
Papular mucinosis/02.jpg,Papular mucinosis,Papular mucinosis,PENDING,,,,,
Papular urticaria/01.jpg,Papular urticaria,Papular urticaria,PENDING,,,,,
Papular urticaria/02.jpg,Papular urticaria,Papular urticaria,PENDING,,,,,
Papular urticaria/03.jpg,Papular urticaria,Papular urticaria,PENDING,,,,,
Papular urticaria/04.jpg,Papular urticaria,Papular urticaria,PENDING,,,,,
Papular urticaria/05.jpg,Papular urticaria,Papular urticaria,PENDING,,,,,
Papular urticaria/06.jpg,Papular urticaria,Papular urticaria,PENDING,,,,,
Papular urticaria/papurt1.jpg,Papular urticaria,Papular urticaria,PENDING,,,,,
Papular urticaria/papurt2.jpg,Papular urticaria,Papular urticaria,PENDING,,,,,
Papular urticaria/papurt3.jpg,Papular urticaria,Papular urticaria,PENDING,,,,,
Parakeratosis pustulosa/01.jpg,Parakeratosis pustulosa,Parakeratosis pustulosa,PENDING,,,,,
Parakeratosis pustulosa/02.jpg,Parakeratosis pustulosa,Parakeratosis pustulosa,PENDING,,,,,
Parakeratosis pustulosa/parakeratosis1.jpg,Parakeratosis pustulosa,Parakeratosis pustulosa,PENDING,,,,,
Parakeratosis pustulosa/parakeratosis2.jpg,Parakeratosis pustulosa,Parakeratosis pustulosa,PENDING,,,,,
Paraneoplastic acrokeratosis/01.jpg,Paraneoplastic acrokeratosis,Paraneoplastic acrokeratosis,PENDING,,,,,
Paraneoplastic acrokeratosis/02.jpg,Paraneoplastic acrokeratosis,Paraneoplastic acrokeratosis,PENDING,,,,,
Paraneoplastic acrokeratosis/03.jpg,Paraneoplastic acrokeratosis,Paraneoplastic acrokeratosis,PENDING,,,,,
Paraneoplastic acrokeratosis/bazex1.jpg,Paraneoplastic acrokeratosis,Paraneoplastic acrokeratosis,PENDING,,,,,
Paraneoplastic acrokeratosis/bazex2-s.jpg,Paraneoplastic acrokeratosis,Paraneoplastic acrokeratosis,PENDING,,,,,
Paronychia/3283.jpg,Paronychia,Paronychia,PENDING,,,,,
Paronychia/3284.jpg,Paronychia,Paronychia,PENDING,,,,,
Paronychia/3285.jpg,Paronychia,Paronychia,PENDING,,,,,
Paronychia/3286.jpg,Paronychia,Paronychia,PENDING,,,,,
Paronychia/3287.jpg,Paronychia,Paronychia,PENDING,,,,,
Paronychia/3288.jpg,Paronychia,Paronychia,PENDING,,,,,
Paronychia/3289.jpg,Paronychia,Paronychia,PENDING,,,,,
Paronychia/3290.jpg,Paronychia,Paronychia,PENDING,,,,,
Paronychia/3291.jpg,Paronychia,Paronychia,PENDING,,,,,
Paronychia/3292.jpg,Paronychia,Paronychia,PENDING,,,,,
Paronychia/3293.jpg,Paronychia,Paronychia,PENDING,,,,,
Paronychia/3294.jpg,Paronychia,Paronychia,PENDING,,,,,
Paronychia/3295.jpg,Paronychia,Paronychia,PENDING,,,,,
Paronychia/3296.jpg,Paronychia,Paronychia,PENDING,,,,,
Paronychia/3297.jpg,Paronychia,Paronychia,PENDING,,,,,
Paronychia/3298.jpg,Paronychia,Paronychia,PENDING,,,,,
Paronychia/3299.jpg,Paronychia,Paronychia,PENDING,,,,,
Paronychia/3300.jpg,Paronychia,Paronychia,PENDING,,,,,
Paronychia/3301.jpg,Paronychia,Paronychia,PENDING,,,,,
Paronychia/3302.jpg,Paronychia,Paronychia,PENDING,,,,,
Paronychia/3303.jpg,Paronychia,Paronychia,PENDING,,,,,
Paronychia/3304.jpg,Paronychia,Paronychia,PENDING,,,,,
Paronychia/3305.jpg,Paronychia,Paronychia,PENDING,,,,,
Paronychia/3306.jpg,Paronychia,Paronychia,PENDING,,,,,
Paronychia/3307.jpg,Paronychia,Paronychia,PENDING,,,,,
Paronychia/3308.jpg,Paronychia,Paronychia,PENDING,,,,,
Paronychia/3309.jpg,Paronychia,Paronychia,PENDING,,,,,
Paronychia/paron1.jpg,Paronychia,Paronychia,PENDING,,,,,
Paronychia/paron2.jpg,Paronychia,Paronychia,PENDING,,,,,
Paronychia/paron3.jpg,Paronychia,Paronychia,PENDING,,,,,
Paronychia/paron4.jpg,Paronychia,Paronychia,PENDING,,,,,
Paronychia/paron5.jpg,Paronychia,Paronychia,PENDING,,,,,
Paronychia/paron6.jpg,Paronychia,Paronychia,PENDING,,,,,
Paronychia/paron7.jpg,Paronychia,Paronychia,PENDING,,,,,
Paronychia/paron9.jpg,Paronychia,Paronychia,PENDING,,,,,
Parvo B19 infection/01.jpg,Parvo B19 infection,Parvo B19 infection,PENDING,,,,,
Parvo B19 infection/02.jpg,Parvo B19 infection,Parvo B19 infection,PENDING,,,,,
Parvo B19 infection/03.jpg,Parvo B19 infection,Parvo B19 infection,PENDING,,,,,
Parvo B19 infection/04.jpg,Parvo B19 infection,Parvo B19 infection,PENDING,,,,,
Parvo B19 infection/05.jpg,Parvo B19 infection,Parvo B19 infection,PENDING,,,,,
Pearly penile papules/01.jpg,Pearly penile papules,Pearly penile papules,PENDING,,,,,
Pearly penile papules/02.jpg,Pearly penile papules,Pearly penile papules,PENDING,,,,,
Pearly penile papules/03.jpg,Pearly penile papules,Pearly penile papules,PENDING,,,,,
Pearly penile papules/04.jpg,Pearly penile papules,Pearly penile papules,PENDING,,,,,
Pearly penile papules/05.jpg,Pearly penile papules,Pearly penile papules,PENDING,,,,,
Pearly penile papules/06.jpg,Pearly penile papules,Pearly penile papules,PENDING,,,,,
Pearly penile papules/07.jpg,Pearly penile papules,Pearly penile papules,PENDING,,,,,
Pearly penile papules/08.jpg,Pearly penile papules,Pearly penile papules,PENDING,,,,,
Pearly penile papules/penile-pearly-papules-01.jpg,Pearly penile papules,Pearly penile papules,PENDING,,,,,
Pearly penile papules/penile-pearly-papules-02.jpg,Pearly penile papules,Pearly penile papules,PENDING,,,,,
Pearly penile papules/penile-pearly-papules-03.jpg,Pearly penile papules,Pearly penile papules,PENDING,,,,,
Pearly penile papules/penile-pearly-papules-04.jpg,Pearly penile papules,Pearly penile papules,PENDING,,,,,
Pearly penile papules/penile-pearly-papules-05.jpg,Pearly penile papules,Pearly penile papules,PENDING,,,,,
Pearly penile papules/ppap-small.jpg,Pearly penile papules,Pearly penile papules,PENDING,,,,,
Pearly penile papules/ppp1-small.jpg,Pearly penile papules,Pearly penile papules,PENDING,,,,,
Pearly penile papules/ppp2-small.jpg,Pearly penile papules,Pearly penile papules,PENDING,,,,,
Pediculosis capitis/01.jpg,Pediculosis capitis,Pediculosis capitis,PENDING,,,,,
Pediculosis capitis/02.jpg,Pediculosis capitis,Pediculosis capitis,PENDING,,,,,
Pediculosis capitis/03.jpg,Pediculosis capitis,Pediculosis capitis,PENDING,,,,,
Pediculosis capitis/04.jpg,Pediculosis capitis,Pediculosis capitis,PENDING,,,,,
Pediculosis capitis/05.jpg,Pediculosis capitis,Pediculosis capitis,PENDING,,,,,
Pediculosis capitis/06.jpg,Pediculosis capitis,Pediculosis capitis,PENDING,,,,,
Pediculosis capitis/07.jpg,Pediculosis capitis,Pediculosis capitis,PENDING,,,,,
Pediculosis capitis/08.jpg,Pediculosis capitis,Pediculosis capitis,PENDING,,,,,
Pediculosis capitis/09.jpg,Pediculosis capitis,Pediculosis capitis,PENDING,,,,,
Pediculosis capitis/10.jpg,Pediculosis capitis,Pediculosis capitis,PENDING,,,,,
Pediculosis capitis/11.jpg,Pediculosis capitis,Pediculosis capitis,PENDING,,,,,
Pediculosis capitis/12.jpg,Pediculosis capitis,Pediculosis capitis,PENDING,,,,,
Pediculosis capitis/13.jpg,Pediculosis capitis,Pediculosis capitis,PENDING,,,,,
Pediculosis capitis/14.jpg,Pediculosis capitis,Pediculosis capitis,PENDING,,,,,
Pediculosis capitis/head-lice-001.jpg,Pediculosis capitis,Pediculosis capitis,PENDING,,,,,
Pediculosis capitis/head-lice-002.jpg,Pediculosis capitis,Pediculosis capitis,PENDING,,,,,
Pediculosis capitis/nits-dermatitis.jpg,Pediculosis capitis,Pediculosis capitis,PENDING,,,,,
Pellagra/01.jpg,Pellagra,Pellagra,PENDING,,,,,
Pellagra/02.jpg,Pellagra,Pellagra,PENDING,,,,,
Pellagra/03.jpg,Pellagra,Pellagra,PENDING,,,,,
Pellagra/04.jpg,Pellagra,Pellagra,PENDING,,,,,
Pellagra/05.jpg,Pellagra,Pellagra,PENDING,,,,,
Pellagra/06.jpg,Pellagra,Pellagra,PENDING,,,,,
Pellagra/07.jpg,Pellagra,Pellagra,PENDING,,,,,
Pellagra/08.jpg,Pellagra,Pellagra,PENDING,,,,,
Pellagra/pell2.jpg,Pellagra,Pellagra,PENDING,,,,,
Pellagra/pell3.jpg,Pellagra,Pellagra,PENDING,,,,,
Pellagra/pellagra1.jpg,Pellagra,Pellagra,PENDING,,,,,
Pellagra/pellagra2.jpg,Pellagra,Pellagra,PENDING,,,,,
Pellagra/photo10.jpg,Pellagra,Pellagra,PENDING,,,,,
Pemphigoid gestationis/01.jpg,Pemphigoid gestationis,Pemphigoid gestationis,PENDING,,,,,
Pemphigoid gestationis/02.jpg,Pemphigoid gestationis,Pemphigoid gestationis,PENDING,,,,,
Pemphigoid gestationis/03.jpg,Pemphigoid gestationis,Pemphigoid gestationis,PENDING,,,,,
Pemphigoid gestationis/04.jpg,Pemphigoid gestationis,Pemphigoid gestationis,PENDING,,,,,
Pemphigoid gestationis/05.jpg,Pemphigoid gestationis,Pemphigoid gestationis,PENDING,,,,,
Pemphigoid gestationis/06.jpg,Pemphigoid gestationis,Pemphigoid gestationis,PENDING,,,,,
Pemphigoid gestationis/07.jpg,Pemphigoid gestationis,Pemphigoid gestationis,PENDING,,,,,
Pemphigoid gestationis/08.jpg,Pemphigoid gestationis,Pemphigoid gestationis,PENDING,,,,,
Pemphigoid gestationis/09.jpg,Pemphigoid gestationis,Pemphigoid gestationis,PENDING,,,,,
Pemphigoid gestationis/10.jpg,Pemphigoid gestationis,Pemphigoid gestationis,PENDING,,,,,
Pemphigoid gestationis/11.jpg,Pemphigoid gestationis,Pemphigoid gestationis,PENDING,,,,,
Pemphigoid gestationis/12.jpg,Pemphigoid gestationis,Pemphigoid gestationis,PENDING,,,,,
Pemphigoid gestationis/13.jpg,Pemphigoid gestationis,Pemphigoid gestationis,PENDING,,,,,
Pemphigoid gestationis/14.jpg,Pemphigoid gestationis,Pemphigoid gestationis,PENDING,,,,,
Pemphigoid gestationis/15.jpg,Pemphigoid gestationis,Pemphigoid gestationis,PENDING,,,,,
Pemphigoid gestationis/16.jpg,Pemphigoid gestationis,Pemphigoid gestationis,PENDING,,,,,
Pemphigoid gestationis/17.jpg,Pemphigoid gestationis,Pemphigoid gestationis,PENDING,,,,,
Pemphigoid gestationis/18.jpg,Pemphigoid gestationis,Pemphigoid gestationis,PENDING,,,,,
Pemphigoid gestationis/19.jpg,Pemphigoid gestationis,Pemphigoid gestationis,PENDING,,,,,
Pemphigoid gestationis/20.jpg,Pemphigoid gestationis,Pemphigoid gestationis,PENDING,,,,,
Pemphigoid gestationis/21.jpg,Pemphigoid gestationis,Pemphigoid gestationis,PENDING,,,,,
Pemphigoid gestationis/22.jpg,Pemphigoid gestationis,Pemphigoid gestationis,PENDING,,,,,
Pemphigoid gestationis/23.jpg,Pemphigoid gestationis,Pemphigoid gestationis,PENDING,,,,,
Pemphigoid gestationis/24.jpg,Pemphigoid gestationis,Pemphigoid gestationis,PENDING,,,,,
Pemphigoid gestationis/25.jpg,Pemphigoid gestationis,Pemphigoid gestationis,PENDING,,,,,
Pemphigoid gestationis/26.jpg,Pemphigoid gestationis,Pemphigoid gestationis,PENDING,,,,,
Pemphigoid gestationis/27.jpg,Pemphigoid gestationis,Pemphigoid gestationis,PENDING,,,,,
Pemphigoid gestationis/28.jpg,Pemphigoid gestationis,Pemphigoid gestationis,PENDING,,,,,
Pemphigoid gestationis/29.jpg,Pemphigoid gestationis,Pemphigoid gestationis,PENDING,,,,,
Pemphigoid gestationis/30.jpg,Pemphigoid gestationis,Pemphigoid gestationis,PENDING,,,,,
Pemphigoid gestationis/31.jpg,Pemphigoid gestationis,Pemphigoid gestationis,PENDING,,,,,
Pemphigoid gestationis/32.jpg,Pemphigoid gestationis,Pemphigoid gestationis,PENDING,,,,,
Pemphigoid gestationis/33.jpg,Pemphigoid gestationis,Pemphigoid gestationis,PENDING,,,,,
Pemphigoid gestationis/34.jpg,Pemphigoid gestationis,Pemphigoid gestationis,PENDING,,,,,
Pemphigoid gestationis/35.jpg,Pemphigoid gestationis,Pemphigoid gestationis,PENDING,,,,,
Pemphigoid gestationis/36.jpg,Pemphigoid gestationis,Pemphigoid gestationis,PENDING,,,,,
Pemphigoid gestationis/37.jpg,Pemphigoid gestationis,Pemphigoid gestationis,PENDING,,,,,
Pemphigoid gestationis/38.jpg,Pemphigoid gestationis,Pemphigoid gestationis,PENDING,,,,,
Pemphigoid gestationis/39.jpg,Pemphigoid gestationis,Pemphigoid gestationis,PENDING,,,,,
Pemphigoid gestationis/40.jpg,Pemphigoid gestationis,Pemphigoid gestationis,PENDING,,,,,
Pemphigoid gestationis/41.jpg,Pemphigoid gestationis,Pemphigoid gestationis,PENDING,,,,,
Pemphigoid gestationis/42.jpg,Pemphigoid gestationis,Pemphigoid gestationis,PENDING,,,,,
Pemphigoid gestationis/43.jpg,Pemphigoid gestationis,Pemphigoid gestationis,PENDING,,,,,
Pemphigoid gestationis/44.jpg,Pemphigoid gestationis,Pemphigoid gestationis,PENDING,,,,,
Pemphigoid gestationis/45.jpg,Pemphigoid gestationis,Pemphigoid gestationis,PENDING,,,,,
Pemphigoid gestationis/46.jpg,Pemphigoid gestationis,Pemphigoid gestationis,PENDING,,,,,
Pemphigoid gestationis/47.jpg,Pemphigoid gestationis,Pemphigoid gestationis,PENDING,,,,,
Pemphigoid gestationis/48.jpg,Pemphigoid gestationis,Pemphigoid gestationis,PENDING,,,,,
Pemphigoid gestationis/pemgest1.jpg,Pemphigoid gestationis,Pemphigoid gestationis,PENDING,,,,,
Pemphigoid gestationis/pemgest6.jpg,Pemphigoid gestationis,Pemphigoid gestationis,PENDING,,,,,
Pemphigus foliaceus/01.jpg,Pemphigus foliaceus,Pemphigus foliaceus,PENDING,,,,,
Pemphigus foliaceus/02.jpg,Pemphigus foliaceus,Pemphigus foliaceus,PENDING,,,,,
Pemphigus foliaceus/03.jpg,Pemphigus foliaceus,Pemphigus foliaceus,PENDING,,,,,
Pemphigus foliaceus/04.jpg,Pemphigus foliaceus,Pemphigus foliaceus,PENDING,,,,,
Pemphigus foliaceus/05.jpg,Pemphigus foliaceus,Pemphigus foliaceus,PENDING,,,,,
Pemphigus foliaceus/06.jpg,Pemphigus foliaceus,Pemphigus foliaceus,PENDING,,,,,
Pemphigus foliaceus/07.jpg,Pemphigus foliaceus,Pemphigus foliaceus,PENDING,,,,,
Pemphigus foliaceus/08.jpg,Pemphigus foliaceus,Pemphigus foliaceus,PENDING,,,,,
Pemphigus foliaceus/09.jpg,Pemphigus foliaceus,Pemphigus foliaceus,PENDING,,,,,
Pemphigus foliaceus/10.jpg,Pemphigus foliaceus,Pemphigus foliaceus,PENDING,,,,,
Pemphigus foliaceus/11.jpg,Pemphigus foliaceus,Pemphigus foliaceus,PENDING,,,,,
Pemphigus foliaceus/12.jpg,Pemphigus foliaceus,Pemphigus foliaceus,PENDING,,,,,
Pemphigus foliaceus/13.jpg,Pemphigus foliaceus,Pemphigus foliaceus,PENDING,,,,,
Pemphigus foliaceus/14.jpg,Pemphigus foliaceus,Pemphigus foliaceus,PENDING,,,,,
Pemphigus foliaceus/15.jpg,Pemphigus foliaceus,Pemphigus foliaceus,PENDING,,,,,
Pemphigus foliaceus/pfol1.jpg,Pemphigus foliaceus,Pemphigus foliaceus,PENDING,,,,,
Pemphigus foliaceus/pfol2.jpg,Pemphigus foliaceus,Pemphigus foliaceus,PENDING,,,,,
Pemphigus foliaceus/pfol3.jpg,Pemphigus foliaceus,Pemphigus foliaceus,PENDING,,,,,
Pemphigus foliaceus/pfol4.jpg,Pemphigus foliaceus,Pemphigus foliaceus,PENDING,,,,,
Pemphigus foliaceus/pfol5.jpg,Pemphigus foliaceus,Pemphigus foliaceus,PENDING,,,,,
Pemphigus foliaceus/pfol6.jpg,Pemphigus foliaceus,Pemphigus foliaceus,PENDING,,,,,
Pemphigus vulgaris/anal-pemphigus-01.jpg,Pemphigus vulgaris,Pemphigus vulgaris,PENDING,,,,,
Pemphigus vulgaris/blist-pgus1.jpg,Pemphigus vulgaris,Pemphigus vulgaris,PENDING,,,,,
Pemphigus vulgaris/oral-pemphigus-08.jpg,Pemphigus vulgaris,Pemphigus vulgaris,PENDING,,,,,
Pemphigus vulgaris/oral-pemphigus-vulgaris-01.jpg,Pemphigus vulgaris,Pemphigus vulgaris,PENDING,,,,,
Pemphigus vulgaris/oral-pemphigus-vulgaris-02.jpg,Pemphigus vulgaris,Pemphigus vulgaris,PENDING,,,,,
Pemphigus vulgaris/oral-pemphigus-vulgaris-03.jpg,Pemphigus vulgaris,Pemphigus vulgaris,PENDING,,,,,
Pemphigus vulgaris/oral-pemphigus-vulgaris-04.jpg,Pemphigus vulgaris,Pemphigus vulgaris,PENDING,,,,,
Pemphigus vulgaris/oral-pemphigus-vulgaris-05.jpg,Pemphigus vulgaris,Pemphigus vulgaris,PENDING,,,,,
Pemphigus vulgaris/oral-pemphigus-vulgaris-06.jpg,Pemphigus vulgaris,Pemphigus vulgaris,PENDING,,,,,
Pemphigus vulgaris/oral-pemphigus-vulgaris-07.jpg,Pemphigus vulgaris,Pemphigus vulgaris,PENDING,,,,,
Pemphigus vulgaris/pemphigus-vulgaris-01.jpg,Pemphigus vulgaris,Pemphigus vulgaris,PENDING,,,,,
Pemphigus vulgaris/pemphigus-vulgaris-02.jpg,Pemphigus vulgaris,Pemphigus vulgaris,PENDING,,,,,
Pemphigus vulgaris/pemphigus-vulgaris-03.jpg,Pemphigus vulgaris,Pemphigus vulgaris,PENDING,,,,,
Pemphigus vulgaris/pemphigus-vulgaris-04.jpg,Pemphigus vulgaris,Pemphigus vulgaris,PENDING,,,,,
Pemphigus vulgaris/pemphigus-vulgaris-05.jpg,Pemphigus vulgaris,Pemphigus vulgaris,PENDING,,,,,
Pemphigus vulgaris/pemphigus-vulgaris-06.jpg,Pemphigus vulgaris,Pemphigus vulgaris,PENDING,,,,,
Pemphigus vulgaris/pemphigus-vulgaris-07.jpg,Pemphigus vulgaris,Pemphigus vulgaris,PENDING,,,,,
Pemphigus vulgaris/pemphigus-vulgaris-08.jpg,Pemphigus vulgaris,Pemphigus vulgaris,PENDING,,,,,
Pemphigus vulgaris/pemphigus-vulgaris-09.jpg,Pemphigus vulgaris,Pemphigus vulgaris,PENDING,,,,,
Pemphigus vulgaris/pemphigus-vulgaris-10.jpg,Pemphigus vulgaris,Pemphigus vulgaris,PENDING,,,,,
Pemphigus vulgaris/pemphigus-vulgaris-11.jpg,Pemphigus vulgaris,Pemphigus vulgaris,PENDING,,,,,
Pemphigus vulgaris/pemphigus-vulgaris-12.jpg,Pemphigus vulgaris,Pemphigus vulgaris,PENDING,,,,,
Pemphigus vulgaris/pemphigus-vulgaris-13.jpg,Pemphigus vulgaris,Pemphigus vulgaris,PENDING,,,,,
Pemphigus vulgaris/pemphigus-vulgaris-14.jpg,Pemphigus vulgaris,Pemphigus vulgaris,PENDING,,,,,
Pemphigus vulgaris/pemphigus-vulgaris-15.jpg,Pemphigus vulgaris,Pemphigus vulgaris,PENDING,,,,,
Pemphigus vulgaris/pemphigus-vulgaris-16.jpg,Pemphigus vulgaris,Pemphigus vulgaris,PENDING,,,,,
Pemphigus vulgaris/pemphigus-vulgaris-17.jpg,Pemphigus vulgaris,Pemphigus vulgaris,PENDING,,,,,
Pemphigus vulgaris/pemphigus-vulgaris-18.jpg,Pemphigus vulgaris,Pemphigus vulgaris,PENDING,,,,,
Pemphigus vulgaris/pemphigus-vulgaris-19.jpg,Pemphigus vulgaris,Pemphigus vulgaris,PENDING,,,,,
Pemphigus vulgaris/pemphigus-vulgaris-20.jpg,Pemphigus vulgaris,Pemphigus vulgaris,PENDING,,,,,
Pemphigus vulgaris/pgus1.jpg,Pemphigus vulgaris,Pemphigus vulgaris,PENDING,,,,,
Pemphigus vulgaris/pgus2.jpg,Pemphigus vulgaris,Pemphigus vulgaris,PENDING,,,,,
Pemphigus vulgaris/pgus3.jpg,Pemphigus vulgaris,Pemphigus vulgaris,PENDING,,,,,
Pemphigus vulgaris/pgus4.jpg,Pemphigus vulgaris,Pemphigus vulgaris,PENDING,,,,,
Pemphigus vulgaris/pgus5.jpg,Pemphigus vulgaris,Pemphigus vulgaris,PENDING,,,,,
Pemphigus vulgaris/pgus6.jpg,Pemphigus vulgaris,Pemphigus vulgaris,PENDING,,,,,
Pemphigus vulgaris/pgus7.jpg,Pemphigus vulgaris,Pemphigus vulgaris,PENDING,,,,,
Pemphigus vulgaris/pgus8.jpg,Pemphigus vulgaris,Pemphigus vulgaris,PENDING,,,,,
Pemphigus vulgaris/pgus9.jpg,Pemphigus vulgaris,Pemphigus vulgaris,PENDING,,,,,
Pemphigus vulgaris/pv-1.jpg,Pemphigus vulgaris,Pemphigus vulgaris,PENDING,,,,,
Pemphigus vulgaris/pv-2.jpg,Pemphigus vulgaris,Pemphigus vulgaris,PENDING,,,,,
Pemphigus vulgaris/vulval-pemphigus-01.jpg,Pemphigus vulgaris,Pemphigus vulgaris,PENDING,,,,,
Penile epithelial neoplasia/pin1-s.jpg,Penile epithelial neoplasia,Penile epithelial neoplasia,PENDING,,,,,
Penile epithelial neoplasia/pin2-s.jpg,Penile epithelial neoplasia,Penile epithelial neoplasia,PENDING,,,,,
Periarteritis nodosa/01.jpg,Periarteritis nodosa,Periarteritis nodosa,PENDING,,,,,
Periarteritis nodosa/02.jpg,Periarteritis nodosa,Periarteritis nodosa,PENDING,,,,,
Periarteritis nodosa/03.jpg,Periarteritis nodosa,Periarteritis nodosa,PENDING,,,,,
Periarteritis nodosa/04.jpg,Periarteritis nodosa,Periarteritis nodosa,PENDING,,,,,
Periarteritis nodosa/05.jpg,Periarteritis nodosa,Periarteritis nodosa,PENDING,,,,,
Periarteritis nodosa/06.jpg,Periarteritis nodosa,Periarteritis nodosa,PENDING,,,,,
Periarteritis nodosa/07.jpg,Periarteritis nodosa,Periarteritis nodosa,PENDING,,,,,
Periarteritis nodosa/08.jpg,Periarteritis nodosa,Periarteritis nodosa,PENDING,,,,,
Periarteritis nodosa/09.jpg,Periarteritis nodosa,Periarteritis nodosa,PENDING,,,,,
Periarteritis nodosa/10.jpg,Periarteritis nodosa,Periarteritis nodosa,PENDING,,,,,
Periarteritis nodosa/11.jpg,Periarteritis nodosa,Periarteritis nodosa,PENDING,,,,,
Periarteritis nodosa/12.jpg,Periarteritis nodosa,Periarteritis nodosa,PENDING,,,,,
Periarteritis nodosa/13.jpg,Periarteritis nodosa,Periarteritis nodosa,PENDING,,,,,
Periarteritis nodosa/14.jpg,Periarteritis nodosa,Periarteritis nodosa,PENDING,,,,,
Periarteritis nodosa/pan1.jpg,Periarteritis nodosa,Periarteritis nodosa,PENDING,,,,,
Periarteritis nodosa/pan3.jpg,Periarteritis nodosa,Periarteritis nodosa,PENDING,,,,,
Periorificial dermatitis/3402.jpg,Periorificial dermatitis,Periorificial dermatitis,PENDING,,,,,
Periorificial dermatitis/3403.jpg,Periorificial dermatitis,Periorificial dermatitis,PENDING,,,,,
Periorificial dermatitis/3404.jpg,Periorificial dermatitis,Periorificial dermatitis,PENDING,,,,,
Periorificial dermatitis/3405.jpg,Periorificial dermatitis,Periorificial dermatitis,PENDING,,,,,
Periorificial dermatitis/3406.jpg,Periorificial dermatitis,Periorificial dermatitis,PENDING,,,,,
Periorificial dermatitis/3407.jpg,Periorificial dermatitis,Periorificial dermatitis,PENDING,,,,,
Periorificial dermatitis/3408.jpg,Periorificial dermatitis,Periorificial dermatitis,PENDING,,,,,
Periorificial dermatitis/3409.jpg,Periorificial dermatitis,Periorificial dermatitis,PENDING,,,,,
Periorificial dermatitis/3410.jpg,Periorificial dermatitis,Periorificial dermatitis,PENDING,,,,,
Periorificial dermatitis/3411.jpg,Periorificial dermatitis,Periorificial dermatitis,PENDING,,,,,
Periorificial dermatitis/3412.jpg,Periorificial dermatitis,Periorificial dermatitis,PENDING,,,,,
Periorificial dermatitis/3414.jpg,Periorificial dermatitis,Periorificial dermatitis,PENDING,,,,,
Periorificial dermatitis/3415.jpg,Periorificial dermatitis,Periorificial dermatitis,PENDING,,,,,
Periorificial dermatitis/3416.jpg,Periorificial dermatitis,Periorificial dermatitis,PENDING,,,,,
Periorificial dermatitis/3417.jpg,Periorificial dermatitis,Periorificial dermatitis,PENDING,,,,,
Periorificial dermatitis/3418.jpg,Periorificial dermatitis,Periorificial dermatitis,PENDING,,,,,
Periorificial dermatitis/3419.jpg,Periorificial dermatitis,Periorificial dermatitis,PENDING,,,,,
Periorificial dermatitis/3420.jpg,Periorificial dermatitis,Periorificial dermatitis,PENDING,,,,,
Periorificial dermatitis/3421.jpg,Periorificial dermatitis,Periorificial dermatitis,PENDING,,,,,
Periorificial dermatitis/3422.jpg,Periorificial dermatitis,Periorificial dermatitis,PENDING,,,,,
Periorificial dermatitis/3423.jpg,Periorificial dermatitis,Periorificial dermatitis,PENDING,,,,,
Periorificial dermatitis/3424.jpg,Periorificial dermatitis,Periorificial dermatitis,PENDING,,,,,
Periorificial dermatitis/3425.jpg,Periorificial dermatitis,Periorificial dermatitis,PENDING,,,,,
Periorificial dermatitis/3426.jpg,Periorificial dermatitis,Periorificial dermatitis,PENDING,,,,,
Periorificial dermatitis/3427.jpg,Periorificial dermatitis,Periorificial dermatitis,PENDING,,,,,
Periorificial dermatitis/3428.jpg,Periorificial dermatitis,Periorificial dermatitis,PENDING,,,,,
Periorificial dermatitis/3429.jpg,Periorificial dermatitis,Periorificial dermatitis,PENDING,,,,,
Periorificial dermatitis/3430.jpg,Periorificial dermatitis,Periorificial dermatitis,PENDING,,,,,
Periorificial dermatitis/3432.jpg,Periorificial dermatitis,Periorificial dermatitis,PENDING,,,,,
Periorificial dermatitis/3433.jpg,Periorificial dermatitis,Periorificial dermatitis,PENDING,,,,,
Periorificial dermatitis/3434.jpg,Periorificial dermatitis,Periorificial dermatitis,PENDING,,,,,
Periorificial dermatitis/perioral-dermatitis-38.jpg,Periorificial dermatitis,Periorificial dermatitis,PENDING,,,,,
Periorificial dermatitis/perioral-dermatitis-39.jpg,Periorificial dermatitis,Periorificial dermatitis,PENDING,,,,,
Periorificial dermatitis/perioral-dermatitis-40.jpg,Periorificial dermatitis,Periorificial dermatitis,PENDING,,,,,
Piebaldism/01.jpg,Piebaldism,Piebaldism,PENDING,,,,,
Piebaldism/02.jpg,Piebaldism,Piebaldism,PENDING,,,,,
Piebaldism/03.jpg,Piebaldism,Piebaldism,PENDING,,,,,
Piebaldism/04.jpg,Piebaldism,Piebaldism,PENDING,,,,,
Piebaldism/05.jpg,Piebaldism,Piebaldism,PENDING,,,,,
Piebaldism/06.jpg,Piebaldism,Piebaldism,PENDING,,,,,
Piebaldism/07.jpg,Piebaldism,Piebaldism,PENDING,,,,,
Piebaldism/piebald2.jpg,Piebaldism,Piebaldism,PENDING,,,,,
Piebaldism/piebald3.jpg,Piebaldism,Piebaldism,PENDING,,,,,
Piebaldism/piebald4.jpg,Piebaldism,Piebaldism,PENDING,,,,,
Piebaldism/piebald5.jpg,Piebaldism,Piebaldism,PENDING,,,,,
Piebaldism/piebald6.jpg,Piebaldism,Piebaldism,PENDING,,,,,
Piebaldism/piebald7.jpg,Piebaldism,Piebaldism,PENDING,,,,,
Piezogenic papules/01.jpg,Piezogenic papules,Piezogenic papules,PENDING,,,,,
Piezogenic papules/02.jpg,Piezogenic papules,Piezogenic papules,PENDING,,,,,
Piezogenic papules/03.jpg,Piezogenic papules,Piezogenic papules,PENDING,,,,,
Piezogenic papules/04.jpg,Piezogenic papules,Piezogenic papules,PENDING,,,,,
Piezogenic papules/05.jpg,Piezogenic papules,Piezogenic papules,PENDING,,,,,
Piezogenic papules/06.jpg,Piezogenic papules,Piezogenic papules,PENDING,,,,,
Piezogenic papules/07.jpg,Piezogenic papules,Piezogenic papules,PENDING,,,,,
Piezogenic papules/08.jpg,Piezogenic papules,Piezogenic papules,PENDING,,,,,
Piezogenic papules/09.jpg,Piezogenic papules,Piezogenic papules,PENDING,,,,,
Piezogenic papules/EDS-molluscoid-pseudotumours-001.jpg,Piezogenic papules,Piezogenic papules,PENDING,,,,,
Piezogenic papules/piezogenic-papules1.jpg,Piezogenic papules,Piezogenic papules,PENDING,,,,,
Piezogenic papules/piezogenic-papules2.jpg,Piezogenic papules,Piezogenic papules,PENDING,,,,,
Piezogenic papules/piezogenic-papules3.jpg,Piezogenic papules,Piezogenic papules,PENDING,,,,,
Piezogenic papules/piezogenic-papules4.jpg,Piezogenic papules,Piezogenic papules,PENDING,,,,,
Piezogenic papules/piezogenic-papules5.jpg,Piezogenic papules,Piezogenic papules,PENDING,,,,,
Piezogenic papules/piezogenic-papules6.jpg,Piezogenic papules,Piezogenic papules,PENDING,,,,,
Piezogenic papules/piezogenic-papules7.jpg,Piezogenic papules,Piezogenic papules,PENDING,,,,,
Piezogenic papules/piezogenic-papules8.jpg,Piezogenic papules,Piezogenic papules,PENDING,,,,,
Piezogenic papules/piezogenic-papules9.jpg,Piezogenic papules,Piezogenic papules,PENDING,,,,,
Pigmented purpura/2507.jpg,Pigmented purpura,Pigmented purpura,PENDING,,,,,
Pigmented purpura/2508.jpg,Pigmented purpura,Pigmented purpura,PENDING,,,,,
Pigmented purpura/2509.jpg,Pigmented purpura,Pigmented purpura,PENDING,,,,,
Pigmented purpura/capil1.jpg,Pigmented purpura,Pigmented purpura,PENDING,,,,,
Pigmented purpura/capil3.jpg,Pigmented purpura,Pigmented purpura,PENDING,,,,,
Pigmented purpura/capil4.jpg,Pigmented purpura,Pigmented purpura,PENDING,,,,,
Pigmented purpura/capillaritis-37.jpg,Pigmented purpura,Pigmented purpura,PENDING,,,,,
Pigmented purpura/capillaritis-38.jpg,Pigmented purpura,Pigmented purpura,PENDING,,,,,
Pigmented purpura/capillaritis-39.jpg,Pigmented purpura,Pigmented purpura,PENDING,,,,,
Pigmented purpura/capillaritis-40.jpg,Pigmented purpura,Pigmented purpura,PENDING,,,,,
Pigmented purpura/capillaritis-41.jpg,Pigmented purpura,Pigmented purpura,PENDING,,,,,
Pigmented purpura/capillaritis-42.jpg,Pigmented purpura,Pigmented purpura,PENDING,,,,,
Pigmented purpura/capillaritis-43.jpg,Pigmented purpura,Pigmented purpura,PENDING,,,,,
Pigmented purpura/capillaritis-44.jpg,Pigmented purpura,Pigmented purpura,PENDING,,,,,
Pigmented purpura/capillaritis-45.jpg,Pigmented purpura,Pigmented purpura,PENDING,,,,,
Pigmented purpura/capillaritis-46.jpg,Pigmented purpura,Pigmented purpura,PENDING,,,,,
Pigmented purpura/capillaritis-47.jpg,Pigmented purpura,Pigmented purpura,PENDING,,,,,
Pigmented purpura/exercise-induced-capillaritis-35.jpg,Pigmented purpura,Pigmented purpura,PENDING,,,,,
Pigmented purpura/exercise-induced-capillaritis-36.jpg,Pigmented purpura,Pigmented purpura,PENDING,,,,,
Pigmented purpura/golfer-capillaritis-1.jpg,Pigmented purpura,Pigmented purpura,PENDING,,,,,
Pigmented purpura/golfer-capillaritis-2.jpg,Pigmented purpura,Pigmented purpura,PENDING,,,,,
Pigmented purpura/lichen-aureus-01.jpg,Pigmented purpura,Pigmented purpura,PENDING,,,,,
Pigmented purpura/lichen-aureus-02.jpg,Pigmented purpura,Pigmented purpura,PENDING,,,,,
Pigmented purpura/lichen-aureus-03.jpg,Pigmented purpura,Pigmented purpura,PENDING,,,,,
Pigmented purpura/lichen-aureus-04.jpg,Pigmented purpura,Pigmented purpura,PENDING,,,,,
Pigmented purpura/lichen-aureus-05.jpg,Pigmented purpura,Pigmented purpura,PENDING,,,,,
Pigmented purpura/lichen-aureus-06.jpg,Pigmented purpura,Pigmented purpura,PENDING,,,,,
Pigmented purpura/lichen-aureus-07.jpg,Pigmented purpura,Pigmented purpura,PENDING,,,,,
Pigmented purpura/lichen-aureus-09.jpg,Pigmented purpura,Pigmented purpura,PENDING,,,,,
Pigmented purpura/lichen-aureus-14.jpg,Pigmented purpura,Pigmented purpura,PENDING,,,,,
Pigmented purpura/lichen-aureus-30.jpg,Pigmented purpura,Pigmented purpura,PENDING,,,,,
Pigmented purpura/lichen-aureus33.jpg,Pigmented purpura,Pigmented purpura,PENDING,,,,,
Pigmented purpura/majocchipurp2.jpg,Pigmented purpura,Pigmented purpura,PENDING,,,,,
Pigmented purpura/pigmpurp.jpg,Pigmented purpura,Pigmented purpura,PENDING,,,,,
Pigmented purpura/pigmpurpderm.jpg,Pigmented purpura,Pigmented purpura,PENDING,,,,,
Pigmented purpura/pigmpurpdermA.jpg,Pigmented purpura,Pigmented purpura,PENDING,,,,,
Pigmented purpura/pigmpurpdermB.jpg,Pigmented purpura,Pigmented purpura,PENDING,,,,,
Pigmented purpura/purp.jpg,Pigmented purpura,Pigmented purpura,PENDING,,,,,
Pigmented purpura/purpAmlodip2.jpg,Pigmented purpura,Pigmented purpura,PENDING,,,,,
Pigmented purpura/purpAnnTelMaj.jpg,Pigmented purpura,Pigmented purpura,PENDING,,,,,
Pigmented purpura/purpPigm1-2.jpg,Pigmented purpura,Pigmented purpura,PENDING,,,,,
Pigmented purpura/purpannul.jpg,Pigmented purpura,Pigmented purpura,PENDING,,,,,
Pigmented purpura/purppigm1.jpg,Pigmented purpura,Pigmented purpura,PENDING,,,,,
Pigmented purpura/purppigm2.jpg,Pigmented purpura,Pigmented purpura,PENDING,,,,,
Pigmented purpura/purppigmB.jpg,Pigmented purpura,Pigmented purpura,PENDING,,,,,
Pigmented purpura/purpsimpl1.jpg,Pigmented purpura,Pigmented purpura,PENDING,,,,,
Pigmented purpura/purpura-annularis-telangiectodes-of-majocchi.jpg,Pigmented purpura,Pigmented purpura,PENDING,,,,,
Pigmented purpura/purpura1.jpg,Pigmented purpura,Pigmented purpura,PENDING,,,,,
Pigmented purpura/purpura4.jpg,Pigmented purpura,Pigmented purpura,PENDING,,,,,
Pigmented purpura/purpuranilkk.jpg,Pigmented purpura,Pigmented purpura,PENDING,,,,,
Pigmented purpura/purpurapigm2.jpg,Pigmented purpura,Pigmented purpura,PENDING,,,,,
Pigmented purpura/purpurasimpl1.jpg,Pigmented purpura,Pigmented purpura,PENDING,,,,,
Pilar cyst/cyst01.jpg,Pilar cyst,Pilar cyst,PENDING,,,,,
Pilar cyst/cyst03.jpg,Pilar cyst,Pilar cyst,PENDING,,,,,
Pilar cyst/cyst04.jpg,Pilar cyst,Pilar cyst,PENDING,,,,,
Pilar cyst/cyst05.jpg,Pilar cyst,Pilar cyst,PENDING,,,,,
Pilar cyst/cyst06.jpg,Pilar cyst,Pilar cyst,PENDING,,,,,
Pilar cyst/cyst07.jpg,Pilar cyst,Pilar cyst,PENDING,,,,,
Pilar cyst/cyst08.jpg,Pilar cyst,Pilar cyst,PENDING,,,,,
Pilar cyst/cyst09.jpg,Pilar cyst,Pilar cyst,PENDING,,,,,
Pilar cyst/cyst1.jpg,Pilar cyst,Pilar cyst,PENDING,,,,,
Pilar cyst/cyst12.jpg,Pilar cyst,Pilar cyst,PENDING,,,,,
Pilar cyst/cyst13.jpg,Pilar cyst,Pilar cyst,PENDING,,,,,
Pilar cyst/cyst15.jpg,Pilar cyst,Pilar cyst,PENDING,,,,,
Pilar cyst/cyst16.jpg,Pilar cyst,Pilar cyst,PENDING,,,,,
Pilar cyst/cyst17.jpg,Pilar cyst,Pilar cyst,PENDING,,,,,
Pilar cyst/cyst18.jpg,Pilar cyst,Pilar cyst,PENDING,,,,,
Pilar cyst/cyst19.jpg,Pilar cyst,Pilar cyst,PENDING,,,,,
Pilar cyst/cyst20.jpg,Pilar cyst,Pilar cyst,PENDING,,,,,
Pilar cyst/cyst21.jpg,Pilar cyst,Pilar cyst,PENDING,,,,,
Pilar cyst/cyst22.jpg,Pilar cyst,Pilar cyst,PENDING,,,,,
Pilar cyst/cyst23.jpg,Pilar cyst,Pilar cyst,PENDING,,,,,
Pilar cyst/cyst24.jpg,Pilar cyst,Pilar cyst,PENDING,,,,,
Pilar cyst/cyst25.jpg,Pilar cyst,Pilar cyst,PENDING,,,,,
Pilar cyst/cyst26.jpg,Pilar cyst,Pilar cyst,PENDING,,,,,
Pilar cyst/cyst27.jpg,Pilar cyst,Pilar cyst,PENDING,,,,,
Pilar cyst/cyst28.jpg,Pilar cyst,Pilar cyst,PENDING,,,,,
Pilar cyst/cyst29.jpg,Pilar cyst,Pilar cyst,PENDING,,,,,
Pilar cyst/cyst30.jpg,Pilar cyst,Pilar cyst,PENDING,,,,,
Pilar cyst/cyst31.jpg,Pilar cyst,Pilar cyst,PENDING,,,,,
Pilar cyst/cyst32.jpg,Pilar cyst,Pilar cyst,PENDING,,,,,
Pilar cyst/cyst33.jpg,Pilar cyst,Pilar cyst,PENDING,,,,,
Pilar cyst/cyst34.jpg,Pilar cyst,Pilar cyst,PENDING,,,,,
Pilar cyst/cyst35.jpg,Pilar cyst,Pilar cyst,PENDING,,,,,
Pilar cyst/cyst36.jpg,Pilar cyst,Pilar cyst,PENDING,,,,,
Pilar cyst/cyst37.jpg,Pilar cyst,Pilar cyst,PENDING,,,,,
Pilar cyst/cyst38.jpg,Pilar cyst,Pilar cyst,PENDING,,,,,
Pilar cyst/cyst40.jpg,Pilar cyst,Pilar cyst,PENDING,,,,,
Pilar cyst/pilar-cyst-2.jpg,Pilar cyst,Pilar cyst,PENDING,,,,,
Pilar cyst/pilar-cyst.jpg,Pilar cyst,Pilar cyst,PENDING,,,,,
Pilomatricoma/01.jpg,Pilomatricoma,Pilomatricoma,PENDING,,,,,
Pilomatricoma/02.jpg,Pilomatricoma,Pilomatricoma,PENDING,,,,,
Pilomatricoma/03.jpg,Pilomatricoma,Pilomatricoma,PENDING,,,,,
Pilomatricoma/04.jpg,Pilomatricoma,Pilomatricoma,PENDING,,,,,
Pilomatricoma/05.jpg,Pilomatricoma,Pilomatricoma,PENDING,,,,,
Pilomatricoma/06.jpg,Pilomatricoma,Pilomatricoma,PENDING,,,,,
Pilomatricoma/giant-pilomatricoma.jpg,Pilomatricoma,Pilomatricoma,PENDING,,,,,
Pilomatricoma/pilomatricoma-01.jpg,Pilomatricoma,Pilomatricoma,PENDING,,,,,
Pilomatricoma/pilomatricoma-macro.jpg,Pilomatricoma,Pilomatricoma,PENDING,,,,,
Pilomatricoma/pilomatricoma.jpg,Pilomatricoma,Pilomatricoma,PENDING,,,,,
Pilomatricoma/pilomatricoma2.jpg,Pilomatricoma,Pilomatricoma,PENDING,,,,,
Pilomatricoma/pilomatricoma3.jpg,Pilomatricoma,Pilomatricoma,PENDING,,,,,
Pilonidal disease/pilonidal.jpg,Pilonidal disease,Pilonidal disease,PENDING,,,,,
Pilonidal disease/pilonidal2.jpg,Pilonidal disease,Pilonidal disease,PENDING,,,,,
Pityriasis alba/01.jpg,Pityriasis alba,Pityriasis alba,PENDING,,,,,
Pityriasis alba/02.jpg,Pityriasis alba,Pityriasis alba,PENDING,,,,,
Pityriasis alba/03.jpg,Pityriasis alba,Pityriasis alba,PENDING,,,,,
Pityriasis alba/04.jpg,Pityriasis alba,Pityriasis alba,PENDING,,,,,
Pityriasis alba/05.jpg,Pityriasis alba,Pityriasis alba,PENDING,,,,,
Pityriasis alba/06.jpg,Pityriasis alba,Pityriasis alba,PENDING,,,,,
Pityriasis alba/07.jpg,Pityriasis alba,Pityriasis alba,PENDING,,,,,
Pityriasis alba/08.jpg,Pityriasis alba,Pityriasis alba,PENDING,,,,,
Pityriasis alba/09.jpg,Pityriasis alba,Pityriasis alba,PENDING,,,,,
Pityriasis alba/10.jpg,Pityriasis alba,Pityriasis alba,PENDING,,,,,
Pityriasis alba/11.jpg,Pityriasis alba,Pityriasis alba,PENDING,,,,,
Pityriasis alba/12.jpg,Pityriasis alba,Pityriasis alba,PENDING,,,,,
Pityriasis alba/13.jpg,Pityriasis alba,Pityriasis alba,PENDING,,,,,
Pityriasis alba/14.jpg,Pityriasis alba,Pityriasis alba,PENDING,,,,,
Pityriasis alba/15.jpg,Pityriasis alba,Pityriasis alba,PENDING,,,,,
Pityriasis alba/16.jpg,Pityriasis alba,Pityriasis alba,PENDING,,,,,
Pityriasis alba/17.jpg,Pityriasis alba,Pityriasis alba,PENDING,,,,,
Pityriasis alba/18.jpg,Pityriasis alba,Pityriasis alba,PENDING,,,,,
Pityriasis alba/pitalba2.jpg,Pityriasis alba,Pityriasis alba,PENDING,,,,,
Pityriasis alba/pityriasis-alba-1.jpg,Pityriasis alba,Pityriasis alba,PENDING,,,,,
Pityriasis amiantacea/01.jpg,Pityriasis amiantacea,Pityriasis amiantacea,PENDING,,,,,
Pityriasis amiantacea/02.jpg,Pityriasis amiantacea,Pityriasis amiantacea,PENDING,,,,,
Pityriasis amiantacea/03.jpg,Pityriasis amiantacea,Pityriasis amiantacea,PENDING,,,,,
Pityriasis amiantacea/04.jpg,Pityriasis amiantacea,Pityriasis amiantacea,PENDING,,,,,
Pityriasis amiantacea/05.jpg,Pityriasis amiantacea,Pityriasis amiantacea,PENDING,,,,,
Pityriasis amiantacea/06.jpg,Pityriasis amiantacea,Pityriasis amiantacea,PENDING,,,,,
Pityriasis amiantacea/07.jpg,Pityriasis amiantacea,Pityriasis amiantacea,PENDING,,,,,
Pityriasis amiantacea/08.jpg,Pityriasis amiantacea,Pityriasis amiantacea,PENDING,,,,,
Pityriasis amiantacea/09.jpg,Pityriasis amiantacea,Pityriasis amiantacea,PENDING,,,,,
Pityriasis amiantacea/10.jpg,Pityriasis amiantacea,Pityriasis amiantacea,PENDING,,,,,
Pityriasis amiantacea/11.jpg,Pityriasis amiantacea,Pityriasis amiantacea,PENDING,,,,,
Pityriasis amiantacea/12.jpg,Pityriasis amiantacea,Pityriasis amiantacea,PENDING,,,,,
Pityriasis amiantacea/13.jpg,Pityriasis amiantacea,Pityriasis amiantacea,PENDING,,,,,
Pityriasis amiantacea/14.jpg,Pityriasis amiantacea,Pityriasis amiantacea,PENDING,,,,,
Pityriasis amiantacea/15.jpg,Pityriasis amiantacea,Pityriasis amiantacea,PENDING,,,,,
Pityriasis amiantacea/16.jpg,Pityriasis amiantacea,Pityriasis amiantacea,PENDING,,,,,
Pityriasis amiantacea/17.jpg,Pityriasis amiantacea,Pityriasis amiantacea,PENDING,,,,,
Pityriasis amiantacea/18.jpg,Pityriasis amiantacea,Pityriasis amiantacea,PENDING,,,,,
Pityriasis amiantacea/19.jpg,Pityriasis amiantacea,Pityriasis amiantacea,PENDING,,,,,
Pityriasis amiantacea/20.jpg,Pityriasis amiantacea,Pityriasis amiantacea,PENDING,,,,,
Pityriasis amiantacea/21.jpg,Pityriasis amiantacea,Pityriasis amiantacea,PENDING,,,,,
Pityriasis amiantacea/amiantacea.jpg,Pityriasis amiantacea,Pityriasis amiantacea,PENDING,,,,,
Pityriasis amiantacea/pitamiant3.jpg,Pityriasis amiantacea,Pityriasis amiantacea,PENDING,,,,,
Pityriasis amiantacea/pityramiant.jpg,Pityriasis amiantacea,Pityriasis amiantacea,PENDING,,,,,
Pityriasis rubra pilaris/01.jpg,Pityriasis rubra pilaris,Pityriasis rubra pilaris,PENDING,,,,,
Pityriasis rubra pilaris/02.jpg,Pityriasis rubra pilaris,Pityriasis rubra pilaris,PENDING,,,,,
Pityriasis rubra pilaris/03.jpg,Pityriasis rubra pilaris,Pityriasis rubra pilaris,PENDING,,,,,
Pityriasis rubra pilaris/04.jpg,Pityriasis rubra pilaris,Pityriasis rubra pilaris,PENDING,,,,,
Pityriasis rubra pilaris/05.jpg,Pityriasis rubra pilaris,Pityriasis rubra pilaris,PENDING,,,,,
Pityriasis rubra pilaris/06.jpg,Pityriasis rubra pilaris,Pityriasis rubra pilaris,PENDING,,,,,
Pityriasis rubra pilaris/07.jpg,Pityriasis rubra pilaris,Pityriasis rubra pilaris,PENDING,,,,,
Pityriasis rubra pilaris/08.jpg,Pityriasis rubra pilaris,Pityriasis rubra pilaris,PENDING,,,,,
Pityriasis rubra pilaris/09.jpg,Pityriasis rubra pilaris,Pityriasis rubra pilaris,PENDING,,,,,
Pityriasis rubra pilaris/10.jpg,Pityriasis rubra pilaris,Pityriasis rubra pilaris,PENDING,,,,,
Pityriasis rubra pilaris/11.jpg,Pityriasis rubra pilaris,Pityriasis rubra pilaris,PENDING,,,,,
Pityriasis rubra pilaris/12.jpg,Pityriasis rubra pilaris,Pityriasis rubra pilaris,PENDING,,,,,
Pityriasis rubra pilaris/13.jpg,Pityriasis rubra pilaris,Pityriasis rubra pilaris,PENDING,,,,,
Pityriasis rubra pilaris/14.jpg,Pityriasis rubra pilaris,Pityriasis rubra pilaris,PENDING,,,,,
Pityriasis rubra pilaris/15.jpg,Pityriasis rubra pilaris,Pityriasis rubra pilaris,PENDING,,,,,
Pityriasis rubra pilaris/16.jpg,Pityriasis rubra pilaris,Pityriasis rubra pilaris,PENDING,,,,,
Pityriasis rubra pilaris/17.jpg,Pityriasis rubra pilaris,Pityriasis rubra pilaris,PENDING,,,,,
Pityriasis rubra pilaris/18.jpg,Pityriasis rubra pilaris,Pityriasis rubra pilaris,PENDING,,,,,
Pityriasis rubra pilaris/19.jpg,Pityriasis rubra pilaris,Pityriasis rubra pilaris,PENDING,,,,,
Pityriasis rubra pilaris/20.jpg,Pityriasis rubra pilaris,Pityriasis rubra pilaris,PENDING,,,,,
Pityriasis rubra pilaris/21.jpg,Pityriasis rubra pilaris,Pityriasis rubra pilaris,PENDING,,,,,
Pityriasis rubra pilaris/22.jpg,Pityriasis rubra pilaris,Pityriasis rubra pilaris,PENDING,,,,,
Pityriasis rubra pilaris/23.jpg,Pityriasis rubra pilaris,Pityriasis rubra pilaris,PENDING,,,,,
Pityriasis rubra pilaris/24.jpg,Pityriasis rubra pilaris,Pityriasis rubra pilaris,PENDING,,,,,
Pityriasis rubra pilaris/25.jpg,Pityriasis rubra pilaris,Pityriasis rubra pilaris,PENDING,,,,,
Pityriasis rubra pilaris/26.jpg,Pityriasis rubra pilaris,Pityriasis rubra pilaris,PENDING,,,,,
Pityriasis rubra pilaris/27.jpg,Pityriasis rubra pilaris,Pityriasis rubra pilaris,PENDING,,,,,
Pityriasis rubra pilaris/28.jpg,Pityriasis rubra pilaris,Pityriasis rubra pilaris,PENDING,,,,,
Pityriasis rubra pilaris/29.jpg,Pityriasis rubra pilaris,Pityriasis rubra pilaris,PENDING,,,,,
Pityriasis rubra pilaris/30.jpg,Pityriasis rubra pilaris,Pityriasis rubra pilaris,PENDING,,,,,
Pityriasis rubra pilaris/prp1.jpg,Pityriasis rubra pilaris,Pityriasis rubra pilaris,PENDING,,,,,
Pityriasis rubra pilaris/prp10.jpg,Pityriasis rubra pilaris,Pityriasis rubra pilaris,PENDING,,,,,
Pityriasis rubra pilaris/prp11.jpg,Pityriasis rubra pilaris,Pityriasis rubra pilaris,PENDING,,,,,
Pityriasis rubra pilaris/prp12.jpg,Pityriasis rubra pilaris,Pityriasis rubra pilaris,PENDING,,,,,
Pityriasis rubra pilaris/prp13.jpg,Pityriasis rubra pilaris,Pityriasis rubra pilaris,PENDING,,,,,
Pityriasis rubra pilaris/prp2.jpg,Pityriasis rubra pilaris,Pityriasis rubra pilaris,PENDING,,,,,
Pityriasis rubra pilaris/prp3.jpg,Pityriasis rubra pilaris,Pityriasis rubra pilaris,PENDING,,,,,
Pityriasis rubra pilaris/prp4.jpg,Pityriasis rubra pilaris,Pityriasis rubra pilaris,PENDING,,,,,
Pityriasis rubra pilaris/prp5.jpg,Pityriasis rubra pilaris,Pityriasis rubra pilaris,PENDING,,,,,
Pityriasis rubra pilaris/prp6.jpg,Pityriasis rubra pilaris,Pityriasis rubra pilaris,PENDING,,,,,
Pityriasis rubra pilaris/prp7.jpg,Pityriasis rubra pilaris,Pityriasis rubra pilaris,PENDING,,,,,
Pityriasis rubra pilaris/prp8.jpg,Pityriasis rubra pilaris,Pityriasis rubra pilaris,PENDING,,,,,
Pityriasis rubra pilaris/prp9.jpg,Pityriasis rubra pilaris,Pityriasis rubra pilaris,PENDING,,,,,
Pityriasis versicolor/3479.jpg,Pityriasis versicolor,Pityriasis versicolor,PENDING,,,,,
Pityriasis versicolor/3480.jpg,Pityriasis versicolor,Pityriasis versicolor,PENDING,,,,,
Pityriasis versicolor/3481.jpg,Pityriasis versicolor,Pityriasis versicolor,PENDING,,,,,
Pityriasis versicolor/3482.jpg,Pityriasis versicolor,Pityriasis versicolor,PENDING,,,,,
Pityriasis versicolor/3483.jpg,Pityriasis versicolor,Pityriasis versicolor,PENDING,,,,,
Pityriasis versicolor/3484.jpg,Pityriasis versicolor,Pityriasis versicolor,PENDING,,,,,
Pityriasis versicolor/3485.jpg,Pityriasis versicolor,Pityriasis versicolor,PENDING,,,,,
Pityriasis versicolor/3486.jpg,Pityriasis versicolor,Pityriasis versicolor,PENDING,,,,,
Pityriasis versicolor/3487.jpg,Pityriasis versicolor,Pityriasis versicolor,PENDING,,,,,
Pityriasis versicolor/3488.jpg,Pityriasis versicolor,Pityriasis versicolor,PENDING,,,,,
Pityriasis versicolor/3489.jpg,Pityriasis versicolor,Pityriasis versicolor,PENDING,,,,,
Pityriasis versicolor/3490.jpg,Pityriasis versicolor,Pityriasis versicolor,PENDING,,,,,
Pityriasis versicolor/3491.jpg,Pityriasis versicolor,Pityriasis versicolor,PENDING,,,,,
Pityriasis versicolor/3492.jpg,Pityriasis versicolor,Pityriasis versicolor,PENDING,,,,,
Pityriasis versicolor/3493.jpg,Pityriasis versicolor,Pityriasis versicolor,PENDING,,,,,
Pityriasis versicolor/3494.jpg,Pityriasis versicolor,Pityriasis versicolor,PENDING,,,,,
Pityriasis versicolor/3495.jpg,Pityriasis versicolor,Pityriasis versicolor,PENDING,,,,,
Pityriasis versicolor/3496.jpg,Pityriasis versicolor,Pityriasis versicolor,PENDING,,,,,
Pityriasis versicolor/3497.jpg,Pityriasis versicolor,Pityriasis versicolor,PENDING,,,,,
Pityriasis versicolor/3498.jpg,Pityriasis versicolor,Pityriasis versicolor,PENDING,,,,,
Pityriasis versicolor/3499.jpg,Pityriasis versicolor,Pityriasis versicolor,PENDING,,,,,
Pityriasis versicolor/3500.jpg,Pityriasis versicolor,Pityriasis versicolor,PENDING,,,,,
Pityriasis versicolor/3501.jpg,Pityriasis versicolor,Pityriasis versicolor,PENDING,,,,,
Pityriasis versicolor/3502.jpg,Pityriasis versicolor,Pityriasis versicolor,PENDING,,,,,
Pityriasis versicolor/3503.jpg,Pityriasis versicolor,Pityriasis versicolor,PENDING,,,,,
Pityriasis versicolor/3504.jpg,Pityriasis versicolor,Pityriasis versicolor,PENDING,,,,,
Pityriasis versicolor/3505.jpg,Pityriasis versicolor,Pityriasis versicolor,PENDING,,,,,
Pityriasis versicolor/3506.jpg,Pityriasis versicolor,Pityriasis versicolor,PENDING,,,,,
Pityriasis versicolor/3507.jpg,Pityriasis versicolor,Pityriasis versicolor,PENDING,,,,,
Pityriasis versicolor/3508.jpg,Pityriasis versicolor,Pityriasis versicolor,PENDING,,,,,
Pityriasis versicolor/3509.jpg,Pityriasis versicolor,Pityriasis versicolor,PENDING,,,,,
Pityriasis versicolor/3510.jpg,Pityriasis versicolor,Pityriasis versicolor,PENDING,,,,,
Pityriasis versicolor/3511.jpg,Pityriasis versicolor,Pityriasis versicolor,PENDING,,,,,
Pityriasis versicolor/3512.jpg,Pityriasis versicolor,Pityriasis versicolor,PENDING,,,,,
Pityriasis versicolor/3513.jpg,Pityriasis versicolor,Pityriasis versicolor,PENDING,,,,,
Pityriasis versicolor/3514.jpg,Pityriasis versicolor,Pityriasis versicolor,PENDING,,,,,
Pityriasis versicolor/3515.jpg,Pityriasis versicolor,Pityriasis versicolor,PENDING,,,,,
Pityriasis versicolor/pitver1.jpg,Pityriasis versicolor,Pityriasis versicolor,PENDING,,,,,
Pityriasis versicolor/pitver10.jpg,Pityriasis versicolor,Pityriasis versicolor,PENDING,,,,,
Pityriasis versicolor/pitver12.jpg,Pityriasis versicolor,Pityriasis versicolor,PENDING,,,,,
Pityriasis versicolor/pitver2.jpg,Pityriasis versicolor,Pityriasis versicolor,PENDING,,,,,
Pityriasis versicolor/pitver4.jpg,Pityriasis versicolor,Pityriasis versicolor,PENDING,,,,,
Pityriasis versicolor/pitver5.jpg,Pityriasis versicolor,Pityriasis versicolor,PENDING,,,,,
Pityriasis versicolor/pitver7.jpg,Pityriasis versicolor,Pityriasis versicolor,PENDING,,,,,
Pityriasis versicolor/pitver8.jpg,Pityriasis versicolor,Pityriasis versicolor,PENDING,,,,,
Pityriasis versicolor/pitver9.jpg,Pityriasis versicolor,Pityriasis versicolor,PENDING,,,,,
Pityriasis versicolor/pversic.jpg,Pityriasis versicolor,Pityriasis versicolor,PENDING,,,,,
Plasma cell balanitis_vulvitis/01.jpg,Plasma cell balanitis_vulvitis,Plasma cell balanitis_vulvitis,PENDING,,,,,
Plasma cell balanitis_vulvitis/02.jpg,Plasma cell balanitis_vulvitis,Plasma cell balanitis_vulvitis,PENDING,,,,,
Plasma cell balanitis_vulvitis/03.jpg,Plasma cell balanitis_vulvitis,Plasma cell balanitis_vulvitis,PENDING,,,,,
Plasma cell balanitis_vulvitis/plasma1-s.jpg,Plasma cell balanitis_vulvitis,Plasma cell balanitis_vulvitis,PENDING,,,,,
Plasma cell balanitis_vulvitis/plasma2-s.jpg,Plasma cell balanitis_vulvitis,Plasma cell balanitis_vulvitis,PENDING,,,,,
Plasmacytoma/01.jpg,Plasmacytoma,Plasmacytoma,PENDING,,,,,
Plasmacytoma/02.jpg,Plasmacytoma,Plasmacytoma,PENDING,,,,,
Plasmacytoma/03.jpg,Plasmacytoma,Plasmacytoma,PENDING,,,,,
Plasmacytoma/04.jpg,Plasmacytoma,Plasmacytoma,PENDING,,,,,
Plasmacytoma/plasmacytoma-2.jpg,Plasmacytoma,Plasmacytoma,PENDING,,,,,
Plasmacytoma/plasmacytoma-3.jpg,Plasmacytoma,Plasmacytoma,PENDING,,,,,
Plasmacytoma/plasmacytoma.jpg,Plasmacytoma,Plasmacytoma,PENDING,,,,,
Poikiloderma of Civatte/01.jpg,Poikiloderma of Civatte,Poikiloderma of Civatte,PENDING,,,,,
Poikiloderma of Civatte/02.jpg,Poikiloderma of Civatte,Poikiloderma of Civatte,PENDING,,,,,
Poikiloderma of Civatte/03.jpg,Poikiloderma of Civatte,Poikiloderma of Civatte,PENDING,,,,,
Poikiloderma of Civatte/04.jpg,Poikiloderma of Civatte,Poikiloderma of Civatte,PENDING,,,,,
Poikiloderma of Civatte/05.jpg,Poikiloderma of Civatte,Poikiloderma of Civatte,PENDING,,,,,
Poikiloderma of Civatte/06.jpg,Poikiloderma of Civatte,Poikiloderma of Civatte,PENDING,,,,,
Poikiloderma of Civatte/civatte1.jpg,Poikiloderma of Civatte,Poikiloderma of Civatte,PENDING,,,,,
Poikiloderma of Civatte/civatte2.jpg,Poikiloderma of Civatte,Poikiloderma of Civatte,PENDING,,,,,
Poikiloderma of Civatte/civatte3.jpg,Poikiloderma of Civatte,Poikiloderma of Civatte,PENDING,,,,,
Poikiloderma of Civatte/civatte4.jpg,Poikiloderma of Civatte,Poikiloderma of Civatte,PENDING,,,,,
Poikiloderma of Civatte/civatte5.jpg,Poikiloderma of Civatte,Poikiloderma of Civatte,PENDING,,,,,
Poikiloderma of Civatte/civatte6.jpg,Poikiloderma of Civatte,Poikiloderma of Civatte,PENDING,,,,,
Poliosis/01.jpg,Poliosis,Poliosis,PENDING,,,,,
Poliosis/02.jpg,Poliosis,Poliosis,PENDING,,,,,
Poliosis/03.jpg,Poliosis,Poliosis,PENDING,,,,,
Poliosis/04.jpg,Poliosis,Poliosis,PENDING,,,,,
Poliosis/05.jpg,Poliosis,Poliosis,PENDING,,,,,
Poliosis/06.jpg,Poliosis,Poliosis,PENDING,,,,,
Poliosis/07.jpg,Poliosis,Poliosis,PENDING,,,,,
Poliosis/08.jpg,Poliosis,Poliosis,PENDING,,,,,
Poliosis/09.jpg,Poliosis,Poliosis,PENDING,,,,,
Poliosis/10.jpg,Poliosis,Poliosis,PENDING,,,,,
Poliosis/11.jpg,Poliosis,Poliosis,PENDING,,,,,
Poliosis/12.jpg,Poliosis,Poliosis,PENDING,,,,,
Poliosis/13.jpg,Poliosis,Poliosis,PENDING,,,,,
Poliosis/poliosis1.jpg,Poliosis,Poliosis,PENDING,,,,,
Poliosis/poliosis2.jpg,Poliosis,Poliosis,PENDING,,,,,
Poliosis/poliosis3.jpg,Poliosis,Poliosis,PENDING,,,,,
Poliosis/poliosis4.jpg,Poliosis,Poliosis,PENDING,,,,,
Polycystic ovary syndrome/01.jpg,Polycystic ovary syndrome,Polycystic ovary syndrome,PENDING,,,,,
Polycystic ovary syndrome/02.jpg,Polycystic ovary syndrome,Polycystic ovary syndrome,PENDING,,,,,
Polycystic ovary syndrome/03.jpg,Polycystic ovary syndrome,Polycystic ovary syndrome,PENDING,,,,,
Polycystic ovary syndrome/acne-pcos.jpg,Polycystic ovary syndrome,Polycystic ovary syndrome,PENDING,,,,,
Polycystic ovary syndrome/aga-pcos.jpg,Polycystic ovary syndrome,Polycystic ovary syndrome,PENDING,,,,,
Polycystic ovary syndrome/hirs-pcos.jpg,Polycystic ovary syndrome,Polycystic ovary syndrome,PENDING,,,,,
Polymorphic eruption of pregnancy/01.jpg,Polymorphic eruption of pregnancy,Polymorphic eruption of pregnancy,PENDING,,,,,
Polymorphic eruption of pregnancy/02.jpg,Polymorphic eruption of pregnancy,Polymorphic eruption of pregnancy,PENDING,,,,,
Polymorphic eruption of pregnancy/03.jpg,Polymorphic eruption of pregnancy,Polymorphic eruption of pregnancy,PENDING,,,,,
Polymorphic eruption of pregnancy/04.jpg,Polymorphic eruption of pregnancy,Polymorphic eruption of pregnancy,PENDING,,,,,
Polymorphic eruption of pregnancy/05.jpg,Polymorphic eruption of pregnancy,Polymorphic eruption of pregnancy,PENDING,,,,,
Polymorphic eruption of pregnancy/06.jpg,Polymorphic eruption of pregnancy,Polymorphic eruption of pregnancy,PENDING,,,,,
Polymorphic eruption of pregnancy/07.jpg,Polymorphic eruption of pregnancy,Polymorphic eruption of pregnancy,PENDING,,,,,
Polymorphic eruption of pregnancy/polymorphic-pregnancy.jpg,Polymorphic eruption of pregnancy,Polymorphic eruption of pregnancy,PENDING,,,,,
Polymorphic eruption of pregnancy/pupp4.jpg,Polymorphic eruption of pregnancy,Polymorphic eruption of pregnancy,PENDING,,,,,
Polymorphic eruption of pregnancy/puppp1.jpg,Polymorphic eruption of pregnancy,Polymorphic eruption of pregnancy,PENDING,,,,,
Polymorphic light eruption/01.jpg,Polymorphic light eruption,Polymorphic light eruption,PENDING,,,,,
Polymorphic light eruption/02.jpg,Polymorphic light eruption,Polymorphic light eruption,PENDING,,,,,
Polymorphic light eruption/03.jpg,Polymorphic light eruption,Polymorphic light eruption,PENDING,,,,,
Polymorphic light eruption/04.jpg,Polymorphic light eruption,Polymorphic light eruption,PENDING,,,,,
Polymorphic light eruption/05.jpg,Polymorphic light eruption,Polymorphic light eruption,PENDING,,,,,
Polymorphic light eruption/06.jpg,Polymorphic light eruption,Polymorphic light eruption,PENDING,,,,,
Polymorphic light eruption/07.jpg,Polymorphic light eruption,Polymorphic light eruption,PENDING,,,,,
Polymorphic light eruption/08.jpg,Polymorphic light eruption,Polymorphic light eruption,PENDING,,,,,
Polymorphic light eruption/09.jpg,Polymorphic light eruption,Polymorphic light eruption,PENDING,,,,,
Polymorphic light eruption/10.jpg,Polymorphic light eruption,Polymorphic light eruption,PENDING,,,,,
Polymorphic light eruption/11.jpg,Polymorphic light eruption,Polymorphic light eruption,PENDING,,,,,
Polymorphic light eruption/12.jpg,Polymorphic light eruption,Polymorphic light eruption,PENDING,,,,,
Polymorphic light eruption/13.jpg,Polymorphic light eruption,Polymorphic light eruption,PENDING,,,,,
Polymorphic light eruption/14.jpg,Polymorphic light eruption,Polymorphic light eruption,PENDING,,,,,
Polymorphic light eruption/15.jpg,Polymorphic light eruption,Polymorphic light eruption,PENDING,,,,,
Polymorphic light eruption/16.jpg,Polymorphic light eruption,Polymorphic light eruption,PENDING,,,,,
Polymorphic light eruption/17.jpg,Polymorphic light eruption,Polymorphic light eruption,PENDING,,,,,
Polymorphic light eruption/18.jpg,Polymorphic light eruption,Polymorphic light eruption,PENDING,,,,,
Polymorphic light eruption/19.jpg,Polymorphic light eruption,Polymorphic light eruption,PENDING,,,,,
Polymorphic light eruption/20.jpg,Polymorphic light eruption,Polymorphic light eruption,PENDING,,,,,
Polymorphic light eruption/21.jpg,Polymorphic light eruption,Polymorphic light eruption,PENDING,,,,,
Polymorphic light eruption/22.jpg,Polymorphic light eruption,Polymorphic light eruption,PENDING,,,,,
Polymorphic light eruption/23.jpg,Polymorphic light eruption,Polymorphic light eruption,PENDING,,,,,
Polymorphic light eruption/24.jpg,Polymorphic light eruption,Polymorphic light eruption,PENDING,,,,,
Polymorphic light eruption/25.jpg,Polymorphic light eruption,Polymorphic light eruption,PENDING,,,,,
Polymorphic light eruption/26.jpg,Polymorphic light eruption,Polymorphic light eruption,PENDING,,,,,
Polymorphic light eruption/27.jpg,Polymorphic light eruption,Polymorphic light eruption,PENDING,,,,,
Polymorphic light eruption/28.jpg,Polymorphic light eruption,Polymorphic light eruption,PENDING,,,,,
Polymorphic light eruption/29.jpg,Polymorphic light eruption,Polymorphic light eruption,PENDING,,,,,
Polymorphic light eruption/pmle-01.jpg,Polymorphic light eruption,Polymorphic light eruption,PENDING,,,,,
Polymorphic light eruption/pmle-02.jpg,Polymorphic light eruption,Polymorphic light eruption,PENDING,,,,,
Polymorphic light eruption/pmle-04.jpg,Polymorphic light eruption,Polymorphic light eruption,PENDING,,,,,
Polymorphic light eruption/pmle-06.jpg,Polymorphic light eruption,Polymorphic light eruption,PENDING,,,,,
Polymorphic light eruption/pmle-07.jpg,Polymorphic light eruption,Polymorphic light eruption,PENDING,,,,,
Polymorphic light eruption/pmle-08.jpg,Polymorphic light eruption,Polymorphic light eruption,PENDING,,,,,
Polymorphic light eruption/pmle-09.jpg,Polymorphic light eruption,Polymorphic light eruption,PENDING,,,,,
Polymorphic light eruption/pmle-10.jpg,Polymorphic light eruption,Polymorphic light eruption,PENDING,,,,,
Polymorphic light eruption/pmle-12.jpg,Polymorphic light eruption,Polymorphic light eruption,PENDING,,,,,
Polymorphic light eruption/pmle-13.jpg,Polymorphic light eruption,Polymorphic light eruption,PENDING,,,,,
Polymorphic light eruption/pmle-14.jpg,Polymorphic light eruption,Polymorphic light eruption,PENDING,,,,,
Polymorphic light eruption/pmle-15.jpg,Polymorphic light eruption,Polymorphic light eruption,PENDING,,,,,
Polymorphic light eruption/pmle-17.jpg,Polymorphic light eruption,Polymorphic light eruption,PENDING,,,,,
Polymorphic light eruption/pmle-18.jpg,Polymorphic light eruption,Polymorphic light eruption,PENDING,,,,,
Polymorphic light eruption/pmle-19.jpg,Polymorphic light eruption,Polymorphic light eruption,PENDING,,,,,
Polymorphic light eruption/pmle-20.jpg,Polymorphic light eruption,Polymorphic light eruption,PENDING,,,,,
Polymorphic light eruption/pmle-21.jpg,Polymorphic light eruption,Polymorphic light eruption,PENDING,,,,,
Polymorphic light eruption/pmle-22.jpg,Polymorphic light eruption,Polymorphic light eruption,PENDING,,,,,
Polymorphic light eruption/pmle1.jpg,Polymorphic light eruption,Polymorphic light eruption,PENDING,,,,,
Polythelia/01.jpg,Polythelia,Polythelia,PENDING,,,,,
Polythelia/AccNippleMacro.jpg,Polythelia,Polythelia,PENDING,,,,,
Polythelia/supernumerary-nipple-01.jpg,Polythelia,Polythelia,PENDING,,,,,
Polythelia/supernumerary-nipple-02.jpg,Polythelia,Polythelia,PENDING,,,,,
Polythelia/supernumerary-nipple-03.jpg,Polythelia,Polythelia,PENDING,,,,,
Polythelia/supernumerary-nipple-04.jpg,Polythelia,Polythelia,PENDING,,,,,
Polythelia/supernumerary-nipple-05.jpg,Polythelia,Polythelia,PENDING,,,,,
Polythelia/supernumerary-nipple-06.jpg,Polythelia,Polythelia,PENDING,,,,,
Polythelia/supernumerary-nipple-08.jpg,Polythelia,Polythelia,PENDING,,,,,
Polythelia/supernumerary-nipple-09.jpg,Polythelia,Polythelia,PENDING,,,,,
Polythelia/supernumerary-nipple-11.jpg,Polythelia,Polythelia,PENDING,,,,,
Polythelia/supernumnipple.jpg,Polythelia,Polythelia,PENDING,,,,,
Porphyria cutanea tarda/01.jpg,Porphyria cutanea tarda,Porphyria cutanea tarda,PENDING,,,,,
Porphyria cutanea tarda/02.jpg,Porphyria cutanea tarda,Porphyria cutanea tarda,PENDING,,,,,
Porphyria cutanea tarda/03.jpg,Porphyria cutanea tarda,Porphyria cutanea tarda,PENDING,,,,,
Porphyria cutanea tarda/04.jpg,Porphyria cutanea tarda,Porphyria cutanea tarda,PENDING,,,,,
Porphyria cutanea tarda/05.jpg,Porphyria cutanea tarda,Porphyria cutanea tarda,PENDING,,,,,
Porphyria cutanea tarda/06.jpg,Porphyria cutanea tarda,Porphyria cutanea tarda,PENDING,,,,,
Porphyria cutanea tarda/07.jpg,Porphyria cutanea tarda,Porphyria cutanea tarda,PENDING,,,,,
Porphyria cutanea tarda/08.jpg,Porphyria cutanea tarda,Porphyria cutanea tarda,PENDING,,,,,
Porphyria cutanea tarda/09.jpg,Porphyria cutanea tarda,Porphyria cutanea tarda,PENDING,,,,,
Porphyria cutanea tarda/11.jpg,Porphyria cutanea tarda,Porphyria cutanea tarda,PENDING,,,,,
Porphyria cutanea tarda/12.jpg,Porphyria cutanea tarda,Porphyria cutanea tarda,PENDING,,,,,
Porphyria cutanea tarda/13.jpg,Porphyria cutanea tarda,Porphyria cutanea tarda,PENDING,,,,,
Porphyria cutanea tarda/14.jpg,Porphyria cutanea tarda,Porphyria cutanea tarda,PENDING,,,,,
Porphyria cutanea tarda/15.jpg,Porphyria cutanea tarda,Porphyria cutanea tarda,PENDING,,,,,
Porphyria cutanea tarda/pct2.jpg,Porphyria cutanea tarda,Porphyria cutanea tarda,PENDING,,,,,
Porphyria cutanea tarda/pct3.jpg,Porphyria cutanea tarda,Porphyria cutanea tarda,PENDING,,,,,
Porphyria cutanea tarda/pct5.jpg,Porphyria cutanea tarda,Porphyria cutanea tarda,PENDING,,,,,
Porphyria cutanea tarda/pct7.jpg,Porphyria cutanea tarda,Porphyria cutanea tarda,PENDING,,,,,
Porphyria variegata/01.jpg,Porphyria variegata,Porphyria variegata,PENDING,,,,,
Porphyria variegata/02.jpg,Porphyria variegata,Porphyria variegata,PENDING,,,,,
Porphyria variegata/03.jpg,Porphyria variegata,Porphyria variegata,PENDING,,,,,
Porphyria variegata/04.jpg,Porphyria variegata,Porphyria variegata,PENDING,,,,,
Postinflammatory hyperpigmentation/01.jpg,Postinflammatory hyperpigmentation,Postinflammatory hyperpigmentation,PENDING,,,,,
Postinflammatory hyperpigmentation/02.jpg,Postinflammatory hyperpigmentation,Postinflammatory hyperpigmentation,PENDING,,,,,
Postinflammatory hyperpigmentation/03.jpg,Postinflammatory hyperpigmentation,Postinflammatory hyperpigmentation,PENDING,,,,,
Postinflammatory hyperpigmentation/04.jpg,Postinflammatory hyperpigmentation,Postinflammatory hyperpigmentation,PENDING,,,,,
Postinflammatory hyperpigmentation/05.jpg,Postinflammatory hyperpigmentation,Postinflammatory hyperpigmentation,PENDING,,,,,
Postinflammatory hyperpigmentation/06.jpg,Postinflammatory hyperpigmentation,Postinflammatory hyperpigmentation,PENDING,,,,,
Postinflammatory hyperpigmentation/07.jpg,Postinflammatory hyperpigmentation,Postinflammatory hyperpigmentation,PENDING,,,,,
Postinflammatory hyperpigmentation/08.jpg,Postinflammatory hyperpigmentation,Postinflammatory hyperpigmentation,PENDING,,,,,
Postinflammatory hyperpigmentation/09.jpg,Postinflammatory hyperpigmentation,Postinflammatory hyperpigmentation,PENDING,,,,,
Postinflammatory hyperpigmentation/10.jpg,Postinflammatory hyperpigmentation,Postinflammatory hyperpigmentation,PENDING,,,,,
Postinflammatory hyperpigmentation/11.jpg,Postinflammatory hyperpigmentation,Postinflammatory hyperpigmentation,PENDING,,,,,
Postinflammatory hyperpigmentation/12.jpg,Postinflammatory hyperpigmentation,Postinflammatory hyperpigmentation,PENDING,,,,,
Postinflammatory hyperpigmentation/13.jpg,Postinflammatory hyperpigmentation,Postinflammatory hyperpigmentation,PENDING,,,,,
Postinflammatory hyperpigmentation/14.jpg,Postinflammatory hyperpigmentation,Postinflammatory hyperpigmentation,PENDING,,,,,
Postinflammatory hyperpigmentation/15.jpg,Postinflammatory hyperpigmentation,Postinflammatory hyperpigmentation,PENDING,,,,,
Postinflammatory hyperpigmentation/16.jpg,Postinflammatory hyperpigmentation,Postinflammatory hyperpigmentation,PENDING,,,,,
Postinflammatory hyperpigmentation/17.jpg,Postinflammatory hyperpigmentation,Postinflammatory hyperpigmentation,PENDING,,,,,
Postinflammatory hyperpigmentation/18.jpg,Postinflammatory hyperpigmentation,Postinflammatory hyperpigmentation,PENDING,,,,,
Postinflammatory hyperpigmentation/19.jpg,Postinflammatory hyperpigmentation,Postinflammatory hyperpigmentation,PENDING,,,,,
Postinflammatory hyperpigmentation/20.jpg,Postinflammatory hyperpigmentation,Postinflammatory hyperpigmentation,PENDING,,,,,
Postinflammatory hyperpigmentation/21.jpg,Postinflammatory hyperpigmentation,Postinflammatory hyperpigmentation,PENDING,,,,,
Postinflammatory hyperpigmentation/22.jpg,Postinflammatory hyperpigmentation,Postinflammatory hyperpigmentation,PENDING,,,,,
Postinflammatory hyperpigmentation/23.jpg,Postinflammatory hyperpigmentation,Postinflammatory hyperpigmentation,PENDING,,,,,
Postinflammatory hyperpigmentation/24.jpg,Postinflammatory hyperpigmentation,Postinflammatory hyperpigmentation,PENDING,,,,,
Postinflammatory hyperpigmentation/25.jpg,Postinflammatory hyperpigmentation,Postinflammatory hyperpigmentation,PENDING,,,,,
Postinflammatory hyperpigmentation/26.jpg,Postinflammatory hyperpigmentation,Postinflammatory hyperpigmentation,PENDING,,,,,
Postinflammatory hyperpigmentation/27.jpg,Postinflammatory hyperpigmentation,Postinflammatory hyperpigmentation,PENDING,,,,,
Postinflammatory hyperpigmentation/28.jpg,Postinflammatory hyperpigmentation,Postinflammatory hyperpigmentation,PENDING,,,,,
Postinflammatory hyperpigmentation/29.jpg,Postinflammatory hyperpigmentation,Postinflammatory hyperpigmentation,PENDING,,,,,
Postinflammatory hyperpigmentation/30.jpg,Postinflammatory hyperpigmentation,Postinflammatory hyperpigmentation,PENDING,,,,,
Postinflammatory hyperpigmentation/31.jpg,Postinflammatory hyperpigmentation,Postinflammatory hyperpigmentation,PENDING,,,,,
Postinflammatory hyperpigmentation/hyperpig4.jpg,Postinflammatory hyperpigmentation,Postinflammatory hyperpigmentation,PENDING,,,,,
Postinflammatory hyperpigmentation/oven-burn.jpg,Postinflammatory hyperpigmentation,Postinflammatory hyperpigmentation,PENDING,,,,,
Postinflammatory hyperpigmentation/pih-eczema.jpg,Postinflammatory hyperpigmentation,Postinflammatory hyperpigmentation,PENDING,,,,,
Postinflammatory hyperpigmentation/postinflamm2.jpg,Postinflammatory hyperpigmentation,Postinflammatory hyperpigmentation,PENDING,,,,,
Postinflammatory hyperpigmentation/postinflamm4.jpg,Postinflammatory hyperpigmentation,Postinflammatory hyperpigmentation,PENDING,,,,,
Postinflammatory hyperpigmentation/postinflamm5.jpg,Postinflammatory hyperpigmentation,Postinflammatory hyperpigmentation,PENDING,,,,,
Postinflammatory hyperpigmentation/postinflamm6.jpg,Postinflammatory hyperpigmentation,Postinflammatory hyperpigmentation,PENDING,,,,,
Pressure ulcer/01.jpg,Pressure ulcer,Pressure ulcer,PENDING,,,,,
Pressure ulcer/02.jpg,Pressure ulcer,Pressure ulcer,PENDING,,,,,
Pressure ulcer/03.jpg,Pressure ulcer,Pressure ulcer,PENDING,,,,,
Pressure ulcer/04.jpg,Pressure ulcer,Pressure ulcer,PENDING,,,,,
Pressure ulcer/05.jpg,Pressure ulcer,Pressure ulcer,PENDING,,,,,
Pressure ulcer/06.jpg,Pressure ulcer,Pressure ulcer,PENDING,,,,,
Pressure ulcer/07.jpg,Pressure ulcer,Pressure ulcer,PENDING,,,,,
Pressure ulcer/08.jpg,Pressure ulcer,Pressure ulcer,PENDING,,,,,
Pressure ulcer/09.jpg,Pressure ulcer,Pressure ulcer,PENDING,,,,,
Pressure ulcer/10.jpg,Pressure ulcer,Pressure ulcer,PENDING,,,,,
Pressure ulcer/11.jpg,Pressure ulcer,Pressure ulcer,PENDING,,,,,
Pressure ulcer/12.jpg,Pressure ulcer,Pressure ulcer,PENDING,,,,,
Pressure ulcer/13.jpg,Pressure ulcer,Pressure ulcer,PENDING,,,,,
Pressure ulcer/14.jpg,Pressure ulcer,Pressure ulcer,PENDING,,,,,
Pressure ulcer/15.jpg,Pressure ulcer,Pressure ulcer,PENDING,,,,,
Pressure ulcer/16.jpg,Pressure ulcer,Pressure ulcer,PENDING,,,,,
Pressure ulcer/17.jpg,Pressure ulcer,Pressure ulcer,PENDING,,,,,
Pressure ulcer/18.jpg,Pressure ulcer,Pressure ulcer,PENDING,,,,,
Pressure ulcer/19.jpg,Pressure ulcer,Pressure ulcer,PENDING,,,,,
Pressure ulcer/20.jpg,Pressure ulcer,Pressure ulcer,PENDING,,,,,
Pressure ulcer/21.jpg,Pressure ulcer,Pressure ulcer,PENDING,,,,,
Pressure ulcer/22.jpg,Pressure ulcer,Pressure ulcer,PENDING,,,,,
Pressure ulcer/23.jpg,Pressure ulcer,Pressure ulcer,PENDING,,,,,
Pressure ulcer/decubitus3.jpg,Pressure ulcer,Pressure ulcer,PENDING,,,,,
Pressure ulcer/ulcer-press.jpg,Pressure ulcer,Pressure ulcer,PENDING,,,,,
Pretibial myxoedema/01.jpg,Pretibial myxoedema,Pretibial myxoedema,PENDING,,,,,
Pretibial myxoedema/02.jpg,Pretibial myxoedema,Pretibial myxoedema,PENDING,,,,,
Pretibial myxoedema/03.jpg,Pretibial myxoedema,Pretibial myxoedema,PENDING,,,,,
Pretibial myxoedema/04.jpg,Pretibial myxoedema,Pretibial myxoedema,PENDING,,,,,
Pretibial myxoedema/05.jpg,Pretibial myxoedema,Pretibial myxoedema,PENDING,,,,,
Pretibial myxoedema/06.jpg,Pretibial myxoedema,Pretibial myxoedema,PENDING,,,,,
Pretibial myxoedema/07.jpg,Pretibial myxoedema,Pretibial myxoedema,PENDING,,,,,
Pretibial myxoedema/08.jpg,Pretibial myxoedema,Pretibial myxoedema,PENDING,,,,,
Pretibial myxoedema/09.jpg,Pretibial myxoedema,Pretibial myxoedema,PENDING,,,,,
Pretibial myxoedema/10.jpg,Pretibial myxoedema,Pretibial myxoedema,PENDING,,,,,
Pretibial myxoedema/11.jpg,Pretibial myxoedema,Pretibial myxoedema,PENDING,,,,,
Pretibial myxoedema/12.jpg,Pretibial myxoedema,Pretibial myxoedema,PENDING,,,,,
Pretibial myxoedema/13.jpg,Pretibial myxoedema,Pretibial myxoedema,PENDING,,,,,
Pretibial myxoedema/14.jpg,Pretibial myxoedema,Pretibial myxoedema,PENDING,,,,,
Pretibial myxoedema/15.jpg,Pretibial myxoedema,Pretibial myxoedema,PENDING,,,,,
Pretibial myxoedema/16.jpg,Pretibial myxoedema,Pretibial myxoedema,PENDING,,,,,
Pretibial myxoedema/17.jpg,Pretibial myxoedema,Pretibial myxoedema,PENDING,,,,,
Pretibial myxoedema/18.jpg,Pretibial myxoedema,Pretibial myxoedema,PENDING,,,,,
Pretibial myxoedema/19.jpg,Pretibial myxoedema,Pretibial myxoedema,PENDING,,,,,
Pretibial myxoedema/20.jpg,Pretibial myxoedema,Pretibial myxoedema,PENDING,,,,,
Pretibial myxoedema/21.jpg,Pretibial myxoedema,Pretibial myxoedema,PENDING,,,,,
Pretibial myxoedema/22.jpg,Pretibial myxoedema,Pretibial myxoedema,PENDING,,,,,
Pretibial myxoedema/23.jpg,Pretibial myxoedema,Pretibial myxoedema,PENDING,,,,,
Pretibial myxoedema/24.jpg,Pretibial myxoedema,Pretibial myxoedema,PENDING,,,,,
Pretibial myxoedema/25.jpg,Pretibial myxoedema,Pretibial myxoedema,PENDING,,,,,
Pretibial myxoedema/26.jpg,Pretibial myxoedema,Pretibial myxoedema,PENDING,,,,,
Pretibial myxoedema/27.jpg,Pretibial myxoedema,Pretibial myxoedema,PENDING,,,,,
Pretibial myxoedema/28.jpg,Pretibial myxoedema,Pretibial myxoedema,PENDING,,,,,
Pretibial myxoedema/29.jpg,Pretibial myxoedema,Pretibial myxoedema,PENDING,,,,,
Pretibial myxoedema/30.jpg,Pretibial myxoedema,Pretibial myxoedema,PENDING,,,,,
Pretibial myxoedema/31.jpg,Pretibial myxoedema,Pretibial myxoedema,PENDING,,,,,
Pretibial myxoedema/32.jpg,Pretibial myxoedema,Pretibial myxoedema,PENDING,,,,,
Pretibial myxoedema/33.jpg,Pretibial myxoedema,Pretibial myxoedema,PENDING,,,,,
Pretibial myxoedema/34.jpg,Pretibial myxoedema,Pretibial myxoedema,PENDING,,,,,
Pretibial myxoedema/35.jpg,Pretibial myxoedema,Pretibial myxoedema,PENDING,,,,,
Pretibial myxoedema/36.jpg,Pretibial myxoedema,Pretibial myxoedema,PENDING,,,,,
Pretibial myxoedema/37.jpg,Pretibial myxoedema,Pretibial myxoedema,PENDING,,,,,
Pretibial myxoedema/38.jpg,Pretibial myxoedema,Pretibial myxoedema,PENDING,,,,,
Pretibial myxoedema/39.jpg,Pretibial myxoedema,Pretibial myxoedema,PENDING,,,,,
Pretibial myxoedema/40.jpg,Pretibial myxoedema,Pretibial myxoedema,PENDING,,,,,
Pretibial myxoedema/41.jpg,Pretibial myxoedema,Pretibial myxoedema,PENDING,,,,,
Pretibial myxoedema/42.jpg,Pretibial myxoedema,Pretibial myxoedema,PENDING,,,,,
Pretibial myxoedema/43.jpg,Pretibial myxoedema,Pretibial myxoedema,PENDING,,,,,
Pretibial myxoedema/44.jpg,Pretibial myxoedema,Pretibial myxoedema,PENDING,,,,,
Pretibial myxoedema/pretibial-myxoedema-01.jpg,Pretibial myxoedema,Pretibial myxoedema,PENDING,,,,,
Pretibial myxoedema/pretibial-myxoedema-04.jpg,Pretibial myxoedema,Pretibial myxoedema,PENDING,,,,,
Pretibial myxoedema/pretibial-myxoedema-05.jpg,Pretibial myxoedema,Pretibial myxoedema,PENDING,,,,,
Pretibial myxoedema/pretibial-myxoedema-06.jpg,Pretibial myxoedema,Pretibial myxoedema,PENDING,,,,,
Pretibial myxoedema/pretibial-myxoedema-08.jpg,Pretibial myxoedema,Pretibial myxoedema,PENDING,,,,,
Pretibial myxoedema/pretibial-myxoedema-11.jpg,Pretibial myxoedema,Pretibial myxoedema,PENDING,,,,,
Pretibial myxoedema/pretibial-myxoedema-12.jpg,Pretibial myxoedema,Pretibial myxoedema,PENDING,,,,,
Pretibial myxoedema/pretibial-myxoedema-13.jpg,Pretibial myxoedema,Pretibial myxoedema,PENDING,,,,,
Pretibial myxoedema/pretibial-myxoedema-14.jpg,Pretibial myxoedema,Pretibial myxoedema,PENDING,,,,,
Pretibial myxoedema/pretibial-myxoedema-15.jpg,Pretibial myxoedema,Pretibial myxoedema,PENDING,,,,,
Pretibial myxoedema/pretibial-myxoedema-16.jpg,Pretibial myxoedema,Pretibial myxoedema,PENDING,,,,,
Pretibial myxoedema/pretibial-myxoedema-18.jpg,Pretibial myxoedema,Pretibial myxoedema,PENDING,,,,,
Pretibial myxoedema/pretibial-myxoedema-20.jpg,Pretibial myxoedema,Pretibial myxoedema,PENDING,,,,,
Pretibial myxoedema/pretibial-myxoedema-21.jpg,Pretibial myxoedema,Pretibial myxoedema,PENDING,,,,,
Pretibial myxoedema/pretibial-myxoedema-22.jpg,Pretibial myxoedema,Pretibial myxoedema,PENDING,,,,,
Pretibial myxoedema/pretibial-myxoedema-23.jpg,Pretibial myxoedema,Pretibial myxoedema,PENDING,,,,,
Pretibial myxoedema/pretibial-myxoedema-24.jpg,Pretibial myxoedema,Pretibial myxoedema,PENDING,,,,,
Pretibial myxoedema/thyroid-acropachy.jpg,Pretibial myxoedema,Pretibial myxoedema,PENDING,,,,,
Pretibial myxoedema/thyroid-ophthalmopathy.jpg,Pretibial myxoedema,Pretibial myxoedema,PENDING,,,,,
Progressive macular hypomelanosis/01.jpg,Progressive macular hypomelanosis,Progressive macular hypomelanosis,PENDING,,,,,
Progressive macular hypomelanosis/02.jpg,Progressive macular hypomelanosis,Progressive macular hypomelanosis,PENDING,,,,,
Progressive macular hypomelanosis/progressive-hypomelanosis-1.jpg,Progressive macular hypomelanosis,Progressive macular hypomelanosis,PENDING,,,,,
Progressive macular hypomelanosis/progressive-hypomelanosis-2.jpg,Progressive macular hypomelanosis,Progressive macular hypomelanosis,PENDING,,,,,
Prurigo/01.jpg,Prurigo,Prurigo,PENDING,,,,,
Prurigo/02.jpg,Prurigo,Prurigo,PENDING,,,,,
Prurigo/03.jpg,Prurigo,Prurigo,PENDING,,,,,
Prurigo/04.jpg,Prurigo,Prurigo,PENDING,,,,,
Prurigo/05.jpg,Prurigo,Prurigo,PENDING,,,,,
Prurigo/06.jpg,Prurigo,Prurigo,PENDING,,,,,
Prurigo/07.jpg,Prurigo,Prurigo,PENDING,,,,,
Prurigo/08.jpg,Prurigo,Prurigo,PENDING,,,,,
Prurigo/09.jpg,Prurigo,Prurigo,PENDING,,,,,
Prurigo/10.jpg,Prurigo,Prurigo,PENDING,,,,,
Prurigo/11.jpg,Prurigo,Prurigo,PENDING,,,,,
Prurigo/12.jpg,Prurigo,Prurigo,PENDING,,,,,
Prurigo/13.jpg,Prurigo,Prurigo,PENDING,,,,,
Prurigo/14.jpg,Prurigo,Prurigo,PENDING,,,,,
Prurigo/15.jpg,Prurigo,Prurigo,PENDING,,,,,
Prurigo/16.jpg,Prurigo,Prurigo,PENDING,,,,,
Prurigo/17.jpg,Prurigo,Prurigo,PENDING,,,,,
Prurigo/18.jpg,Prurigo,Prurigo,PENDING,,,,,
Prurigo/19.jpg,Prurigo,Prurigo,PENDING,,,,,
Prurigo/20.jpg,Prurigo,Prurigo,PENDING,,,,,
Prurigo/21.jpg,Prurigo,Prurigo,PENDING,,,,,
Prurigo/22.jpg,Prurigo,Prurigo,PENDING,,,,,
Prurigo/23.jpg,Prurigo,Prurigo,PENDING,,,,,
Prurigo/24.jpg,Prurigo,Prurigo,PENDING,,,,,
Prurigo/25.jpg,Prurigo,Prurigo,PENDING,,,,,
Prurigo/26.jpg,Prurigo,Prurigo,PENDING,,,,,
Prurigo/27.jpg,Prurigo,Prurigo,PENDING,,,,,
Prurigo/28.jpg,Prurigo,Prurigo,PENDING,,,,,
Prurigo/29.jpg,Prurigo,Prurigo,PENDING,,,,,
Prurigo/30.jpg,Prurigo,Prurigo,PENDING,,,,,
Prurigo/31.jpg,Prurigo,Prurigo,PENDING,,,,,
Prurigo/32.jpg,Prurigo,Prurigo,PENDING,,,,,
Prurigo/33.jpg,Prurigo,Prurigo,PENDING,,,,,
Prurigo/34.jpg,Prurigo,Prurigo,PENDING,,,,,
Prurigo/35.jpg,Prurigo,Prurigo,PENDING,,,,,
Prurigo/36.jpg,Prurigo,Prurigo,PENDING,,,,,
Prurigo/37.jpg,Prurigo,Prurigo,PENDING,,,,,
Prurigo/38.jpg,Prurigo,Prurigo,PENDING,,,,,
Prurigo/39.jpg,Prurigo,Prurigo,PENDING,,,,,
Prurigo/40.jpg,Prurigo,Prurigo,PENDING,,,,,
Prurigo/41.jpg,Prurigo,Prurigo,PENDING,,,,,
Prurigo/42.jpg,Prurigo,Prurigo,PENDING,,,,,
Prurigo/43.jpg,Prurigo,Prurigo,PENDING,,,,,
Prurigo/44.jpg,Prurigo,Prurigo,PENDING,,,,,
Prurigo/45.jpg,Prurigo,Prurigo,PENDING,,,,,
Prurigo/46.jpg,Prurigo,Prurigo,PENDING,,,,,
Prurigo/47.jpg,Prurigo,Prurigo,PENDING,,,,,
Prurigo/48.jpg,Prurigo,Prurigo,PENDING,,,,,
Prurigo/49.jpg,Prurigo,Prurigo,PENDING,,,,,
Prurigo/50.jpg,Prurigo,Prurigo,PENDING,,,,,
Prurigo/51.jpg,Prurigo,Prurigo,PENDING,,,,,
Prurigo/52.jpg,Prurigo,Prurigo,PENDING,,,,,
Prurigo/53.jpg,Prurigo,Prurigo,PENDING,,,,,
Prurigo/54.jpg,Prurigo,Prurigo,PENDING,,,,,
Prurigo/55.jpg,Prurigo,Prurigo,PENDING,,,,,
Prurigo/56.jpg,Prurigo,Prurigo,PENDING,,,,,
Prurigo/57.jpg,Prurigo,Prurigo,PENDING,,,,,
Prurigo/58.jpg,Prurigo,Prurigo,PENDING,,,,,
Prurigo/59.jpg,Prurigo,Prurigo,PENDING,,,,,
Prurigo/60.jpg,Prurigo,Prurigo,PENDING,,,,,
Prurigo/61.jpg,Prurigo,Prurigo,PENDING,,,,,
Prurigo/62.jpg,Prurigo,Prurigo,PENDING,,,,,
Prurigo/63.jpg,Prurigo,Prurigo,PENDING,,,,,
Prurigo/64.jpg,Prurigo,Prurigo,PENDING,,,,,
Prurigo/65.jpg,Prurigo,Prurigo,PENDING,,,,,
Prurigo/66.jpg,Prurigo,Prurigo,PENDING,,,,,
Prurigo/67.jpg,Prurigo,Prurigo,PENDING,,,,,
Prurigo/68.jpg,Prurigo,Prurigo,PENDING,,,,,
Prurigo/69.jpg,Prurigo,Prurigo,PENDING,,,,,
Prurigo/70.jpg,Prurigo,Prurigo,PENDING,,,,,
Prurigo/71.jpg,Prurigo,Prurigo,PENDING,,,,,
Prurigo/72.jpg,Prurigo,Prurigo,PENDING,,,,,
Prurigo/73.jpg,Prurigo,Prurigo,PENDING,,,,,
Prurigo/74.jpg,Prurigo,Prurigo,PENDING,,,,,
Prurigo/75.jpg,Prurigo,Prurigo,PENDING,,,,,
Prurigo/76.jpg,Prurigo,Prurigo,PENDING,,,,,
Prurigo/77.jpg,Prurigo,Prurigo,PENDING,,,,,
Prurigo/78.jpg,Prurigo,Prurigo,PENDING,,,,,
Prurigo/79.jpg,Prurigo,Prurigo,PENDING,,,,,
Prurigo/80.jpg,Prurigo,Prurigo,PENDING,,,,,
Prurigo/81.jpg,Prurigo,Prurigo,PENDING,,,,,
Prurigo/82.jpg,Prurigo,Prurigo,PENDING,,,,,
Prurigo/83.jpg,Prurigo,Prurigo,PENDING,,,,,
Prurigo/84.jpg,Prurigo,Prurigo,PENDING,,,,,
Prurigo/85.jpg,Prurigo,Prurigo,PENDING,,,,,
Prurigo/86.jpg,Prurigo,Prurigo,PENDING,,,,,
Prurigo/87.jpg,Prurigo,Prurigo,PENDING,,,,,
Prurigo/88.jpg,Prurigo,Prurigo,PENDING,,,,,
Prurigo/89.jpg,Prurigo,Prurigo,PENDING,,,,,
Prurigo/90.jpg,Prurigo,Prurigo,PENDING,,,,,
Prurigo/91.jpg,Prurigo,Prurigo,PENDING,,,,,
Prurigo/92.jpg,Prurigo,Prurigo,PENDING,,,,,
Prurigo/93.jpg,Prurigo,Prurigo,PENDING,,,,,
Prurigo/94.jpg,Prurigo,Prurigo,PENDING,,,,,
Prurigo/95.jpg,Prurigo,Prurigo,PENDING,,,,,
Prurigo/96.jpg,Prurigo,Prurigo,PENDING,,,,,
Prurigo/97.jpg,Prurigo,Prurigo,PENDING,,,,,
Prurigo/98.jpg,Prurigo,Prurigo,PENDING,,,,,
Prurigo/99.jpg,Prurigo,Prurigo,PENDING,,,,,
Prurigo/prurigo3.jpg,Prurigo,Prurigo,PENDING,,,,,
Prurigo/prurigo4.jpg,Prurigo,Prurigo,PENDING,,,,,
Prurigo/prurigo5.jpg,Prurigo,Prurigo,PENDING,,,,,
Prurigo/prurigo6.jpg,Prurigo,Prurigo,PENDING,,,,,
Prurigo/prurigo7.jpg,Prurigo,Prurigo,PENDING,,,,,
Prurigo/prurigo8.jpg,Prurigo,Prurigo,PENDING,,,,,
Pruritic urticarial papules and plaques of pregnancy/01.jpg,Pruritic urticarial papules and plaques of pregnancy,Pruritic urticarial papules and plaques of pregnancy,PENDING,,,,,
Pruritic urticarial papules and plaques of pregnancy/02.jpg,Pruritic urticarial papules and plaques of pregnancy,Pruritic urticarial papules and plaques of pregnancy,PENDING,,,,,
Pruritic urticarial papules and plaques of pregnancy/03.jpg,Pruritic urticarial papules and plaques of pregnancy,Pruritic urticarial papules and plaques of pregnancy,PENDING,,,,,
Pruritic urticarial papules and plaques of pregnancy/04.jpg,Pruritic urticarial papules and plaques of pregnancy,Pruritic urticarial papules and plaques of pregnancy,PENDING,,,,,
Pruritic urticarial papules and plaques of pregnancy/05.jpg,Pruritic urticarial papules and plaques of pregnancy,Pruritic urticarial papules and plaques of pregnancy,PENDING,,,,,
Pruritic urticarial papules and plaques of pregnancy/06.jpg,Pruritic urticarial papules and plaques of pregnancy,Pruritic urticarial papules and plaques of pregnancy,PENDING,,,,,
Pruritic urticarial papules and plaques of pregnancy/07.jpg,Pruritic urticarial papules and plaques of pregnancy,Pruritic urticarial papules and plaques of pregnancy,PENDING,,,,,
Pruritic urticarial papules and plaques of pregnancy/08.jpg,Pruritic urticarial papules and plaques of pregnancy,Pruritic urticarial papules and plaques of pregnancy,PENDING,,,,,
Pruritus/01.jpg,Pruritus,Pruritus,PENDING,,,,,
Pruritus/02.jpg,Pruritus,Pruritus,PENDING,,,,,
Pruritus/03.jpg,Pruritus,Pruritus,PENDING,,,,,
Pruritus/04.jpg,Pruritus,Pruritus,PENDING,,,,,
Pruritus/05.jpg,Pruritus,Pruritus,PENDING,,,,,
Pruritus/06.jpg,Pruritus,Pruritus,PENDING,,,,,
Pruritus/07.jpg,Pruritus,Pruritus,PENDING,,,,,
Pruritus/08.jpg,Pruritus,Pruritus,PENDING,,,,,
Pruritus/09.jpg,Pruritus,Pruritus,PENDING,,,,,
Pruritus/10.jpg,Pruritus,Pruritus,PENDING,,,,,
Pruritus/11.jpg,Pruritus,Pruritus,PENDING,,,,,
Pruritus/12.jpg,Pruritus,Pruritus,PENDING,,,,,
Pruritus/13.jpg,Pruritus,Pruritus,PENDING,,,,,
Pruritus/14.jpg,Pruritus,Pruritus,PENDING,,,,,
Pruritus/15.jpg,Pruritus,Pruritus,PENDING,,,,,
Pruritus/16.jpg,Pruritus,Pruritus,PENDING,,,,,
Pruritus/17.jpg,Pruritus,Pruritus,PENDING,,,,,
Pruritus/18.jpg,Pruritus,Pruritus,PENDING,,,,,
Pruritus/19.jpg,Pruritus,Pruritus,PENDING,,,,,
Pruritus/20.jpg,Pruritus,Pruritus,PENDING,,,,,
Pruritus/21.jpg,Pruritus,Pruritus,PENDING,,,,,
Pruritus/22.jpg,Pruritus,Pruritus,PENDING,,,,,
Pruritus/23.jpg,Pruritus,Pruritus,PENDING,,,,,
Pruritus/24.jpg,Pruritus,Pruritus,PENDING,,,,,
Pruritus/25.jpg,Pruritus,Pruritus,PENDING,,,,,
Pruritus/26.jpg,Pruritus,Pruritus,PENDING,,,,,
Pruritus/27.jpg,Pruritus,Pruritus,PENDING,,,,,
Pruritus/28.jpg,Pruritus,Pruritus,PENDING,,,,,
Pruritus/29.jpg,Pruritus,Pruritus,PENDING,,,,,
Pruritus/30.jpg,Pruritus,Pruritus,PENDING,,,,,
Pruritus/31.jpg,Pruritus,Pruritus,PENDING,,,,,
Pruritus/32.jpg,Pruritus,Pruritus,PENDING,,,,,
Pruritus/33.jpg,Pruritus,Pruritus,PENDING,,,,,
Pruritus/34.jpg,Pruritus,Pruritus,PENDING,,,,,
Pruritus/35.jpg,Pruritus,Pruritus,PENDING,,,,,
Pruritus/36.jpg,Pruritus,Pruritus,PENDING,,,,,
Pruritus/37.jpg,Pruritus,Pruritus,PENDING,,,,,
Pruritus/38.jpg,Pruritus,Pruritus,PENDING,,,,,
Pruritus/39.jpg,Pruritus,Pruritus,PENDING,,,,,
Pruritus/40.jpg,Pruritus,Pruritus,PENDING,,,,,
Pruritus/41.jpg,Pruritus,Pruritus,PENDING,,,,,
Pruritus/42.jpg,Pruritus,Pruritus,PENDING,,,,,
Pruritus/43.jpg,Pruritus,Pruritus,PENDING,,,,,
Pruritus/44.jpg,Pruritus,Pruritus,PENDING,,,,,
Pruritus/45.jpg,Pruritus,Pruritus,PENDING,,,,,
Pruritus/46.jpg,Pruritus,Pruritus,PENDING,,,,,
Pruritus/47.jpg,Pruritus,Pruritus,PENDING,,,,,
Pruritus/48.jpg,Pruritus,Pruritus,PENDING,,,,,
Pruritus/49.jpg,Pruritus,Pruritus,PENDING,,,,,
Pruritus/50.jpg,Pruritus,Pruritus,PENDING,,,,,
Pruritus/51.jpg,Pruritus,Pruritus,PENDING,,,,,
Pruritus/52.jpg,Pruritus,Pruritus,PENDING,,,,,
Pruritus/53.jpg,Pruritus,Pruritus,PENDING,,,,,
Pruritus/54.jpg,Pruritus,Pruritus,PENDING,,,,,
Pruritus/55.jpg,Pruritus,Pruritus,PENDING,,,,,
Pruritus/56.jpg,Pruritus,Pruritus,PENDING,,,,,
Pruritus/57.jpg,Pruritus,Pruritus,PENDING,,,,,
Pruritus/58.jpg,Pruritus,Pruritus,PENDING,,,,,
Pseudofolliculitis barbae/01.jpg,Pseudofolliculitis barbae,Pseudofolliculitis barbae,PENDING,,,,,
Pseudofolliculitis barbae/02.jpg,Pseudofolliculitis barbae,Pseudofolliculitis barbae,PENDING,,,,,
Pseudofolliculitis barbae/03.jpg,Pseudofolliculitis barbae,Pseudofolliculitis barbae,PENDING,,,,,
Pseudofolliculitis barbae/04.jpg,Pseudofolliculitis barbae,Pseudofolliculitis barbae,PENDING,,,,,
Pseudofolliculitis barbae/05.jpg,Pseudofolliculitis barbae,Pseudofolliculitis barbae,PENDING,,,,,
Pseudofolliculitis barbae/06.jpg,Pseudofolliculitis barbae,Pseudofolliculitis barbae,PENDING,,,,,
Pseudofolliculitis barbae/07.jpg,Pseudofolliculitis barbae,Pseudofolliculitis barbae,PENDING,,,,,
Pseudofolliculitis barbae/08.jpg,Pseudofolliculitis barbae,Pseudofolliculitis barbae,PENDING,,,,,
Pseudofolliculitis barbae/09.jpg,Pseudofolliculitis barbae,Pseudofolliculitis barbae,PENDING,,,,,
Pseudofolliculitis barbae/10.jpg,Pseudofolliculitis barbae,Pseudofolliculitis barbae,PENDING,,,,,
Pseudofolliculitis barbae/11.jpg,Pseudofolliculitis barbae,Pseudofolliculitis barbae,PENDING,,,,,
Pseudofolliculitis barbae/pseudofolliculitis-6.jpg,Pseudofolliculitis barbae,Pseudofolliculitis barbae,PENDING,,,,,
Pseudofolliculitis barbae/pseudofolliculitis-7.jpg,Pseudofolliculitis barbae,Pseudofolliculitis barbae,PENDING,,,,,
Pseudofolliculitis barbae/pseudofolliculitis-8.jpg,Pseudofolliculitis barbae,Pseudofolliculitis barbae,PENDING,,,,,
Pseudopelade of Brocq/01.jpg,Pseudopelade of Brocq,Pseudopelade of Brocq,PENDING,,,,,
Pseudopelade of Brocq/02.jpg,Pseudopelade of Brocq,Pseudopelade of Brocq,PENDING,,,,,
Pseudopelade of Brocq/03.jpg,Pseudopelade of Brocq,Pseudopelade of Brocq,PENDING,,,,,
Pseudopelade of Brocq/04.jpg,Pseudopelade of Brocq,Pseudopelade of Brocq,PENDING,,,,,
Pseudopelade of Brocq/05.jpg,Pseudopelade of Brocq,Pseudopelade of Brocq,PENDING,,,,,
Pseudopelade of Brocq/06.jpg,Pseudopelade of Brocq,Pseudopelade of Brocq,PENDING,,,,,
Pseudopelade of Brocq/pseudopelade1.jpg,Pseudopelade of Brocq,Pseudopelade of Brocq,PENDING,,,,,
Pseudopelade of Brocq/pseudopelade2.jpg,Pseudopelade of Brocq,Pseudopelade of Brocq,PENDING,,,,,
Pseudopelade of Brocq/pseudopelade3.jpg,Pseudopelade of Brocq,Pseudopelade of Brocq,PENDING,,,,,
Pseudopelade of Brocq/pseudopelade4.jpg,Pseudopelade of Brocq,Pseudopelade of Brocq,PENDING,,,,,
Pseudopelade of Brocq/pseudopelade5.jpg,Pseudopelade of Brocq,Pseudopelade of Brocq,PENDING,,,,,
Pseudopelade of Brocq/pseudopelade6.jpg,Pseudopelade of Brocq,Pseudopelade of Brocq,PENDING,,,,,
Pseudoporphyria/01.jpg,Pseudoporphyria,Pseudoporphyria,PENDING,,,,,
Pseudoporphyria/02.jpg,Pseudoporphyria,Pseudoporphyria,PENDING,,,,,
Pseudoporphyria/03.jpg,Pseudoporphyria,Pseudoporphyria,PENDING,,,,,
Pseudoporphyria/04.jpg,Pseudoporphyria,Pseudoporphyria,PENDING,,,,,
Pseudoporphyria/05.jpg,Pseudoporphyria,Pseudoporphyria,PENDING,,,,,
Pseudoporphyria/06.jpg,Pseudoporphyria,Pseudoporphyria,PENDING,,,,,
Pseudoporphyria/07.jpg,Pseudoporphyria,Pseudoporphyria,PENDING,,,,,
Pseudoporphyria/08.jpg,Pseudoporphyria,Pseudoporphyria,PENDING,,,,,
Pseudoporphyria/pseudoporphyria1.jpg,Pseudoporphyria,Pseudoporphyria,PENDING,,,,,
Pseudoporphyria/pseudoporphyria2.jpg,Pseudoporphyria,Pseudoporphyria,PENDING,,,,,
Pseudoporphyria/pseudoporphyria3.jpg,Pseudoporphyria,Pseudoporphyria,PENDING,,,,,
Pseudoporphyria/pseudoporphyria4.jpg,Pseudoporphyria,Pseudoporphyria,PENDING,,,,,
Pseudoporphyria/pseudoporphyria5.jpg,Pseudoporphyria,Pseudoporphyria,PENDING,,,,,
Pseudoporphyria/pseudoporphyria6.jpg,Pseudoporphyria,Pseudoporphyria,PENDING,,,,,
Psoriasis/2750.jpg,Psoriasis,Psoriasis,PENDING,,,,,
Psoriasis/2751.jpg,Psoriasis,Psoriasis,PENDING,,,,,
Psoriasis/2752.jpg,Psoriasis,Psoriasis,PENDING,,,,,
Psoriasis/2754.jpg,Psoriasis,Psoriasis,PENDING,,,,,
Psoriasis/2755.jpg,Psoriasis,Psoriasis,PENDING,,,,,
Psoriasis/2756.jpg,Psoriasis,Psoriasis,PENDING,,,,,
Psoriasis/2757.jpg,Psoriasis,Psoriasis,PENDING,,,,,
Psoriasis/2758.jpg,Psoriasis,Psoriasis,PENDING,,,,,
Psoriasis/2759.jpg,Psoriasis,Psoriasis,PENDING,,,,,
Psoriasis/2760.jpg,Psoriasis,Psoriasis,PENDING,,,,,
Psoriasis/2761.jpg,Psoriasis,Psoriasis,PENDING,,,,,
Psoriasis/2762.jpg,Psoriasis,Psoriasis,PENDING,,,,,
Psoriasis/2763.jpg,Psoriasis,Psoriasis,PENDING,,,,,
Psoriasis/2764.jpg,Psoriasis,Psoriasis,PENDING,,,,,
Psoriasis/2765.jpg,Psoriasis,Psoriasis,PENDING,,,,,
Psoriasis/2766.jpg,Psoriasis,Psoriasis,PENDING,,,,,
Psoriasis/2767.jpg,Psoriasis,Psoriasis,PENDING,,,,,
Psoriasis/2768.jpg,Psoriasis,Psoriasis,PENDING,,,,,
Psoriasis/2769.jpg,Psoriasis,Psoriasis,PENDING,,,,,
Psoriasis/2770.jpg,Psoriasis,Psoriasis,PENDING,,,,,
Psoriasis/2771.jpg,Psoriasis,Psoriasis,PENDING,,,,,
Psoriasis/2772.jpg,Psoriasis,Psoriasis,PENDING,,,,,
Psoriasis/2773.jpg,Psoriasis,Psoriasis,PENDING,,,,,
Psoriasis/2774.jpg,Psoriasis,Psoriasis,PENDING,,,,,
Psoriasis/2775.jpg,Psoriasis,Psoriasis,PENDING,,,,,
Psoriasis/2776.jpg,Psoriasis,Psoriasis,PENDING,,,,,
Psoriasis/2777.jpg,Psoriasis,Psoriasis,PENDING,,,,,
Psoriasis/2778.jpg,Psoriasis,Psoriasis,PENDING,,,,,
Psoriasis/2779.jpg,Psoriasis,Psoriasis,PENDING,,,,,
Psoriasis/2780.jpg,Psoriasis,Psoriasis,PENDING,,,,,
Psoriasis/3244.jpg,Psoriasis,Psoriasis,PENDING,,,,,
Psoriasis/3245.jpg,Psoriasis,Psoriasis,PENDING,,,,,
Psoriasis/3246.jpg,Psoriasis,Psoriasis,PENDING,,,,,
Psoriasis/3247.jpg,Psoriasis,Psoriasis,PENDING,,,,,
Psoriasis/chronic-plaque-psoriasis-001.jpg,Psoriasis,Psoriasis,PENDING,,,,,
Psoriasis/chronic-plaque-psoriasis-002.jpg,Psoriasis,Psoriasis,PENDING,,,,,
Psoriasis/chronic-plaque-psoriasis-003.jpg,Psoriasis,Psoriasis,PENDING,,,,,
Psoriasis/chronic-plaque-psoriasis-004.jpg,Psoriasis,Psoriasis,PENDING,,,,,
Psoriasis/chronic-plaque-psoriasis-005.jpg,Psoriasis,Psoriasis,PENDING,,,,,
Psoriasis/chronic-plaque-psoriasis-006.jpg,Psoriasis,Psoriasis,PENDING,,,,,
Psoriasis/chronic-plaque-psoriasis-007.jpg,Psoriasis,Psoriasis,PENDING,,,,,
Psoriasis/chronic-plaque-psoriasis-008.jpg,Psoriasis,Psoriasis,PENDING,,,,,
Psoriasis/chronic-plaque-psoriasis-009.jpg,Psoriasis,Psoriasis,PENDING,,,,,
Psoriasis/chronic-plaque-psoriasis-010.jpg,Psoriasis,Psoriasis,PENDING,,,,,
Psoriasis/chronic-plaque-psoriasis-011.jpg,Psoriasis,Psoriasis,PENDING,,,,,
Psoriasis/chronic-plaque-psoriasis-012.jpg,Psoriasis,Psoriasis,PENDING,,,,,
Psoriasis/chronic-plaque-psoriasis-013.jpg,Psoriasis,Psoriasis,PENDING,,,,,
Psoriasis/chronic-plaque-psoriasis-014.jpg,Psoriasis,Psoriasis,PENDING,,,,,
Psoriasis/chronic-plaque-psoriasis-015.jpg,Psoriasis,Psoriasis,PENDING,,,,,
Psoriasis/chronic-plaque-psoriasis-016.jpg,Psoriasis,Psoriasis,PENDING,,,,,
Psoriasis/chronic-plaque-psoriasis-017.jpg,Psoriasis,Psoriasis,PENDING,,,,,
Psoriasis/chronic-plaque-psoriasis-018.jpg,Psoriasis,Psoriasis,PENDING,,,,,
Psoriasis/chronic-plaque-psoriasis-019.jpg,Psoriasis,Psoriasis,PENDING,,,,,
Psoriasis/chronic-plaque-psoriasis-020.jpg,Psoriasis,Psoriasis,PENDING,,,,,
Psoriasis/chronic-plaque-psoriasis-021.jpg,Psoriasis,Psoriasis,PENDING,,,,,
Psoriasis/chronic-plaque-psoriasis-022.jpg,Psoriasis,Psoriasis,PENDING,,,,,
Psoriasis/onych-ps.jpg,Psoriasis,Psoriasis,PENDING,,,,,
Psoriasis/ppps01.jpg,Psoriasis,Psoriasis,PENDING,,,,,
Psoriasis/ppps02.jpg,Psoriasis,Psoriasis,PENDING,,,,,
Psoriasis/ppps03.jpg,Psoriasis,Psoriasis,PENDING,,,,,
Psoriasis/ppps04.jpg,Psoriasis,Psoriasis,PENDING,,,,,
Psoriasis/ppps05.jpg,Psoriasis,Psoriasis,PENDING,,,,,
Psoriasis/ppps06.jpg,Psoriasis,Psoriasis,PENDING,,,,,
Psoriasis/ppps07.jpg,Psoriasis,Psoriasis,PENDING,,,,,
Psoriasis/ppps08.jpg,Psoriasis,Psoriasis,PENDING,,,,,
Psoriasis/ppps09.jpg,Psoriasis,Psoriasis,PENDING,,,,,
Psoriasis/ppps10.jpg,Psoriasis,Psoriasis,PENDING,,,,,
Psoriasis/ppps11.jpg,Psoriasis,Psoriasis,PENDING,,,,,
Psoriasis/ppps12.jpg,Psoriasis,Psoriasis,PENDING,,,,,
Psoriasis/ppps13.jpg,Psoriasis,Psoriasis,PENDING,,,,,
Psoriasis/ppps14.jpg,Psoriasis,Psoriasis,PENDING,,,,,
Psoriasis/ppps15.jpg,Psoriasis,Psoriasis,PENDING,,,,,
Psoriasis/ppps16.jpg,Psoriasis,Psoriasis,PENDING,,,,,
Psoriasis/ppps17.jpg,Psoriasis,Psoriasis,PENDING,,,,,
Psoriasis/ppps18.jpg,Psoriasis,Psoriasis,PENDING,,,,,
Psoriasis/ppps19.jpg,Psoriasis,Psoriasis,PENDING,,,,,
Psoriasis/ppps20.jpg,Psoriasis,Psoriasis,PENDING,,,,,
Psoriasis/ppps21.jpg,Psoriasis,Psoriasis,PENDING,,,,,
Psoriasis/ppps22.jpg,Psoriasis,Psoriasis,PENDING,,,,,
Psoriasis/ppps23.jpg,Psoriasis,Psoriasis,PENDING,,,,,
Psoriasis/ppps24.jpg,Psoriasis,Psoriasis,PENDING,,,,,
Psoriasis/ppps25.jpg,Psoriasis,Psoriasis,PENDING,,,,,
Psoriasis/ppps26.jpg,Psoriasis,Psoriasis,PENDING,,,,,
Psoriasis/ppps27.jpg,Psoriasis,Psoriasis,PENDING,,,,,
Psoriasis/ppps28.jpg,Psoriasis,Psoriasis,PENDING,,,,,
Psoriasis/ppps29.jpg,Psoriasis,Psoriasis,PENDING,,,,,
Psoriasis/ppps30.jpg,Psoriasis,Psoriasis,PENDING,,,,,
Psoriasis/ppps31.jpg,Psoriasis,Psoriasis,PENDING,,,,,
Psoriasis/ppps32.jpg,Psoriasis,Psoriasis,PENDING,,,,,
Psoriasis/ppps33.jpg,Psoriasis,Psoriasis,PENDING,,,,,
Psoriasis/ppps34.jpg,Psoriasis,Psoriasis,PENDING,,,,,
Psoriasis/ppps35.jpg,Psoriasis,Psoriasis,PENDING,,,,,
Psoriasis/ppps36.jpg,Psoriasis,Psoriasis,PENDING,,,,,
Psoriasis/ppps38.jpg,Psoriasis,Psoriasis,PENDING,,,,,
Psoriasis/ppps41.jpg,Psoriasis,Psoriasis,PENDING,,,,,
Psoriasis/ppps42.jpg,Psoriasis,Psoriasis,PENDING,,,,,
Psoriasis/ps3.jpg,Psoriasis,Psoriasis,PENDING,,,,,
Psoriasis/ps4.jpg,Psoriasis,Psoriasis,PENDING,,,,,
Psoriasis/ps6.jpg,Psoriasis,Psoriasis,PENDING,,,,,
Psoriasis/psorkai2.jpg,Psoriasis,Psoriasis,PENDING,,,,,
Psoriasis/scalp-psoriasis-01.jpg,Psoriasis,Psoriasis,PENDING,,,,,
Psoriasis/scalp-psoriasis-03.jpg,Psoriasis,Psoriasis,PENDING,,,,,
Psoriasis/scalp-psoriasis.jpg,Psoriasis,Psoriasis,PENDING,,,,,
Psoriatic arthritis/01.jpg,Psoriatic arthritis,Psoriatic arthritis,PENDING,,,,,
Psoriatic arthritis/02.jpg,Psoriatic arthritis,Psoriatic arthritis,PENDING,,,,,
Psoriatic arthritis/03.jpg,Psoriatic arthritis,Psoriatic arthritis,PENDING,,,,,
Psoriatic arthritis/04.jpg,Psoriatic arthritis,Psoriatic arthritis,PENDING,,,,,
Psoriatic arthritis/05.jpg,Psoriatic arthritis,Psoriatic arthritis,PENDING,,,,,
Psoriatic arthritis/06.jpg,Psoriatic arthritis,Psoriatic arthritis,PENDING,,,,,
Psoriatic arthritis/ps-arth1.jpg,Psoriatic arthritis,Psoriatic arthritis,PENDING,,,,,
Psoriatic arthritis/ps-arth2.jpg,Psoriatic arthritis,Psoriatic arthritis,PENDING,,,,,
Psoriatic arthritis/ps-arth3.jpg,Psoriatic arthritis,Psoriatic arthritis,PENDING,,,,,
Purpura/01.jpg,Purpura,Purpura,PENDING,,,,,
Purpura/02.jpg,Purpura,Purpura,PENDING,,,,,
Purpura/03.jpg,Purpura,Purpura,PENDING,,,,,
Purpura/04.jpg,Purpura,Purpura,PENDING,,,,,
Purpura/05.jpg,Purpura,Purpura,PENDING,,,,,
Purpura/06.jpg,Purpura,Purpura,PENDING,,,,,
Purpura/07.jpg,Purpura,Purpura,PENDING,,,,,
Purpura/08.jpg,Purpura,Purpura,PENDING,,,,,
Purpura/09.jpg,Purpura,Purpura,PENDING,,,,,
Purpura/10.jpg,Purpura,Purpura,PENDING,,,,,
Purpura/100.jpg,Purpura,Purpura,PENDING,,,,,
Purpura/101.jpg,Purpura,Purpura,PENDING,,,,,
Purpura/102.jpg,Purpura,Purpura,PENDING,,,,,
Purpura/103.jpg,Purpura,Purpura,PENDING,,,,,
Purpura/104.jpg,Purpura,Purpura,PENDING,,,,,
Purpura/105.jpg,Purpura,Purpura,PENDING,,,,,
Purpura/106.jpg,Purpura,Purpura,PENDING,,,,,
Purpura/107.jpg,Purpura,Purpura,PENDING,,,,,
Purpura/108.jpg,Purpura,Purpura,PENDING,,,,,
Purpura/109.jpg,Purpura,Purpura,PENDING,,,,,
Purpura/11.jpg,Purpura,Purpura,PENDING,,,,,
Purpura/110.jpg,Purpura,Purpura,PENDING,,,,,
Purpura/111.jpg,Purpura,Purpura,PENDING,,,,,
Purpura/112.jpg,Purpura,Purpura,PENDING,,,,,
Purpura/113.jpg,Purpura,Purpura,PENDING,,,,,
Purpura/114.jpg,Purpura,Purpura,PENDING,,,,,
Purpura/115.jpg,Purpura,Purpura,PENDING,,,,,
Purpura/12.jpg,Purpura,Purpura,PENDING,,,,,
Purpura/13.jpg,Purpura,Purpura,PENDING,,,,,
Purpura/14.jpg,Purpura,Purpura,PENDING,,,,,
Purpura/15.jpg,Purpura,Purpura,PENDING,,,,,
Purpura/16.jpg,Purpura,Purpura,PENDING,,,,,
Purpura/17.jpg,Purpura,Purpura,PENDING,,,,,
Purpura/18.jpg,Purpura,Purpura,PENDING,,,,,
Purpura/19.jpg,Purpura,Purpura,PENDING,,,,,
Purpura/20.jpg,Purpura,Purpura,PENDING,,,,,
Purpura/21.jpg,Purpura,Purpura,PENDING,,,,,
Purpura/22.jpg,Purpura,Purpura,PENDING,,,,,
Purpura/23.jpg,Purpura,Purpura,PENDING,,,,,
Purpura/24.jpg,Purpura,Purpura,PENDING,,,,,
Purpura/25.jpg,Purpura,Purpura,PENDING,,,,,
Purpura/26.jpg,Purpura,Purpura,PENDING,,,,,
Purpura/27.jpg,Purpura,Purpura,PENDING,,,,,
Purpura/28.jpg,Purpura,Purpura,PENDING,,,,,
Purpura/29.jpg,Purpura,Purpura,PENDING,,,,,
Purpura/30.jpg,Purpura,Purpura,PENDING,,,,,
Purpura/31.jpg,Purpura,Purpura,PENDING,,,,,
Purpura/32.jpg,Purpura,Purpura,PENDING,,,,,
Purpura/33.jpg,Purpura,Purpura,PENDING,,,,,
Purpura/34.jpg,Purpura,Purpura,PENDING,,,,,
Purpura/35.jpg,Purpura,Purpura,PENDING,,,,,
Purpura/36.jpg,Purpura,Purpura,PENDING,,,,,
Purpura/37.jpg,Purpura,Purpura,PENDING,,,,,
Purpura/38.jpg,Purpura,Purpura,PENDING,,,,,
Purpura/39.jpg,Purpura,Purpura,PENDING,,,,,
Purpura/40.jpg,Purpura,Purpura,PENDING,,,,,
Purpura/41.jpg,Purpura,Purpura,PENDING,,,,,
Purpura/42.jpg,Purpura,Purpura,PENDING,,,,,
Purpura/43.jpg,Purpura,Purpura,PENDING,,,,,
Purpura/44.jpg,Purpura,Purpura,PENDING,,,,,
Purpura/45.jpg,Purpura,Purpura,PENDING,,,,,
Purpura/46.jpg,Purpura,Purpura,PENDING,,,,,
Purpura/47.jpg,Purpura,Purpura,PENDING,,,,,
Purpura/48.jpg,Purpura,Purpura,PENDING,,,,,
Purpura/49.jpg,Purpura,Purpura,PENDING,,,,,
Purpura/50.jpg,Purpura,Purpura,PENDING,,,,,
Purpura/51.jpg,Purpura,Purpura,PENDING,,,,,
Purpura/52.jpg,Purpura,Purpura,PENDING,,,,,
Purpura/53.jpg,Purpura,Purpura,PENDING,,,,,
Purpura/54.jpg,Purpura,Purpura,PENDING,,,,,
Purpura/55.jpg,Purpura,Purpura,PENDING,,,,,
Purpura/56.jpg,Purpura,Purpura,PENDING,,,,,
Purpura/57.jpg,Purpura,Purpura,PENDING,,,,,
Purpura/58.jpg,Purpura,Purpura,PENDING,,,,,
Purpura/59.jpg,Purpura,Purpura,PENDING,,,,,
Purpura/60.jpg,Purpura,Purpura,PENDING,,,,,
Purpura/61.jpg,Purpura,Purpura,PENDING,,,,,
Purpura/62.jpg,Purpura,Purpura,PENDING,,,,,
Purpura/63.jpg,Purpura,Purpura,PENDING,,,,,
Purpura/64.jpg,Purpura,Purpura,PENDING,,,,,
Purpura/65.jpg,Purpura,Purpura,PENDING,,,,,
Purpura/66.jpg,Purpura,Purpura,PENDING,,,,,
Purpura/67.jpg,Purpura,Purpura,PENDING,,,,,
Purpura/68.jpg,Purpura,Purpura,PENDING,,,,,
Purpura/69.jpg,Purpura,Purpura,PENDING,,,,,
Purpura/70.jpg,Purpura,Purpura,PENDING,,,,,
Purpura/71.jpg,Purpura,Purpura,PENDING,,,,,
Purpura/72.jpg,Purpura,Purpura,PENDING,,,,,
Purpura/73.jpg,Purpura,Purpura,PENDING,,,,,
Purpura/74.jpg,Purpura,Purpura,PENDING,,,,,
Purpura/75.jpg,Purpura,Purpura,PENDING,,,,,
Purpura/76.jpg,Purpura,Purpura,PENDING,,,,,
Purpura/77.jpg,Purpura,Purpura,PENDING,,,,,
Purpura/78.jpg,Purpura,Purpura,PENDING,,,,,
Purpura/79.jpg,Purpura,Purpura,PENDING,,,,,
Purpura/80.jpg,Purpura,Purpura,PENDING,,,,,
Purpura/81.jpg,Purpura,Purpura,PENDING,,,,,
Purpura/82.jpg,Purpura,Purpura,PENDING,,,,,
Purpura/83.jpg,Purpura,Purpura,PENDING,,,,,
Purpura/84.jpg,Purpura,Purpura,PENDING,,,,,
Purpura/85.jpg,Purpura,Purpura,PENDING,,,,,
Purpura/86.jpg,Purpura,Purpura,PENDING,,,,,
Purpura/87.jpg,Purpura,Purpura,PENDING,,,,,
Purpura/88.jpg,Purpura,Purpura,PENDING,,,,,
Purpura/89.jpg,Purpura,Purpura,PENDING,,,,,
Purpura/90.jpg,Purpura,Purpura,PENDING,,,,,
Purpura/91.jpg,Purpura,Purpura,PENDING,,,,,
Purpura/92.jpg,Purpura,Purpura,PENDING,,,,,
Purpura/93.jpg,Purpura,Purpura,PENDING,,,,,
Purpura/94.jpg,Purpura,Purpura,PENDING,,,,,
Purpura/95.jpg,Purpura,Purpura,PENDING,,,,,
Purpura/96.jpg,Purpura,Purpura,PENDING,,,,,
Purpura/97.jpg,Purpura,Purpura,PENDING,,,,,
Purpura/98.jpg,Purpura,Purpura,PENDING,,,,,
Purpura/99.jpg,Purpura,Purpura,PENDING,,,,,
Purpura/purpura1.jpg,Purpura,Purpura,PENDING,,,,,
Purpura/purpura2.jpg,Purpura,Purpura,PENDING,,,,,
Purpura/purpura3.jpg,Purpura,Purpura,PENDING,,,,,
Purpura/purpura4.jpg,Purpura,Purpura,PENDING,,,,,
Purpura/purpura5.jpg,Purpura,Purpura,PENDING,,,,,
Purpura/purpura6.jpg,Purpura,Purpura,PENDING,,,,,
Pyoderma/01.jpg,Pyoderma,Pyoderma,PENDING,,,,,
Pyoderma/02.jpg,Pyoderma,Pyoderma,PENDING,,,,,
Pyoderma/03.jpg,Pyoderma,Pyoderma,PENDING,,,,,
Pyoderma/04.jpg,Pyoderma,Pyoderma,PENDING,,,,,
Pyoderma/05.jpg,Pyoderma,Pyoderma,PENDING,,,,,
Pyoderma/06.jpg,Pyoderma,Pyoderma,PENDING,,,,,
Pyoderma/07.jpg,Pyoderma,Pyoderma,PENDING,,,,,
Pyoderma/08.jpg,Pyoderma,Pyoderma,PENDING,,,,,
Pyoderma/09.jpg,Pyoderma,Pyoderma,PENDING,,,,,
Pyoderma/10.jpg,Pyoderma,Pyoderma,PENDING,,,,,
Pyoderma/11.jpg,Pyoderma,Pyoderma,PENDING,,,,,
Pyoderma/12.jpg,Pyoderma,Pyoderma,PENDING,,,,,
Pyoderma/13.jpg,Pyoderma,Pyoderma,PENDING,,,,,
Pyoderma/14.jpg,Pyoderma,Pyoderma,PENDING,,,,,
Pyoderma/15.jpg,Pyoderma,Pyoderma,PENDING,,,,,
Pyoderma/16.jpg,Pyoderma,Pyoderma,PENDING,,,,,
Pyoderma/17.jpg,Pyoderma,Pyoderma,PENDING,,,,,
Pyoderma/18.jpg,Pyoderma,Pyoderma,PENDING,,,,,
Pyoderma/19.jpg,Pyoderma,Pyoderma,PENDING,,,,,
Pyoderma/20.jpg,Pyoderma,Pyoderma,PENDING,,,,,
Pyoderma/21.jpg,Pyoderma,Pyoderma,PENDING,,,,,
Pyoderma/22.jpg,Pyoderma,Pyoderma,PENDING,,,,,
Pyoderma/23.jpg,Pyoderma,Pyoderma,PENDING,,,,,
Pyoderma/24.jpg,Pyoderma,Pyoderma,PENDING,,,,,
Pyoderma/25.jpg,Pyoderma,Pyoderma,PENDING,,,,,
Pyoderma/26.jpg,Pyoderma,Pyoderma,PENDING,,,,,
Pyoderma/27.jpg,Pyoderma,Pyoderma,PENDING,,,,,
Pyoderma/28.jpg,Pyoderma,Pyoderma,PENDING,,,,,
Pyoderma/29.jpg,Pyoderma,Pyoderma,PENDING,,,,,
Pyoderma/30.jpg,Pyoderma,Pyoderma,PENDING,,,,,
Pyoderma/31.jpg,Pyoderma,Pyoderma,PENDING,,,,,
Pyoderma/32.jpg,Pyoderma,Pyoderma,PENDING,,,,,
Pyoderma/33.jpg,Pyoderma,Pyoderma,PENDING,,,,,
Pyoderma/34.jpg,Pyoderma,Pyoderma,PENDING,,,,,
Pyoderma/35.jpg,Pyoderma,Pyoderma,PENDING,,,,,
Pyoderma/36.jpg,Pyoderma,Pyoderma,PENDING,,,,,
Pyoderma/37.jpg,Pyoderma,Pyoderma,PENDING,,,,,
Pyoderma/38.jpg,Pyoderma,Pyoderma,PENDING,,,,,
Pyoderma/39.jpg,Pyoderma,Pyoderma,PENDING,,,,,
Pyoderma/40.jpg,Pyoderma,Pyoderma,PENDING,,,,,
Pyoderma/41.jpg,Pyoderma,Pyoderma,PENDING,,,,,
Pyoderma/42.jpg,Pyoderma,Pyoderma,PENDING,,,,,
Pyoderma/43.jpg,Pyoderma,Pyoderma,PENDING,,,,,
Pyoderma/44.jpg,Pyoderma,Pyoderma,PENDING,,,,,
Pyoderma/45.jpg,Pyoderma,Pyoderma,PENDING,,,,,
Pyoderma/46.jpg,Pyoderma,Pyoderma,PENDING,,,,,
Pyoderma/47.jpg,Pyoderma,Pyoderma,PENDING,,,,,
Pyoderma/48.jpg,Pyoderma,Pyoderma,PENDING,,,,,
Pyoderma/49.jpg,Pyoderma,Pyoderma,PENDING,,,,,
Pyoderma/50.jpg,Pyoderma,Pyoderma,PENDING,,,,,
Pyoderma/51.jpg,Pyoderma,Pyoderma,PENDING,,,,,
Pyoderma/52.jpg,Pyoderma,Pyoderma,PENDING,,,,,
Pyoderma/53.jpg,Pyoderma,Pyoderma,PENDING,,,,,
Pyoderma/54.jpg,Pyoderma,Pyoderma,PENDING,,,,,
Pyoderma/55.jpg,Pyoderma,Pyoderma,PENDING,,,,,
Pyoderma/56.jpg,Pyoderma,Pyoderma,PENDING,,,,,
Pyoderma/57.jpg,Pyoderma,Pyoderma,PENDING,,,,,
Pyoderma/58.jpg,Pyoderma,Pyoderma,PENDING,,,,,
Pyoderma/59.jpg,Pyoderma,Pyoderma,PENDING,,,,,
Pyoderma/60.jpg,Pyoderma,Pyoderma,PENDING,,,,,
Pyoderma/61.jpg,Pyoderma,Pyoderma,PENDING,,,,,
Pyoderma/62.jpg,Pyoderma,Pyoderma,PENDING,,,,,
Pyoderma/63.jpg,Pyoderma,Pyoderma,PENDING,,,,,
Pyoderma/64.jpg,Pyoderma,Pyoderma,PENDING,,,,,
Pyoderma/65.jpg,Pyoderma,Pyoderma,PENDING,,,,,
Pyoderma/66.jpg,Pyoderma,Pyoderma,PENDING,,,,,
Pyoderma/67.jpg,Pyoderma,Pyoderma,PENDING,,,,,
Pyoderma/68.jpg,Pyoderma,Pyoderma,PENDING,,,,,
Pyoderma/69.jpg,Pyoderma,Pyoderma,PENDING,,,,,
Pyoderma/70.jpg,Pyoderma,Pyoderma,PENDING,,,,,
Pyoderma/71.jpg,Pyoderma,Pyoderma,PENDING,,,,,
Pyoderma/72.jpg,Pyoderma,Pyoderma,PENDING,,,,,
Pyoderma/73.jpg,Pyoderma,Pyoderma,PENDING,,,,,
Pyoderma/74.jpg,Pyoderma,Pyoderma,PENDING,,,,,
Pyoderma/75.jpg,Pyoderma,Pyoderma,PENDING,,,,,
Pyoderma/76.jpg,Pyoderma,Pyoderma,PENDING,,,,,
Pyogenic granuloma/01.jpg,Pyogenic granuloma,Pyogenic granuloma,PENDING,,,,,
Pyogenic granuloma/02.jpg,Pyogenic granuloma,Pyogenic granuloma,PENDING,,,,,
Pyogenic granuloma/03.jpg,Pyogenic granuloma,Pyogenic granuloma,PENDING,,,,,
Pyogenic granuloma/04.jpg,Pyogenic granuloma,Pyogenic granuloma,PENDING,,,,,
Pyogenic granuloma/05.jpg,Pyogenic granuloma,Pyogenic granuloma,PENDING,,,,,
Pyogenic granuloma/06.jpg,Pyogenic granuloma,Pyogenic granuloma,PENDING,,,,,
Pyogenic granuloma/07.jpg,Pyogenic granuloma,Pyogenic granuloma,PENDING,,,,,
Pyogenic granuloma/08.jpg,Pyogenic granuloma,Pyogenic granuloma,PENDING,,,,,
Pyogenic granuloma/09.jpg,Pyogenic granuloma,Pyogenic granuloma,PENDING,,,,,
Pyogenic granuloma/10.jpg,Pyogenic granuloma,Pyogenic granuloma,PENDING,,,,,
Pyogenic granuloma/11.jpg,Pyogenic granuloma,Pyogenic granuloma,PENDING,,,,,
Pyogenic granuloma/12.jpg,Pyogenic granuloma,Pyogenic granuloma,PENDING,,,,,
Pyogenic granuloma/13.jpg,Pyogenic granuloma,Pyogenic granuloma,PENDING,,,,,
Pyogenic granuloma/14.jpg,Pyogenic granuloma,Pyogenic granuloma,PENDING,,,,,
Pyogenic granuloma/15.jpg,Pyogenic granuloma,Pyogenic granuloma,PENDING,,,,,
Pyogenic granuloma/16.jpg,Pyogenic granuloma,Pyogenic granuloma,PENDING,,,,,
Pyogenic granuloma/17.jpg,Pyogenic granuloma,Pyogenic granuloma,PENDING,,,,,
Pyogenic granuloma/18.jpg,Pyogenic granuloma,Pyogenic granuloma,PENDING,,,,,
Pyogenic granuloma/19.jpg,Pyogenic granuloma,Pyogenic granuloma,PENDING,,,,,
Pyogenic granuloma/20.jpg,Pyogenic granuloma,Pyogenic granuloma,PENDING,,,,,
Pyogenic granuloma/pg1.jpg,Pyogenic granuloma,Pyogenic granuloma,PENDING,,,,,
Pyogenic granuloma/pg2.jpg,Pyogenic granuloma,Pyogenic granuloma,PENDING,,,,,
Pyogenic granuloma/pg4.jpg,Pyogenic granuloma,Pyogenic granuloma,PENDING,,,,,
Pyogenic granuloma/pyo-gran1.jpg,Pyogenic granuloma,Pyogenic granuloma,PENDING,,,,,
Pyogenic granuloma/pyo-gran2.jpg,Pyogenic granuloma,Pyogenic granuloma,PENDING,,,,,
Pyogenic granuloma/pyo-gran3.jpg,Pyogenic granuloma,Pyogenic granuloma,PENDING,,,,,
Pyogenic granuloma/pyogenic-granuloma-1.jpg,Pyogenic granuloma,Pyogenic granuloma,PENDING,,,,,
Pyogenic granuloma/pyogenic-granuloma-2.jpg,Pyogenic granuloma,Pyogenic granuloma,PENDING,,,,,
Pyogenic granuloma/pyogenic-granuloma-3.jpg,Pyogenic granuloma,Pyogenic granuloma,PENDING,,,,,
Radiation dermatitis/01.jpg,Radiation dermatitis,Radiation dermatitis,PENDING,,,,,
Radiation dermatitis/02.jpg,Radiation dermatitis,Radiation dermatitis,PENDING,,,,,
Radiation dermatitis/03.jpg,Radiation dermatitis,Radiation dermatitis,PENDING,,,,,
Radiation dermatitis/04.jpg,Radiation dermatitis,Radiation dermatitis,PENDING,,,,,
Radiation dermatitis/05.jpg,Radiation dermatitis,Radiation dermatitis,PENDING,,,,,
Radiation dermatitis/radiation-dermatitis1.jpg,Radiation dermatitis,Radiation dermatitis,PENDING,,,,,
Radiation dermatitis/radiation-dermatitis2.jpg,Radiation dermatitis,Radiation dermatitis,PENDING,,,,,
Radiation dermatitis/radiation-dermatitis3.jpg,Radiation dermatitis,Radiation dermatitis,PENDING,,,,,
Radiation dermatitis/radiation-dermatitis4.jpg,Radiation dermatitis,Radiation dermatitis,PENDING,,,,,
Radiation dermatitis/radiation-dermatitis5.jpg,Radiation dermatitis,Radiation dermatitis,PENDING,,,,,
Radiation dermatitis/radiation-stomatitis.jpg,Radiation dermatitis,Radiation dermatitis,PENDING,,,,,
Ramsay Hunt syndrome/01.jpg,Ramsay Hunt syndrome,Ramsay Hunt syndrome,PENDING,,,,,
Ramsay Hunt syndrome/02.jpg,Ramsay Hunt syndrome,Ramsay Hunt syndrome,PENDING,,,,,
Ramsay Hunt syndrome/ramsay-hunt-01.jpg,Ramsay Hunt syndrome,Ramsay Hunt syndrome,PENDING,,,,,
Ramsay Hunt syndrome/ramsay-hunt-02.jpg,Ramsay Hunt syndrome,Ramsay Hunt syndrome,PENDING,,,,,
Ramsay Hunt syndrome/ramsay-hunt-03.jpg,Ramsay Hunt syndrome,Ramsay Hunt syndrome,PENDING,,,,,
Ranula/01.jpg,Ranula,Ranula,PENDING,,,,,
Ranula/02.jpg,Ranula,Ranula,PENDING,,,,,
Ranula/03.jpg,Ranula,Ranula,PENDING,,,,,
Ranula/04.jpg,Ranula,Ranula,PENDING,,,,,
Ranula/05.jpg,Ranula,Ranula,PENDING,,,,,
Ranula/06.jpg,Ranula,Ranula,PENDING,,,,,
Ranula/07.jpg,Ranula,Ranula,PENDING,,,,,
Ranula/08.jpg,Ranula,Ranula,PENDING,,,,,
Ranula/09.jpg,Ranula,Ranula,PENDING,,,,,
Ranula/10.jpg,Ranula,Ranula,PENDING,,,,,
Ranula/11.jpg,Ranula,Ranula,PENDING,,,,,
Ranula/12.jpg,Ranula,Ranula,PENDING,,,,,
Ranula/13.jpg,Ranula,Ranula,PENDING,,,,,
Ranula/14.jpg,Ranula,Ranula,PENDING,,,,,
Ranula/15.jpg,Ranula,Ranula,PENDING,,,,,
Ranula/16.jpg,Ranula,Ranula,PENDING,,,,,
Ranula/17.jpg,Ranula,Ranula,PENDING,,,,,
Ranula/18.jpg,Ranula,Ranula,PENDING,,,,,
Ranula/19.jpg,Ranula,Ranula,PENDING,,,,,
Ranula/20.jpg,Ranula,Ranula,PENDING,,,,,
Ranula/21.jpg,Ranula,Ranula,PENDING,,,,,
Ranula/22.jpg,Ranula,Ranula,PENDING,,,,,
Ranula/23.jpg,Ranula,Ranula,PENDING,,,,,
Ranula/24.jpg,Ranula,Ranula,PENDING,,,,,
Raynaud phenomenon/01.jpg,Raynaud phenomenon,Raynaud phenomenon,PENDING,,,,,
Raynaud phenomenon/02.jpg,Raynaud phenomenon,Raynaud phenomenon,PENDING,,,,,
Raynaud phenomenon/03.jpg,Raynaud phenomenon,Raynaud phenomenon,PENDING,,,,,
Raynaud phenomenon/04.jpg,Raynaud phenomenon,Raynaud phenomenon,PENDING,,,,,
Raynaud phenomenon/05.jpg,Raynaud phenomenon,Raynaud phenomenon,PENDING,,,,,
Raynaud phenomenon/06.jpg,Raynaud phenomenon,Raynaud phenomenon,PENDING,,,,,
Raynaud phenomenon/07.jpg,Raynaud phenomenon,Raynaud phenomenon,PENDING,,,,,
Raynaud phenomenon/08.jpg,Raynaud phenomenon,Raynaud phenomenon,PENDING,,,,,
Raynaud phenomenon/raynaud1.jpg,Raynaud phenomenon,Raynaud phenomenon,PENDING,,,,,
Raynaud phenomenon/raynaud2.jpg,Raynaud phenomenon,Raynaud phenomenon,PENDING,,,,,
Raynaud phenomenon/raynaud3.jpg,Raynaud phenomenon,Raynaud phenomenon,PENDING,,,,,
Recessive X-linked ichthyosis/01.jpg,Recessive X-linked ichthyosis,Recessive X-linked ichthyosis,PENDING,,,,,
Recessive X-linked ichthyosis/02.jpg,Recessive X-linked ichthyosis,Recessive X-linked ichthyosis,PENDING,,,,,
Recessive X-linked ichthyosis/03.jpg,Recessive X-linked ichthyosis,Recessive X-linked ichthyosis,PENDING,,,,,
Recessive X-linked ichthyosis/04.jpg,Recessive X-linked ichthyosis,Recessive X-linked ichthyosis,PENDING,,,,,
Recessive X-linked ichthyosis/05.jpg,Recessive X-linked ichthyosis,Recessive X-linked ichthyosis,PENDING,,,,,
Recessive X-linked ichthyosis/06.jpg,Recessive X-linked ichthyosis,Recessive X-linked ichthyosis,PENDING,,,,,
Recessive X-linked ichthyosis/07.jpg,Recessive X-linked ichthyosis,Recessive X-linked ichthyosis,PENDING,,,,,
Recessive X-linked ichthyosis/08.jpg,Recessive X-linked ichthyosis,Recessive X-linked ichthyosis,PENDING,,,,,
Recessive X-linked ichthyosis/09.jpg,Recessive X-linked ichthyosis,Recessive X-linked ichthyosis,PENDING,,,,,
Recessive X-linked ichthyosis/10.jpg,Recessive X-linked ichthyosis,Recessive X-linked ichthyosis,PENDING,,,,,
Recessive X-linked ichthyosis/11.jpg,Recessive X-linked ichthyosis,Recessive X-linked ichthyosis,PENDING,,,,,
Recessive X-linked ichthyosis/12.jpg,Recessive X-linked ichthyosis,Recessive X-linked ichthyosis,PENDING,,,,,
Recessive X-linked ichthyosis/13.jpg,Recessive X-linked ichthyosis,Recessive X-linked ichthyosis,PENDING,,,,,
Recessive dystrophic epidermolysis bullosa/01.jpg,Recessive dystrophic epidermolysis bullosa,Recessive dystrophic epidermolysis bullosa,PENDING,,,,,
Recessive dystrophic epidermolysis bullosa/02.jpg,Recessive dystrophic epidermolysis bullosa,Recessive dystrophic epidermolysis bullosa,PENDING,,,,,
Reed syndrome/leiomyomatosis-2.jpg,Reed syndrome,Reed syndrome,PENDING,,,,,
Reed syndrome/leiomyomatosis-3.jpg,Reed syndrome,Reed syndrome,PENDING,,,,,
Reed syndrome/leiomyomatosis-4.jpg,Reed syndrome,Reed syndrome,PENDING,,,,,
Remitting seronegative symmetrical synovitis with pitting oedema/pitting-oedema-03.jpg,Remitting seronegative symmetrical synovitis with pitting oedema,Remitting seronegative symmetrical synovitis with pitting oedema,PENDING,,,,,
Remitting seronegative symmetrical synovitis with pitting oedema/pitting-oedema-05.jpg,Remitting seronegative symmetrical synovitis with pitting oedema,Remitting seronegative symmetrical synovitis with pitting oedema,PENDING,,,,,
Reticular erythematous mucinosis/01.jpg,Reticular erythematous mucinosis,Reticular erythematous mucinosis,PENDING,,,,,
Reticular erythematous mucinosis/02.jpg,Reticular erythematous mucinosis,Reticular erythematous mucinosis,PENDING,,,,,
Reticular erythematous mucinosis/03.jpg,Reticular erythematous mucinosis,Reticular erythematous mucinosis,PENDING,,,,,
Reticular erythematous mucinosis/rem1.jpg,Reticular erythematous mucinosis,Reticular erythematous mucinosis,PENDING,,,,,
Reticular erythematous mucinosis/rem2.jpg,Reticular erythematous mucinosis,Reticular erythematous mucinosis,PENDING,,,,,
Reticular erythematous mucinosis/rem3.jpg,Reticular erythematous mucinosis,Reticular erythematous mucinosis,PENDING,,,,,
Reticulohistiocytosis/01.jpg,Reticulohistiocytosis,Reticulohistiocytosis,PENDING,,,,,
Reticulohistiocytosis/02.jpg,Reticulohistiocytosis,Reticulohistiocytosis,PENDING,,,,,
Reticulohistiocytosis/03.jpg,Reticulohistiocytosis,Reticulohistiocytosis,PENDING,,,,,
Reticulohistiocytosis/Reticulohistiocytoma.jpg,Reticulohistiocytosis,Reticulohistiocytosis,PENDING,,,,,
Reticulohistiocytosis/reticulocytosis1.jpg,Reticulohistiocytosis,Reticulohistiocytosis,PENDING,,,,,
Reticulohistiocytosis/reticulocytosis2.jpg,Reticulohistiocytosis,Reticulohistiocytosis,PENDING,,,,,
Rheumatic fever/e-marginatum1.jpg,Rheumatic fever,Rheumatic fever,PENDING,,,,,
Rheumatic fever/e-marginatum2.jpg,Rheumatic fever,Rheumatic fever,PENDING,,,,,
Rheumatic fever/e-marginatum3.jpg,Rheumatic fever,Rheumatic fever,PENDING,,,,,
Rhinophyma/01.jpg,Rhinophyma,Rhinophyma,PENDING,,,,,
Rhinophyma/02.jpg,Rhinophyma,Rhinophyma,PENDING,,,,,
Rhinophyma/03.jpg,Rhinophyma,Rhinophyma,PENDING,,,,,
Rhinophyma/04.jpg,Rhinophyma,Rhinophyma,PENDING,,,,,
Rhinophyma/05.jpg,Rhinophyma,Rhinophyma,PENDING,,,,,
Rhinophyma/06.jpg,Rhinophyma,Rhinophyma,PENDING,,,,,
Rhinophyma/07.jpg,Rhinophyma,Rhinophyma,PENDING,,,,,
Rhinophyma/08.jpg,Rhinophyma,Rhinophyma,PENDING,,,,,
Rhinophyma/09.jpg,Rhinophyma,Rhinophyma,PENDING,,,,,
Rhinophyma/10.jpg,Rhinophyma,Rhinophyma,PENDING,,,,,
Rhinophyma/11.jpg,Rhinophyma,Rhinophyma,PENDING,,,,,
Rhinophyma/12.jpg,Rhinophyma,Rhinophyma,PENDING,,,,,
Rhinophyma/13.jpg,Rhinophyma,Rhinophyma,PENDING,,,,,
Rhinophyma/14.jpg,Rhinophyma,Rhinophyma,PENDING,,,,,
Rhinophyma/15.jpg,Rhinophyma,Rhinophyma,PENDING,,,,,
Rhinophyma/16.jpg,Rhinophyma,Rhinophyma,PENDING,,,,,
Rhinophyma/17.jpg,Rhinophyma,Rhinophyma,PENDING,,,,,
Rhinophyma/18.jpg,Rhinophyma,Rhinophyma,PENDING,,,,,
Rhinophyma/19.jpg,Rhinophyma,Rhinophyma,PENDING,,,,,
Rhinophyma/20.jpg,Rhinophyma,Rhinophyma,PENDING,,,,,
Rhinophyma/21.jpg,Rhinophyma,Rhinophyma,PENDING,,,,,
Rhinophyma/22.jpg,Rhinophyma,Rhinophyma,PENDING,,,,,
Rhinophyma/23.jpg,Rhinophyma,Rhinophyma,PENDING,,,,,
Rhinophyma/24.jpg,Rhinophyma,Rhinophyma,PENDING,,,,,
Rhinophyma/25.jpg,Rhinophyma,Rhinophyma,PENDING,,,,,
Rhinophyma/26.jpg,Rhinophyma,Rhinophyma,PENDING,,,,,
Rhinophyma/27.jpg,Rhinophyma,Rhinophyma,PENDING,,,,,
Rhinophyma/28.jpg,Rhinophyma,Rhinophyma,PENDING,,,,,
Rhinophyma/29.jpg,Rhinophyma,Rhinophyma,PENDING,,,,,
Rhinophyma/30.jpg,Rhinophyma,Rhinophyma,PENDING,,,,,
Rhinophyma/31.jpg,Rhinophyma,Rhinophyma,PENDING,,,,,
Rhinophyma/32.jpg,Rhinophyma,Rhinophyma,PENDING,,,,,
Rhinophyma/33.jpg,Rhinophyma,Rhinophyma,PENDING,,,,,
Rhinophyma/34.jpg,Rhinophyma,Rhinophyma,PENDING,,,,,
Rhinophyma/rhinophyma-01.jpg,Rhinophyma,Rhinophyma,PENDING,,,,,
Rhinophyma/rhinophyma-02.jpg,Rhinophyma,Rhinophyma,PENDING,,,,,
Rhinophyma/rhinophyma-03.jpg,Rhinophyma,Rhinophyma,PENDING,,,,,
Rhinophyma/rhinophyma-04.jpg,Rhinophyma,Rhinophyma,PENDING,,,,,
Rhinophyma/rhinophyma-05.jpg,Rhinophyma,Rhinophyma,PENDING,,,,,
Rhinophyma/rhinophyma-06.jpg,Rhinophyma,Rhinophyma,PENDING,,,,,
Rhinophyma/rhinophyma-07.jpg,Rhinophyma,Rhinophyma,PENDING,,,,,
Rhinophyma/rhinophyma-08.jpg,Rhinophyma,Rhinophyma,PENDING,,,,,
Rhinophyma/rhinophyma-09.jpg,Rhinophyma,Rhinophyma,PENDING,,,,,
Rhinophyma/rhinophyma-10.jpg,Rhinophyma,Rhinophyma,PENDING,,,,,
Rhinophyma/rhinophyma-11.jpg,Rhinophyma,Rhinophyma,PENDING,,,,,
Rhinophyma/rhinophyma-12.jpg,Rhinophyma,Rhinophyma,PENDING,,,,,
Rosacea/3601.jpg,Rosacea,Rosacea,PENDING,,,,,
Rosacea/3602.jpg,Rosacea,Rosacea,PENDING,,,,,
Rosacea/3603.jpg,Rosacea,Rosacea,PENDING,,,,,
Rosacea/3604.jpg,Rosacea,Rosacea,PENDING,,,,,
Rosacea/3605.jpg,Rosacea,Rosacea,PENDING,,,,,
Rosacea/3606.jpg,Rosacea,Rosacea,PENDING,,,,,
Rosacea/3607.jpg,Rosacea,Rosacea,PENDING,,,,,
Rosacea/3608.jpg,Rosacea,Rosacea,PENDING,,,,,
Rosacea/3609.jpg,Rosacea,Rosacea,PENDING,,,,,
Rosacea/3610.jpg,Rosacea,Rosacea,PENDING,,,,,
Rosacea/3611.jpg,Rosacea,Rosacea,PENDING,,,,,
Rosacea/3612.jpg,Rosacea,Rosacea,PENDING,,,,,
Rosacea/3613.jpg,Rosacea,Rosacea,PENDING,,,,,
Rosacea/3614.jpg,Rosacea,Rosacea,PENDING,,,,,
Rosacea/3615.jpg,Rosacea,Rosacea,PENDING,,,,,
Rosacea/3617.jpg,Rosacea,Rosacea,PENDING,,,,,
Rosacea/3618.jpg,Rosacea,Rosacea,PENDING,,,,,
Rosacea/3619.jpg,Rosacea,Rosacea,PENDING,,,,,
Rosacea/3620.jpg,Rosacea,Rosacea,PENDING,,,,,
Rosacea/3621.jpg,Rosacea,Rosacea,PENDING,,,,,
Rosacea/3622.jpg,Rosacea,Rosacea,PENDING,,,,,
Rosacea/3623.jpg,Rosacea,Rosacea,PENDING,,,,,
Rosacea/3624.jpg,Rosacea,Rosacea,PENDING,,,,,
Rosacea/3625.jpg,Rosacea,Rosacea,PENDING,,,,,
Rosacea/3626.jpg,Rosacea,Rosacea,PENDING,,,,,
Rosacea/3627.jpg,Rosacea,Rosacea,PENDING,,,,,
Rosacea/3628.jpg,Rosacea,Rosacea,PENDING,,,,,
Rosacea/3629.jpg,Rosacea,Rosacea,PENDING,,,,,
Rosacea/3630.jpg,Rosacea,Rosacea,PENDING,,,,,
Rosacea/3631.jpg,Rosacea,Rosacea,PENDING,,,,,
Rosacea/3632.jpg,Rosacea,Rosacea,PENDING,,,,,
Rosacea/3633.jpg,Rosacea,Rosacea,PENDING,,,,,
Rosacea/3634.jpg,Rosacea,Rosacea,PENDING,,,,,
Rosacea/3635.jpg,Rosacea,Rosacea,PENDING,,,,,
Rosacea/3636.jpg,Rosacea,Rosacea,PENDING,,,,,
Rosacea/3637.jpg,Rosacea,Rosacea,PENDING,,,,,
Rosacea/3638.jpg,Rosacea,Rosacea,PENDING,,,,,
Rosacea/3639.jpg,Rosacea,Rosacea,PENDING,,,,,
Rosacea/3640.jpg,Rosacea,Rosacea,PENDING,,,,,
Rosacea/3641.jpg,Rosacea,Rosacea,PENDING,,,,,
Rosacea/3642.jpg,Rosacea,Rosacea,PENDING,,,,,
Rosacea/3643.jpg,Rosacea,Rosacea,PENDING,,,,,
Rosacea/3644.jpg,Rosacea,Rosacea,PENDING,,,,,
Rosacea/3645.jpg,Rosacea,Rosacea,PENDING,,,,,
Rosacea/3646.jpg,Rosacea,Rosacea,PENDING,,,,,
Rosacea/3647.jpg,Rosacea,Rosacea,PENDING,,,,,
Rosacea/3648.jpg,Rosacea,Rosacea,PENDING,,,,,
Rosacea/3649.jpg,Rosacea,Rosacea,PENDING,,,,,
Rosacea/3650.jpg,Rosacea,Rosacea,PENDING,,,,,
Rosacea/3651.jpg,Rosacea,Rosacea,PENDING,,,,,
Rosacea/3652.jpg,Rosacea,Rosacea,PENDING,,,,,
Roseola/01.jpg,Roseola,Roseola,PENDING,,,,,
Roseola/02.jpg,Roseola,Roseola,PENDING,,,,,
Roseola/03.jpg,Roseola,Roseola,PENDING,,,,,
Roseola/04.jpg,Roseola,Roseola,PENDING,,,,,
Roseola/05.jpg,Roseola,Roseola,PENDING,,,,,
Roseola/06.jpg,Roseola,Roseola,PENDING,,,,,
Roseola/07.jpg,Roseola,Roseola,PENDING,,,,,
Roseola/08.jpg,Roseola,Roseola,PENDING,,,,,
Roseola/09.jpg,Roseola,Roseola,PENDING,,,,,
Roseola/10.jpg,Roseola,Roseola,PENDING,,,,,
Roseola/11.jpg,Roseola,Roseola,PENDING,,,,,
Roseola/roseola-001.jpg,Roseola,Roseola,PENDING,,,,,
Roseola/roseola-002.jpg,Roseola,Roseola,PENDING,,,,,
Roseola/roseola-003.jpg,Roseola,Roseola,PENDING,,,,,
Roseola/roseola-004.jpg,Roseola,Roseola,PENDING,,,,,
Roseola/roseola-005.jpg,Roseola,Roseola,PENDING,,,,,
Roseola/roseola-006.jpg,Roseola,Roseola,PENDING,,,,,
Roseola/roseola-007.jpg,Roseola,Roseola,PENDING,,,,,
Roseola/roseola-008.jpg,Roseola,Roseola,PENDING,,,,,
Roseola/roseola-009.jpg,Roseola,Roseola,PENDING,,,,,
Roseola/roseola-010.jpg,Roseola,Roseola,PENDING,,,,,
Roseola/roseola-011.jpg,Roseola,Roseola,PENDING,,,,,
Ross syndrome/01.jpg,Ross syndrome,Ross syndrome,PENDING,,,,,
Ross syndrome/02.jpg,Ross syndrome,Ross syndrome,PENDING,,,,,
Ross syndrome/03.jpg,Ross syndrome,Ross syndrome,PENDING,,,,,
Ross syndrome/ross-syndrome-anisocoria.jpg,Ross syndrome,Ross syndrome,PENDING,,,,,
Ross syndrome/ross-syndrome-hyperhidrosis-05.jpg,Ross syndrome,Ross syndrome,PENDING,,,,,
Ross syndrome/ross-syndrome-hyperhidrosis-06.jpg,Ross syndrome,Ross syndrome,PENDING,,,,,
Rothmund-Thomson syndrome/01.jpg,Rothmund-Thomson syndrome,Rothmund-Thomson syndrome,PENDING,,,,,
Rothmund-Thomson syndrome/02.jpg,Rothmund-Thomson syndrome,Rothmund-Thomson syndrome,PENDING,,,,,
Rothmund-Thomson syndrome/03.jpg,Rothmund-Thomson syndrome,Rothmund-Thomson syndrome,PENDING,,,,,
Rothmund-Thomson syndrome/04.jpg,Rothmund-Thomson syndrome,Rothmund-Thomson syndrome,PENDING,,,,,
Rothmund-Thomson syndrome/05.jpg,Rothmund-Thomson syndrome,Rothmund-Thomson syndrome,PENDING,,,,,
Rothmund-Thomson syndrome/06.jpg,Rothmund-Thomson syndrome,Rothmund-Thomson syndrome,PENDING,,,,,
Rothmund-Thomson syndrome/rts3.jpg,Rothmund-Thomson syndrome,Rothmund-Thomson syndrome,PENDING,,,,,
Rothmund-Thomson syndrome/rts4.jpg,Rothmund-Thomson syndrome,Rothmund-Thomson syndrome,PENDING,,,,,
Rothmund-Thomson syndrome/rts5.jpg,Rothmund-Thomson syndrome,Rothmund-Thomson syndrome,PENDING,,,,,
Rothmund-Thomson syndrome/rts6.jpg,Rothmund-Thomson syndrome,Rothmund-Thomson syndrome,PENDING,,,,,
Rubella/01.jpg,Rubella,Rubella,PENDING,,,,,
Rubella/02.jpg,Rubella,Rubella,PENDING,,,,,
Rubella/03.jpg,Rubella,Rubella,PENDING,,,,,
Rubella/04.jpg,Rubella,Rubella,PENDING,,,,,
Rubella/rubella1.jpg,Rubella,Rubella,PENDING,,,,,
Rubella/rubella2.jpg,Rubella,Rubella,PENDING,,,,,
Rubella/rubella3.jpg,Rubella,Rubella,PENDING,,,,,
Sarcoidosis/01.jpg,Sarcoidosis,Sarcoidosis,PENDING,,,,,
Sarcoidosis/02.jpg,Sarcoidosis,Sarcoidosis,PENDING,,,,,
Sarcoidosis/03.jpg,Sarcoidosis,Sarcoidosis,PENDING,,,,,
Sarcoidosis/04.jpg,Sarcoidosis,Sarcoidosis,PENDING,,,,,
Sarcoidosis/05.jpg,Sarcoidosis,Sarcoidosis,PENDING,,,,,
Sarcoidosis/06.jpg,Sarcoidosis,Sarcoidosis,PENDING,,,,,
Sarcoidosis/07.jpg,Sarcoidosis,Sarcoidosis,PENDING,,,,,
Sarcoidosis/08.jpg,Sarcoidosis,Sarcoidosis,PENDING,,,,,
Sarcoidosis/09.jpg,Sarcoidosis,Sarcoidosis,PENDING,,,,,
Sarcoidosis/10.jpg,Sarcoidosis,Sarcoidosis,PENDING,,,,,
Sarcoidosis/11.jpg,Sarcoidosis,Sarcoidosis,PENDING,,,,,
Sarcoidosis/12.jpg,Sarcoidosis,Sarcoidosis,PENDING,,,,,
Sarcoidosis/13.jpg,Sarcoidosis,Sarcoidosis,PENDING,,,,,
Sarcoidosis/14.jpg,Sarcoidosis,Sarcoidosis,PENDING,,,,,
Sarcoidosis/15.jpg,Sarcoidosis,Sarcoidosis,PENDING,,,,,
Sarcoidosis/16.jpg,Sarcoidosis,Sarcoidosis,PENDING,,,,,
Sarcoidosis/17.jpg,Sarcoidosis,Sarcoidosis,PENDING,,,,,
Sarcoidosis/18.jpg,Sarcoidosis,Sarcoidosis,PENDING,,,,,
Sarcoidosis/19.jpg,Sarcoidosis,Sarcoidosis,PENDING,,,,,
Sarcoidosis/20.jpg,Sarcoidosis,Sarcoidosis,PENDING,,,,,
Sarcoidosis/21.jpg,Sarcoidosis,Sarcoidosis,PENDING,,,,,
Sarcoidosis/22.jpg,Sarcoidosis,Sarcoidosis,PENDING,,,,,
Sarcoidosis/23.jpg,Sarcoidosis,Sarcoidosis,PENDING,,,,,
Sarcoidosis/24.jpg,Sarcoidosis,Sarcoidosis,PENDING,,,,,
Sarcoidosis/25.jpg,Sarcoidosis,Sarcoidosis,PENDING,,,,,
Sarcoidosis/26.jpg,Sarcoidosis,Sarcoidosis,PENDING,,,,,
Sarcoidosis/27.jpg,Sarcoidosis,Sarcoidosis,PENDING,,,,,
Sarcoidosis/28.jpg,Sarcoidosis,Sarcoidosis,PENDING,,,,,
Sarcoidosis/29.jpg,Sarcoidosis,Sarcoidosis,PENDING,,,,,
Sarcoidosis/30.jpg,Sarcoidosis,Sarcoidosis,PENDING,,,,,
Sarcoidosis/31.jpg,Sarcoidosis,Sarcoidosis,PENDING,,,,,
Sarcoidosis/32.jpg,Sarcoidosis,Sarcoidosis,PENDING,,,,,
Sarcoidosis/33.jpg,Sarcoidosis,Sarcoidosis,PENDING,,,,,
Sarcoidosis/34.jpg,Sarcoidosis,Sarcoidosis,PENDING,,,,,
Sarcoidosis/35.jpg,Sarcoidosis,Sarcoidosis,PENDING,,,,,
Sarcoidosis/36.jpg,Sarcoidosis,Sarcoidosis,PENDING,,,,,
Sarcoidosis/37.jpg,Sarcoidosis,Sarcoidosis,PENDING,,,,,
Sarcoidosis/38.jpg,Sarcoidosis,Sarcoidosis,PENDING,,,,,
Sarcoidosis/39.jpg,Sarcoidosis,Sarcoidosis,PENDING,,,,,
Sarcoidosis/40.jpg,Sarcoidosis,Sarcoidosis,PENDING,,,,,
Sarcoidosis/41.jpg,Sarcoidosis,Sarcoidosis,PENDING,,,,,
Sarcoidosis/42.jpg,Sarcoidosis,Sarcoidosis,PENDING,,,,,
Sarcoidosis/43.jpg,Sarcoidosis,Sarcoidosis,PENDING,,,,,
Sarcoidosis/44.jpg,Sarcoidosis,Sarcoidosis,PENDING,,,,,
Sarcoidosis/45.jpg,Sarcoidosis,Sarcoidosis,PENDING,,,,,
Sarcoidosis/46.jpg,Sarcoidosis,Sarcoidosis,PENDING,,,,,
Scabies/scabies-008.jpg,Scabies,Scabies,PENDING,,,,,
Scabies/scabies-009.jpg,Scabies,Scabies,PENDING,,,,,
Scabies/scabies-010.jpg,Scabies,Scabies,PENDING,,,,,
Scabies/scabies-011.jpg,Scabies,Scabies,PENDING,,,,,
Scabies/scabies-012.jpg,Scabies,Scabies,PENDING,,,,,
Scabies/scabies-013.jpg,Scabies,Scabies,PENDING,,,,,
Scabies/scabies-014.jpg,Scabies,Scabies,PENDING,,,,,
Scabies/scabies-015.jpg,Scabies,Scabies,PENDING,,,,,
Scabies/scabies-016.jpg,Scabies,Scabies,PENDING,,,,,
Scabies/scabies-017.jpg,Scabies,Scabies,PENDING,,,,,
Scabies/scabies-021.jpg,Scabies,Scabies,PENDING,,,,,
Scabies/scabies-022.jpg,Scabies,Scabies,PENDING,,,,,
Scabies/scabies-023.jpg,Scabies,Scabies,PENDING,,,,,
Scabies/scabies-024.jpg,Scabies,Scabies,PENDING,,,,,
Scabies/scabies-025.jpg,Scabies,Scabies,PENDING,,,,,
Scabies/scabies11.jpg,Scabies,Scabies,PENDING,,,,,
Scabies/scabies12.jpg,Scabies,Scabies,PENDING,,,,,
Scabies/scabies13.jpg,Scabies,Scabies,PENDING,,,,,
Scabies/scabies14.jpg,Scabies,Scabies,PENDING,,,,,
Scabies/scabies15.jpg,Scabies,Scabies,PENDING,,,,,
Scabies/scabies16.jpg,Scabies,Scabies,PENDING,,,,,
Scabies/scabies17.jpg,Scabies,Scabies,PENDING,,,,,
Scabies/scabies18.jpg,Scabies,Scabies,PENDING,,,,,
Scabies/scabies19.jpg,Scabies,Scabies,PENDING,,,,,
Scabies/scabies20.jpg,Scabies,Scabies,PENDING,,,,,
Scabies/scabies21.jpg,Scabies,Scabies,PENDING,,,,,
Scabies/scabies22.jpg,Scabies,Scabies,PENDING,,,,,
Scabies/scabies23.jpg,Scabies,Scabies,PENDING,,,,,
Scabies/scabies24.jpg,Scabies,Scabies,PENDING,,,,,
Scabies/scabies25.jpg,Scabies,Scabies,PENDING,,,,,
Scabies/scabies26.jpg,Scabies,Scabies,PENDING,,,,,
Scabies/scabies27.jpg,Scabies,Scabies,PENDING,,,,,
Scabies/scabies28.jpg,Scabies,Scabies,PENDING,,,,,
Scabies/scabies29.jpg,Scabies,Scabies,PENDING,,,,,
Scabies/scabies30.jpg,Scabies,Scabies,PENDING,,,,,
Scabies/scabies31.jpg,Scabies,Scabies,PENDING,,,,,
Scabies/scabies32.jpg,Scabies,Scabies,PENDING,,,,,
Scabies/scabies33.jpg,Scabies,Scabies,PENDING,,,,,
Scabies/scabies34.jpg,Scabies,Scabies,PENDING,,,,,
Scabies/scabies35.jpg,Scabies,Scabies,PENDING,,,,,
Scabies/scabies36.jpg,Scabies,Scabies,PENDING,,,,,
Scabies/scabies6.jpg,Scabies,Scabies,PENDING,,,,,
Scarlatina/01.jpg,Scarlatina,Scarlatina,PENDING,,,,,
Scarlatina/02.jpg,Scarlatina,Scarlatina,PENDING,,,,,
Scarlatina/03.jpg,Scarlatina,Scarlatina,PENDING,,,,,
Scarlatina/04.jpg,Scarlatina,Scarlatina,PENDING,,,,,
Scarlatina/05.jpg,Scarlatina,Scarlatina,PENDING,,,,,
Scarlatina/scarlatina1.jpg,Scarlatina,Scarlatina,PENDING,,,,,
Scarlatina/scarlatina2.jpg,Scarlatina,Scarlatina,PENDING,,,,,
Scarlatina/scarlatina3.jpg,Scarlatina,Scarlatina,PENDING,,,,,
Scarlatina/scarlet-arm.jpg,Scarlatina,Scarlatina,PENDING,,,,,
Scarlatina/scarlet-fever.jpg,Scarlatina,Scarlatina,PENDING,,,,,
Scarlatina/toxic-erythema.jpg,Scarlatina,Scarlatina,PENDING,,,,,
Scurvy/01.jpg,Scurvy,Scurvy,PENDING,,,,,
Scurvy/02.jpg,Scurvy,Scurvy,PENDING,,,,,
Scurvy/03.jpg,Scurvy,Scurvy,PENDING,,,,,
Scurvy/04.jpg,Scurvy,Scurvy,PENDING,,,,,
Scurvy/05.jpg,Scurvy,Scurvy,PENDING,,,,,
Scurvy/06.jpg,Scurvy,Scurvy,PENDING,,,,,
Scurvy/07.jpg,Scurvy,Scurvy,PENDING,,,,,
Scurvy/scclu.jpg,Scurvy,Scurvy,PENDING,,,,,
Scurvy/schair.jpg,Scurvy,Scurvy,PENDING,,,,,
Scurvy/scleg.jpg,Scurvy,Scurvy,PENDING,,,,,
Scurvy/scpap.jpg,Scurvy,Scurvy,PENDING,,,,,
Sebaceous carcinoma/01.jpg,Sebaceous carcinoma,Sebaceous carcinoma,PENDING,,,,,
Sebaceous carcinoma/02.jpg,Sebaceous carcinoma,Sebaceous carcinoma,PENDING,,,,,
Sebaceous carcinoma/03.jpg,Sebaceous carcinoma,Sebaceous carcinoma,PENDING,,,,,
Sebaceous carcinoma/04.jpg,Sebaceous carcinoma,Sebaceous carcinoma,PENDING,,,,,
Sebaceous carcinoma/05.jpg,Sebaceous carcinoma,Sebaceous carcinoma,PENDING,,,,,
Sebaceous carcinoma/06.jpg,Sebaceous carcinoma,Sebaceous carcinoma,PENDING,,,,,
Sebaceous carcinoma/07.jpg,Sebaceous carcinoma,Sebaceous carcinoma,PENDING,,,,,
Sebaceous carcinoma/sebaceous-ca-1.jpg,Sebaceous carcinoma,Sebaceous carcinoma,PENDING,,,,,
Sebaceous carcinoma/sebaceous-ca-2.jpg,Sebaceous carcinoma,Sebaceous carcinoma,PENDING,,,,,
Sebaceous carcinoma/sebaceous-ca-3.jpg,Sebaceous carcinoma,Sebaceous carcinoma,PENDING,,,,,
Sebaceous carcinoma/sebaceous-carcinoma-01.jpg,Sebaceous carcinoma,Sebaceous carcinoma,PENDING,,,,,
Sebaceous hyperplasia/01.jpg,Sebaceous hyperplasia,Sebaceous hyperplasia,PENDING,,,,,
Sebaceous hyperplasia/02.jpg,Sebaceous hyperplasia,Sebaceous hyperplasia,PENDING,,,,,
Sebaceous hyperplasia/03.jpg,Sebaceous hyperplasia,Sebaceous hyperplasia,PENDING,,,,,
Sebaceous hyperplasia/04.jpg,Sebaceous hyperplasia,Sebaceous hyperplasia,PENDING,,,,,
Sebaceous hyperplasia/05.jpg,Sebaceous hyperplasia,Sebaceous hyperplasia,PENDING,,,,,
Sebaceous hyperplasia/06.jpg,Sebaceous hyperplasia,Sebaceous hyperplasia,PENDING,,,,,
Sebaceous hyperplasia/07.jpg,Sebaceous hyperplasia,Sebaceous hyperplasia,PENDING,,,,,
Sebaceous hyperplasia/08.jpg,Sebaceous hyperplasia,Sebaceous hyperplasia,PENDING,,,,,
Sebaceous hyperplasia/09.jpg,Sebaceous hyperplasia,Sebaceous hyperplasia,PENDING,,,,,
Sebaceous hyperplasia/10.jpg,Sebaceous hyperplasia,Sebaceous hyperplasia,PENDING,,,,,
Sebaceous hyperplasia/11.jpg,Sebaceous hyperplasia,Sebaceous hyperplasia,PENDING,,,,,
Sebaceous hyperplasia/12.jpg,Sebaceous hyperplasia,Sebaceous hyperplasia,PENDING,,,,,
Sebaceous hyperplasia/13.jpg,Sebaceous hyperplasia,Sebaceous hyperplasia,PENDING,,,,,
Sebaceous hyperplasia/14.jpg,Sebaceous hyperplasia,Sebaceous hyperplasia,PENDING,,,,,
Sebaceous hyperplasia/15.jpg,Sebaceous hyperplasia,Sebaceous hyperplasia,PENDING,,,,,
Sebaceous hyperplasia/16.jpg,Sebaceous hyperplasia,Sebaceous hyperplasia,PENDING,,,,,
Sebaceous hyperplasia/17.jpg,Sebaceous hyperplasia,Sebaceous hyperplasia,PENDING,,,,,
Sebaceous hyperplasia/18.jpg,Sebaceous hyperplasia,Sebaceous hyperplasia,PENDING,,,,,
Sebaceous hyperplasia/19.jpg,Sebaceous hyperplasia,Sebaceous hyperplasia,PENDING,,,,,
Sebaceous hyperplasia/20.jpg,Sebaceous hyperplasia,Sebaceous hyperplasia,PENDING,,,,,
Sebaceous hyperplasia/21.jpg,Sebaceous hyperplasia,Sebaceous hyperplasia,PENDING,,,,,
Sebaceous hyperplasia/22.jpg,Sebaceous hyperplasia,Sebaceous hyperplasia,PENDING,,,,,
Sebaceous hyperplasia/23.jpg,Sebaceous hyperplasia,Sebaceous hyperplasia,PENDING,,,,,
Sebaceous hyperplasia/24.jpg,Sebaceous hyperplasia,Sebaceous hyperplasia,PENDING,,,,,
Sebaceous hyperplasia/25.jpg,Sebaceous hyperplasia,Sebaceous hyperplasia,PENDING,,,,,
Sebaceous hyperplasia/26.jpg,Sebaceous hyperplasia,Sebaceous hyperplasia,PENDING,,,,,
Sebaceous hyperplasia/27.jpg,Sebaceous hyperplasia,Sebaceous hyperplasia,PENDING,,,,,
Sebaceous hyperplasia/28.jpg,Sebaceous hyperplasia,Sebaceous hyperplasia,PENDING,,,,,
Sebaceous hyperplasia/29.jpg,Sebaceous hyperplasia,Sebaceous hyperplasia,PENDING,,,,,
Sebaceous hyperplasia/30.jpg,Sebaceous hyperplasia,Sebaceous hyperplasia,PENDING,,,,,
Sebaceous hyperplasia/31.jpg,Sebaceous hyperplasia,Sebaceous hyperplasia,PENDING,,,,,
Sebaceous hyperplasia/32.jpg,Sebaceous hyperplasia,Sebaceous hyperplasia,PENDING,,,,,
Sebaceous hyperplasia/3772.jpg,Sebaceous hyperplasia,Sebaceous hyperplasia,PENDING,,,,,
Sebaceous hyperplasia/3773.jpg,Sebaceous hyperplasia,Sebaceous hyperplasia,PENDING,,,,,
Sebaceous hyperplasia/3774.jpg,Sebaceous hyperplasia,Sebaceous hyperplasia,PENDING,,,,,
Sebaceous hyperplasia/3775.jpg,Sebaceous hyperplasia,Sebaceous hyperplasia,PENDING,,,,,
Sebaceous hyperplasia/3776.jpg,Sebaceous hyperplasia,Sebaceous hyperplasia,PENDING,,,,,
Sebaceous hyperplasia/3777.jpg,Sebaceous hyperplasia,Sebaceous hyperplasia,PENDING,,,,,
Sebaceous hyperplasia/3778.jpg,Sebaceous hyperplasia,Sebaceous hyperplasia,PENDING,,,,,
Sebaceous hyperplasia/3779.jpg,Sebaceous hyperplasia,Sebaceous hyperplasia,PENDING,,,,,
Sebaceous hyperplasia/3780.jpg,Sebaceous hyperplasia,Sebaceous hyperplasia,PENDING,,,,,
Sebaceous hyperplasia/3781.jpg,Sebaceous hyperplasia,Sebaceous hyperplasia,PENDING,,,,,
Sebaceous hyperplasia/3782.jpg,Sebaceous hyperplasia,Sebaceous hyperplasia,PENDING,,,,,
Sebaceous hyperplasia/3784.jpg,Sebaceous hyperplasia,Sebaceous hyperplasia,PENDING,,,,,
Sebaceous hyperplasia/3785.jpg,Sebaceous hyperplasia,Sebaceous hyperplasia,PENDING,,,,,
Sebaceous hyperplasia/3786.jpg,Sebaceous hyperplasia,Sebaceous hyperplasia,PENDING,,,,,
Sebaceous hyperplasia/3789.jpg,Sebaceous hyperplasia,Sebaceous hyperplasia,PENDING,,,,,
Sebaceous hyperplasia/3790.jpg,Sebaceous hyperplasia,Sebaceous hyperplasia,PENDING,,,,,
Sebaceous hyperplasia/3793.jpg,Sebaceous hyperplasia,Sebaceous hyperplasia,PENDING,,,,,
Sebaceous hyperplasia/sebhpl2.jpg,Sebaceous hyperplasia,Sebaceous hyperplasia,PENDING,,,,,
Sebaceous hyperplasia/sebhpl3.jpg,Sebaceous hyperplasia,Sebaceous hyperplasia,PENDING,,,,,
Sézary syndrome/01.jpg,Sézary syndrome,Sézary syndrome,PENDING,,,,,
Sézary syndrome/02.jpg,Sézary syndrome,Sézary syndrome,PENDING,,,,,
Sézary syndrome/03.jpg,Sézary syndrome,Sézary syndrome,PENDING,,,,,
Sézary syndrome/04.jpg,Sézary syndrome,Sézary syndrome,PENDING,,,,,
Sézary syndrome/05.jpg,Sézary syndrome,Sézary syndrome,PENDING,,,,,
Sézary syndrome/06.jpg,Sézary syndrome,Sézary syndrome,PENDING,,,,,
Sézary syndrome/07.jpg,Sézary syndrome,Sézary syndrome,PENDING,,,,,
Sézary syndrome/08.jpg,Sézary syndrome,Sézary syndrome,PENDING,,,,,
Sézary syndrome/09.jpg,Sézary syndrome,Sézary syndrome,PENDING,,,,,
Sézary syndrome/10.jpg,Sézary syndrome,Sézary syndrome,PENDING,,,,,
Sézary syndrome/sezary-1.jpg,Sézary syndrome,Sézary syndrome,PENDING,,,,,
Sézary syndrome/sezary-19.jpg,Sézary syndrome,Sézary syndrome,PENDING,,,,,
Sézary syndrome/sezary-3.jpg,Sézary syndrome,Sézary syndrome,PENDING,,,,,
Sézary syndrome/sezary-4.jpg,Sézary syndrome,Sézary syndrome,PENDING,,,,,
Sneddon syndrome/acrocyanosis-1.jpg,Sneddon syndrome,Sneddon syndrome,PENDING,,,,,
Sneddon syndrome/livedo-racemosa-01.jpg,Sneddon syndrome,Sneddon syndrome,PENDING,,,,,
Sneddon syndrome/livedo-racemosa-02.jpg,Sneddon syndrome,Sneddon syndrome,PENDING,,,,,
Solar lentigo/SL-1-macro.jpg,Solar lentigo,Solar lentigo,PENDING,,,,,
Solar lentigo/SL-2-macro.jpg,Solar lentigo,Solar lentigo,PENDING,,,,,
Solar lentigo/SL-3-macro.jpg,Solar lentigo,Solar lentigo,PENDING,,,,,
Solar lentigo/SL-back-2.jpg,Solar lentigo,Solar lentigo,PENDING,,,,,
Solar lentigo/solar-lentigo-01.jpg,Solar lentigo,Solar lentigo,PENDING,,,,,
Solar lentigo/solar-lentigo-02.jpg,Solar lentigo,Solar lentigo,PENDING,,,,,
Solar lentigo/solar-lentigo-03.jpg,Solar lentigo,Solar lentigo,PENDING,,,,,
Solar lentigo/solar-lentigo-04.jpg,Solar lentigo,Solar lentigo,PENDING,,,,,
Solar lentigo/solar-lentigo-05.jpg,Solar lentigo,Solar lentigo,PENDING,,,,,
Solar lentigo/solar-lentigo-07.jpg,Solar lentigo,Solar lentigo,PENDING,,,,,
Solar lentigo/solar-lentigo-08.jpg,Solar lentigo,Solar lentigo,PENDING,,,,,
Solar lentigo/solar-lentigo-09.jpg,Solar lentigo,Solar lentigo,PENDING,,,,,
Solar lentigo/solar-lentigo-10.jpg,Solar lentigo,Solar lentigo,PENDING,,,,,
Solar lentigo/solar-lentigo-11.jpg,Solar lentigo,Solar lentigo,PENDING,,,,,
Solar lentigo/solar-lentigo-12.jpg,Solar lentigo,Solar lentigo,PENDING,,,,,
Solar lentigo/solar-lentigo-13.jpg,Solar lentigo,Solar lentigo,PENDING,,,,,
Solar lentigo/solar-lentigo-14.jpg,Solar lentigo,Solar lentigo,PENDING,,,,,
Solar lentigo/solar-lentigo-15.jpg,Solar lentigo,Solar lentigo,PENDING,,,,,
Solar lentigo/solar-lentigo-16.jpg,Solar lentigo,Solar lentigo,PENDING,,,,,
Solar lentigo/solar-lentigo-17.jpg,Solar lentigo,Solar lentigo,PENDING,,,,,
Solar lentigo/solar-lentigo-18.jpg,Solar lentigo,Solar lentigo,PENDING,,,,,
Solar lentigo/solar-lentigo-19.jpg,Solar lentigo,Solar lentigo,PENDING,,,,,
Solar lentigo/solar-lentigo-20.jpg,Solar lentigo,Solar lentigo,PENDING,,,,,
Solar lentigo/solar-lentigo-21.jpg,Solar lentigo,Solar lentigo,PENDING,,,,,
Solar lentigo/solar-lentigo-22.jpg,Solar lentigo,Solar lentigo,PENDING,,,,,
Solar lentigo/solar-lentigo-23.jpg,Solar lentigo,Solar lentigo,PENDING,,,,,
Solar lentigo/solar-lentigo-24.jpg,Solar lentigo,Solar lentigo,PENDING,,,,,
Solar lentigo/solar-lentigo-25.jpg,Solar lentigo,Solar lentigo,PENDING,,,,,
Solar lentigo/solar-lentigo-26.jpg,Solar lentigo,Solar lentigo,PENDING,,,,,
Solar lentigo/solar-lentigo-27.jpg,Solar lentigo,Solar lentigo,PENDING,,,,,
Solar lentigo/solar-lentigo-28.jpg,Solar lentigo,Solar lentigo,PENDING,,,,,
Solar lentigo/solar-lentigo-29.jpg,Solar lentigo,Solar lentigo,PENDING,,,,,
Solar lentigo/solar-lentigo-30.jpg,Solar lentigo,Solar lentigo,PENDING,,,,,
Solar urticaria/01.jpg,Solar urticaria,Solar urticaria,PENDING,,,,,
Solar urticaria/02.jpg,Solar urticaria,Solar urticaria,PENDING,,,,,
Solar urticaria/03.jpg,Solar urticaria,Solar urticaria,PENDING,,,,,
Solar urticaria/04.jpg,Solar urticaria,Solar urticaria,PENDING,,,,,
Solar urticaria/solar-urticaria.jpg,Solar urticaria,Solar urticaria,PENDING,,,,,
Solar urticaria/solar-urticaria1.jpg,Solar urticaria,Solar urticaria,PENDING,,,,,
Spider angioma/01.jpg,Spider angioma,Spider angioma,PENDING,,,,,
Spider angioma/spider-ang1.jpg,Spider angioma,Spider angioma,PENDING,,,,,
Spider angioma/spider-ang2.jpg,Spider angioma,Spider angioma,PENDING,,,,,
Spider angioma/spider-ang3.jpg,Spider angioma,Spider angioma,PENDING,,,,,
Spider angioma/spider-ang5.jpg,Spider angioma,Spider angioma,PENDING,,,,,
Spider angioma/spider-ang6.jpg,Spider angioma,Spider angioma,PENDING,,,,,
Spider angioma/spider-ang7.jpg,Spider angioma,Spider angioma,PENDING,,,,,
Squamous cell carcinoma/3923.jpg,Squamous cell carcinoma,Squamous cell carcinoma,PENDING,,,,,
Squamous cell carcinoma/3924.jpg,Squamous cell carcinoma,Squamous cell carcinoma,PENDING,,,,,
Squamous cell carcinoma/3925.jpg,Squamous cell carcinoma,Squamous cell carcinoma,PENDING,,,,,
Squamous cell carcinoma/3926.jpg,Squamous cell carcinoma,Squamous cell carcinoma,PENDING,,,,,
Squamous cell carcinoma/3927.jpg,Squamous cell carcinoma,Squamous cell carcinoma,PENDING,,,,,
Squamous cell carcinoma/3928.jpg,Squamous cell carcinoma,Squamous cell carcinoma,PENDING,,,,,
Squamous cell carcinoma/3929.jpg,Squamous cell carcinoma,Squamous cell carcinoma,PENDING,,,,,
Squamous cell carcinoma/3930.jpg,Squamous cell carcinoma,Squamous cell carcinoma,PENDING,,,,,
Squamous cell carcinoma/3931.jpg,Squamous cell carcinoma,Squamous cell carcinoma,PENDING,,,,,
Squamous cell carcinoma/3932.jpg,Squamous cell carcinoma,Squamous cell carcinoma,PENDING,,,,,
Squamous cell carcinoma/3933.jpg,Squamous cell carcinoma,Squamous cell carcinoma,PENDING,,,,,
Squamous cell carcinoma/3934.jpg,Squamous cell carcinoma,Squamous cell carcinoma,PENDING,,,,,
Squamous cell carcinoma/3935.jpg,Squamous cell carcinoma,Squamous cell carcinoma,PENDING,,,,,
Squamous cell carcinoma/3936.jpg,Squamous cell carcinoma,Squamous cell carcinoma,PENDING,,,,,
Squamous cell carcinoma/3937.jpg,Squamous cell carcinoma,Squamous cell carcinoma,PENDING,,,,,
Squamous cell carcinoma/3938.jpg,Squamous cell carcinoma,Squamous cell carcinoma,PENDING,,,,,
Squamous cell carcinoma/3940.jpg,Squamous cell carcinoma,Squamous cell carcinoma,PENDING,,,,,
Squamous cell carcinoma/3941.jpg,Squamous cell carcinoma,Squamous cell carcinoma,PENDING,,,,,
Squamous cell carcinoma/3942.jpg,Squamous cell carcinoma,Squamous cell carcinoma,PENDING,,,,,
Squamous cell carcinoma/3943.jpg,Squamous cell carcinoma,Squamous cell carcinoma,PENDING,,,,,
Squamous cell carcinoma/3944.jpg,Squamous cell carcinoma,Squamous cell carcinoma,PENDING,,,,,
Squamous cell carcinoma/3945.jpg,Squamous cell carcinoma,Squamous cell carcinoma,PENDING,,,,,
Squamous cell carcinoma/3946.jpg,Squamous cell carcinoma,Squamous cell carcinoma,PENDING,,,,,
Squamous cell carcinoma/3947.jpg,Squamous cell carcinoma,Squamous cell carcinoma,PENDING,,,,,
Squamous cell carcinoma/3948.jpg,Squamous cell carcinoma,Squamous cell carcinoma,PENDING,,,,,
Squamous cell carcinoma/3949.jpg,Squamous cell carcinoma,Squamous cell carcinoma,PENDING,,,,,
Squamous cell carcinoma/3955.jpg,Squamous cell carcinoma,Squamous cell carcinoma,PENDING,,,,,
Squamous cell carcinoma/3956.jpg,Squamous cell carcinoma,Squamous cell carcinoma,PENDING,,,,,
Squamous cell carcinoma/3957.jpg,Squamous cell carcinoma,Squamous cell carcinoma,PENDING,,,,,
Squamous cell carcinoma/3958.jpg,Squamous cell carcinoma,Squamous cell carcinoma,PENDING,,,,,
Squamous cell carcinoma/3959.jpg,Squamous cell carcinoma,Squamous cell carcinoma,PENDING,,,,,
Squamous cell carcinoma/3960.jpg,Squamous cell carcinoma,Squamous cell carcinoma,PENDING,,,,,
Squamous cell carcinoma/3961.jpg,Squamous cell carcinoma,Squamous cell carcinoma,PENDING,,,,,
Squamous cell carcinoma/3962.jpg,Squamous cell carcinoma,Squamous cell carcinoma,PENDING,,,,,
Squamous cell carcinoma/3963.jpg,Squamous cell carcinoma,Squamous cell carcinoma,PENDING,,,,,
Squamous cell carcinoma/3964.jpg,Squamous cell carcinoma,Squamous cell carcinoma,PENDING,,,,,
Squamous cell carcinoma/3965.jpg,Squamous cell carcinoma,Squamous cell carcinoma,PENDING,,,,,
Squamous cell carcinoma/3967.jpg,Squamous cell carcinoma,Squamous cell carcinoma,PENDING,,,,,
Squamous cell carcinoma/3968.jpg,Squamous cell carcinoma,Squamous cell carcinoma,PENDING,,,,,
Squamous cell carcinoma/3969.jpg,Squamous cell carcinoma,Squamous cell carcinoma,PENDING,,,,,
Squamous cell carcinoma/3970.jpg,Squamous cell carcinoma,Squamous cell carcinoma,PENDING,,,,,
Squamous cell carcinoma/3971.jpg,Squamous cell carcinoma,Squamous cell carcinoma,PENDING,,,,,
Squamous cell carcinoma/3972.jpg,Squamous cell carcinoma,Squamous cell carcinoma,PENDING,,,,,
Squamous cell carcinoma/3973.jpg,Squamous cell carcinoma,Squamous cell carcinoma,PENDING,,,,,
Squamous cell carcinoma/3974.jpg,Squamous cell carcinoma,Squamous cell carcinoma,PENDING,,,,,
Squamous cell carcinoma/scc-100.jpg,Squamous cell carcinoma,Squamous cell carcinoma,PENDING,,,,,
Squamous cell carcinoma/scc-101.jpg,Squamous cell carcinoma,Squamous cell carcinoma,PENDING,,,,,
Squamous cell carcinoma/scc-103.jpg,Squamous cell carcinoma,Squamous cell carcinoma,PENDING,,,,,
Squamous cell carcinoma/scc-104.jpg,Squamous cell carcinoma,Squamous cell carcinoma,PENDING,,,,,
Squamous cell carcinoma/scc-105.jpg,Squamous cell carcinoma,Squamous cell carcinoma,PENDING,,,,,
Squamous cell carcinoma/scc-106.jpg,Squamous cell carcinoma,Squamous cell carcinoma,PENDING,,,,,
Squamous cell carcinoma/scc2.jpg,Squamous cell carcinoma,Squamous cell carcinoma,PENDING,,,,,
Squamous cell carcinoma/scc7.jpg,Squamous cell carcinoma,Squamous cell carcinoma,PENDING,,,,,
Squamous cell carcinoma/scc8.jpg,Squamous cell carcinoma,Squamous cell carcinoma,PENDING,,,,,
Squamous cell carcinoma/scc9.jpg,Squamous cell carcinoma,Squamous cell carcinoma,PENDING,,,,,
Squamous cell carcinoma/verrucous-ca.jpg,Squamous cell carcinoma,Squamous cell carcinoma,PENDING,,,,,
Steatocystoma multiplex/01.jpg,Steatocystoma multiplex,Steatocystoma multiplex,PENDING,,,,,
Steatocystoma multiplex/02.jpg,Steatocystoma multiplex,Steatocystoma multiplex,PENDING,,,,,
Steatocystoma multiplex/03.jpg,Steatocystoma multiplex,Steatocystoma multiplex,PENDING,,,,,
Steatocystoma multiplex/04.jpg,Steatocystoma multiplex,Steatocystoma multiplex,PENDING,,,,,
Steatocystoma multiplex/05.jpg,Steatocystoma multiplex,Steatocystoma multiplex,PENDING,,,,,
Steatocystoma multiplex/steatocyst-4.jpg,Steatocystoma multiplex,Steatocystoma multiplex,PENDING,,,,,
Steatocystoma multiplex/steatocyst-5.jpg,Steatocystoma multiplex,Steatocystoma multiplex,PENDING,,,,,
Steatocystoma multiplex/steatocyst2.jpg,Steatocystoma multiplex,Steatocystoma multiplex,PENDING,,,,,
Steatocystoma multiplex/steatocyst3.jpg,Steatocystoma multiplex,Steatocystoma multiplex,PENDING,,,,,
Steatocystoma multiplex/steatocystomas.jpg,Steatocystoma multiplex,Steatocystoma multiplex,PENDING,,,,,
Subungual exostosis/01.jpg,Subungual exostosis,Subungual exostosis,PENDING,,,,,
Subungual exostosis/02.jpg,Subungual exostosis,Subungual exostosis,PENDING,,,,,
Subungual exostosis/03.jpg,Subungual exostosis,Subungual exostosis,PENDING,,,,,
Subungual exostosis/exostosis.jpg,Subungual exostosis,Subungual exostosis,PENDING,,,,,
Subungual exostosis/subungual-exostosis1.jpg,Subungual exostosis,Subungual exostosis,PENDING,,,,,
Sunburn/01.jpg,Sunburn,Sunburn,PENDING,,,,,
Sunburn/02.jpg,Sunburn,Sunburn,PENDING,,,,,
Sunburn/03.jpg,Sunburn,Sunburn,PENDING,,,,,
Sunburn/04.jpg,Sunburn,Sunburn,PENDING,,,,,
Sunburn/05.jpg,Sunburn,Sunburn,PENDING,,,,,
Sunburn/06.jpg,Sunburn,Sunburn,PENDING,,,,,
Sunburn/07.jpg,Sunburn,Sunburn,PENDING,,,,,
Sunburn/08.jpg,Sunburn,Sunburn,PENDING,,,,,
Sunburn/09.jpg,Sunburn,Sunburn,PENDING,,,,,
Sunburn/10.jpg,Sunburn,Sunburn,PENDING,,,,,
Sunburn/11.jpg,Sunburn,Sunburn,PENDING,,,,,
Sunburn/12.jpg,Sunburn,Sunburn,PENDING,,,,,
Sunburn/13.jpg,Sunburn,Sunburn,PENDING,,,,,
Sunburn/14.jpg,Sunburn,Sunburn,PENDING,,,,,
Sunburn/15.jpg,Sunburn,Sunburn,PENDING,,,,,
Sunburn/16.jpg,Sunburn,Sunburn,PENDING,,,,,
Sunburn/17.jpg,Sunburn,Sunburn,PENDING,,,,,
Sunburn/18.jpg,Sunburn,Sunburn,PENDING,,,,,
Sunburn/19.jpg,Sunburn,Sunburn,PENDING,,,,,
Sunburn/20.jpg,Sunburn,Sunburn,PENDING,,,,,
Sunburn/21.jpg,Sunburn,Sunburn,PENDING,,,,,
Sunburn/22.jpg,Sunburn,Sunburn,PENDING,,,,,
Sunburn/23.jpg,Sunburn,Sunburn,PENDING,,,,,
Sunburn/24.jpg,Sunburn,Sunburn,PENDING,,,,,
Sunburn/25.jpg,Sunburn,Sunburn,PENDING,,,,,
Sunburn/26.jpg,Sunburn,Sunburn,PENDING,,,,,
Sunburn/27.jpg,Sunburn,Sunburn,PENDING,,,,,
Sunburn/28.jpg,Sunburn,Sunburn,PENDING,,,,,
Sunburn/29.jpg,Sunburn,Sunburn,PENDING,,,,,
Sunburn/30.jpg,Sunburn,Sunburn,PENDING,,,,,
Sunburn/31.jpg,Sunburn,Sunburn,PENDING,,,,,
Sunburn/32.jpg,Sunburn,Sunburn,PENDING,,,,,
Sunburn/33.jpg,Sunburn,Sunburn,PENDING,,,,,
Sunburn/34.jpg,Sunburn,Sunburn,PENDING,,,,,
Sunburn/35.jpg,Sunburn,Sunburn,PENDING,,,,,
Sunburn/36.jpg,Sunburn,Sunburn,PENDING,,,,,
Sunburn/37.jpg,Sunburn,Sunburn,PENDING,,,,,
Sunburn/38.jpg,Sunburn,Sunburn,PENDING,,,,,
Sunburn/39.jpg,Sunburn,Sunburn,PENDING,,,,,
Sunburn/40.jpg,Sunburn,Sunburn,PENDING,,,,,
Sunburn/41.jpg,Sunburn,Sunburn,PENDING,,,,,
Sunburn/sunburn1.jpg,Sunburn,Sunburn,PENDING,,,,,
Sunburn/sunburn4.jpg,Sunburn,Sunburn,PENDING,,,,,
Sunburn/sunburn5.jpg,Sunburn,Sunburn,PENDING,,,,,
Sunburn/sunburn6.jpg,Sunburn,Sunburn,PENDING,,,,,
Sunburn/sunburn7.jpg,Sunburn,Sunburn,PENDING,,,,,
Superficial thrombophlebitis/01.jpg,Superficial thrombophlebitis,Superficial thrombophlebitis,PENDING,,,,,
Superficial thrombophlebitis/02.jpg,Superficial thrombophlebitis,Superficial thrombophlebitis,PENDING,,,,,
Superficial thrombophlebitis/thrombophlebitis.jpg,Superficial thrombophlebitis,Superficial thrombophlebitis,PENDING,,,,,
Superficial thrombophlebitis/thrombophlebitis2.jpg,Superficial thrombophlebitis,Superficial thrombophlebitis,PENDING,,,,,
Swimmer_s itch/01.jpg,Swimmer_s itch,Swimmer_s itch,PENDING,,,,,
Swimmer_s itch/02.jpg,Swimmer_s itch,Swimmer_s itch,PENDING,,,,,
Swimmer_s itch/03.jpg,Swimmer_s itch,Swimmer_s itch,PENDING,,,,,
Swimmer_s itch/04.jpg,Swimmer_s itch,Swimmer_s itch,PENDING,,,,,
Swimmer_s itch/05.jpg,Swimmer_s itch,Swimmer_s itch,PENDING,,,,,
Swimmer_s itch/06.jpg,Swimmer_s itch,Swimmer_s itch,PENDING,,,,,
Swimmer_s itch/07.jpg,Swimmer_s itch,Swimmer_s itch,PENDING,,,,,
Swimmer_s itch/08.jpg,Swimmer_s itch,Swimmer_s itch,PENDING,,,,,
Swimmer_s itch/swimmer1.jpg,Swimmer_s itch,Swimmer_s itch,PENDING,,,,,
Swimmer_s itch/swimmer2.jpg,Swimmer_s itch,Swimmer_s itch,PENDING,,,,,
Syphilis/syph1.jpg,Syphilis,Syphilis,PENDING,,,,,
Syphilis/syph10.jpg,Syphilis,Syphilis,PENDING,,,,,
Syphilis/syph11.jpg,Syphilis,Syphilis,PENDING,,,,,
Syphilis/syph12.jpg,Syphilis,Syphilis,PENDING,,,,,
Syphilis/syph2.jpg,Syphilis,Syphilis,PENDING,,,,,
Syphilis/syph3.jpg,Syphilis,Syphilis,PENDING,,,,,
Syphilis/syph4.jpg,Syphilis,Syphilis,PENDING,,,,,
Syphilis/syph5.jpg,Syphilis,Syphilis,PENDING,,,,,
Syphilis/syph6.jpg,Syphilis,Syphilis,PENDING,,,,,
Syphilis/syph7.jpg,Syphilis,Syphilis,PENDING,,,,,
Syphilis/syph8.jpg,Syphilis,Syphilis,PENDING,,,,,
Syphilis/syph9.jpg,Syphilis,Syphilis,PENDING,,,,,
Syphilis/syphilis-01.jpg,Syphilis,Syphilis,PENDING,,,,,
Syphilis/syphilis-02.jpg,Syphilis,Syphilis,PENDING,,,,,
Syphilis/syphilis-03.jpg,Syphilis,Syphilis,PENDING,,,,,
Syphilis/syphilis-04.jpg,Syphilis,Syphilis,PENDING,,,,,
Syphilis/syphilis-05.jpg,Syphilis,Syphilis,PENDING,,,,,
Syphilis/syphilis-06.jpg,Syphilis,Syphilis,PENDING,,,,,
Syphilis/syphilis-07-v2.jpg,Syphilis,Syphilis,PENDING,,,,,
Syphilis/syphilis-07.jpg,Syphilis,Syphilis,PENDING,,,,,
Syphilis/syphilis-08-v2.jpg,Syphilis,Syphilis,PENDING,,,,,
Syphilis/syphilis-09-v2.jpg,Syphilis,Syphilis,PENDING,,,,,
Syphilis/syphilis-09.jpg,Syphilis,Syphilis,PENDING,,,,,
Syphilis/syphilis-10.jpg,Syphilis,Syphilis,PENDING,,,,,
Syphilis/syphilis-11.jpg,Syphilis,Syphilis,PENDING,,,,,
Syphilis/syphilis-12.jpg,Syphilis,Syphilis,PENDING,,,,,
Syphilis/syphilis-13.jpg,Syphilis,Syphilis,PENDING,,,,,
Syphilis/syphilis-15.jpg,Syphilis,Syphilis,PENDING,,,,,
Syphilis/syphilis-16.jpg,Syphilis,Syphilis,PENDING,,,,,
Syphilis/syphilis-17.jpg,Syphilis,Syphilis,PENDING,,,,,
Syphilis/syphilis-18.jpg,Syphilis,Syphilis,PENDING,,,,,
Syphilis/syphilis-19.jpg,Syphilis,Syphilis,PENDING,,,,,
Syphilis/syphilis-20.jpg,Syphilis,Syphilis,PENDING,,,,,
Syphilis/syphilis-21.jpg,Syphilis,Syphilis,PENDING,,,,,
Syphilis/syphilis-22.jpg,Syphilis,Syphilis,PENDING,,,,,
Syphilis/syphilis-23.jpg,Syphilis,Syphilis,PENDING,,,,,
Syphilis/syphilis-24.jpg,Syphilis,Syphilis,PENDING,,,,,
Syphilis/syphilis-25.jpg,Syphilis,Syphilis,PENDING,,,,,
Syphilis/syphilis-26.jpg,Syphilis,Syphilis,PENDING,,,,,
Syphilis/syphilis-27.jpg,Syphilis,Syphilis,PENDING,,,,,
Syphilis/syphilis-28.jpg,Syphilis,Syphilis,PENDING,,,,,
Syphilis/syphilis-29.jpg,Syphilis,Syphilis,PENDING,,,,,
Syphilis/syphilis-30.jpg,Syphilis,Syphilis,PENDING,,,,,
Syphilis/syphilis-31.jpg,Syphilis,Syphilis,PENDING,,,,,
Syphilis/syphilis-32.jpg,Syphilis,Syphilis,PENDING,,,,,
Syphilis/syphilis-33.jpg,Syphilis,Syphilis,PENDING,,,,,
Syphilis/syphilis-34.jpg,Syphilis,Syphilis,PENDING,,,,,
Syphilis/syphilis-35.jpg,Syphilis,Syphilis,PENDING,,,,,
Syphilis/syphilis-36.jpg,Syphilis,Syphilis,PENDING,,,,,
Syphilis/syphilis-37.jpg,Syphilis,Syphilis,PENDING,,,,,
Syphilis/syphilis-38.jpg,Syphilis,Syphilis,PENDING,,,,,
Syphilis/syphilis-39.jpg,Syphilis,Syphilis,PENDING,,,,,
Syphilis/syphilis-40.jpg,Syphilis,Syphilis,PENDING,,,,,
Syphilis/syphilis-41.jpg,Syphilis,Syphilis,PENDING,,,,,
Syphilis/syphilis-42.jpg,Syphilis,Syphilis,PENDING,,,,,
Syphilis/syphilis-43.jpg,Syphilis,Syphilis,PENDING,,,,,
Syphilis/syphilis-44.jpg,Syphilis,Syphilis,PENDING,,,,,
Syphilis/syphilis-45.jpg,Syphilis,Syphilis,PENDING,,,,,
Syphilis/syphilis-46.jpg,Syphilis,Syphilis,PENDING,,,,,
Syphilis/syphilis-47.jpg,Syphilis,Syphilis,PENDING,,,,,
Syphilis/syphilis-48.jpg,Syphilis,Syphilis,PENDING,,,,,
Syphilis/syphilis-49.jpg,Syphilis,Syphilis,PENDING,,,,,
Syphilis/syphilis-50.jpg,Syphilis,Syphilis,PENDING,,,,,
Syphilis/syphilis-52.jpg,Syphilis,Syphilis,PENDING,,,,,
Syphilis/syphilis-53.jpg,Syphilis,Syphilis,PENDING,,,,,
Syphilis/syphilis-54.jpg,Syphilis,Syphilis,PENDING,,,,,
Syphilis/syphilis-55.jpg,Syphilis,Syphilis,PENDING,,,,,
Syphilis/syphilis-56.jpg,Syphilis,Syphilis,PENDING,,,,,
Syphilis/syphilis-58.jpg,Syphilis,Syphilis,PENDING,,,,,
Syphilis/syphilis-59.jpg,Syphilis,Syphilis,PENDING,,,,,
Syphilis/syphilis-60.jpg,Syphilis,Syphilis,PENDING,,,,,
Syphilis/syphilis-61.jpg,Syphilis,Syphilis,PENDING,,,,,
Syphilis/syphilis-62.jpg,Syphilis,Syphilis,PENDING,,,,,
Syphilis/syphilis-63.jpg,Syphilis,Syphilis,PENDING,,,,,
Syphilis/syphilis-64.jpg,Syphilis,Syphilis,PENDING,,,,,
Syphilis/syphilis-65.jpg,Syphilis,Syphilis,PENDING,,,,,
Syphilis/syphilis-66.jpg,Syphilis,Syphilis,PENDING,,,,,
Syphilis/syphilis-67.jpg,Syphilis,Syphilis,PENDING,,,,,
Syphilis/syphilis-68.jpg,Syphilis,Syphilis,PENDING,,,,,
Syphilis/syphilis-69.jpg,Syphilis,Syphilis,PENDING,,,,,
Syphilis/syphilis-70.jpg,Syphilis,Syphilis,PENDING,,,,,
Systemic lupus erythematosus/sle-01.jpg,Systemic lupus erythematosus,Systemic lupus erythematosus,PENDING,,,,,
Systemic lupus erythematosus/sle-02.jpg,Systemic lupus erythematosus,Systemic lupus erythematosus,PENDING,,,,,
Systemic lupus erythematosus/sle-03.jpg,Systemic lupus erythematosus,Systemic lupus erythematosus,PENDING,,,,,
Systemic lupus erythematosus/sle-04.jpg,Systemic lupus erythematosus,Systemic lupus erythematosus,PENDING,,,,,
Systemic lupus erythematosus/sle-05.jpg,Systemic lupus erythematosus,Systemic lupus erythematosus,PENDING,,,,,
Systemic lupus erythematosus/sle-06.jpg,Systemic lupus erythematosus,Systemic lupus erythematosus,PENDING,,,,,
Systemic lupus erythematosus/sle-07.jpg,Systemic lupus erythematosus,Systemic lupus erythematosus,PENDING,,,,,
Systemic lupus erythematosus/sle-08.jpg,Systemic lupus erythematosus,Systemic lupus erythematosus,PENDING,,,,,
Systemic lupus erythematosus/sle-09.jpg,Systemic lupus erythematosus,Systemic lupus erythematosus,PENDING,,,,,
Systemic lupus erythematosus/sle-10.jpg,Systemic lupus erythematosus,Systemic lupus erythematosus,PENDING,,,,,
Systemic lupus erythematosus/sle-11.jpg,Systemic lupus erythematosus,Systemic lupus erythematosus,PENDING,,,,,
Systemic lupus erythematosus/sle-12.jpg,Systemic lupus erythematosus,Systemic lupus erythematosus,PENDING,,,,,
Systemic lupus erythematosus/sle-13.jpg,Systemic lupus erythematosus,Systemic lupus erythematosus,PENDING,,,,,
Systemic lupus erythematosus/sle-14.jpg,Systemic lupus erythematosus,Systemic lupus erythematosus,PENDING,,,,,
Systemic lupus erythematosus/sle-15.jpg,Systemic lupus erythematosus,Systemic lupus erythematosus,PENDING,,,,,
Systemic lupus erythematosus/sle-16.jpg,Systemic lupus erythematosus,Systemic lupus erythematosus,PENDING,,,,,
Systemic lupus erythematosus/sle-17.jpg,Systemic lupus erythematosus,Systemic lupus erythematosus,PENDING,,,,,
Systemic lupus erythematosus/sle-18.jpg,Systemic lupus erythematosus,Systemic lupus erythematosus,PENDING,,,,,
Systemic lupus erythematosus/sle-19.jpg,Systemic lupus erythematosus,Systemic lupus erythematosus,PENDING,,,,,
Systemic lupus erythematosus/sle-20.jpg,Systemic lupus erythematosus,Systemic lupus erythematosus,PENDING,,,,,
Systemic lupus erythematosus/sle-21.jpg,Systemic lupus erythematosus,Systemic lupus erythematosus,PENDING,,,,,
Systemic lupus erythematosus/sle-22.jpg,Systemic lupus erythematosus,Systemic lupus erythematosus,PENDING,,,,,
Systemic lupus erythematosus/sle-23.jpg,Systemic lupus erythematosus,Systemic lupus erythematosus,PENDING,,,,,
Systemic lupus erythematosus/sle-24.jpg,Systemic lupus erythematosus,Systemic lupus erythematosus,PENDING,,,,,
Systemic lupus erythematosus/sle-25.jpg,Systemic lupus erythematosus,Systemic lupus erythematosus,PENDING,,,,,
Systemic lupus erythematosus/sle-26.jpg,Systemic lupus erythematosus,Systemic lupus erythematosus,PENDING,,,,,
Systemic lupus erythematosus/sle-27.jpg,Systemic lupus erythematosus,Systemic lupus erythematosus,PENDING,,,,,
Systemic lupus erythematosus/sle-28.jpg,Systemic lupus erythematosus,Systemic lupus erythematosus,PENDING,,,,,
Systemic lupus erythematosus/sle-29.jpg,Systemic lupus erythematosus,Systemic lupus erythematosus,PENDING,,,,,
Systemic lupus erythematosus/sle-30.jpg,Systemic lupus erythematosus,Systemic lupus erythematosus,PENDING,,,,,
Systemic lupus erythematosus/sle-31.jpg,Systemic lupus erythematosus,Systemic lupus erythematosus,PENDING,,,,,
Systemic lupus erythematosus/sle-32.jpg,Systemic lupus erythematosus,Systemic lupus erythematosus,PENDING,,,,,
Systemic lupus erythematosus/sle-33.jpg,Systemic lupus erythematosus,Systemic lupus erythematosus,PENDING,,,,,
Systemic lupus erythematosus/sle-34.jpg,Systemic lupus erythematosus,Systemic lupus erythematosus,PENDING,,,,,
Systemic lupus erythematosus/sle-35.jpg,Systemic lupus erythematosus,Systemic lupus erythematosus,PENDING,,,,,
Systemic lupus erythematosus/sle-36.jpg,Systemic lupus erythematosus,Systemic lupus erythematosus,PENDING,,,,,
Systemic lupus erythematosus/sle-37.jpg,Systemic lupus erythematosus,Systemic lupus erythematosus,PENDING,,,,,
Systemic lupus erythematosus/sle-38.jpg,Systemic lupus erythematosus,Systemic lupus erythematosus,PENDING,,,,,
Systemic lupus erythematosus/sle-39.jpg,Systemic lupus erythematosus,Systemic lupus erythematosus,PENDING,,,,,
Systemic lupus erythematosus/sle-40.jpg,Systemic lupus erythematosus,Systemic lupus erythematosus,PENDING,,,,,
Systemic lupus erythematosus/sle-41.jpg,Systemic lupus erythematosus,Systemic lupus erythematosus,PENDING,,,,,
Systemic lupus erythematosus/sle-42.jpg,Systemic lupus erythematosus,Systemic lupus erythematosus,PENDING,,,,,
Systemic lupus erythematosus/sle-43.jpg,Systemic lupus erythematosus,Systemic lupus erythematosus,PENDING,,,,,
Systemic lupus erythematosus/sle-44.jpg,Systemic lupus erythematosus,Systemic lupus erythematosus,PENDING,,,,,
Systemic lupus erythematosus/sle-45.jpg,Systemic lupus erythematosus,Systemic lupus erythematosus,PENDING,,,,,
Systemic lupus erythematosus/sle-46.jpg,Systemic lupus erythematosus,Systemic lupus erythematosus,PENDING,,,,,
Systemic lupus erythematosus/sle-49.jpg,Systemic lupus erythematosus,Systemic lupus erythematosus,PENDING,,,,,
Systemic lupus erythematosus/sle-50.jpg,Systemic lupus erythematosus,Systemic lupus erythematosus,PENDING,,,,,
Systemic lupus erythematosus/sle-51.jpg,Systemic lupus erythematosus,Systemic lupus erythematosus,PENDING,,,,,
Systemic lupus erythematosus/sle-52.jpg,Systemic lupus erythematosus,Systemic lupus erythematosus,PENDING,,,,,
Systemic lupus erythematosus/sle-53.jpg,Systemic lupus erythematosus,Systemic lupus erythematosus,PENDING,,,,,
Systemic lupus erythematosus/sle-54.jpg,Systemic lupus erythematosus,Systemic lupus erythematosus,PENDING,,,,,
Systemic lupus erythematosus/sle-55.jpg,Systemic lupus erythematosus,Systemic lupus erythematosus,PENDING,,,,,
Systemic lupus erythematosus/sle-56.jpg,Systemic lupus erythematosus,Systemic lupus erythematosus,PENDING,,,,,
Systemic lupus erythematosus/sle-57.jpg,Systemic lupus erythematosus,Systemic lupus erythematosus,PENDING,,,,,
Systemic lupus erythematosus/sle-58.jpg,Systemic lupus erythematosus,Systemic lupus erythematosus,PENDING,,,,,
Systemic lupus erythematosus/sle-59.jpg,Systemic lupus erythematosus,Systemic lupus erythematosus,PENDING,,,,,
Systemic lupus erythematosus/sle-60.jpg,Systemic lupus erythematosus,Systemic lupus erythematosus,PENDING,,,,,
Systemic sclerosis/01.jpg,Systemic sclerosis,Systemic sclerosis,PENDING,,,,,
Systemic sclerosis/02.jpg,Systemic sclerosis,Systemic sclerosis,PENDING,,,,,
Systemic sclerosis/03.jpg,Systemic sclerosis,Systemic sclerosis,PENDING,,,,,
Systemic sclerosis/04.jpg,Systemic sclerosis,Systemic sclerosis,PENDING,,,,,
Systemic sclerosis/05.jpg,Systemic sclerosis,Systemic sclerosis,PENDING,,,,,
Systemic sclerosis/06.jpg,Systemic sclerosis,Systemic sclerosis,PENDING,,,,,
Systemic sclerosis/07.jpg,Systemic sclerosis,Systemic sclerosis,PENDING,,,,,
Systemic sclerosis/08.jpg,Systemic sclerosis,Systemic sclerosis,PENDING,,,,,
Systemic sclerosis/09.jpg,Systemic sclerosis,Systemic sclerosis,PENDING,,,,,
Systemic sclerosis/10.jpg,Systemic sclerosis,Systemic sclerosis,PENDING,,,,,
Systemic sclerosis/11.jpg,Systemic sclerosis,Systemic sclerosis,PENDING,,,,,
Systemic sclerosis/12.jpg,Systemic sclerosis,Systemic sclerosis,PENDING,,,,,
Systemic sclerosis/13.jpg,Systemic sclerosis,Systemic sclerosis,PENDING,,,,,
Systemic sclerosis/14.jpg,Systemic sclerosis,Systemic sclerosis,PENDING,,,,,
Systemic sclerosis/15.jpg,Systemic sclerosis,Systemic sclerosis,PENDING,,,,,
Systemic sclerosis/16.jpg,Systemic sclerosis,Systemic sclerosis,PENDING,,,,,
Systemic sclerosis/17.jpg,Systemic sclerosis,Systemic sclerosis,PENDING,,,,,
Systemic sclerosis/18.jpg,Systemic sclerosis,Systemic sclerosis,PENDING,,,,,
Systemic sclerosis/19.jpg,Systemic sclerosis,Systemic sclerosis,PENDING,,,,,
Systemic sclerosis/20.jpg,Systemic sclerosis,Systemic sclerosis,PENDING,,,,,
Systemic sclerosis/21.jpg,Systemic sclerosis,Systemic sclerosis,PENDING,,,,,
Systemic sclerosis/puffy-hand.jpg,Systemic sclerosis,Systemic sclerosis,PENDING,,,,,
Systemic sclerosis/ss-pigmentation-1.jpg,Systemic sclerosis,Systemic sclerosis,PENDING,,,,,
Systemic sclerosis/ss12.jpg,Systemic sclerosis,Systemic sclerosis,PENDING,,,,,
Systemic sclerosis/ss3.jpg,Systemic sclerosis,Systemic sclerosis,PENDING,,,,,
Systemic sclerosis/ss4.jpg,Systemic sclerosis,Systemic sclerosis,PENDING,,,,,
Systemic sclerosis/ss5.jpg,Systemic sclerosis,Systemic sclerosis,PENDING,,,,,
Systemic sclerosis/ss8.jpg,Systemic sclerosis,Systemic sclerosis,PENDING,,,,,
Telangiectasia/01.jpg,Telangiectasia,Telangiectasia,PENDING,,,,,
Telangiectasia/02.jpg,Telangiectasia,Telangiectasia,PENDING,,,,,
Telangiectasia/03.jpg,Telangiectasia,Telangiectasia,PENDING,,,,,
Telangiectasia/04.jpg,Telangiectasia,Telangiectasia,PENDING,,,,,
Telangiectasia/05.jpg,Telangiectasia,Telangiectasia,PENDING,,,,,
Telangiectasia/06.jpg,Telangiectasia,Telangiectasia,PENDING,,,,,
Telangiectasia/07.jpg,Telangiectasia,Telangiectasia,PENDING,,,,,
Telangiectasia/08.jpg,Telangiectasia,Telangiectasia,PENDING,,,,,
Telangiectasia/09.jpg,Telangiectasia,Telangiectasia,PENDING,,,,,
Telangiectasia/10.jpg,Telangiectasia,Telangiectasia,PENDING,,,,,
Telangiectasia/100.jpg,Telangiectasia,Telangiectasia,PENDING,,,,,
Telangiectasia/101.jpg,Telangiectasia,Telangiectasia,PENDING,,,,,
Telangiectasia/102.jpg,Telangiectasia,Telangiectasia,PENDING,,,,,
Telangiectasia/103.jpg,Telangiectasia,Telangiectasia,PENDING,,,,,
Telangiectasia/104.jpg,Telangiectasia,Telangiectasia,PENDING,,,,,
Telangiectasia/105.jpg,Telangiectasia,Telangiectasia,PENDING,,,,,
Telangiectasia/106.jpg,Telangiectasia,Telangiectasia,PENDING,,,,,
Telangiectasia/107.jpg,Telangiectasia,Telangiectasia,PENDING,,,,,
Telangiectasia/108.jpg,Telangiectasia,Telangiectasia,PENDING,,,,,
Telangiectasia/109.jpg,Telangiectasia,Telangiectasia,PENDING,,,,,
Telangiectasia/11.jpg,Telangiectasia,Telangiectasia,PENDING,,,,,
Telangiectasia/110.jpg,Telangiectasia,Telangiectasia,PENDING,,,,,
Telangiectasia/111.jpg,Telangiectasia,Telangiectasia,PENDING,,,,,
Telangiectasia/112.jpg,Telangiectasia,Telangiectasia,PENDING,,,,,
Telangiectasia/113.jpg,Telangiectasia,Telangiectasia,PENDING,,,,,
Telangiectasia/114.jpg,Telangiectasia,Telangiectasia,PENDING,,,,,
Telangiectasia/115.jpg,Telangiectasia,Telangiectasia,PENDING,,,,,
Telangiectasia/116.jpg,Telangiectasia,Telangiectasia,PENDING,,,,,
Telangiectasia/117.jpg,Telangiectasia,Telangiectasia,PENDING,,,,,
Telangiectasia/118.jpg,Telangiectasia,Telangiectasia,PENDING,,,,,
Telangiectasia/12.jpg,Telangiectasia,Telangiectasia,PENDING,,,,,
Telangiectasia/13.jpg,Telangiectasia,Telangiectasia,PENDING,,,,,
Telangiectasia/14.jpg,Telangiectasia,Telangiectasia,PENDING,,,,,
Telangiectasia/15.jpg,Telangiectasia,Telangiectasia,PENDING,,,,,
Telangiectasia/16.jpg,Telangiectasia,Telangiectasia,PENDING,,,,,
Telangiectasia/17.jpg,Telangiectasia,Telangiectasia,PENDING,,,,,
Telangiectasia/18.jpg,Telangiectasia,Telangiectasia,PENDING,,,,,
Telangiectasia/19.jpg,Telangiectasia,Telangiectasia,PENDING,,,,,
Telangiectasia/20.jpg,Telangiectasia,Telangiectasia,PENDING,,,,,
Telangiectasia/21.jpg,Telangiectasia,Telangiectasia,PENDING,,,,,
Telangiectasia/22.jpg,Telangiectasia,Telangiectasia,PENDING,,,,,
Telangiectasia/23.jpg,Telangiectasia,Telangiectasia,PENDING,,,,,
Telangiectasia/24.jpg,Telangiectasia,Telangiectasia,PENDING,,,,,
Telangiectasia/25.jpg,Telangiectasia,Telangiectasia,PENDING,,,,,
Telangiectasia/26.jpg,Telangiectasia,Telangiectasia,PENDING,,,,,
Telangiectasia/27.jpg,Telangiectasia,Telangiectasia,PENDING,,,,,
Telangiectasia/28.jpg,Telangiectasia,Telangiectasia,PENDING,,,,,
Telangiectasia/29.jpg,Telangiectasia,Telangiectasia,PENDING,,,,,
Telangiectasia/30.jpg,Telangiectasia,Telangiectasia,PENDING,,,,,
Telangiectasia/31.jpg,Telangiectasia,Telangiectasia,PENDING,,,,,
Telangiectasia/32.jpg,Telangiectasia,Telangiectasia,PENDING,,,,,
Telangiectasia/33.jpg,Telangiectasia,Telangiectasia,PENDING,,,,,
Telangiectasia/34.jpg,Telangiectasia,Telangiectasia,PENDING,,,,,
Telangiectasia/35.jpg,Telangiectasia,Telangiectasia,PENDING,,,,,
Telangiectasia/36.jpg,Telangiectasia,Telangiectasia,PENDING,,,,,
Telangiectasia/37.jpg,Telangiectasia,Telangiectasia,PENDING,,,,,
Telangiectasia/38.jpg,Telangiectasia,Telangiectasia,PENDING,,,,,
Telangiectasia/39.jpg,Telangiectasia,Telangiectasia,PENDING,,,,,
Telangiectasia/40.jpg,Telangiectasia,Telangiectasia,PENDING,,,,,
Telangiectasia/41.jpg,Telangiectasia,Telangiectasia,PENDING,,,,,
Telangiectasia/42.jpg,Telangiectasia,Telangiectasia,PENDING,,,,,
Telangiectasia/43.jpg,Telangiectasia,Telangiectasia,PENDING,,,,,
Telangiectasia/44.jpg,Telangiectasia,Telangiectasia,PENDING,,,,,
Telangiectasia/45.jpg,Telangiectasia,Telangiectasia,PENDING,,,,,
Telangiectasia/46.jpg,Telangiectasia,Telangiectasia,PENDING,,,,,
Telangiectasia/47.jpg,Telangiectasia,Telangiectasia,PENDING,,,,,
Telangiectasia/48.jpg,Telangiectasia,Telangiectasia,PENDING,,,,,
Telangiectasia/49.jpg,Telangiectasia,Telangiectasia,PENDING,,,,,
Telangiectasia/50.jpg,Telangiectasia,Telangiectasia,PENDING,,,,,
Telangiectasia/51.jpg,Telangiectasia,Telangiectasia,PENDING,,,,,
Telangiectasia/52.jpg,Telangiectasia,Telangiectasia,PENDING,,,,,
Telangiectasia/53.jpg,Telangiectasia,Telangiectasia,PENDING,,,,,
Telangiectasia/54.jpg,Telangiectasia,Telangiectasia,PENDING,,,,,
Telangiectasia/55.jpg,Telangiectasia,Telangiectasia,PENDING,,,,,
Telangiectasia/56.jpg,Telangiectasia,Telangiectasia,PENDING,,,,,
Telangiectasia/57.jpg,Telangiectasia,Telangiectasia,PENDING,,,,,
Telangiectasia/58.jpg,Telangiectasia,Telangiectasia,PENDING,,,,,
Telangiectasia/59.jpg,Telangiectasia,Telangiectasia,PENDING,,,,,
Telangiectasia/60.jpg,Telangiectasia,Telangiectasia,PENDING,,,,,
Telangiectasia/61.jpg,Telangiectasia,Telangiectasia,PENDING,,,,,
Telangiectasia/62.jpg,Telangiectasia,Telangiectasia,PENDING,,,,,
Telangiectasia/63.jpg,Telangiectasia,Telangiectasia,PENDING,,,,,
Telangiectasia/64.jpg,Telangiectasia,Telangiectasia,PENDING,,,,,
Telangiectasia/65.jpg,Telangiectasia,Telangiectasia,PENDING,,,,,
Telangiectasia/66.jpg,Telangiectasia,Telangiectasia,PENDING,,,,,
Telangiectasia/67.jpg,Telangiectasia,Telangiectasia,PENDING,,,,,
Telangiectasia/68.jpg,Telangiectasia,Telangiectasia,PENDING,,,,,
Telangiectasia/69.jpg,Telangiectasia,Telangiectasia,PENDING,,,,,
Telangiectasia/70.jpg,Telangiectasia,Telangiectasia,PENDING,,,,,
Telangiectasia/71.jpg,Telangiectasia,Telangiectasia,PENDING,,,,,
Telangiectasia/72.jpg,Telangiectasia,Telangiectasia,PENDING,,,,,
Telangiectasia/73.jpg,Telangiectasia,Telangiectasia,PENDING,,,,,
Telangiectasia/74.jpg,Telangiectasia,Telangiectasia,PENDING,,,,,
Telangiectasia/75.jpg,Telangiectasia,Telangiectasia,PENDING,,,,,
Telangiectasia/76.jpg,Telangiectasia,Telangiectasia,PENDING,,,,,
Telangiectasia/77.jpg,Telangiectasia,Telangiectasia,PENDING,,,,,
Telangiectasia/78.jpg,Telangiectasia,Telangiectasia,PENDING,,,,,
Telangiectasia/79.jpg,Telangiectasia,Telangiectasia,PENDING,,,,,
Telangiectasia/80.jpg,Telangiectasia,Telangiectasia,PENDING,,,,,
Telangiectasia/81.jpg,Telangiectasia,Telangiectasia,PENDING,,,,,
Telangiectasia/82.jpg,Telangiectasia,Telangiectasia,PENDING,,,,,
Telangiectasia/83.jpg,Telangiectasia,Telangiectasia,PENDING,,,,,
Telangiectasia/84.jpg,Telangiectasia,Telangiectasia,PENDING,,,,,
Telangiectasia/85.jpg,Telangiectasia,Telangiectasia,PENDING,,,,,
Telangiectasia/86.jpg,Telangiectasia,Telangiectasia,PENDING,,,,,
Telangiectasia/87.jpg,Telangiectasia,Telangiectasia,PENDING,,,,,
Telangiectasia/88.jpg,Telangiectasia,Telangiectasia,PENDING,,,,,
Telangiectasia/89.jpg,Telangiectasia,Telangiectasia,PENDING,,,,,
Telangiectasia/90.jpg,Telangiectasia,Telangiectasia,PENDING,,,,,
Telangiectasia/91.jpg,Telangiectasia,Telangiectasia,PENDING,,,,,
Telangiectasia/92.jpg,Telangiectasia,Telangiectasia,PENDING,,,,,
Telangiectasia/93.jpg,Telangiectasia,Telangiectasia,PENDING,,,,,
Telangiectasia/94.jpg,Telangiectasia,Telangiectasia,PENDING,,,,,
Telangiectasia/95.jpg,Telangiectasia,Telangiectasia,PENDING,,,,,
Telangiectasia/96.jpg,Telangiectasia,Telangiectasia,PENDING,,,,,
Telangiectasia/97.jpg,Telangiectasia,Telangiectasia,PENDING,,,,,
Telangiectasia/98.jpg,Telangiectasia,Telangiectasia,PENDING,,,,,
Telangiectasia/99.jpg,Telangiectasia,Telangiectasia,PENDING,,,,,
Telangiectasia/steroid-telangiectasia.jpg,Telangiectasia,Telangiectasia,PENDING,,,,,
Telangiectasia/steroid-telangiectasia2.jpg,Telangiectasia,Telangiectasia,PENDING,,,,,
Telangiectasia/telangiectases-03.jpg,Telangiectasia,Telangiectasia,PENDING,,,,,
Telangiectasia/telangiectases-04.jpg,Telangiectasia,Telangiectasia,PENDING,,,,,
Telangiectasia/telangiectases-05.jpg,Telangiectasia,Telangiectasia,PENDING,,,,,
Telangiectasia/telangiectases-06.jpg,Telangiectasia,Telangiectasia,PENDING,,,,,
Telangiectasia/telangiectases-07.jpg,Telangiectasia,Telangiectasia,PENDING,,,,,
Telangiectasia/telangiectases-08.jpg,Telangiectasia,Telangiectasia,PENDING,,,,,
Telangiectasia/telangiectases-09.jpg,Telangiectasia,Telangiectasia,PENDING,,,,,
Telangiectasia/telangiectases-10.jpg,Telangiectasia,Telangiectasia,PENDING,,,,,
Telangiectasia/telangiectases-12.jpg,Telangiectasia,Telangiectasia,PENDING,,,,,
Telangiectasia/telangiectases-13.jpg,Telangiectasia,Telangiectasia,PENDING,,,,,
Telangiectasia/telangiectases-14.jpg,Telangiectasia,Telangiectasia,PENDING,,,,,
Telangiectasia/telangiectases-15.jpg,Telangiectasia,Telangiectasia,PENDING,,,,,
Telangiectasia/telangiectases-16.jpg,Telangiectasia,Telangiectasia,PENDING,,,,,
Thromboangiitis obliterans/01.jpg,Thromboangiitis obliterans,Thromboangiitis obliterans,PENDING,,,,,
Thromboangiitis obliterans/02.jpg,Thromboangiitis obliterans,Thromboangiitis obliterans,PENDING,,,,,
Thromboangiitis obliterans/03.jpg,Thromboangiitis obliterans,Thromboangiitis obliterans,PENDING,,,,,
Thromboangiitis obliterans/thromboangiitis-obliterans-01.jpg,Thromboangiitis obliterans,Thromboangiitis obliterans,PENDING,,,,,
Thromboangiitis obliterans/thromboangiitis-obliterans-02.jpg,Thromboangiitis obliterans,Thromboangiitis obliterans,PENDING,,,,,
Tinea barbae/01.jpg,Tinea barbae,Tinea barbae,PENDING,,,,,
Tinea barbae/02.jpg,Tinea barbae,Tinea barbae,PENDING,,,,,
Tinea barbae/03.jpg,Tinea barbae,Tinea barbae,PENDING,,,,,
Tinea barbae/04.jpg,Tinea barbae,Tinea barbae,PENDING,,,,,
Tinea barbae/05.jpg,Tinea barbae,Tinea barbae,PENDING,,,,,
Tinea barbae/06.jpg,Tinea barbae,Tinea barbae,PENDING,,,,,
Tinea barbae/cbarb.jpg,Tinea barbae,Tinea barbae,PENDING,,,,,
Tinea barbae/tinea-barbae.jpg,Tinea barbae,Tinea barbae,PENDING,,,,,
Tinea barbae/tinea-barbae001.jpg,Tinea barbae,Tinea barbae,PENDING,,,,,
Tinea barbae/tinea-barbae002.jpg,Tinea barbae,Tinea barbae,PENDING,,,,,
Tinea barbae/tinea-barbae003.jpg,Tinea barbae,Tinea barbae,PENDING,,,,,
Tinea barbae/tineabarbae.jpg,Tinea barbae,Tinea barbae,PENDING,,,,,
Tinea capitis/01.jpg,Tinea capitis,Tinea capitis,PENDING,,,,,
Tinea capitis/02.jpg,Tinea capitis,Tinea capitis,PENDING,,,,,
Tinea capitis/03.jpg,Tinea capitis,Tinea capitis,PENDING,,,,,
Tinea capitis/04.jpg,Tinea capitis,Tinea capitis,PENDING,,,,,
Tinea capitis/05.jpg,Tinea capitis,Tinea capitis,PENDING,,,,,
Tinea capitis/06.jpg,Tinea capitis,Tinea capitis,PENDING,,,,,
Tinea capitis/07.jpg,Tinea capitis,Tinea capitis,PENDING,,,,,
Tinea capitis/08.jpg,Tinea capitis,Tinea capitis,PENDING,,,,,
Tinea capitis/09.jpg,Tinea capitis,Tinea capitis,PENDING,,,,,
Tinea capitis/10.jpg,Tinea capitis,Tinea capitis,PENDING,,,,,
Tinea capitis/11.jpg,Tinea capitis,Tinea capitis,PENDING,,,,,
Tinea capitis/12.jpg,Tinea capitis,Tinea capitis,PENDING,,,,,
Tinea capitis/13.jpg,Tinea capitis,Tinea capitis,PENDING,,,,,
Tinea capitis/14.jpg,Tinea capitis,Tinea capitis,PENDING,,,,,
Tinea capitis/15.jpg,Tinea capitis,Tinea capitis,PENDING,,,,,
Tinea capitis/16.jpg,Tinea capitis,Tinea capitis,PENDING,,,,,
Tinea capitis/17.jpg,Tinea capitis,Tinea capitis,PENDING,,,,,
Tinea capitis/18.jpg,Tinea capitis,Tinea capitis,PENDING,,,,,
Tinea capitis/19.jpg,Tinea capitis,Tinea capitis,PENDING,,,,,
Tinea capitis/20.jpg,Tinea capitis,Tinea capitis,PENDING,,,,,
Tinea capitis/21.jpg,Tinea capitis,Tinea capitis,PENDING,,,,,
Tinea capitis/blackdot-tinea-1.jpg,Tinea capitis,Tinea capitis,PENDING,,,,,
Tinea capitis/inflm.jpg,Tinea capitis,Tinea capitis,PENDING,,,,,
Tinea capitis/tincap3.jpg,Tinea capitis,Tinea capitis,PENDING,,,,,
Tinea capitis/tinea-capitis-001.jpg,Tinea capitis,Tinea capitis,PENDING,,,,,
Tinea capitis/tinea-capitis-4.jpg,Tinea capitis,Tinea capitis,PENDING,,,,,
Tinea capitis/tinea-capitis.jpg,Tinea capitis,Tinea capitis,PENDING,,,,,
Tinea corporis/athfoot1.jpg,Tinea corporis,Tinea corporis,PENDING,,,,,
Tinea corporis/athfoot2.jpg,Tinea corporis,Tinea corporis,PENDING,,,,,
Tinea corporis/athfoot3.jpg,Tinea corporis,Tinea corporis,PENDING,,,,,
Tinea corporis/can-nail.jpg,Tinea corporis,Tinea corporis,PENDING,,,,,
Tinea corporis/can-toe.jpg,Tinea corporis,Tinea corporis,PENDING,,,,,
Tinea corporis/can-web.jpg,Tinea corporis,Tinea corporis,PENDING,,,,,
Tinea corporis/chrobla.jpg,Tinea corporis,Tinea corporis,PENDING,,,,,
Tinea corporis/ide1.jpg,Tinea corporis,Tinea corporis,PENDING,,,,,
Tinea corporis/ide2.jpg,Tinea corporis,Tinea corporis,PENDING,,,,,
Tinea corporis/ide3.jpg,Tinea corporis,Tinea corporis,PENDING,,,,,
Tinea corporis/ide4.jpg,Tinea corporis,Tinea corporis,PENDING,,,,,
Tinea corporis/ide5.jpg,Tinea corporis,Tinea corporis,PENDING,,,,,
Tinea corporis/ide6.jpg,Tinea corporis,Tinea corporis,PENDING,,,,,
Tinea corporis/oral-thrush.jpg,Tinea corporis,Tinea corporis,PENDING,,,,,
Tinea corporis/tchyp.jpg,Tinea corporis,Tinea corporis,PENDING,,,,,
Tinea corporis/tiimsu.jpg,Tinea corporis,Tinea corporis,PENDING,,,,,
Tinea corporis/tincorp1.jpg,Tinea corporis,Tinea corporis,PENDING,,,,,
Tinea corporis/tincorp10.jpg,Tinea corporis,Tinea corporis,PENDING,,,,,
Tinea corporis/tincorp11.jpg,Tinea corporis,Tinea corporis,PENDING,,,,,
Tinea corporis/tincorp12.jpg,Tinea corporis,Tinea corporis,PENDING,,,,,
Tinea corporis/tincorp13.jpg,Tinea corporis,Tinea corporis,PENDING,,,,,
Tinea corporis/tincorp14.jpg,Tinea corporis,Tinea corporis,PENDING,,,,,
Tinea corporis/tincorp15.jpg,Tinea corporis,Tinea corporis,PENDING,,,,,
Tinea corporis/tincorp16.jpg,Tinea corporis,Tinea corporis,PENDING,,,,,
Tinea corporis/tincorp17.jpg,Tinea corporis,Tinea corporis,PENDING,,,,,
Tinea corporis/tincorp18.jpg,Tinea corporis,Tinea corporis,PENDING,,,,,
Tinea corporis/tincorp2.jpg,Tinea corporis,Tinea corporis,PENDING,,,,,
Tinea corporis/tincorp3.jpg,Tinea corporis,Tinea corporis,PENDING,,,,,
Tinea corporis/tincorp5.jpg,Tinea corporis,Tinea corporis,PENDING,,,,,
Tinea corporis/tincorp6.jpg,Tinea corporis,Tinea corporis,PENDING,,,,,
Tinea corporis/tincorp7.jpg,Tinea corporis,Tinea corporis,PENDING,,,,,
Tinea corporis/tincorp8.jpg,Tinea corporis,Tinea corporis,PENDING,,,,,
Tinea corporis/tincorp9-v2.jpg,Tinea corporis,Tinea corporis,PENDING,,,,,
Tinea corporis/tincorp9.jpg,Tinea corporis,Tinea corporis,PENDING,,,,,
Tinea corporis/tincrur4.jpg,Tinea corporis,Tinea corporis,PENDING,,,,,
Tinea corporis/tintin2.jpg,Tinea corporis,Tinea corporis,PENDING,,,,,
Tinea cruris/01.jpg,Tinea cruris,Tinea cruris,PENDING,,,,,
Tinea cruris/02.jpg,Tinea cruris,Tinea cruris,PENDING,,,,,
Tinea cruris/03.jpg,Tinea cruris,Tinea cruris,PENDING,,,,,
Tinea cruris/04.jpg,Tinea cruris,Tinea cruris,PENDING,,,,,
Tinea cruris/05.jpg,Tinea cruris,Tinea cruris,PENDING,,,,,
Tinea cruris/06.jpg,Tinea cruris,Tinea cruris,PENDING,,,,,
Tinea cruris/07.jpg,Tinea cruris,Tinea cruris,PENDING,,,,,
Tinea cruris/08.jpg,Tinea cruris,Tinea cruris,PENDING,,,,,
Tinea cruris/09.jpg,Tinea cruris,Tinea cruris,PENDING,,,,,
Tinea cruris/10.jpg,Tinea cruris,Tinea cruris,PENDING,,,,,
Tinea cruris/11.jpg,Tinea cruris,Tinea cruris,PENDING,,,,,
Tinea cruris/12.jpg,Tinea cruris,Tinea cruris,PENDING,,,,,
Tinea cruris/erythrasma12.jpg,Tinea cruris,Tinea cruris,PENDING,,,,,
Tinea cruris/t-cruris2.jpg,Tinea cruris,Tinea cruris,PENDING,,,,,
Tinea cruris/tccru.jpg,Tinea cruris,Tinea cruris,PENDING,,,,,
Tinea cruris/tineacrur3.jpg,Tinea cruris,Tinea cruris,PENDING,,,,,
Tinea faciei/01.jpg,Tinea faciei,Tinea faciei,PENDING,,,,,
Tinea faciei/02.jpg,Tinea faciei,Tinea faciei,PENDING,,,,,
Tinea faciei/03.jpg,Tinea faciei,Tinea faciei,PENDING,,,,,
Tinea faciei/04.jpg,Tinea faciei,Tinea faciei,PENDING,,,,,
Tinea faciei/05.jpg,Tinea faciei,Tinea faciei,PENDING,,,,,
Tinea faciei/06.jpg,Tinea faciei,Tinea faciei,PENDING,,,,,
Tinea faciei/07.jpg,Tinea faciei,Tinea faciei,PENDING,,,,,
Tinea faciei/08.jpg,Tinea faciei,Tinea faciei,PENDING,,,,,
Tinea faciei/09.jpg,Tinea faciei,Tinea faciei,PENDING,,,,,
Tinea faciei/10.jpg,Tinea faciei,Tinea faciei,PENDING,,,,,
Tinea faciei/11.jpg,Tinea faciei,Tinea faciei,PENDING,,,,,
Tinea faciei/12.jpg,Tinea faciei,Tinea faciei,PENDING,,,,,
Tinea faciei/13.jpg,Tinea faciei,Tinea faciei,PENDING,,,,,
Tinea faciei/14.jpg,Tinea faciei,Tinea faciei,PENDING,,,,,
Tinea faciei/15.jpg,Tinea faciei,Tinea faciei,PENDING,,,,,
Tinea faciei/16.jpg,Tinea faciei,Tinea faciei,PENDING,,,,,
Tinea faciei/tcchi.jpg,Tinea faciei,Tinea faciei,PENDING,,,,,
Tinea faciei/tfgir.jpg,Tinea faciei,Tinea faciei,PENDING,,,,,
Tinea faciei/tfker.jpg,Tinea faciei,Tinea faciei,PENDING,,,,,
Tinea faciei/tfldy.jpg,Tinea faciei,Tinea faciei,PENDING,,,,,
Tinea faciei/tinea-faciei1.jpg,Tinea faciei,Tinea faciei,PENDING,,,,,
Tinea faciei/tinea-faciei2.jpg,Tinea faciei,Tinea faciei,PENDING,,,,,
Tinea incognita/01.jpg,Tinea incognita,Tinea incognita,PENDING,,,,,
Tinea incognita/02.jpg,Tinea incognita,Tinea incognita,PENDING,,,,,
Tinea incognita/03.jpg,Tinea incognita,Tinea incognita,PENDING,,,,,
Tinea incognita/04.jpg,Tinea incognita,Tinea incognita,PENDING,,,,,
Tinea incognita/05.jpg,Tinea incognita,Tinea incognita,PENDING,,,,,
Tinea incognita/06.jpg,Tinea incognita,Tinea incognita,PENDING,,,,,
Tinea manuum/01.jpg,Tinea manuum,Tinea manuum,PENDING,,,,,
Tinea manuum/02.jpg,Tinea manuum,Tinea manuum,PENDING,,,,,
Tinea manuum/03.jpg,Tinea manuum,Tinea manuum,PENDING,,,,,
Tinea manuum/04.jpg,Tinea manuum,Tinea manuum,PENDING,,,,,
Tinea manuum/05.jpg,Tinea manuum,Tinea manuum,PENDING,,,,,
Tinea manuum/06.jpg,Tinea manuum,Tinea manuum,PENDING,,,,,
Tinea manuum/07.jpg,Tinea manuum,Tinea manuum,PENDING,,,,,
Tinea manuum/08.jpg,Tinea manuum,Tinea manuum,PENDING,,,,,
Tinea manuum/09.jpg,Tinea manuum,Tinea manuum,PENDING,,,,,
Tinea manuum/10.jpg,Tinea manuum,Tinea manuum,PENDING,,,,,
Tinea manuum/tmgyp.jpg,Tinea manuum,Tinea manuum,PENDING,,,,,
Tinea manuum/tmsca.jpg,Tinea manuum,Tinea manuum,PENDING,,,,,
Tinea manuum/tmtm.jpg,Tinea manuum,Tinea manuum,PENDING,,,,,
Tinea pedis/tinped1.jpg,Tinea pedis,Tinea pedis,PENDING,,,,,
Tinea pedis/tinped10.jpg,Tinea pedis,Tinea pedis,PENDING,,,,,
Tinea pedis/tinped11.jpg,Tinea pedis,Tinea pedis,PENDING,,,,,
Tinea pedis/tinped12.jpg,Tinea pedis,Tinea pedis,PENDING,,,,,
Tinea pedis/tinped13.jpg,Tinea pedis,Tinea pedis,PENDING,,,,,
Tinea pedis/tinped14.jpg,Tinea pedis,Tinea pedis,PENDING,,,,,
Tinea pedis/tinped15.jpg,Tinea pedis,Tinea pedis,PENDING,,,,,
Tinea pedis/tinped16.jpg,Tinea pedis,Tinea pedis,PENDING,,,,,
Tinea pedis/tinped17.jpg,Tinea pedis,Tinea pedis,PENDING,,,,,
Tinea pedis/tinped18.jpg,Tinea pedis,Tinea pedis,PENDING,,,,,
Tinea pedis/tinped19.jpg,Tinea pedis,Tinea pedis,PENDING,,,,,
Tinea pedis/tinped2.jpg,Tinea pedis,Tinea pedis,PENDING,,,,,
Tinea pedis/tinped20.jpg,Tinea pedis,Tinea pedis,PENDING,,,,,
Tinea pedis/tinped21.jpg,Tinea pedis,Tinea pedis,PENDING,,,,,
Tinea pedis/tinped22.jpg,Tinea pedis,Tinea pedis,PENDING,,,,,
Tinea pedis/tinped23.jpg,Tinea pedis,Tinea pedis,PENDING,,,,,
Tinea pedis/tinped24.jpg,Tinea pedis,Tinea pedis,PENDING,,,,,
Tinea pedis/tinped25.jpg,Tinea pedis,Tinea pedis,PENDING,,,,,
Tinea pedis/tinped26.jpg,Tinea pedis,Tinea pedis,PENDING,,,,,
Tinea pedis/tinped27.jpg,Tinea pedis,Tinea pedis,PENDING,,,,,
Tinea pedis/tinped28.jpg,Tinea pedis,Tinea pedis,PENDING,,,,,
Tinea pedis/tinped29.jpg,Tinea pedis,Tinea pedis,PENDING,,,,,
Tinea pedis/tinped3.jpg,Tinea pedis,Tinea pedis,PENDING,,,,,
Tinea pedis/tinped30.jpg,Tinea pedis,Tinea pedis,PENDING,,,,,
Tinea pedis/tinped31.jpg,Tinea pedis,Tinea pedis,PENDING,,,,,
Tinea pedis/tinped32.jpg,Tinea pedis,Tinea pedis,PENDING,,,,,
Tinea pedis/tinped4.jpg,Tinea pedis,Tinea pedis,PENDING,,,,,
Tinea pedis/tinped5.jpg,Tinea pedis,Tinea pedis,PENDING,,,,,
Tinea pedis/tinped6.jpg,Tinea pedis,Tinea pedis,PENDING,,,,,
Tinea pedis/tinped7.jpg,Tinea pedis,Tinea pedis,PENDING,,,,,
Tinea pedis/tinped8.jpg,Tinea pedis,Tinea pedis,PENDING,,,,,
Tinea pedis/tinped9.jpg,Tinea pedis,Tinea pedis,PENDING,,,,,
Topical corticosteroid withdrawal/steroid3.jpg,Topical corticosteroid withdrawal,Topical corticosteroid withdrawal,PENDING,,,,,
Topical corticosteroid withdrawal/telang8.jpg,Topical corticosteroid withdrawal,Topical corticosteroid withdrawal,PENDING,,,,,
Toxic erythema of the newborn/01.jpg,Toxic erythema of the newborn,Toxic erythema of the newborn,PENDING,,,,,
Toxic erythema of the newborn/02.jpg,Toxic erythema of the newborn,Toxic erythema of the newborn,PENDING,,,,,
Toxic erythema of the newborn/03.jpg,Toxic erythema of the newborn,Toxic erythema of the newborn,PENDING,,,,,
Toxic erythema of the newborn/e-toxicum1.jpg,Toxic erythema of the newborn,Toxic erythema of the newborn,PENDING,,,,,
Toxic erythema of the newborn/e-toxicum2.jpg,Toxic erythema of the newborn,Toxic erythema of the newborn,PENDING,,,,,
Traction alopecia/01.jpg,Traction alopecia,Traction alopecia,PENDING,,,,,
Traction alopecia/02.jpg,Traction alopecia,Traction alopecia,PENDING,,,,,
Traction alopecia/03.jpg,Traction alopecia,Traction alopecia,PENDING,,,,,
Traction alopecia/04.jpg,Traction alopecia,Traction alopecia,PENDING,,,,,
Traction alopecia/05.jpg,Traction alopecia,Traction alopecia,PENDING,,,,,
Traction alopecia/06.jpg,Traction alopecia,Traction alopecia,PENDING,,,,,
Traction alopecia/07.jpg,Traction alopecia,Traction alopecia,PENDING,,,,,
Traction alopecia/08.jpg,Traction alopecia,Traction alopecia,PENDING,,,,,
Traction alopecia/traction-alopecia-2.jpg,Traction alopecia,Traction alopecia,PENDING,,,,,
Traction alopecia/traction-alopecia-3.jpg,Traction alopecia,Traction alopecia,PENDING,,,,,
Traction alopecia/traction-alopecia-4.jpg,Traction alopecia,Traction alopecia,PENDING,,,,,
Traction alopecia/traction-alopecia-5.jpg,Traction alopecia,Traction alopecia,PENDING,,,,,
Traction alopecia/traction.jpg,Traction alopecia,Traction alopecia,PENDING,,,,,
Traction alopecia/traction2.jpg,Traction alopecia,Traction alopecia,PENDING,,,,,
Transient lingual papillitis/01.jpg,Transient lingual papillitis,Transient lingual papillitis,PENDING,,,,,
Transient lingual papillitis/02.jpg,Transient lingual papillitis,Transient lingual papillitis,PENDING,,,,,
Transient lingual papillitis/03.jpg,Transient lingual papillitis,Transient lingual papillitis,PENDING,,,,,
Transient lingual papillitis/lingual-papillitis-02-v2.jpg,Transient lingual papillitis,Transient lingual papillitis,PENDING,,,,,
Transient lingual papillitis/lingual-papillitis-03.jpg,Transient lingual papillitis,Transient lingual papillitis,PENDING,,,,,
Transient lingual papillitis/papillitis1.jpg,Transient lingual papillitis,Transient lingual papillitis,PENDING,,,,,
Transient lingual papillitis/papillitis2.jpg,Transient lingual papillitis,Transient lingual papillitis,PENDING,,,,,
Transient lingual papillitis/papillitis3.jpg,Transient lingual papillitis,Transient lingual papillitis,PENDING,,,,,
Transient neonatal pustular melanosis/01.jpg,Transient neonatal pustular melanosis,Transient neonatal pustular melanosis,PENDING,,,,,
Transient neonatal pustular melanosis/neonatal-pustular-melanosis-1.jpg,Transient neonatal pustular melanosis,Transient neonatal pustular melanosis,PENDING,,,,,
Transient neonatal pustular melanosis/neonatal-pustular-melanosis-2.jpg,Transient neonatal pustular melanosis,Transient neonatal pustular melanosis,PENDING,,,,,
Transient neonatal pustular melanosis/neonatal-pustular-melanosis-v3.jpg,Transient neonatal pustular melanosis,Transient neonatal pustular melanosis,PENDING,,,,,
Triangular alopecia/01.jpg,Triangular alopecia,Triangular alopecia,PENDING,,,,,
Triangular alopecia/02.jpg,Triangular alopecia,Triangular alopecia,PENDING,,,,,
Triangular alopecia/03.jpg,Triangular alopecia,Triangular alopecia,PENDING,,,,,
Trichomycosis axillaris/01.jpg,Trichomycosis axillaris,Trichomycosis axillaris,PENDING,,,,,
Trichomycosis axillaris/02.jpg,Trichomycosis axillaris,Trichomycosis axillaris,PENDING,,,,,
Trichomycosis axillaris/03.jpg,Trichomycosis axillaris,Trichomycosis axillaris,PENDING,,,,,
Trichomycosis axillaris/trich-axil1.jpg,Trichomycosis axillaris,Trichomycosis axillaris,PENDING,,,,,
Trichomycosis axillaris/trich-axil2.jpg,Trichomycosis axillaris,Trichomycosis axillaris,PENDING,,,,,
Trichomycosis axillaris/trich-axil3.jpg,Trichomycosis axillaris,Trichomycosis axillaris,PENDING,,,,,
Trichotillomania/01.jpg,Trichotillomania,Trichotillomania,PENDING,,,,,
Trichotillomania/02.jpg,Trichotillomania,Trichotillomania,PENDING,,,,,
Trichotillomania/03.jpg,Trichotillomania,Trichotillomania,PENDING,,,,,
Trichotillomania/04.jpg,Trichotillomania,Trichotillomania,PENDING,,,,,
Trichotillomania/05.jpg,Trichotillomania,Trichotillomania,PENDING,,,,,
Trichotillomania/06.jpg,Trichotillomania,Trichotillomania,PENDING,,,,,
Trichotillomania/07.jpg,Trichotillomania,Trichotillomania,PENDING,,,,,
Trichotillomania/08.jpg,Trichotillomania,Trichotillomania,PENDING,,,,,
Trichotillomania/09.jpg,Trichotillomania,Trichotillomania,PENDING,,,,,
Trichotillomania/10.jpg,Trichotillomania,Trichotillomania,PENDING,,,,,
Trichotillomania/11.jpg,Trichotillomania,Trichotillomania,PENDING,,,,,
Trichotillomania/12.jpg,Trichotillomania,Trichotillomania,PENDING,,,,,
Trichotillomania/13.jpg,Trichotillomania,Trichotillomania,PENDING,,,,,
Trichotillomania/14.jpg,Trichotillomania,Trichotillomania,PENDING,,,,,
Trichotillomania/15.jpg,Trichotillomania,Trichotillomania,PENDING,,,,,
Trichotillomania/16.jpg,Trichotillomania,Trichotillomania,PENDING,,,,,
Trichotillomania/17.jpg,Trichotillomania,Trichotillomania,PENDING,,,,,
Trichotillomania/18.jpg,Trichotillomania,Trichotillomania,PENDING,,,,,
Trichotillomania/19.jpg,Trichotillomania,Trichotillomania,PENDING,,,,,
Trichotillomania/20.jpg,Trichotillomania,Trichotillomania,PENDING,,,,,
Trichotillomania/21.jpg,Trichotillomania,Trichotillomania,PENDING,,,,,
Trichotillomania/22.jpg,Trichotillomania,Trichotillomania,PENDING,,,,,
Trichotillomania/23.jpg,Trichotillomania,Trichotillomania,PENDING,,,,,
Trichotillomania/24.jpg,Trichotillomania,Trichotillomania,PENDING,,,,,
Trichotillomania/25.jpg,Trichotillomania,Trichotillomania,PENDING,,,,,
Trichotillomania/26.jpg,Trichotillomania,Trichotillomania,PENDING,,,,,
Trichotillomania/hairloss10.jpg,Trichotillomania,Trichotillomania,PENDING,,,,,
Trichotillomania/trichotillomania-03.jpg,Trichotillomania,Trichotillomania,PENDING,,,,,
Trichotillomania/trichotillomania-04.jpg,Trichotillomania,Trichotillomania,PENDING,,,,,
Trichotillomania/trichotillomania-05.jpg,Trichotillomania,Trichotillomania,PENDING,,,,,
Trichotillomania/trichotillomania-06.jpg,Trichotillomania,Trichotillomania,PENDING,,,,,
Trichotillomania/trichotillomania-07.jpg,Trichotillomania,Trichotillomania,PENDING,,,,,
Trichotillomania/trichotillomania-08.jpg,Trichotillomania,Trichotillomania,PENDING,,,,,
Trichotillomania/trichotillomania-09.jpg,Trichotillomania,Trichotillomania,PENDING,,,,,
Trichotillomania/trichotillomania-10.jpg,Trichotillomania,Trichotillomania,PENDING,,,,,
Trichotillomania/trichotillomania-11.jpg,Trichotillomania,Trichotillomania,PENDING,,,,,
Trichotillomania/trichotillomania-12.jpg,Trichotillomania,Trichotillomania,PENDING,,,,,
Trichotillomania/trichotillomania-13.jpg,Trichotillomania,Trichotillomania,PENDING,,,,,
Trichotillomania/trichotillomania-14.jpg,Trichotillomania,Trichotillomania,PENDING,,,,,
Trichotillomania/trichotillomania-15.jpg,Trichotillomania,Trichotillomania,PENDING,,,,,
Trichotillomania/trichotillomania-16.jpg,Trichotillomania,Trichotillomania,PENDING,,,,,
Trichotillomania/trichotillomania-17.jpg,Trichotillomania,Trichotillomania,PENDING,,,,,
Trichotillomania/trichotillomania-4.jpg,Trichotillomania,Trichotillomania,PENDING,,,,,
Trichotillomania/trichotillomania2.jpg,Trichotillomania,Trichotillomania,PENDING,,,,,
Tuberous sclerosis/koenentumor2b.jpg,Tuberous sclerosis,Tuberous sclerosis,PENDING,,,,,
Tuberous sclerosis/shagreen1.jpg,Tuberous sclerosis,Tuberous sclerosis,PENDING,,,,,
Tuberous sclerosis/shagreen2.jpg,Tuberous sclerosis,Tuberous sclerosis,PENDING,,,,,
Tuberous sclerosis/shagreen3.jpg,Tuberous sclerosis,Tuberous sclerosis,PENDING,,,,,
Tuberous sclerosis/tuberous-sclerosis-004.jpg,Tuberous sclerosis,Tuberous sclerosis,PENDING,,,,,
Tuberous sclerosis/tuberous-sclerosis-006.jpg,Tuberous sclerosis,Tuberous sclerosis,PENDING,,,,,
Tuberous sclerosis/tuberous-sclerosis-008.jpg,Tuberous sclerosis,Tuberous sclerosis,PENDING,,,,,
Tuberous sclerosis/tuberous-sclerosis02.jpg,Tuberous sclerosis,Tuberous sclerosis,PENDING,,,,,
Tuberous sclerosis/tuberous-sclerosis03.jpg,Tuberous sclerosis,Tuberous sclerosis,PENDING,,,,,
Tuberous sclerosis/tuberous-sclerosis04.jpg,Tuberous sclerosis,Tuberous sclerosis,PENDING,,,,,
Tuberous sclerosis/tuberous-sclerosis05.jpg,Tuberous sclerosis,Tuberous sclerosis,PENDING,,,,,
Tuberous sclerosis/tuberous-sclerosis06.jpg,Tuberous sclerosis,Tuberous sclerosis,PENDING,,,,,
Tuberous sclerosis/tuberous-sclerosis07.jpg,Tuberous sclerosis,Tuberous sclerosis,PENDING,,,,,
Tuberous sclerosis/tuberous-sclerosis08.jpg,Tuberous sclerosis,Tuberous sclerosis,PENDING,,,,,
Tuberous sclerosis/tuberous-sclerosis09.jpg,Tuberous sclerosis,Tuberous sclerosis,PENDING,,,,,
Tuberous sclerosis/tuberous-sclerosis10.jpg,Tuberous sclerosis,Tuberous sclerosis,PENDING,,,,,
Tuberous sclerosis/tuberous-sclerosis11.jpg,Tuberous sclerosis,Tuberous sclerosis,PENDING,,,,,
Tuberous sclerosis/tuberous-sclerosis12.jpg,Tuberous sclerosis,Tuberous sclerosis,PENDING,,,,,
Tuberous sclerosis/tuberous-sclerosis13.jpg,Tuberous sclerosis,Tuberous sclerosis,PENDING,,,,,
Tuberous sclerosis/tuberous-sclerosis14.jpg,Tuberous sclerosis,Tuberous sclerosis,PENDING,,,,,
Tuberous sclerosis/tuberous-sclerosis15.jpg,Tuberous sclerosis,Tuberous sclerosis,PENDING,,,,,
Tuberous sclerosis/tuberous-sclerosis16.jpg,Tuberous sclerosis,Tuberous sclerosis,PENDING,,,,,
Tuberous sclerosis/tuberous-sclerosis17.jpg,Tuberous sclerosis,Tuberous sclerosis,PENDING,,,,,
Tuberous sclerosis/tuberous-sclerosis18.jpg,Tuberous sclerosis,Tuberous sclerosis,PENDING,,,,,
Tuberous sclerosis/tuberous-sclerosis19.jpg,Tuberous sclerosis,Tuberous sclerosis,PENDING,,,,,
Tuberous sclerosis/tuberous-sclerosis20.jpg,Tuberous sclerosis,Tuberous sclerosis,PENDING,,,,,
Tuberous sclerosis/tuberous-sclerosis21.jpg,Tuberous sclerosis,Tuberous sclerosis,PENDING,,,,,
Tuberous sclerosis/tuberous-sclerosis22.jpg,Tuberous sclerosis,Tuberous sclerosis,PENDING,,,,,
Tuberous sclerosis/tuberous-sclerosis23.jpg,Tuberous sclerosis,Tuberous sclerosis,PENDING,,,,,
Tuberous sclerosis/tubscler1.jpg,Tuberous sclerosis,Tuberous sclerosis,PENDING,,,,,
Tuberous sclerosis/tubscler2.jpg,Tuberous sclerosis,Tuberous sclerosis,PENDING,,,,,
Tuberous sclerosis/tubscler3.jpg,Tuberous sclerosis,Tuberous sclerosis,PENDING,,,,,
Tuberous sclerosis/tubscler5.jpg,Tuberous sclerosis,Tuberous sclerosis,PENDING,,,,,
Tuberous sclerosis/tubscler7.jpg,Tuberous sclerosis,Tuberous sclerosis,PENDING,,,,,
Tuberous sclerosis/tubscler8.jpg,Tuberous sclerosis,Tuberous sclerosis,PENDING,,,,,
Urticaria/ac-urticaria.jpg,Urticaria,Urticaria,PENDING,,,,,
Urticaria/excor-urt.jpg,Urticaria,Urticaria,PENDING,,,,,
Urticaria/targetoid-04.jpg,Urticaria,Urticaria,PENDING,,,,,
Urticaria/targetoid-16.jpg,Urticaria,Urticaria,PENDING,,,,,
Urticaria/urticaria-001.jpg,Urticaria,Urticaria,PENDING,,,,,
Urticaria/urticaria-051.jpg,Urticaria,Urticaria,PENDING,,,,,
Urticaria/urticaria-058.jpg,Urticaria,Urticaria,PENDING,,,,,
Urticaria/urticaria-096.jpg,Urticaria,Urticaria,PENDING,,,,,
Urticaria/urticaria-097.jpg,Urticaria,Urticaria,PENDING,,,,,
Urticaria/urticaria-103.jpg,Urticaria,Urticaria,PENDING,,,,,
Urticaria/urticaria-106.jpg,Urticaria,Urticaria,PENDING,,,,,
Urticaria/urticaria-13.jpg,Urticaria,Urticaria,PENDING,,,,,
Urticaria/urticaria-200.jpg,Urticaria,Urticaria,PENDING,,,,,
Urticaria/urticaria-203.jpg,Urticaria,Urticaria,PENDING,,,,,
Urticaria/urticaria-204.jpg,Urticaria,Urticaria,PENDING,,,,,
Urticaria/urticaria-205.jpg,Urticaria,Urticaria,PENDING,,,,,
Urticaria/urticaria-301.jpg,Urticaria,Urticaria,PENDING,,,,,
Urticaria/urticaria-302.jpg,Urticaria,Urticaria,P2_OK,P1_OK,"Mảng hồng ban, Mảng phù
Đỏ hồng, Hồng cam
Hình vòng cung, Đa cung, Bất quy tắc
Thân mình, Lan tỏa, Liên kết
Trung tâm nhạt màu, Bờ nổi nhẹ",P2_OK,"{
  ""JSON_EXTRACTION"": {
    ""Category"": ""Cold urticaria"",
    ""Lesion_Type"": [""Mảng hồng ban"", ""Mảng phù""],
    ""Colour"": [""Đỏ hồng"", ""Hồng cam""],
    ""Shape"": [""Hình vòng cung"", ""Đa cung"", ""Bất quy tắc""],
    ""Distribution"": [""Thân mình"", ""Lan tỏa"", ""Liên kết""],
    ""Characteristics"": [""Trung tâm nhạt"", ""Bờ nổi nhẹ""]
  }
}",
Urticaria/urticaria-303.jpg,Urticaria,Urticaria,P2_OK,P1_OK,"Mảng hồng ban, Mảng vòng
Đỏ hồng, Đỏ nhạt
Hình tròn, Hình vòng, Ranh giới rõ
Lưng, Thân mình, Rải rác
Bong vảy mịn, Bờ gồ nhẹ, Trung tâm nhạt màu",P2_OK,"{
  ""JSON_EXTRACTION"": {
    ""Category"": ""Cold urticaria"",
    ""Lesion_Type"": [""Mảng hồng ban"", ""Mảng vòng""],
    ""Colour"": [""Đỏ hồng"", ""Đỏ nhạt""],
    ""Shape"": [""Hình tròn"", ""Hình vòng"", ""Ranh giới rõ""],
    ""Distribution"": [""Lưng"", ""Thân mình"", ""Rải rác""],
    ""Characteristics"": [""Bong vảy mịn"", ""Bờ gồ nhẹ"", ""Trung tâm nhạt""]
  }
}",
Urticaria/urticaria-child.jpg,Urticaria,Urticaria,P2_OK,P1_OK,"Mảng hồng ban
Đỏ hồng, Đỏ nhạt
Hình vòng cung, Bất quy tắc, Ranh giới không rõ
Mông, Hai bên, Không đối xứng
Trung tâm nhạt màu, Không vảy",P2_OK,"{
  ""JSON_EXTRACTION"": {
    ""Category"": ""Cold urticaria"",
    ""Lesion_Type"": [""Mảng hồng ban""],
    ""Colour"": [""Đỏ hồng"", ""Đỏ nhạt""],
    ""Shape"": [""Hình vòng cung"", ""Bất quy tắc"", ""Ranh giới mờ""],
    ""Distribution"": [""Mông"", ""Hai bên"", ""Không đều""],
    ""Characteristics"": [""Trung tâm nhạt màu""]
  }
}",
Urticaria/urticaria-dark-skin.jpg,Urticaria,Urticaria,P2_OK,P1_OK,"Mảng giảm sắc tố, Dát giảm sắc tố
Trắng nhạt, Trắng xám, Nâu nhạt
Bất quy tắc, Ranh giới không rõ
Thân mình, Lan tỏa, Rải rác
Bong vảy mịn, Khô da",P2_OK,"{
  ""JSON_EXTRACTION"": {
    ""Category"": ""Cold urticaria"",
    ""Lesion_Type"": [""Mảng giảm sắc tố"", ""Dát giảm sắc tố""],
    ""Colour"": [""Trắng nhạt"", ""Trắng xám"", ""Nâu nhạt""],
    ""Shape"": [""Bất quy tắc""],
    ""Distribution"": [""Thân mình"", ""Lan tỏa"", ""Rải rác""],
    ""Characteristics"": [""Bong vảy mịn"", ""Khô da""]
  }
}",
Urticaria/urticaria-leg-01.jpg,Urticaria,Urticaria,P2_OK,P1_OK,"Mảng hồng ban, Dát hồng ban
Đỏ hồng, Hồng nhạt
Hình vòng, Đa cung, Bất quy tắc
Cẳng tay, Rải rác, Hợp lưu
Trung tâm nhạt màu, Ranh giới mờ, Không vảy",P2_OK,"{
  ""JSON_EXTRACTION"": {
    ""Category"": ""Cold urticaria"",
    ""Lesion_Type"": [""Mảng hồng ban"", ""Dát hồng ban""],
    ""Colour"": [""Đỏ hồng"", ""Hồng nhạt""],
    ""Shape"": [""Hình vòng"", ""Đa cung"", ""Bất quy tắc""],
    ""Distribution"": [""Cẳng tay"", ""Rải rác"", ""Hợp lưu""],
    ""Characteristics"": [""Trung tâm nhạt"", ""Ranh giới mờ""]
  }
}",
Urticaria/urticaria-leg-02.jpg,Urticaria,Urticaria,P2_OK,P1_OK,"Mảng hồng ban, Sẩn phù
Đỏ hồng, Hồng nhạt
Hình vòng, Đa cung, Bất quy tắc
Cẳng tay, Rải rác, Lan tỏa
Trung tâm nhạt màu, Không vảy, Bờ gồ nhẹ",P2_OK,"{
  ""JSON_EXTRACTION"": {
    ""Category"": ""Cold urticaria"",
    ""Lesion_Type"": [""Mảng hồng ban"", ""Sẩn phù""],
    ""Colour"": [""Đỏ hồng"", ""Hồng nhạt""],
    ""Shape"": [""Hình vòng"", ""Đa cung"", ""Bất quy tắc""],
    ""Distribution"": [""Cẳng tay"", ""Rải rác"", ""Lan tỏa""],
    ""Characteristics"": [""Trung tâm nhạt"", ""Bờ gồ nhẹ""]
  }
}",
Urticaria/urticaria-nsaid.jpg,Urticaria,Urticaria,P2_OK,P1_OK,"Mảng hồng ban, Mảng vòng
Đỏ hồng, Đỏ nhạt
Hình vòng, Đa cung, Ranh giới rõ
Ngực, Vai, Lan tỏa
Trung tâm nhạt màu, Bờ gồ nhẹ, Vảy mịn",P2_OK,"{
  ""JSON_EXTRACTION"": {
    ""Category"": ""Cold urticaria"",
    ""Lesion_Type"": [""Mảng hồng ban"", ""Mảng vòng""],
    ""Colour"": [""Đỏ hồng"", ""Đỏ nhạt""],
    ""Shape"": [""Hình vòng"", ""Đa cung"", ""Ranh giới rõ""],
    ""Distribution"": [""Ngực"", ""Vai"", ""Lan tỏa""],
    ""Characteristics"": [""Trung tâm nhạt"", ""Bờ gồ nhẹ"", ""Vảy mịn""]
  }
}",
Urticaria/urticaria1.jpg,Urticaria,Urticaria,P2_OK,P1_OK,"Mảng hồng ban, Sẩn phù
Đỏ hồng, Đỏ nhạt
Hình vòng, Đa cung, Ranh giới rõ
Vùng thân mình, Rải rác
Trung tâm nhạt màu, Không vảy",P2_OK,"{
  ""JSON_EXTRACTION"": {
    ""Category"": ""Cold urticaria"",
    ""Lesion_Type"": [""Mảng hồng ban"", ""Sẩn phù""],
    ""Colour"": [""Đỏ hồng"", ""Đỏ nhạt""],
    ""Shape"": [""Hình vòng"", ""Đa cung"", ""Ranh giới rõ""],
    ""Distribution"": [""Vùng thân mình"", ""Rải rác""],
    ""Characteristics"": [""Trung tâm nhạt màu""]
  }
}",
Urticaria/urticaria10.jpg,Urticaria,Urticaria,P2_OK,P1_OK,"Mảng hồng ban, Đám hồng ban
Đỏ hồng, Đỏ nhạt
Hình vòng, Bất quy tắc, Ranh giới không rõ
Vai, Lưng trên, Rải rác
Bong vảy mịn, Vảy trắng mỏng",P2_OK,"{
  ""JSON_EXTRACTION"": {
    ""Category"": ""Cold urticaria"",
    ""Lesion_Type"": [""Mảng hồng ban"", ""Đám hồng ban""],
    ""Colour"": [""Đỏ hồng"", ""Đỏ nhạt""],
    ""Shape"": [""Hình vòng"", ""Bất quy tắc""],
    ""Distribution"": [""Vai"", ""Lưng trên"", ""Rải rác""],
    ""Characteristics"": [""Bong vảy mịn"", ""Vảy trắng mỏng""]
  }
}",
Urticaria/urticaria11.jpg,Urticaria,Urticaria,P2_OK,P1_OK,"Mảng hồng ban, Dát hồng ban
Đỏ hồng, Đỏ nhạt
Hình vòng cung, Đa cung, Ranh giới không đều
Vùng nếp gấp, Khu trú
Trung tâm nhạt màu, Bong vảy mịn",P2_OK,"{
  ""JSON_EXTRACTION"": {
    ""Category"": ""Cold urticaria"",
    ""Lesion_Type"": [""Mảng hồng ban"", ""Dát hồng ban""],
    ""Colour"": [""Đỏ hồng"", ""Đỏ nhạt""],
    ""Shape"": [""Hình vòng cung"", ""Đa cung"", ""Không đều""],
    ""Distribution"": [""Vùng nếp gấp"", ""Khu trú""],
    ""Characteristics"": [""Trung tâm nhạt"", ""Bong vảy mịn""]
  }
}",
Urticaria/urticaria2.jpg,Urticaria,Urticaria,P2_OK,P1_OK,"Mảng hồng ban, Dát hồng ban
Đỏ hồng, Đỏ nhạt
Bất quy tắc, Đa cung, Ranh giới tương đối rõ
Ngực, Cổ, Vai, Lan tỏa, Đối xứng
Bong vảy mịn, Vảy trắng mỏng",P2_OK,"{
  ""JSON_EXTRACTION"": {
    ""Category"": ""Cold urticaria"",
    ""Lesion_Type"": [""Mảng hồng ban"", ""Dát hồng ban""],
    ""Colour"": [""Đỏ hồng"", ""Đỏ nhạt""],
    ""Shape"": [""Bất quy tắc"", ""Đa cung"", ""Ranh giới rõ""],
    ""Distribution"": [""Ngực"", ""Cổ"", ""Vai"", ""Lan tỏa"", ""Đối xứng""],
    ""Characteristics"": [""Bong vảy mịn"", ""Vảy trắng mỏng""]
  }
}",
Urticaria/urticaria3.jpg,Urticaria,Urticaria,P2_OK,P1_OK,"Mảng hồng ban, Dải hồng ban
Đỏ hồng, Hồng nhạt
Bờ ngoằn ngoèo, Hình đa cung, Ranh giới tương đối rõ
Lưng trên, Vai, Lan rộng
Trung tâm nhạt màu, Không bong vảy",P2_OK,"{
  ""JSON_EXTRACTION"": {
    ""Category"": ""Cold urticaria"",
    ""Lesion_Type"": [""Mảng hồng ban"", ""Dải hồng ban""],
    ""Colour"": [""Đỏ hồng"", ""Hồng nhạt""],
    ""Shape"": [""Bờ ngoằn ngoèo"", ""Hình đa cung"", ""Ranh giới rõ""],
    ""Distribution"": [""Lưng trên"", ""Vai"", ""Lan rộng""],
    ""Characteristics"": [""Trung tâm nhạt màu""]
  }
}",
Urticaria/urticaria4.jpg,Urticaria,Urticaria,P2_OK,P1_OK,"Mảng hồng ban, Mảng phù
Đỏ hồng, Đỏ nhạt
Hình vòng cung, Đa cung, Ranh giới rõ
Vùng thân mình, Rải rác, Không đối xứng
Trung tâm nhạt màu, Không vảy",P2_OK,"{
  ""JSON_EXTRACTION"": {
    ""Category"": ""Cold urticaria"",
    ""Lesion_Type"": [""Mảng hồng ban"", ""Mảng phù""],
    ""Colour"": [""Đỏ hồng"", ""Đỏ nhạt""],
    ""Shape"": [""Hình vòng cung"", ""Đa cung"", ""Ranh giới rõ""],
    ""Distribution"": [""Vùng thân mình"", ""Rải rác"", ""Không đều""],
    ""Characteristics"": [""Trung tâm nhạt màu""]
  }
}",
Urticaria/urticaria5.jpg,Urticaria,Urticaria,P2_OK,P1_OK,"Mảng hồng ban, Mảng vòng
Đỏ hồng, Đỏ nhạt
Hình vòng, Trung tâm nhạt, Ranh giới rõ
Vùng thân mình, Khu trú
Bờ gồ nhẹ, Bong vảy mịn",P2_OK,"{
  ""JSON_EXTRACTION"": {
    ""Category"": ""Cold urticaria"",
    ""Lesion_Type"": [""Mảng hồng ban"", ""Mảng vòng""],
    ""Colour"": [""Đỏ hồng"", ""Đỏ nhạt"", ""Trung tâm nhạt""],
    ""Shape"": [""Hình vòng"", ""Ranh giới rõ""],
    ""Distribution"": [""Vùng thân mình"", ""Khu trú""],
    ""Characteristics"": [""Bờ gồ nhẹ"", ""Bong vảy mịn""]
  }
}",
Urticaria/urticaria6.jpg,Urticaria,Urticaria,P2_OK,P1_OK,"Mảng hồng ban, Dát đỏ
Đỏ hồng, Đỏ nhạt
Bất quy tắc, Ranh giới không rõ
Vai, Lưng trên, Lan tỏa
Dát đỏ rải rác, Không bong vảy",P2_OK,"{
  ""JSON_EXTRACTION"": {
    ""Category"": ""Cold urticaria"",
    ""Lesion_Type"": [""Mảng hồng ban"", ""Dát đỏ""],
    ""Colour"": [""Đỏ hồng"", ""Đỏ nhạt""],
    ""Shape"": [""Bất quy tắc""],
    ""Distribution"": [""Vai"", ""Lưng trên"", ""Lan tỏa""],
    ""Characteristics"": [""Dát đỏ rải rác""]
  }
}",
Urticaria/urticaria7.jpg,Urticaria,Urticaria,P2_OK,P1_OK,"Mảng hồng ban, Dát đỏ
Đỏ hồng, Đỏ nhạt
Bất quy tắc, Ranh giới không rõ
Nếp nách, Khu trú, Hợp lưu
Bề mặt nhẵn, Dát đỏ nhỏ vệ tinh",P2_OK,"{
  ""JSON_EXTRACTION"": {
    ""Category"": ""Cold urticaria"",
    ""Lesion_Type"": [""Mảng hồng ban"", ""Dát đỏ""],
    ""Colour"": [""Đỏ hồng"", ""Đỏ nhạt""],
    ""Shape"": [""Bất quy tắc"", ""Ranh giới mờ""],
    ""Distribution"": [""Nếp nách"", ""Khu trú"", ""Hợp lưu""],
    ""Characteristics"": [""Bề mặt nhẵn"", ""Dát đỏ vệ tinh""]
  }
}",
Urticaria/urticaria8.jpg,Urticaria,Urticaria,P2_OK,P1_OK,"Mảng hồng ban, Dát hồng ban
Đỏ hồng, Đỏ nhạt
Bất quy tắc, Đa cung, Ranh giới không rõ
Đùi hai bên, Đối xứng, Lan tỏa
Hợp lưu, Không bong vảy",P2_OK,"{
  ""JSON_EXTRACTION"": {
    ""Category"": ""Cold urticaria"",
    ""Lesion_Type"": [""Mảng hồng ban"", ""Dát hồng ban""],
    ""Colour"": [""Đỏ hồng"", ""Đỏ nhạt""],
    ""Shape"": [""Bất quy tắc"", ""Đa cung""],
    ""Distribution"": [""Đùi hai bên"", ""Đối xứng"", ""Lan tỏa""],
    ""Characteristics"": [""Hợp lưu""]
  }
}",
Urticarial vasculitis/01.jpg,Urticarial vasculitis,Urticarial vasculitis,P2_OK,P1_OK,"Mảng hồng ban, Sẩn hồng ban
Đỏ hồng, Hồng nhạt
Hình bầu dục, Bất quy tắc, Ranh giới mờ
Thân mình, Rải rác
Bong vảy mịn, Kích thước không đều",P2_OK,"{
  ""JSON_EXTRACTION"": {
    ""Category"": ""Urticaria"",
    ""Lesion_Type"": [""Mảng hồng ban"", ""Sẩn hồng ban""],
    ""Colour"": [""Đỏ hồng"", ""Hồng nhạt""],
    ""Shape"": [""Hình bầu dục"", ""Bất quy tắc"", ""Ranh giới mờ""],
    ""Distribution"": [""Thân mình"", ""Rải rác""],
    ""Characteristics"": [""Bong vảy mịn"", ""Không đều""]
  }
}",
Urticarial vasculitis/02.jpg,Urticarial vasculitis,Urticarial vasculitis,P2_OK,P1_OK,"Sẩn nhỏ, Sẩn hồng ban
Hồng nhạt, Tím hồng, Nâu
Hình tròn, Ranh giới rõ
Đùi, Rải rác, Khu trú
Lõm giữa, Chấm đóng mài nhỏ",P2_OK,"{
  ""JSON_EXTRACTION"": {
    ""Category"": ""Urticaria"",
    ""Lesion_Type"": [""Sẩn nhỏ"", ""Sẩn hồng ban""],
    ""Colour"": [""Hồng nhạt"", ""Tím hồng"", ""Nâu""],
    ""Shape"": [""Hình tròn"", ""Ranh giới rõ""],
    ""Distribution"": [""Đùi"", ""Rải rác"", ""Khu trú""],
    ""Characteristics"": [""Lõm giữa"", ""Đóng mài nhỏ""]
  }
}",
Urticarial vasculitis/03.jpg,Urticarial vasculitis,Urticarial vasculitis,P2_OK,P1_OK,"Mảng hồng ban, Sẩn đỏ
Đỏ hồng, Đỏ nhạt
Bất quy tắc, Ranh giới tương đối rõ
Vùng da không xác định, Khu trú
Bong vảy mịn, Bờ gồ nhẹ, Tổn thương vệ tinh",P2_OK,"{
  ""JSON_EXTRACTION"": {
    ""Category"": ""Urticaria"",
    ""Lesion_Type"": [""Mảng hồng ban"", ""Sẩn đỏ""],
    ""Colour"": [""Đỏ hồng"", ""Đỏ nhạt""],
    ""Shape"": [""Bất quy tắc"", ""Ranh giới rõ""],
    ""Distribution"": [""Vùng da"", ""Khu trú""],
    ""Characteristics"": [""Bong vảy mịn"", ""Bờ gồ nhẹ"", ""Tổn thương vệ tinh""]
  }
}",
Urticarial vasculitis/04.jpg,Urticarial vasculitis,Urticarial vasculitis,P2_OK,P1_OK,"Sẩn hồng ban, Mảng hồng ban
Đỏ hồng, Đỏ nhạt
Hình tròn, Ranh giới mờ
Thân mình, Rải rác
Phù nề nhẹ, Trung tâm đậm màu",P2_OK,"{
  ""JSON_EXTRACTION"": {
    ""Category"": ""Urticaria"",
    ""Lesion_Type"": [""Sẩn hồng ban"", ""Mảng hồng ban""],
    ""Colour"": [""Đỏ hồng"", ""Đỏ nhạt""],
    ""Shape"": [""Hình tròn"", ""Ranh giới mờ""],
    ""Distribution"": [""Thân mình"", ""Rải rác""],
    ""Characteristics"": [""Phù nề nhẹ"", ""Trung tâm đậm""]
  }
}",
Urticarial vasculitis/05.jpg,Urticarial vasculitis,Urticarial vasculitis,P2_OK,P1_OK,"Mảng hồng ban, Mảng bầm tím
Đỏ hồng, Đỏ tím, Xanh tím
Bất quy tắc, Hình bầu dục, Ranh giới mờ
Mông, Vùng thắt lưng, Hai bên, Rải rác
Kích thước lớn, Không vảy, Loang lổ",P2_OK,"{
  ""JSON_EXTRACTION"": {
    ""Category"": ""Urticaria"",
    ""Lesion_Type"": [""Mảng hồng ban"", ""Mảng bầm tím""],
    ""Colour"": [""Đỏ hồng"", ""Đỏ tím"", ""Xanh tím""],
    ""Shape"": [""Bất quy tắc"", ""Hình bầu dục"", ""Ranh giới mờ""],
    ""Distribution"": [""Mông"", ""Vùng thắt lưng"", ""Hai bên"", ""Rải rác""],
    ""Characteristics"": [""Kích thước lớn"", ""Loang lổ""]
  }
}",
Urticarial vasculitis/06.jpg,Urticarial vasculitis,Urticarial vasculitis,P2_OK,P1_OK,"Mảng hồng ban, Dát hồng ban
Đỏ hồng, Đỏ nhạt
Bất quy tắc, Ranh giới không rõ
Mặt trong cánh tay, Nếp khuỷu, Khu trú
Khô da, Bong vảy mịn, Sẩn nhỏ",P2_OK,"{
  ""JSON_EXTRACTION"": {
    ""Category"": ""Urticaria"",
    ""Lesion_Type"": [""Mảng hồng ban"", ""Dát hồng ban""],
    ""Colour"": [""Đỏ hồng"", ""Đỏ nhạt""],
    ""Shape"": [""Bất quy tắc""],
    ""Distribution"": [""Mặt trong cánh tay"", ""Nếp khuỷu"", ""Khu trú""],
    ""Characteristics"": [""Khô da"", ""Bong vảy mịn"", ""Sẩn nhỏ""]
  }
}",
Urticarial vasculitis/07.jpg,Urticarial vasculitis,Urticarial vasculitis,P2_OK,P1_OK,"Dát hồng ban, Mảng hồng ban
Đỏ hồng, Đỏ nhạt
Bất quy tắc, Ranh giới mờ
Cánh tay trên, Vai, Rải rác
Không vảy, Bề mặt trơn",P2_OK,"{
  ""JSON_EXTRACTION"": {
    ""Category"": ""Urticaria"",
    ""Lesion_Type"": [""Dát hồng ban"", ""Mảng hồng ban""],
    ""Colour"": [""Đỏ hồng"", ""Đỏ nhạt""],
    ""Shape"": [""Bất quy tắc"", ""Ranh giới mờ""],
    ""Distribution"": [""Cánh tay trên"", ""Vai"", ""Rải rác""],
    ""Characteristics"": [""Bề mặt trơn""]
  }
}",
Urticarial vasculitis/08.jpg,Urticarial vasculitis,Urticarial vasculitis,P2_OK,P1_OK,"Mảng hồng ban, Sẩn hồng ban
Đỏ hồng, Đỏ sẫm, Nâu tím
Hình tròn, Hình bầu dục, Ranh giới mờ
Thân mình, Lan tỏa, Rải rác
Tăng sắc tố, Trung tâm sẫm, Vảy mịn",P2_OK,"{
  ""JSON_EXTRACTION"": {
    ""Category"": ""Urticaria"",
    ""Lesion_Type"": [""Mảng hồng ban"", ""Sẩn hồng ban""],
    ""Colour"": [""Đỏ hồng"", ""Đỏ sẫm"", ""Nâu tím""],
    ""Shape"": [""Hình tròn"", ""Hình bầu dục"", ""Ranh giới mờ""],
    ""Distribution"": [""Thân mình"", ""Lan tỏa"", ""Rải rác""],
    ""Characteristics"": [""Tăng sắc tố"", ""Trung tâm sẫm"", ""Vảy mịn""]
  }
}",
Urticarial vasculitis/09.jpg,Urticarial vasculitis,Urticarial vasculitis,P2_OK,P1_OK,"Mảng hồng ban, Dải hồng ban
Đỏ hồng, Đỏ nhạt
Hình vòng, Đa cung, Ranh giới không đều
Cẳng chân, Hai bên, Rải rác
Trung tâm nhạt màu, Bờ ngoằn ngoèo",P2_OK,"{
  ""JSON_EXTRACTION"": {
    ""Category"": ""Urticaria"",
    ""Lesion_Type"": [""Mảng hồng ban"", ""Dải hồng ban""],
    ""Colour"": [""Đỏ hồng"", ""Đỏ nhạt""],
    ""Shape"": [""Hình vòng"", ""Đa cung"", ""Ranh giới không đều""],
    ""Distribution"": [""Cẳng chân"", ""Hai bên"", ""Rải rác""],
    ""Characteristics"": [""Trung tâm nhạt"", ""Bờ ngoằn ngoèo""]
  }
}",
Urticarial vasculitis/10.jpg,Urticarial vasculitis,Urticarial vasculitis,P2_OK,P1_OK,"Mảng hồng ban, Sẩn đỏ, Dát sắc tố
Đỏ hồng, Nâu đen, Nâu vàng
Bất quy tắc, Ranh giới không rõ, Rải rác
Lưng, Lan tỏa, Không đối xứng
Tăng sắc tố, Chấm nang lông, Vảy mịn",P2_OK,"{
  ""JSON_EXTRACTION"": {
    ""Category"": ""Urticaria"",
    ""Lesion_Type"": [""Mảng hồng ban"", ""Sẩn đỏ"", ""Dát sắc tố""],
    ""Colour"": [""Đỏ hồng"", ""Nâu đen"", ""Nâu vàng""],
    ""Shape"": [""Bất quy tắc"", ""Ranh giới""],
    ""Distribution"": [""Lưng"", ""Lan tỏa"", ""Rải rác""],
    ""Characteristics"": [""Tăng sắc tố"", ""Chấm nang lông"", ""Vảy mịn""]
  }
}",
Urticarial vasculitis/11.jpg,Urticarial vasculitis,Urticarial vasculitis,P2_OK,P1_OK,"Mảng vòng, Hình bia bắn, Sẩn hồng ban
Đỏ hồng, Trung tâm nhạt
Hình tròn, Đồng tâm, Ranh giới rõ
Vùng chi, Rải rác, Khu trú
Vòng nhiều lớp, Không bong vảy",P2_OK,"{
  ""JSON_EXTRACTION"": {
    ""Category"": ""Urticaria"",
    ""Lesion_Type"": [""Mảng vòng"", ""Hình bia bắn"", ""Sẩn hồng ban""],
    ""Colour"": [""Đỏ hồng"", ""Trung tâm nhạt""],
    ""Shape"": [""Hình tròn"", ""Đồng tâm"", ""Ranh giới rõ""],
    ""Distribution"": [""Vùng chi"", ""Rải rác"", ""Khu trú""],
    ""Characteristics"": [""Vòng nhiều lớp""]
  }
}",
Urticarial vasculitis/12.jpg,Urticarial vasculitis,Urticarial vasculitis,P2_OK,P1_OK,"Mảng hồng ban, Sẩn hồng ban
Đỏ hồng, Đỏ nâu
Hình vòng, Đa cung, Ranh giới rõ
Vùng nách, Ngực bên, Cánh tay trong, Lan tỏa
Bong vảy, Bờ gồ, Trung tâm nhạt màu",P2_OK,"{
  ""JSON_EXTRACTION"": {
    ""Category"": ""Urticaria"",
    ""Lesion_Type"": [""Mảng hồng ban"", ""Sẩn hồng ban""],
    ""Colour"": [""Đỏ hồng"", ""Đỏ nâu""],
    ""Shape"": [""Hình vòng"", ""Đa cung"", ""Ranh giới rõ""],
    ""Distribution"": [""Vùng nách"", ""Ngực bên"", ""Cánh tay trong"", ""Lan tỏa""],
    ""Characteristics"": [""Bong vảy"", ""Bờ gồ"", ""Trung tâm nhạt""]
  }
}",
Urticarial vasculitis/13.jpg,Urticarial vasculitis,Urticarial vasculitis,P2_OK,P1_OK,"Mảng hồng ban, Sẩn hồng ban
Đỏ hồng, Đỏ nhạt
Hình vòng, Hình tròn, Ranh giới không rõ
Đùi, Rải rác, Khu trú
Trung tâm nhạt màu, Không vảy",P2_OK,"{
  ""JSON_EXTRACTION"": {
    ""Category"": ""Urticaria"",
    ""Lesion_Type"": [""Mảng hồng ban"", ""Sẩn hồng ban""],
    ""Colour"": [""Đỏ hồng"", ""Đỏ nhạt""],
    ""Shape"": [""Hình vòng"", ""Hình tròn"", ""Ranh giới mờ""],
    ""Distribution"": [""Đùi"", ""Rải rác"", ""Khu trú""],
    ""Characteristics"": [""Trung tâm nhạt""]
  }
}",
Urticarial vasculitis/14.jpg,Urticarial vasculitis,Urticarial vasculitis,P2_OK,P1_OK,"Mảng hồng ban, Dải hồng ban
Đỏ hồng, Đỏ nhạt
Hình vòng, Đa cung, Ranh giới không đều
Chi dưới, Khu trú, Rải rác
Trung tâm nhạt màu, Bờ đỏ nhẹ",P2_OK,"{
  ""JSON_EXTRACTION"": {
    ""Category"": ""Urticaria"",
    ""Lesion_Type"": [""Mảng hồng ban"", ""Dải hồng ban""],
    ""Colour"": [""Đỏ hồng"", ""Đỏ nhạt""],
    ""Shape"": [""Hình vòng"", ""Đa cung"", ""Ranh giới không đều""],
    ""Distribution"": [""Chi dưới"", ""Khu trú"", ""Rải rác""],
    ""Characteristics"": [""Trung tâm nhạt"", ""Bờ đỏ nhẹ""]
  }
}",
Urticarial vasculitis/15.jpg,Urticarial vasculitis,Urticarial vasculitis,P2_OK,P1_OK,"Dát đỏ, Dát nâu, Sẩn nhỏ
Đỏ nâu, Nâu nhạt
Hình tròn nhỏ, Ranh giới mờ
Cẳng chân, Hai bên, Rải rác
Tăng sắc tố nhẹ, Không bong vảy",P2_OK,"{
  ""JSON_EXTRACTION"": {
    ""Category"": ""Urticaria"",
    ""Lesion_Type"": [""Dát đỏ"", ""Dát nâu"", ""Sẩn nhỏ""],
    ""Colour"": [""Đỏ nâu"", ""Nâu nhạt""],
    ""Shape"": [""Hình tròn nhỏ"", ""Ranh giới mờ""],
    ""Distribution"": [""Cẳng chân"", ""Hai bên"", ""Rải rác""],
    ""Characteristics"": [""Tăng sắc tố nhẹ""]
  }
}",
Urticarial vasculitis/16.jpg,Urticarial vasculitis,Urticarial vasculitis,P2_OK,P1_OK,"Mảng hồng ban, Sẩn hồng ban
Đỏ hồng, Đỏ nhạt
Hình vòng, Bất quy tắc, Ranh giới mờ
Cẳng chân, Hai bên, Rải rác
Trung tâm nhạt màu, Bờ đỏ nhẹ",P2_OK,"{
  ""JSON_EXTRACTION"": {
    ""Category"": ""Urticaria"",
    ""Lesion_Type"": [""Mảng hồng ban"", ""Sẩn hồng ban""],
    ""Colour"": [""Đỏ hồng"", ""Đỏ nhạt""],
    ""Shape"": [""Hình vòng"", ""Bất quy tắc"", ""Ranh giới mờ""],
    ""Distribution"": [""Cẳng chân"", ""Hai bên"", ""Rải rác""],
    ""Characteristics"": [""Trung tâm nhạt"", ""Bờ đỏ nhẹ""]
  }
}",
Urticarial vasculitis/17.jpg,Urticarial vasculitis,Urticarial vasculitis,P2_OK,P1_OK,"Mảng hồng ban, Mảng xuất huyết
Đỏ tím, Đỏ nâu
Bất quy tắc, Ranh giới không rõ
Cẳng chân, Rải rác, Khu trú
Dát xuất huyết, Không vảy",P2_OK,"{
  ""JSON_EXTRACTION"": {
    ""Category"": ""Urticaria"",
    ""Lesion_Type"": [""Mảng hồng ban"", ""Mảng xuất huyết""],
    ""Colour"": [""Đỏ tím"", ""Đỏ nâu""],
    ""Shape"": [""Bất quy tắc"", ""Ranh giới mờ""],
    ""Distribution"": [""Cẳng chân"", ""Rải rác"", ""Khu trú""],
    ""Characteristics"": [""Dát xuất huyết""]
  }
}",
Urticarial vasculitis/18.jpg,Urticarial vasculitis,Urticarial vasculitis,P2_OK,P1_OK,"Mảng hồng ban, Mảng vòng
Đỏ hồng, Đỏ tím
Hình vòng, Đa cung, Ranh giới không đều
Cẳng chân, Cổ chân, Mu bàn chân, Hai bên
Trung tâm nhạt màu, Bờ gồ nhẹ, Không vảy",P2_OK,"{
  ""JSON_EXTRACTION"": {
    ""Category"": ""Urticaria"",
    ""Lesion_Type"": [""Mảng hồng ban"", ""Mảng vòng""],
    ""Colour"": [""Đỏ hồng"", ""Đỏ tím""],
    ""Shape"": [""Hình vòng"", ""Đa cung"", ""Ranh giới không đều""],
    ""Distribution"": [""Cẳng chân"", ""Cổ chân"", ""Mu bàn chân"", ""Hai bên""],
    ""Characteristics"": [""Trung tâm nhạt"", ""Bờ gồ nhẹ""]
  }
}",
Urticarial vasculitis/19.jpg,Urticarial vasculitis,Urticarial vasculitis,P2_OK,P1_OK,"Mảng hồng ban, Tăng sắc tố
Đỏ nâu, Nâu đồng
Dạng lưới, Bất quy tắc
Cẳng chân, Lan tỏa
Dát loang lổ, Ranh giới không rõ",P2_OK,"{
  ""JSON_EXTRACTION"": {
    ""Category"": ""Urticaria"",
    ""Lesion_Type"": [""Mảng hồng ban"", ""Tăng sắc tố""],
    ""Colour"": [""Đỏ nâu"", ""Nâu đồng""],
    ""Shape"": [""Dạng lưới"", ""Bất quy tắc""],
    ""Distribution"": [""Cẳng chân"", ""Lan tỏa""],
    ""Characteristics"": [""Dát loang lổ"", ""Ranh giới""]
  }
}",
Urticarial vasculitis/20.jpg,Urticarial vasculitis,Urticarial vasculitis,P2_OK,P1_OK,"Mảng hồng ban, Mảng vòng, Mảng phù nề
Đỏ hồng, Hồng nhạt, Tím nhạt
Hình vòng, Đa cung, Bất quy tắc
Bụng, Thân mình, Rải rác
Trung tâm nhạt màu, Hợp lưu, Bờ gồ nhẹ",P2_OK,"{
  ""JSON_EXTRACTION"": {
    ""Category"": ""Urticaria"",
    ""Lesion_Type"": [""Mảng hồng ban"", ""Mảng vòng"", ""Mảng phù nề""],
    ""Colour"": [""Đỏ hồng"", ""Hồng nhạt"", ""Tím nhạt""],
    ""Shape"": [""Hình vòng"", ""Đa cung"", ""Bất quy tắc""],
    ""Distribution"": [""Bụng"", ""Thân mình"", ""Rải rác""],
    ""Characteristics"": [""Trung tâm nhạt"", ""Hợp lưu"", ""Bờ gồ nhẹ""]
  }
}",
Urticarial vasculitis/21.jpg,Urticarial vasculitis,Urticarial vasculitis,P2_OK,P1_OK,"Mảng hồng ban, Sẩn hồng ban, Mảng vòng
Đỏ hồng, Đỏ nâu
Hình vòng, Hình cung, Ranh giới rõ
Cẳng chân, Cổ chân, Mu bàn chân, Hai bên, Rải rác
Bờ gồ nhẹ, Trung tâm nhạt màu, Không vảy",P2_OK,"{
  ""JSON_EXTRACTION"": {
    ""Category"": ""Urticaria"",
    ""Lesion_Type"": [""Mảng hồng ban"", ""Sẩn hồng ban"", ""Mảng vòng""],
    ""Colour"": [""Đỏ hồng"", ""Đỏ nâu""],
    ""Shape"": [""Hình vòng"", ""Hình cung"", ""Ranh giới rõ""],
    ""Distribution"": [""Cẳng chân"", ""Cổ chân"", ""Mu bàn chân"", ""Hai bên"", ""Rải rác""],
    ""Characteristics"": [""Bờ gồ nhẹ"", ""Trung tâm nhạt""]
  }
}",
Urticarial vasculitis/22.jpg,Urticarial vasculitis,Urticarial vasculitis,P2_OK,P1_OK,"Mảng hồng ban, Sẩn nhỏ
Đỏ hồng, Đỏ nhạt
Bất quy tắc, Ranh giới mờ
Vùng thân mình, Khu trú
Bong vảy mịn, Bề mặt khô",P2_OK,"{
  ""JSON_EXTRACTION"": {
    ""Category"": ""Urticaria"",
    ""Lesion_Type"": [""Mảng hồng ban"", ""Sẩn nhỏ""],
    ""Colour"": [""Đỏ hồng"", ""Đỏ nhạt""],
    ""Shape"": [""Bất quy tắc"", ""Ranh giới mờ""],
    ""Distribution"": [""Vùng thân mình"", ""Khu trú""],
    ""Characteristics"": [""Bong vảy mịn"", ""Bề mặt khô""]
  }
}",
Urticarial vasculitis/23.jpg,Urticarial vasculitis,Urticarial vasculitis,P2_OK,P1_OK,"Mảng hồng ban, Dải hồng ban
Đỏ hồng, Đỏ nhạt
Vòng cung, Ngoằn ngoèo, Ranh giới không đều
Cẳng chân, Khu trú, Rải rác
Trung tâm nhạt màu, Không vảy",P2_OK,"{
  ""JSON_EXTRACTION"": {
    ""Category"": ""Urticaria"",
    ""Lesion_Type"": [""Mảng hồng ban"", ""Dải hồng ban""],
    ""Colour"": [""Đỏ hồng"", ""Đỏ nhạt""],
    ""Shape"": [""Vòng cung"", ""Ngoằn ngoèo"", ""Ranh giới không đều""],
    ""Distribution"": [""Cẳng chân"", ""Khu trú"", ""Rải rác""],
    ""Characteristics"": [""Trung tâm nhạt màu""]
  }
}",
Urticarial vasculitis/3800-big.jpg,Urticarial vasculitis,Urticarial vasculitis,P2_OK,P1_OK,"dát? Need Vietnamese. Ensure 5 lines. 
Mảng hồng ban, Sẩn hồng ban
Đỏ hồng, Đỏ nhạt
Bất quy tắc, Ranh giới mờ
Thân mình, Rải rác, Lan tỏa
Không vảy, Tổn thương đa ổ",P2_OK,"{
  ""JSON_EXTRACTION"": {
    ""Category"": ""Urticaria"",
    ""Lesion_Type"": [""Mảng hồng ban"", ""Sẩn hồng ban""],
    ""Colour"": [""Đỏ hồng"", ""Đỏ nhạt""],
    ""Shape"": [""Bất quy tắc"", ""Ranh giới mờ""],
    ""Distribution"": [""Thân mình"", ""Rải rác"", ""Lan tỏa""],
    ""Characteristics"": [""Tổn thương đa ổ""]
  }
}",
Urticarial vasculitis/3801-big.jpg,Urticarial vasculitis,Urticarial vasculitis,P2_OK,P1_OK,"Sẩn đỏ, Sẩn hồng ban
Đỏ hồng, Nâu nhạt
Hình tròn, Nhỏ, Ranh giới rõ
Chi dưới, Rải rác, Không đối xứng
Chấm trợt, Vảy tiết nhỏ",P2_OK,"{
  ""JSON_EXTRACTION"": {
    ""Category"": ""Urticaria"",
    ""Lesion_Type"": [""Sẩn đỏ"", ""Sẩn hồng ban""],
    ""Colour"": [""Đỏ hồng"", ""Nâu nhạt""],
    ""Shape"": [""Hình tròn"", ""Nhỏ"", ""Ranh giới rõ""],
    ""Distribution"": [""Chi dưới"", ""Rải rác"", ""Không đều""],
    ""Characteristics"": [""Chấm trợt"", ""Vảy tiết nhỏ""]
  }
}",
Urticarial vasculitis/3802-big.jpg,Urticarial vasculitis,Urticarial vasculitis,P2_OK,P1_OK,"Mảng hồng ban, Sẩn hồng ban
Đỏ hồng, Đỏ nhạt
Hình vòng, Bất quy tắc, Ranh giới tương đối rõ
Vùng thân mình, Khu trú
Bong vảy mịn, Bờ gồ nhẹ",P2_OK,"{
  ""JSON_EXTRACTION"": {
    ""Category"": ""Urticaria"",
    ""Lesion_Type"": [""Mảng hồng ban"", ""Sẩn hồng ban""],
    ""Colour"": [""Đỏ hồng"", ""Đỏ nhạt""],
    ""Shape"": [""Hình vòng"", ""Bất quy tắc"", ""Ranh giới rõ""],
    ""Distribution"": [""Thân mình"", ""Khu trú""],
    ""Characteristics"": [""Bong vảy mịn"", ""Bờ gồ nhẹ""]
  }
}",
Urticarial vasculitis/3803-big.jpg,Urticarial vasculitis,Urticarial vasculitis,P2_OK,P1_OK,"Sẩn hồng ban, Mảng hồng ban nhỏ
Đỏ hồng, Đỏ tươi
Hình tròn, Bờ mờ
Vùng thân mình, Rải rác
Gồ nhẹ, Trung tâm đậm màu",P2_OK,"{
  ""JSON_EXTRACTION"": {
    ""Category"": ""Urticaria"",
    ""Lesion_Type"": [""Sẩn hồng ban"", ""Mảng hồng ban""],
    ""Colour"": [""Đỏ hồng"", ""Đỏ tươi""],
    ""Shape"": [""Hình tròn"", ""Bờ mờ""],
    ""Distribution"": [""Vùng thân mình"", ""Rải rác""],
    ""Characteristics"": [""Gồ nhẹ"", ""Trung tâm đậm""]
  }
}",
Urticarial vasculitis/3804-big.jpg,Urticarial vasculitis,Urticarial vasculitis,P2_OK,P1_OK,"Mảng hồng ban, Mảng tím đỏ
Đỏ hồng, Đỏ tím, Tím xanh
Hình tròn, Hình bầu dục, Ranh giới không rõ
Mông, Hông, Thắt lưng, Hai bên, Rải rác
Bong vảy mịn, Trung tâm sẫm màu, Kích thước đa dạng",P2_OK,"{
  ""JSON_EXTRACTION"": {
    ""Category"": ""Urticaria"",
    ""Lesion_Type"": [""Mảng hồng ban"", ""Mảng tím đỏ""],
    ""Colour"": [""Đỏ hồng"", ""Đỏ tím"", ""Tím xanh""],
    ""Shape"": [""Hình tròn"", ""Hình bầu dục"", ""Ranh giới mờ""],
    ""Distribution"": [""Mông"", ""Hông"", ""Thắt lưng"", ""Hai bên"", ""Rải rác""],
    ""Characteristics"": [""Bong vảy mịn"", ""Trung tâm sẫm"", ""Kích thước đa dạng""]
  }
}",
Urticarial vasculitis/3805-big.jpg,Urticarial vasculitis,Urticarial vasculitis,P2_OK,P1_OK,"Mảng hồng ban, Sẩn đỏ
Đỏ hồng, Đỏ nhạt
Bất quy tắc, Ranh giới mờ
Mặt trong cánh tay, Nếp khuỷu, Khu trú
Khô da, Sẩn nhỏ, Bong vảy mịn",P2_OK,"{
  ""JSON_EXTRACTION"": {
    ""Category"": ""Urticaria"",
    ""Lesion_Type"": [""Mảng hồng ban"", ""Sẩn đỏ""],
    ""Colour"": [""Đỏ hồng"", ""Đỏ nhạt""],
    ""Shape"": [""Bất quy tắc"", ""Ranh giới mờ""],
    ""Distribution"": [""Mặt trong"", ""Cánh tay"", ""Nếp khuỷu"", ""Khu trú""],
    ""Characteristics"": [""Khô da"", ""Sẩn nhỏ"", ""Bong vảy mịn""]
  }
}",
Urticarial vasculitis/3806-big.jpg,Urticarial vasculitis,Urticarial vasculitis,P2_OK,P1_OK,"Mảng hồng ban, Đốm hồng ban
Đỏ hồng, Đỏ nhạt
Bất quy tắc, Ranh giới mờ
Cánh tay trên, Nách, Rải rác
Không vảy, Phẳng",P2_OK,"{
  ""JSON_EXTRACTION"": {
    ""Category"": ""Urticaria"",
    ""Lesion_Type"": [""Mảng hồng ban"", ""Đốm hồng ban""],
    ""Colour"": [""Đỏ hồng"", ""Đỏ nhạt""],
    ""Shape"": [""Bất quy tắc"", ""Ranh giới mờ""],
    ""Distribution"": [""Cánh tay trên"", ""Nách"", ""Rải rác""],
    ""Characteristics"": [""Phẳng""]
  }
}",
Urticarial vasculitis/3807-big.jpg,Urticarial vasculitis,Urticarial vasculitis,P2_OK,P1_OK,"Mảng hồng ban, Sẩn hồng ban
Đỏ hồng, Đỏ tím
Hình tròn, Hình bầu dục, Bất quy tắc
Lưng, Thân mình, Rải rác
Bờ mờ, Nhiều tổn thương, Kích thước không đều",P2_OK,"{
  ""JSON_EXTRACTION"": {
    ""Category"": ""Urticaria"",
    ""Lesion_Type"": [""Mảng hồng ban"", ""Sẩn hồng ban""],
    ""Colour"": [""Đỏ hồng"", ""Đỏ tím""],
    ""Shape"": [""Hình tròn"", ""Hình bầu dục"", ""Bất quy tắc"", ""Bờ mờ""],
    ""Distribution"": [""Lưng"", ""Thân mình"", ""Rải rác""],
    ""Characteristics"": [""Nhiều tổn thương"", ""Kích thước không đều""]
  }
}",
Urticarial vasculitis/sle-urticarial-vasculitis.jpg,Urticarial vasculitis,Urticarial vasculitis,P2_OK,P1_OK,"Mảng hồng ban, Sẩn đỏ, Đốm tăng sắc tố
Đỏ hồng, Nâu đen, Nâu vàng
Bất quy tắc, Ranh giới mờ, Rải rác
Lưng trên, Hai bên, Lan tỏa
Vảy mịn, Dát sắc tố, Nhiều tổn thương",P2_OK,"{
  ""JSON_EXTRACTION"": {
    ""Category"": ""Urticaria"",
    ""Lesion_Type"": [""Mảng hồng ban"", ""Sẩn đỏ"", ""Đốm sắc tố""],
    ""Colour"": [""Đỏ hồng"", ""Nâu đen"", ""Nâu vàng""],
    ""Shape"": [""Bất quy tắc"", ""Ranh giới mờ""],
    ""Distribution"": [""Lưng trên"", ""Hai bên"", ""Lan tỏa"", ""Rải rác""],
    ""Characteristics"": [""Vảy mịn"", ""Dát sắc tố"", ""Nhiều tổn thương""]
  }
}",
Urticarial vasculitis/uv1.jpg,Urticarial vasculitis,Urticarial vasculitis,P2_OK,P1_OK,"Mảng hồng ban, Dát hồng ban
Đỏ hồng, Đỏ sẫm
Hình vòng, Đa cung, Ranh giới rõ
Cẳng chân, Cổ chân, Hai bên, Rải rác
Bờ gồ nhẹ, Trung tâm nhạt màu, Không bong vảy",P2_OK,"{
  ""JSON_EXTRACTION"": {
    ""Category"": ""Urticaria"",
    ""Lesion_Type"": [""Mảng hồng ban"", ""Dát hồng ban""],
    ""Colour"": [""Đỏ hồng"", ""Đỏ sẫm""],
    ""Shape"": [""Hình vòng"", ""Đa cung"", ""Ranh giới rõ""],
    ""Distribution"": [""Cẳng chân"", ""Cổ chân"", ""Hai bên"", ""Rải rác""],
    ""Characteristics"": [""Bờ gồ nhẹ"", ""Trung tâm nhạt màu""]
  }
}",
Urticarial vasculitis/uv2.jpg,Urticarial vasculitis,Urticarial vasculitis,P2_OK,P1_OK,"Mảng hồng ban, Đốm xuất huyết
Đỏ nâu, Đỏ cam
Bất quy tắc, Ranh giới mờ
Cẳng chân, Lan tỏa
Dát sắc tố, Lốm đốm",P2_OK,"{
  ""JSON_EXTRACTION"": {
    ""Category"": ""Urticaria"",
    ""Lesion_Type"": [""Mảng hồng ban"", ""Đốm xuất huyết""],
    ""Colour"": [""Đỏ nâu"", ""Đỏ cam""],
    ""Shape"": [""Bất quy tắc"", ""Ranh giới mờ""],
    ""Distribution"": [""Cẳng chân"", ""Lan tỏa""],
    ""Characteristics"": [""Dát sắc tố"", ""Lốm đốm""]
  }
}",
Urticarial vasculitis/uv3.jpg,Urticarial vasculitis,Urticarial vasculitis,P2_OK,P1_OK,"Mảng hồng ban, Dát hồng ban
Đỏ hồng, Nâu nhạt, Tím nhạt
Hình vòng, Đa cung, Bất quy tắc
Thân mình, Ngực bụng, Rải rác
Trung tâm nhạt màu, Bờ hồng ban, Không vảy",P2_OK,"{
  ""JSON_EXTRACTION"": {
    ""Category"": ""Urticaria"",
    ""Lesion_Type"": [""Mảng hồng ban"", ""Dát hồng ban""],
    ""Colour"": [""Đỏ hồng"", ""Nâu nhạt"", ""Tím nhạt""],
    ""Shape"": [""Hình vòng"", ""Đa cung"", ""Bất quy tắc""],
    ""Distribution"": [""Thân mình"", ""Ngực bụng"", ""Rải rác""],
    ""Characteristics"": [""Trung tâm nhạt"", ""Bờ hồng ban""]
  }
}",
Varicose veins/01.jpg,Varicose veins,Varicose veins,P2_OK,P1_OK,"Dát xuất huyết, Chấm xuất huyết, Dát đỏ
Đỏ nâu, Đỏ tím, Nâu nhạt
Chấm nhỏ, Bất quy tắc, Ranh giới không rõ
Cẳng chân, Rải rác, Lan tỏa
Không bong vảy, Da khô nhẹ, Nhiều đốm nhỏ",P2_OK,"{
  ""JSON_EXTRACTION"": {
    ""Category"": ""Varicose veins"",
    ""Lesion_Type"": [""Dát xuất huyết"", ""Chấm xuất huyết"", ""Dát đỏ""],
    ""Colour"": [""Đỏ nâu"", ""Đỏ tím"", ""Nâu nhạt""],
    ""Shape"": [""Chấm nhỏ"", ""Bất quy tắc""],
    ""Distribution"": [""Cẳng chân"", ""Rải rác"", ""Lan tỏa""],
    ""Characteristics"": [""Da khô nhẹ"", ""Nhiều đốm nhỏ""]
  }
}",
Varicose veins/02.jpg,Varicose veins,Varicose veins,P2_OK,P1_OK,"Mảng tăng sắc tố, Đốm tăng sắc tố, Sẩn nhỏ
Nâu sẫm, Nâu nhạt, Đỏ nâu
Hình tròn, Hình bầu dục, Ranh giới mờ
Cẳng chân, Rải rác, Khu trú
Khô da, Tăng sắc tố sau viêm, Lông da rõ",P2_OK,"{
  ""JSON_EXTRACTION"": {
    ""Category"": ""Varicose veins"",
    ""Lesion_Type"": [""Mảng sắc tố"", ""Đốm sắc tố"", ""Sẩn nhỏ""],
    ""Colour"": [""Nâu sẫm"", ""Nâu nhạt"", ""Đỏ nâu""],
    ""Shape"": [""Hình tròn"", ""Hình bầu dục"", ""Ranh giới mờ""],
    ""Distribution"": [""Cẳng chân"", ""Rải rác"", ""Khu trú""],
    ""Characteristics"": [""Khô da"", ""Tăng sắc tố"", ""Lông da rõ""]
  }
}",
Varicose veins/03.jpg,Varicose veins,Varicose veins,P2_OK,P1_OK,"Nốt dưới da, U cục
Màu da, Nâu nhạt
Hình tròn, Hình bầu dục, Gồ cao
Cẳng tay, Khuỷu tay, Rải rác
Bề mặt trơn, Nhiều kích thước",P2_OK,"{
  ""JSON_EXTRACTION"": {
    ""Category"": ""Varicose veins"",
    ""Lesion_Type"": [""Nốt dưới da"", ""U cục""],
    ""Colour"": [""Màu da"", ""Nâu nhạt""],
    ""Shape"": [""Hình tròn"", ""Hình bầu dục"", ""Gồ cao""],
    ""Distribution"": [""Cẳng tay"", ""Khuỷu tay"", ""Rải rác""],
    ""Characteristics"": [""Bề mặt trơn"", ""Nhiều kích thước""]
  }
}",
Varicose veins/04.jpg,Varicose veins,Varicose veins,P2_OK,P1_OK,"Mảng thâm nhiễm, Nốt dưới da
Hồng nhạt, Trắng ngà, Nâu tím
Bất quy tắc, Gồ cao, Ranh giới không rõ
Cẳng chân, Khu trú, Rải rác
Bề mặt bóng, Dày da, Giãn tĩnh mạch",P2_OK,"{
  ""JSON_EXTRACTION"": {
    ""Category"": ""Varicose veins"",
    ""Lesion_Type"": [""Mảng thâm nhiễm"", ""Nốt dưới da""],
    ""Colour"": [""Hồng nhạt"", ""Trắng ngà"", ""Nâu tím""],
    ""Shape"": [""Bất quy tắc"", ""Gồ cao"", ""Ranh giới mờ""],
    ""Distribution"": [""Cẳng chân"", ""Khu trú"", ""Rải rác""],
    ""Characteristics"": [""Bề mặt bóng"", ""Dày da"", ""Giãn tĩnh mạch""]
  }
}",
Varicose veins/05.jpg,Varicose veins,Varicose veins,P2_OK,P1_OK,"Mảng trắng, Mảng teo da
Trắng ngà, Nâu nhạt
Bất quy tắc, Ranh giới không đều
Cẳng tay, Rải rác
Teo da, Lõm da, Đốm tăng sắc tố",P2_OK,"{
  ""JSON_EXTRACTION"": {
    ""Category"": ""Varicose veins"",
    ""Lesion_Type"": [""Mảng trắng"", ""Mảng teo da""],
    ""Colour"": [""Trắng ngà"", ""Nâu nhạt""],
    ""Shape"": [""Bất quy tắc"", ""Không đều""],
    ""Distribution"": [""Cẳng tay"", ""Rải rác""],
    ""Characteristics"": [""Teo da"", ""Lõm da"", ""Tăng sắc tố""]
  }
}",
Varicose veins/06.jpg,Varicose veins,Varicose veins,P2_OK,P1_OK,"Mảng hồng ban, Mảng vòng
Đỏ hồng, Trắng xám
Hình vòng cung, Đa vòng, Ranh giới rõ
Cẳng chân, Quanh gối, Khu trú
Bong vảy, Bờ gồ nhẹ, Trung tâm nhạt màu",P2_OK,"{
  ""JSON_EXTRACTION"": {
    ""Category"": ""Varicose veins"",
    ""Lesion_Type"": [""Mảng hồng ban"", ""Mảng vòng""],
    ""Colour"": [""Đỏ hồng"", ""Trắng xám""],
    ""Shape"": [""Hình vòng cung"", ""Đa vòng"", ""Ranh giới rõ""],
    ""Distribution"": [""Cẳng chân"", ""Quanh gối"", ""Khu trú""],
    ""Characteristics"": [""Bong vảy"", ""Bờ gồ nhẹ"", ""Trung tâm nhạt""]
  }
}",
Varicose veins/07.jpg,Varicose veins,Varicose veins,P2_OK,P1_OK,"Mảng gồ, Nốt dưới da, Sẩn hồng ban
Nâu đỏ, Hồng nhạt, Trắng bóng
Bất quy tắc, Ranh giới không rõ, Gồ ghề
Vùng cằm, Quanh miệng, Khu trú
Bề mặt bóng, Bong vảy mịn, Sẹo lõm",P2_OK,"{
  ""JSON_EXTRACTION"": {
    ""Category"": ""Varicose veins"",
    ""Lesion_Type"": [""Mảng gồ"", ""Nốt dưới da"", ""Sẩn hồng ban""],
    ""Colour"": [""Nâu đỏ"", ""Hồng nhạt"", ""Trắng bóng""],
    ""Shape"": [""Bất quy tắc"", ""Gồ ghề""],
    ""Distribution"": [""Vùng cằm"", ""Quanh miệng"", ""Khu trú""],
    ""Characteristics"": [""Bề mặt bóng"", ""Bong vảy mịn"", ""Sẹo lõm""]
  }
}",
Varicose veins/08.jpg,Varicose veins,Varicose veins,P2_OK,P1_OK,"Mảng hồng ban, Dát tăng sắc tố
Đỏ nâu, Hồng nhạt, Nâu vàng
Bất quy tắc, Ranh giới không rõ
Cẳng chân, Cổ chân, Lan tỏa
Khô da, Bong vảy mịn, Tăng sắc tố",P2_OK,"{
  ""JSON_EXTRACTION"": {
    ""Category"": ""Varicose veins"",
    ""Lesion_Type"": [""Mảng hồng ban"", ""Dát tăng sắc tố""],
    ""Colour"": [""Đỏ nâu"", ""Hồng nhạt"", ""Nâu vàng""],
    ""Shape"": [""Bất quy tắc"", ""Ranh giới mờ""],
    ""Distribution"": [""Cẳng chân"", ""Cổ chân"", ""Lan tỏa""],
    ""Characteristics"": [""Khô da"", ""Bong vảy mịn"", ""Tăng sắc tố""]
  }
}",
Varicose veins/09.jpg,Varicose veins,Varicose veins,P2_OK,P1_OK,"Mảng hồng ban, Mảng da khô
Đỏ hồng, Đỏ nhạt, Nâu tím
Bất quy tắc, Ranh giới không rõ, Lan tỏa
Cẳng chân, Cổ chân, Một bên
Bong vảy, Vảy trắng mịn, Giãn tĩnh mạch, Da khô",P2_OK,"{
  ""JSON_EXTRACTION"": {
    ""Category"": ""Varicose veins"",
    ""Lesion_Type"": [""Mảng hồng ban"", ""Mảng da khô""],
    ""Colour"": [""Đỏ hồng"", ""Đỏ nhạt"", ""Nâu tím""],
    ""Shape"": [""Bất quy tắc"", ""Ranh giới mờ""],
    ""Distribution"": [""Cẳng chân"", ""Cổ chân"", ""Một bên"", ""Lan tỏa""],
    ""Characteristics"": [""Bong vảy"", ""Vảy trắng mịn"", ""Giãn tĩnh mạch"", ""Da khô""]
  }
}",
Varicose veins/10.jpg,Varicose veins,Varicose veins,P2_OK,P1_OK,"Mảng hồng ban, Mảng phù nề
Đỏ hồng, Đỏ nâu, Trắng xám
Bất quy tắc, Ranh giới không rõ
Cẳng chân, Cổ chân, Lan tỏa
Bong vảy, Vảy mịn, Giãn tĩnh mạch, Phù nề",P2_OK,"{
  ""JSON_EXTRACTION"": {
    ""Category"": ""Varicose veins"",
    ""Lesion_Type"": [""Mảng hồng ban"", ""Mảng phù nề""],
    ""Colour"": [""Đỏ hồng"", ""Đỏ nâu"", ""Trắng xám""],
    ""Shape"": [""Bất quy tắc""],
    ""Distribution"": [""Cẳng chân"", ""Cổ chân"", ""Lan tỏa""],
    ""Characteristics"": [""Bong vảy"", ""Vảy mịn"", ""Giãn tĩnh mạch"", ""Phù nề""]
  }
}",
Varicose veins/varicose-veins-01.jpg,Varicose veins,Varicose veins,P2_OK,P1_OK,"Nốt dưới da, Sẩn gồ
Màu da, Nâu nhạt
Hình tròn, Hình bầu dục, Ranh giới rõ
Cẳng tay, Vùng khuỷu, Tập trung thành cụm
Bề mặt trơn, Không loét, Không bong vảy",P2_OK,"{
  ""JSON_EXTRACTION"": {
    ""Category"": ""Varicose veins"",
    ""Lesion_Type"": [""Nốt dưới da"", ""Sẩn gồ""],
    ""Colour"": [""Màu da"", ""Nâu nhạt""],
    ""Shape"": [""Hình tròn"", ""Hình bầu dục"", ""Ranh giới rõ""],
    ""Distribution"": [""Cẳng tay"", ""Vùng khuỷu"", ""Tập trung cụm""],
    ""Characteristics"": [""Bề mặt trơn""]
  }
}",
Varicose veins/varicose-veins-02.jpg,Varicose veins,Varicose veins,P2_OK,P1_OK,"Nốt dưới da, Mảng gồ
Trắng ngà, Hồng nhạt, Tím xám
Hình bầu dục, Bất quy tắc, Ranh giới không rõ
Cẳng chân, Mặt trước cẳng chân, Khu trú, Rải rác
Bề mặt nhẵn, Da teo, Giãn mạch, Lõm nhẹ",P2_OK,"{
  ""JSON_EXTRACTION"": {
    ""Category"": ""Varicose veins"",
    ""Lesion_Type"": [""Nốt dưới da"", ""Mảng gồ""],
    ""Colour"": [""Trắng ngà"", ""Hồng nhạt"", ""Tím xám""],
    ""Shape"": [""Hình bầu dục"", ""Bất quy tắc""],
    ""Distribution"": [""Cẳng chân"", ""Mặt trước"", ""Khu trú"", ""Rải rác""],
    ""Characteristics"": [""Bề mặt nhẵn"", ""Da teo"", ""Giãn mạch"", ""Lõm nhẹ""]
  }
}",
Varicose veins/varicose-veins-03.jpg,Varicose veins,Varicose veins,P2_OK,P1_OK,"Mảng giảm sắc tố, Mảng teo da
Trắng ngà, Nâu nhạt
Bất quy tắc, Ranh giới không đều
Cẳng tay, Khu trú
Lõm da, Đốm tăng sắc tố, Da mỏng",P2_OK,"{
  ""JSON_EXTRACTION"": {
    ""Category"": ""Varicose veins"",
    ""Lesion_Type"": [""Mảng giảm sắc tố"", ""Mảng teo da""],
    ""Colour"": [""Trắng ngà"", ""Nâu nhạt""],
    ""Shape"": [""Bất quy tắc"", ""Ranh giới không đều""],
    ""Distribution"": [""Cẳng tay"", ""Khu trú""],
    ""Characteristics"": [""Lõm da"", ""Đốm tăng sắc tố"", ""Da mỏng""]
  }
}",
Varicose veins/varicose-veins-04.jpg,Varicose veins,Varicose veins,P2_OK,P1_OK,"Mảng hồng ban, Mảng teo da
Đỏ nâu, Hồng nhạt, Trắng ngà
Bầu dục, Bất quy tắc, Ranh giới rõ
Cẳng chân, Quanh gối, Khu trú
Bề mặt bóng, Teo da, Sẹo lõm",P2_OK,"{
  ""JSON_EXTRACTION"": {
    ""Category"": ""Varicose veins"",
    ""Lesion_Type"": [""Mảng hồng ban"", ""Mảng teo da""],
    ""Colour"": [""Đỏ nâu"", ""Hồng nhạt"", ""Trắng ngà""],
    ""Shape"": [""Bầu dục"", ""Bất quy tắc"", ""Ranh giới rõ""],
    ""Distribution"": [""Cẳng chân"", ""Quanh gối"", ""Khu trú""],
    ""Characteristics"": [""Bề mặt bóng"", ""Teo da"", ""Sẹo lõm""]
  }
}",
Varicose veins/varicose-veins-05.jpg,Varicose veins,Varicose veins,P2_OK,P1_OK,"Mảng thâm, Sẩn đỏ, Nốt dưới da
Đỏ hồng, Nâu sẫm, Tím nâu
Bất quy tắc, Ranh giới không rõ, Gồ nhẹ
Vùng cằm, Vùng râu, Khu trú
Bong vảy, Trợt nông, Sẹo lõm, Tăng sắc tố",P2_OK,"{
  ""JSON_EXTRACTION"": {
    ""Category"": ""Varicose veins"",
    ""Lesion_Type"": [""Mảng thâm"", ""Sẩn đỏ"", ""Nốt dưới da""],
    ""Colour"": [""Đỏ hồng"", ""Nâu sẫm"", ""Tím nâu""],
    ""Shape"": [""Bất quy tắc"", ""Gồ nhẹ""],
    ""Distribution"": [""Vùng cằm"", ""Vùng râu"", ""Khu trú""],
    ""Characteristics"": [""Bong vảy"", ""Trợt nông"", ""Sẹo lõm"", ""Tăng sắc tố""]
  }
}",
Varicose veins/varicose-veins-06.jpg,Varicose veins,Varicose veins,P2_OK,P1_OK,"Mảng hồng ban, Mảng tăng sắc tố
Đỏ hồng, Nâu vàng, Nâu xám
Bất quy tắc, Ranh giới không rõ
Cẳng chân, Cổ chân, Khu trú
Da khô, Bong vảy mịn, Phù nhẹ",P2_OK,"{
  ""JSON_EXTRACTION"": {
    ""Category"": ""Varicose veins"",
    ""Lesion_Type"": [""Mảng hồng ban"", ""Mảng tăng sắc tố""],
    ""Colour"": [""Đỏ hồng"", ""Nâu vàng"", ""Nâu xám""],
    ""Shape"": [""Bất quy tắc""],
    ""Distribution"": [""Cẳng chân"", ""Cổ chân"", ""Khu trú""],
    ""Characteristics"": [""Da khô"", ""Bong vảy mịn"", ""Phù nhẹ""]
  }
}",
Venous eczema/acute-lds.jpg,Venous eczema,Venous eczema,P2_OK,P1_OK,"Mảng tăng sắc tố, Phù nề
Nâu vàng, Nâu đỏ, Da sẫm màu
Bất quy tắc, Ranh giới không rõ, Lan tỏa
Cẳng chân, Cổ chân, Mu bàn chân, Hai bên
Da căng bóng, Da khô, Móng dày vàng",P2_OK,"{
  ""JSON_EXTRACTION"": {
    ""Category"": ""Venous eczema"",
    ""Lesion_Type"": [""Mảng tăng sắc tố"", ""Phù nề""],
    ""Colour"": [""Nâu vàng"", ""Nâu đỏ"", ""Da sẫm màu""],
    ""Shape"": [""Bất quy tắc"", ""Ranh giới mờ""],
    ""Distribution"": [""Cẳng chân"", ""Cổ chân"", ""Mu bàn chân"", ""Hai bên"", ""Lan tỏa""],
    ""Characteristics"": [""Da căng bóng"", ""Da khô"", ""Móng dày vàng""]
  }
}",
Venous eczema/acute-lipodermatosclerosis-01.jpg,Venous eczema,Venous eczema,P2_OK,P1_OK,"Mảng hồng ban, Mảng trợt
Đỏ tươi, Đỏ hồng
Bất quy tắc, Ranh giới không rõ
Cẳng chân, Hai bên, Đối xứng
Bong vảy, Vảy trắng, Phù nề",P2_OK,"{
  ""JSON_EXTRACTION"": {
    ""Category"": ""Venous eczema"",
    ""Lesion_Type"": [""Mảng hồng ban"", ""Mảng trợt""],
    ""Colour"": [""Đỏ tươi"", ""Đỏ hồng""],
    ""Shape"": [""Bất quy tắc""],
    ""Distribution"": [""Cẳng chân"", ""Hai bên"", ""Đối xứng""],
    ""Characteristics"": [""Bong vảy"", ""Vảy trắng"", ""Phù nề""]
  }
}",
Venous eczema/acute-lipodermatosclerosis-02.jpg,Venous eczema,Venous eczema,P2_OK,P1_OK,"Mảng hồng ban, Phù nề
Đỏ tươi, Đỏ hồng
Bất quy tắc, Ranh giới khá rõ
Cẳng chân, Hai bên, Đối xứng
Da căng bóng, Bong vảy nhẹ",P2_OK,"{
  ""JSON_EXTRACTION"": {
    ""Category"": ""Venous eczema"",
    ""Lesion_Type"": [""Mảng hồng ban"", ""Phù nề""],
    ""Colour"": [""Đỏ tươi"", ""Đỏ hồng""],
    ""Shape"": [""Bất quy tắc"", ""Ranh giới rõ""],
    ""Distribution"": [""Cẳng chân"", ""Hai bên"", ""Đối xứng""],
    ""Characteristics"": [""Da căng bóng"", ""Bong vảy nhẹ""]
  }
}",
Venous eczema/acute-lipodermatosclerosis-03.jpg,Venous eczema,Venous eczema,P2_OK,P1_OK,"Mảng hồng ban, Phù nề
Đỏ tươi, Đỏ hồng
Bất quy tắc, Ranh giới không rõ
Cẳng chân, Hai bên, Lan tỏa
Bong vảy mịn, Da căng bóng",P2_OK,"{""JSON_EXTRACTION"":{""Category"":""Venous eczema"",""Lesion_Type"":[""Mảng hồng ban"",""Phù nề""],""Colour"":[""Đỏ tươi"",""Đỏ hồng""],""Shape"":[""Bất quy tắc""],""Distribution"":[""Cẳng chân"",""Hai bên"",""Lan tỏa""],""Characteristics"":[""Bong vảy mịn"",""Da căng bóng""]}}",
Venous eczema/acute-lipodermatosclerosis-04.jpg,Venous eczema,Venous eczema,P2_OK,P1_OK,"Mảng hồng ban, Sẩn hồng ban
Đỏ tươi, Đỏ hồng
Bất quy tắc, Ranh giới không rõ
Cẳng chân, Cổ chân, Hai bên, Đối xứng
Bong vảy, Phù nề, Trợt da, Đóng mài",P2_OK,"{
  ""JSON_EXTRACTION"": {
    ""Category"": ""Venous eczema"",
    ""Lesion_Type"": [""Mảng hồng ban"", ""Sẩn hồng ban""],
    ""Colour"": [""Đỏ tươi"", ""Đỏ hồng""],
    ""Shape"": [""Bất quy tắc"", ""Ranh giới không rõ""],
    ""Distribution"": [""Cẳng chân"", ""Cổ chân"", ""Hai bên"", ""Đối xứng""],
    ""Characteristics"": [""Bong vảy"", ""Phù nề"", ""Trợt da"", ""Đóng mài""]
  }
}",
Venous eczema/acute-lipodermatosclerosis-05.jpg,Venous eczema,Venous eczema,P2_OK,P1_OK,"Mảng hồng ban, Phù nề
Đỏ hồng, Đỏ tươi
Bất quy tắc, Ranh giới không rõ
Cẳng chân, Lan tỏa
Bong vảy mịn, Bề mặt bóng, Da dày nhẹ",P2_OK,"{
  ""JSON_EXTRACTION"": {
    ""Category"": ""Venous eczema"",
    ""Lesion_Type"": [""Mảng hồng ban"", ""Phù nề""],
    ""Colour"": [""Đỏ hồng"", ""Đỏ tươi""],
    ""Shape"": [""Bất quy tắc""],
    ""Distribution"": [""Cẳng chân"", ""Lan tỏa""],
    ""Characteristics"": [""Bong vảy mịn"", ""Bề mặt bóng"", ""Da dày nhẹ""]
  }
}",
Venous eczema/acute-lipodermatosclerosis-06.jpg,Venous eczema,Venous eczema,P2_OK,P1_OK,"Mảng hồng ban, Phù nề
Đỏ hồng, Đỏ tươi
Bất quy tắc, Ranh giới không rõ
Cẳng chân, Bàn chân, Hai bên, Đối xứng
Sưng nề, Bong vảy mịn, Da dày",P2_OK,"{
  ""JSON_EXTRACTION"": {
    ""Category"": ""Venous eczema"",
    ""Lesion_Type"": [""Mảng hồng ban"", ""Phù nề""],
    ""Colour"": [""Đỏ hồng"", ""Đỏ tươi""],
    ""Shape"": [""Bất quy tắc"", ""Ranh giới mờ""],
    ""Distribution"": [""Cẳng chân"", ""Bàn chân"", ""Hai bên"", ""Đối xứng""],
    ""Characteristics"": [""Sưng nề"", ""Bong vảy mịn"", ""Da dày""]
  }
}",
Venous eczema/acute-lipodermatosclerosis-07.jpg,Venous eczema,Venous eczema,P2_OK,P1_OK,"Mảng hồng ban, Phù nề
Đỏ hồng, Đỏ sẫm
Bất quy tắc, Lan tỏa, Ranh giới không rõ
Cẳng chân, Hai bên, Đối xứng
Da căng bóng, Chấm xuất huyết, Bong vảy nhẹ",P2_OK,"{
  ""JSON_EXTRACTION"": {
    ""Category"": ""Venous eczema"",
    ""Lesion_Type"": [""Mảng hồng ban"", ""Phù nề""],
    ""Colour"": [""Đỏ hồng"", ""Đỏ sẫm""],
    ""Shape"": [""Bất quy tắc"", ""Lan tỏa""],
    ""Distribution"": [""Cẳng chân"", ""Hai bên"", ""Đối xứng""],
    ""Characteristics"": [""Da căng bóng"", ""Chấm xuất huyết"", ""Bong vảy nhẹ""]
  }
}",
Venous eczema/acute-lipodermatosclerosis-09.jpg,Venous eczema,Venous eczema,P2_OK,P1_OK,"Mảng hồng ban, Phù nề
Đỏ hồng, Đỏ sẫm
Bất quy tắc, Ranh giới tương đối rõ
Cẳng chân, Bàn chân, Hai bên, Đối xứng
Da căng bóng, Bong vảy nhẹ",P2_OK,"{
  ""JSON_EXTRACTION"": {
    ""Category"": ""Venous eczema"",
    ""Lesion_Type"": [""Mảng hồng ban"", ""Phù nề""],
    ""Colour"": [""Đỏ hồng"", ""Đỏ sẫm""],
    ""Shape"": [""Bất quy tắc"", ""Ranh giới rõ""],
    ""Distribution"": [""Cẳng chân"", ""Bàn chân"", ""Hai bên"", ""Đối xứng""],
    ""Characteristics"": [""Da căng bóng"", ""Bong vảy nhẹ""]
  }
}",
Venous eczema/acute-lipodermatosclerosis-10.jpg,Venous eczema,Venous eczema,P2_OK,P1_OK,"Mảng hồng ban, Mảng tăng sắc tố
Đỏ tím, Nâu đỏ, Nâu sẫm
Bất quy tắc, Ranh giới không rõ
Cẳng chân hai bên, Đối xứng, Khu trú
Da bóng, Phù nề, Xơ cứng da",P2_OK,"{
  ""JSON_EXTRACTION"": {
    ""Category"": ""Venous eczema"",
    ""Lesion_Type"": [""Mảng hồng ban"", ""Mảng tăng sắc tố""],
    ""Colour"": [""Đỏ tím"", ""Nâu đỏ"", ""Nâu sẫm""],
    ""Shape"": [""Bất quy tắc"", ""Ranh giới mờ""],
    ""Distribution"": [""Cẳng chân hai bên"", ""Đối xứng"", ""Khu trú""],
    ""Characteristics"": [""Da bóng"", ""Phù nề"", ""Xơ cứng da""]
  }
}",
Venous eczema/acute-lipodermatosclerosis-11.jpg,Venous eczema,Venous eczema,P2_OK,P1_OK,"Mảng hồng ban, Mảng đỏ lan tỏa
Đỏ hồng, Đỏ tím
Bất quy tắc, Ranh giới không rõ
Cẳng chân, Bắp chân, Hai bên, Đối xứng
Phù nề, Da căng bóng",P2_OK,"{
  ""JSON_EXTRACTION"": {
    ""Category"": ""Venous eczema"",
    ""Lesion_Type"": [""Mảng hồng ban"", ""Mảng đỏ""],
    ""Colour"": [""Đỏ hồng"", ""Đỏ tím""],
    ""Shape"": [""Bất quy tắc""],
    ""Distribution"": [""Cẳng chân"", ""Bắp chân"", ""Hai bên"", ""Đối xứng"", ""Lan tỏa""],
    ""Characteristics"": [""Phù nề"", ""Da căng bóng""]
  }
}",
Venous eczema/acute-lipodermatosclerosis-12.jpg,Venous eczema,Venous eczema,P2_OK,P1_OK,"Mảng hồng ban, Mảng tăng sắc tố
Đỏ tím, Nâu đỏ
Bất quy tắc, Ranh giới không rõ
Cẳng chân hai bên, Đối xứng, Khu trú vùng cổ chân
Phù nề, Da bóng, Khô da",P2_OK,"{
  ""JSON_EXTRACTION"": {
    ""Category"": ""Venous eczema"",
    ""Lesion_Type"": [""Mảng hồng ban"", ""Mảng tăng sắc tố""],
    ""Colour"": [""Đỏ tím"", ""Nâu đỏ""],
    ""Shape"": [""Bất quy tắc"", ""Ranh giới mờ""],
    ""Distribution"": [""Cẳng chân"", ""Hai bên"", ""Đối xứng"", ""Cổ chân"", ""Khu trú""],
    ""Characteristics"": [""Phù nề"", ""Da bóng"", ""Khô da""]
  }
}",
Venous eczema/acute-lipodermatosclerosis-13.jpg,Venous eczema,Venous eczema,P2_OK,P1_OK,"Mảng hồng ban, Mảng tăng sắc tố
Đỏ tím, Nâu đỏ, Hồng nhạt
Bất quy tắc, Ranh giới không rõ
Cẳng chân, Cổ chân, Khu trú
Phù nề, Khô da, Bong vảy mịn",P2_OK,"{
  ""JSON_EXTRACTION"": {
    ""Category"": ""Venous eczema"",
    ""Lesion_Type"": [""Mảng hồng ban"", ""Mảng tăng sắc tố""],
    ""Colour"": [""Đỏ tím"", ""Nâu đỏ"", ""Hồng nhạt""],
    ""Shape"": [""Bất quy tắc"", ""Ranh giới mờ""],
    ""Distribution"": [""Cẳng chân"", ""Cổ chân"", ""Khu trú""],
    ""Characteristics"": [""Phù nề"", ""Khô da"", ""Bong vảy mịn""]
  }
}",
Venous eczema/acute-lipodermatosclerosis-14.jpg,Venous eczema,Venous eczema,P2_OK,P1_OK,"Mảng hồng ban, Phù nề
Đỏ nâu, Hồng tím
Lan tỏa, Bất quy tắc, Ranh giới không rõ
Hai cẳng chân, Đối xứng, Mặt trước
Da khô, Bong vảy mịn, Dày da",P2_OK,"{
  ""JSON_EXTRACTION"": {
    ""Category"": ""Venous eczema"",
    ""Lesion_Type"": [""Mảng hồng ban"", ""Phù nề""],
    ""Colour"": [""Đỏ nâu"", ""Hồng tím""],
    ""Shape"": [""Bất quy tắc"", ""Ranh giới mờ""],
    ""Distribution"": [""Hai cẳng chân"", ""Đối xứng"", ""Mặt trước"", ""Lan tỏa""],
    ""Characteristics"": [""Da khô"", ""Bong vảy mịn"", ""Dày da""]
  }
}",
Venous eczema/acute-lipodermatosclerosis-15.jpg,Venous eczema,Venous eczema,P2_OK,P1_OK,"Mảng hồng ban, Mảng tăng sắc tố
Đỏ hồng, Nâu đỏ, Da màu
Bất quy tắc, Ranh giới không rõ
Hai cẳng chân, Mặt sau, Đối xứng, Lan tỏa
Da khô, Bong vảy mịn, Dày da nhẹ, Nếp da rõ",P2_OK,"{
  ""JSON_EXTRACTION"": {
    ""Category"": ""Venous eczema"",
    ""Lesion_Type"": [""Mảng hồng ban"", ""Mảng tăng sắc tố""],
    ""Colour"": [""Đỏ hồng"", ""Nâu đỏ"", ""Da màu""],
    ""Shape"": [""Bất quy tắc""],
    ""Distribution"": [""Hai cẳng chân"", ""Mặt sau"", ""Đối xứng"", ""Lan tỏa""],
    ""Characteristics"": [""Da khô"", ""Bong vảy mịn"", ""Dày da nhẹ"", ""Nếp da rõ""]
  }
}",
Venous eczema/acute-lipodermatosclerosis-16.jpg,Venous eczema,Venous eczema,P2_OK,P1_OK,"Mảng hồng ban, Mảng thâm đỏ
Đỏ nâu, Đỏ tím, Nâu sẫm
Bất quy tắc, Ranh giới không rõ
Cẳng chân, Cổ chân, Hai bên
Bong vảy, Dày da, Phù nề",P2_OK,"{
  ""JSON_EXTRACTION"": {
    ""Category"": ""Venous eczema"",
    ""Lesion_Type"": [""Mảng hồng ban"", ""Mảng thâm đỏ""],
    ""Colour"": [""Đỏ nâu"", ""Đỏ tím"", ""Nâu sẫm""],
    ""Shape"": [""Bất quy tắc""],
    ""Distribution"": [""Cẳng chân"", ""Cổ chân"", ""Hai bên""],
    ""Characteristics"": [""Bong vảy"", ""Dày da"", ""Phù nề""]
  }
}",
Venous eczema/acute-lipodermatosclerosis-17.jpg,Venous eczema,Venous eczema,P2_OK,P1_OK,"Mảng hồng ban, Phù nề
Đỏ tươi, Đỏ hồng, Tím xám
Lan tỏa, Bất quy tắc, Ranh giới không rõ
Cẳng chân, Hai bên, Đối xứng
Da bóng, Sưng nề, Vảy mỏng",P2_OK,"{
  ""JSON_EXTRACTION"": {
    ""Category"": ""Venous eczema"",
    ""Lesion_Type"": [""Mảng hồng ban"", ""Phù nề""],
    ""Colour"": [""Đỏ tươi"", ""Đỏ hồng"", ""Tím xám""],
    ""Shape"": [""Bất quy tắc""],
    ""Distribution"": [""Lan tỏa"", ""Cẳng chân"", ""Hai bên"", ""Đối xứng""],
    ""Characteristics"": [""Da bóng"", ""Sưng nề"", ""Vảy mỏng""]
  }
}",
Venous eczema/acute-lipodermatosclerosis-18.jpg,Venous eczema,Venous eczema,P2_OK,P1_OK,"Mảng hồng ban, Dát tăng sắc tố
Đỏ nâu, Nâu đồng, Hồng tím
Bất quy tắc, Lan tỏa, Ranh giới không rõ
Cẳng chân, Hai bên, Đối xứng
Da bóng, Bong vảy mịn, Giãn mạch nhỏ",P2_OK,"{
  ""JSON_EXTRACTION"": {
    ""Category"": ""Venous eczema"",
    ""Lesion_Type"": [""Mảng hồng ban"", ""Dát tăng sắc tố""],
    ""Colour"": [""Đỏ nâu"", ""Nâu đồng"", ""Hồng tím""],
    ""Shape"": [""Bất quy tắc"", ""Ranh giới mờ""],
    ""Distribution"": [""Cẳng chân"", ""Hai bên"", ""Đối xứng"", ""Lan tỏa""],
    ""Characteristics"": [""Da bóng"", ""Bong vảy mịn"", ""Giãn mạch nhỏ""]
  }
}",
Venous eczema/acute-lipodermatosclerosis-19.jpg,Venous eczema,Venous eczema,P2_OK,P1_OK,"Mảng hồng ban, Phù nề
Đỏ hồng, Đỏ nhạt
Lan tỏa, Ranh giới không rõ
Bàn chân, Cổ chân, Hai bên
Bong vảy mịn, Dày da, Nếp gấp sâu",P2_OK,"{
  ""JSON_EXTRACTION"": {
    ""Category"": ""Venous eczema"",
    ""Lesion_Type"": [""Mảng hồng ban""],
    ""Colour"": [""Đỏ hồng"", ""Đỏ nhạt""],
    ""Shape"": [""Ranh giới mờ""],
    ""Distribution"": [""Lan tỏa"", ""Bàn chân"", ""Cổ chân"", ""Hai bên""],
    ""Characteristics"": [""Phù nề"", ""Bong vảy mịn"", ""Dày da"", ""Nếp gấp sâu""]
  }
}",
Venous eczema/acute-lipodermatosclerosis-20.jpg,Venous eczema,Venous eczema,P2_OK,P1_OK,"Mảng hồng ban, Vết loét hoại tử
Đỏ tươi, Đỏ hồng, Đen
Bất quy tắc, Ranh giới mờ
Cẳng chân, Khu trú
Sưng nề, Mài đen, Quầng đỏ",P2_OK,"{
  ""JSON_EXTRACTION"": {
    ""Category"": ""Venous eczema"",
    ""Lesion_Type"": [""Mảng hồng ban"", ""Vết loét hoại tử""],
    ""Colour"": [""Đỏ tươi"", ""Đỏ hồng"", ""Đen""],
    ""Shape"": [""Bất quy tắc"", ""Ranh giới mờ""],
    ""Distribution"": [""Cẳng chân"", ""Khu trú""],
    ""Characteristics"": [""Sưng nề"", ""Mài đen"", ""Quầng đỏ""]
  }
}",
Venous eczema/acute-lipodermatosclerosis-21.jpg,Venous eczema,Venous eczema,P2_OK,P1_OK,"Mảng hồng ban, Phù nề
Đỏ hồng, Đỏ nhạt
Bất quy tắc, Ranh giới không rõ
Cẳng chân, Một bên, Khu trú
Sưng nề, Da căng, Không vảy",P2_OK,"{
  ""JSON_EXTRACTION"": {
    ""Category"": ""Venous eczema"",
    ""Lesion_Type"": [""Mảng hồng ban"", ""Phù nề""],
    ""Colour"": [""Đỏ hồng"", ""Đỏ nhạt""],
    ""Shape"": [""Bất quy tắc"", ""Ranh giới mờ""],
    ""Distribution"": [""Cẳng chân"", ""Một bên"", ""Khu trú""],
    ""Characteristics"": [""Sưng nề"", ""Da căng""]
  }
}",
Venous eczema/acute-lipodermatosclerosis-22.jpg,Venous eczema,Venous eczema,P2_OK,P1_OK,"Mảng hồng ban, Mảng tăng sắc tố
Đỏ hồng, Nâu tím
Bất quy tắc, Ranh giới không rõ
Cẳng chân, Cổ chân, Khu trú
Phù nề, Giãn tĩnh mạch, Khô da",P2_OK,"{
  ""JSON_EXTRACTION"": {
    ""Category"": ""Venous eczema"",
    ""Lesion_Type"": [""Mảng hồng ban"", ""Mảng tăng sắc tố""],
    ""Colour"": [""Đỏ hồng"", ""Nâu tím""],
    ""Shape"": [""Bất quy tắc"", ""Ranh giới mờ""],
    ""Distribution"": [""Cẳng chân"", ""Cổ chân"", ""Khu trú""],
    ""Characteristics"": [""Phù nề"", ""Giãn tĩnh mạch"", ""Khô da""]
  }
}",
Venous eczema/acute-lipodermatosclerosis-23.jpg,Venous eczema,Venous eczema,P2_OK,P1_OK,"Mảng hồng ban, Phù nề
Đỏ hồng, Đỏ nhạt, Bóng
Bất quy tắc, Ranh giới không rõ
Cẳng chân, Hai bên, Đối xứng
Da căng bóng, Sưng nề, Ít vảy",P2_OK,"{
  ""JSON_EXTRACTION"": {
    ""Category"": ""Venous eczema"",
    ""Lesion_Type"": [""Mảng hồng ban"", ""Phù nề""],
    ""Colour"": [""Đỏ hồng"", ""Đỏ nhạt""],
    ""Shape"": [""Bất quy tắc""],
    ""Distribution"": [""Cẳng chân"", ""Hai bên"", ""Đối xứng""],
    ""Characteristics"": [""Da căng bóng"", ""Sưng nề"", ""Ít vảy""]
  }
}",
Venous eczema/acute-lipodermatosclerosis-24.jpg,Venous eczema,Venous eczema,P2_OK,P1_OK,"Mảng hồng ban, Đốm xuất huyết, Mảng tăng sắc tố
Đỏ hồng, Đỏ nâu, Nâu sẫm
Bất quy tắc, Lan tỏa, Ranh giới không rõ
Cẳng chân, Hai bên, Đối xứng
Da bóng, Phù nề, Tăng sắc tố, Chấm xuất huyết",P2_OK,"{
  ""JSON_EXTRACTION"": {
    ""Category"": ""Venous eczema"",
    ""Lesion_Type"": [""Mảng hồng ban"", ""Đốm xuất huyết"", ""Mảng tăng sắc tố""],
    ""Colour"": [""Đỏ hồng"", ""Đỏ nâu"", ""Nâu sẫm""],
    ""Shape"": [""Bất quy tắc""],
    ""Distribution"": [""Cẳng chân"", ""Hai bên"", ""Đối xứng"", ""Lan tỏa""],
    ""Characteristics"": [""Da bóng"", ""Phù nề"", ""Tăng sắc tố"", ""Chấm xuất huyết""]
  }
}",
Venous eczema/acute-lipodermatosclerosis-25.jpg,Venous eczema,Venous eczema,P2_OK,P1_OK,"Mảng hồng ban, Phù nề
Đỏ hồng, Đỏ tím
Bất quy tắc, Ranh giới không rõ
Cẳng chân, Cổ chân, Mu bàn chân, Khu trú
Da căng bóng, Sưng nề, Bong vảy mịn",P2_OK,"{
  ""JSON_EXTRACTION"": {
    ""Category"": ""Venous eczema"",
    ""Lesion_Type"": [""Mảng hồng ban"", ""Phù nề""],
    ""Colour"": [""Đỏ hồng"", ""Đỏ tím""],
    ""Shape"": [""Bất quy tắc"", ""Ranh giới mờ""],
    ""Distribution"": [""Cẳng chân"", ""Cổ chân"", ""Mu bàn chân"", ""Khu trú""],
    ""Characteristics"": [""Da căng bóng"", ""Sưng nề"", ""Bong vảy mịn""]
  }
}",
Venous eczema/chronic-lipodermatosclerosis-26.jpg,Venous eczema,Venous eczema,P2_OK,P1_OK,"Mảng tăng sắc tố, Phù nề
Nâu sẫm, Nâu đỏ
Bất quy tắc, Ranh giới không rõ
Cẳng chân, Cổ chân, Khu trú
Dày da, Nếp gấp da, Khô da",P2_OK,"{
  ""JSON_EXTRACTION"": {
    ""Category"": ""Venous eczema"",
    ""Lesion_Type"": [""Mảng tăng sắc tố"", ""Phù nề""],
    ""Colour"": [""Nâu sẫm"", ""Nâu đỏ""],
    ""Shape"": [""Bất quy tắc"", ""Ranh giới mờ""],
    ""Distribution"": [""Cẳng chân"", ""Cổ chân"", ""Khu trú""],
    ""Characteristics"": [""Dày da"", ""Nếp gấp da"", ""Khô da""]
  }
}",
Venous eczema/chronic-lipodermatosclerosis-27.jpg,Venous eczema,Venous eczema,P2_OK,P1_OK,"Mảng hồng ban, Mảng phù nề
Đỏ hồng, Tím nhạt
Bất quy tắc, Ranh giới khá rõ
Cẳng chân, Khu trú
Da căng bóng, Sưng nề, Chấm xuất huyết nhỏ",P2_OK,"{
  ""JSON_EXTRACTION"": {
    ""Category"": ""Venous eczema"",
    ""Lesion_Type"": [""Mảng hồng ban"", ""Mảng phù nề""],
    ""Colour"": [""Đỏ hồng"", ""Tím nhạt""],
    ""Shape"": [""Bất quy tắc"", ""Ranh giới rõ""],
    ""Distribution"": [""Cẳng chân"", ""Khu trú""],
    ""Characteristics"": [""Da căng bóng"", ""Sưng nề"", ""Chấm xuất huyết nhỏ""]
  }
}",
Venous eczema/chronic-lipodermatosclerosis-28.jpg,Venous eczema,Venous eczema,P2_OK,P1_OK,"Mảng hồng ban, Sẩn đỏ
Đỏ nâu, Hồng đỏ
Bất quy tắc, Ranh giới không rõ
Cẳng chân, Hai bên, Lan tỏa
Bong vảy, Khô da, Vảy tiết",P2_OK,"{
  ""JSON_EXTRACTION"": {
    ""Category"": ""Venous eczema"",
    ""Lesion_Type"": [""Mảng hồng ban"", ""Sẩn đỏ""],
    ""Colour"": [""Đỏ nâu"", ""Hồng đỏ""],
    ""Shape"": [""Bất quy tắc"", ""Ranh giới không rõ""],
    ""Distribution"": [""Cẳng chân"", ""Hai bên"", ""Lan tỏa""],
    ""Characteristics"": [""Bong vảy"", ""Khô da"", ""Vảy tiết""]
  }
}",
Venous eczema/chronic-lipodermatosclerosis-29.jpg,Venous eczema,Venous eczema,P2_OK,P1_OK,"Mảng hồng ban, Phù nề
Đỏ hồng, Đỏ sẫm
Lan tỏa, Ranh giới không rõ
Cẳng chân, Hai bên, Đối xứng
Bong vảy, Da khô, Dày da",P2_OK,"{
  ""JSON_EXTRACTION"": {
    ""Category"": ""Venous eczema"",
    ""Lesion_Type"": [""Mảng hồng ban"", ""Phù nề""],
    ""Colour"": [""Đỏ hồng"", ""Đỏ sẫm""],
    ""Shape"": [""Ranh giới mờ""],
    ""Distribution"": [""Lan tỏa"", ""Cẳng chân"", ""Hai bên"", ""Đối xứng""],
    ""Characteristics"": [""Bong vảy"", ""Da khô"", ""Dày da""]
  }
}",
Venous eczema/chronic-lipodermatosclerosis-30.jpg,Venous eczema,Venous eczema,P2_OK,P1_OK,"Mảng hồng ban
Đỏ nâu, Đỏ hồng
Bất quy tắc, Ranh giới không rõ
Cẳng chân, Lan tỏa
Bong vảy, Vảy khô, Dày da",P2_OK,"{
  ""JSON_EXTRACTION"": {
    ""Category"": ""Venous eczema"",
    ""Lesion_Type"": [""Mảng hồng ban""],
    ""Colour"": [""Đỏ nâu"", ""Đỏ hồng""],
    ""Shape"": [""Bất quy tắc""],
    ""Distribution"": [""Cẳng chân"", ""Lan tỏa""],
    ""Characteristics"": [""Bong vảy"", ""Vảy khô"", ""Dày da""]
  }
}",
Venous eczema/chronic-lipodermatosclerosis-31.jpg,Venous eczema,Venous eczema,P2_OK,P1_OK,"Mảng hồng ban, Sẩn nhỏ, Phù nề
Đỏ hồng, Đỏ nâu
Lan tỏa, Bất quy tắc, Ranh giới không rõ
Cẳng chân, Mu bàn chân, Hai bên, Đối xứng
Da dày, Bong vảy mịn, Sần sùi, Phù nề",P2_OK,"{
  ""JSON_EXTRACTION"": {
    ""Category"": ""Venous eczema"",
    ""Lesion_Type"": [""Mảng hồng ban"", ""Sẩn nhỏ"", ""Phù nề""],
    ""Colour"": [""Đỏ hồng"", ""Đỏ nâu""],
    ""Shape"": [""Bất quy tắc"", ""Ranh giới mờ""],
    ""Distribution"": [""Lan tỏa"", ""Cẳng chân"", ""Mu bàn chân"", ""Hai bên"", ""Đối xứng""],
    ""Characteristics"": [""Da dày"", ""Bong vảy mịn"", ""Sần sùi"", ""Phù nề""]
  }
}",
Venous eczema/chronic-lipodermatosclerosis-32.jpg,Venous eczema,Venous eczema,P2_OK,P1_OK,"Mảng hồng ban, Phù nề
Đỏ hồng, Đỏ nâu
Bất quy tắc, Ranh giới không rõ
Cẳng chân hai bên, Đối xứng, Lan tỏa
Da khô, Bong vảy mịn, Sưng nề",P2_OK,"{
  ""JSON_EXTRACTION"": {
    ""Category"": ""Venous eczema"",
    ""Lesion_Type"": [""Mảng hồng ban"", ""Phù nề""],
    ""Colour"": [""Đỏ hồng"", ""Đỏ nâu""],
    ""Shape"": [""Bất quy tắc"", ""Ranh giới mờ""],
    ""Distribution"": [""Cẳng chân"", ""Hai bên"", ""Đối xứng"", ""Lan tỏa""],
    ""Characteristics"": [""Da khô"", ""Bong vảy mịn"", ""Sưng nề""]
  }
}",
Venous eczema/chronic-lipodermatosclerosis-33.jpg,Venous eczema,Venous eczema,P2_OK,P1_OK,"Loét nông, Mảng trợt, Mảng giảm sắc tố
Hồng nhạt, Vàng nhạt, Nâu đen
Bất quy tắc, Ranh giới không đều
Cổ chân, Cẳng chân dưới, Khu trú
Vảy tiết vàng, Rỉ dịch, Tăng sắc tố xung quanh",P2_OK,"{
  ""JSON_EXTRACTION"": {
    ""Category"": ""Venous eczema"",
    ""Lesion_Type"": [""Loét nông"", ""Mảng trợt"", ""Mảng giảm sắc tố""],
    ""Colour"": [""Hồng nhạt"", ""Vàng nhạt"", ""Nâu đen""],
    ""Shape"": [""Bất quy tắc"", ""Không đều""],
    ""Distribution"": [""Cổ chân"", ""Cẳng chân dưới"", ""Khu trú""],
    ""Characteristics"": [""Vảy tiết vàng"", ""Rỉ dịch"", ""Tăng sắc tố""]
  }
}",
Venous eczema/grav-derm-alt-v2.jpg,Venous eczema,Venous eczema,P2_OK,P1_OK,"Mảng hồng ban, Sẩn đỏ
Đỏ hồng, Trắng xám, Nâu tím
Bất quy tắc, Ranh giới không rõ
Cẳng chân, Mặt trước, Khu trú
Bong vảy, Vảy khô, Trợt nông, Dày da",P2_OK,"{
  ""JSON_EXTRACTION"": {
    ""Category"": ""Venous eczema"",
    ""Lesion_Type"": [""Mảng hồng ban"", ""Sẩn đỏ""],
    ""Colour"": [""Đỏ hồng"", ""Trắng xám"", ""Nâu tím""],
    ""Shape"": [""Bất quy tắc"", ""Ranh giới mờ""],
    ""Distribution"": [""Cẳng chân"", ""Mặt trước"", ""Khu trú""],
    ""Characteristics"": [""Bong vảy"", ""Vảy khô"", ""Trợt nông"", ""Dày da""]
  }
}",
Venous eczema/lds1.jpg,Venous eczema,Venous eczema,P2_OK,P1_OK,"Mảng tăng sắc tố, Mảng hồng tím
Nâu sẫm, Tím nâu, Đỏ tím
Bất quy tắc, Ranh giới không rõ
Cẳng chân, Cổ chân, Khu trú
Dày da, Vảy mịn, Bề mặt bóng",P2_OK,"{
  ""JSON_EXTRACTION"": {
    ""Category"": ""Venous eczema"",
    ""Lesion_Type"": [""Mảng tăng sắc tố"", ""Mảng hồng tím""],
    ""Colour"": [""Nâu sẫm"", ""Tím nâu"", ""Đỏ tím""],
    ""Shape"": [""Bất quy tắc"", ""Ranh giới mờ""],
    ""Distribution"": [""Cẳng chân"", ""Cổ chân"", ""Khu trú""],
    ""Characteristics"": [""Dày da"", ""Vảy mịn"", ""Bề mặt bóng""]
  }
}",
Venous eczema/lds2.jpg,Venous eczema,Venous eczema,P2_OK,P1_OK,"Mảng dày da, Mảng tăng sắc tố, Sẩn rải rác
Nâu đỏ, Nâu sẫm, Hồng tím
Bất quy tắc, Ranh giới không rõ
Cẳng chân, Cổ chân, Khu trú
Da dày, Bong vảy, Đóng mày, Trợt nông",P2_OK,"{
  ""JSON_EXTRACTION"": {
    ""Category"": ""Venous eczema"",
    ""Lesion_Type"": [""Mảng dày da"", ""Mảng tăng sắc tố"", ""Sẩn""],
    ""Colour"": [""Nâu đỏ"", ""Nâu sẫm"", ""Hồng tím""],
    ""Shape"": [""Bất quy tắc""],
    ""Distribution"": [""Cẳng chân"", ""Cổ chân"", ""Khu trú"", ""Rải rác""],
    ""Characteristics"": [""Da dày"", ""Bong vảy"", ""Đóng mày"", ""Trợt nông""]
  }
}",
Venous eczema/lds3.jpg,Venous eczema,Venous eczema,P2_OK,P1_OK,"Mảng tăng sắc tố, Dát hồng nâu
Nâu sẫm, Đỏ nâu, Tím nâu
Bất quy tắc, Ranh giới không rõ
Cẳng chân, Cổ chân, Lan tỏa
Da khô, Bong vảy mịn, Da bóng",P2_OK,"{
  ""JSON_EXTRACTION"": {
    ""Category"": ""Venous eczema"",
    ""Lesion_Type"": [""Mảng tăng sắc tố"", ""Dát hồng nâu""],
    ""Colour"": [""Nâu sẫm"", ""Đỏ nâu"", ""Tím nâu""],
    ""Shape"": [""Bất quy tắc""],
    ""Distribution"": [""Cẳng chân"", ""Cổ chân"", ""Lan tỏa""],
    ""Characteristics"": [""Da khô"", ""Bong vảy mịn"", ""Da bóng""]
  }
}",
Venous eczema/lds4.jpg,Venous eczema,Venous eczema,P2_OK,P1_OK,"Mảng tăng sắc tố, Mảng hồng ban, Da dày
Nâu sẫm, Đỏ nâu, Trắng xám
Bất quy tắc, Ranh giới không rõ, Lan tỏa
Cẳng chân dưới, Cổ chân, Khu trú
Bong vảy mịn, Khô da, Dày da, Nếp da sâu",P2_OK,"{
  ""JSON_EXTRACTION"": {
    ""Category"": ""Venous eczema"",
    ""Lesion_Type"": [""Mảng tăng sắc tố"", ""Mảng hồng ban""],
    ""Colour"": [""Nâu sẫm"", ""Đỏ nâu"", ""Trắng xám""],
    ""Shape"": [""Bất quy tắc"", ""Ranh giới không rõ"", ""Lan tỏa""],
    ""Distribution"": [""Cẳng chân dưới"", ""Cổ chân"", ""Khu trú""],
    ""Characteristics"": [""Bong vảy mịn"", ""Khô da"", ""Dày da"", ""Nếp da sâu""]
  }
}",
Venous eczema/lds5.jpg,Venous eczema,Venous eczema,P2_OK,P1_OK,"Mảng hồng ban, Dát tăng sắc tố
Đỏ nâu, Nâu vàng
Bất quy tắc, Ranh giới không rõ
Cẳng chân hai bên, Đối xứng, Lan tỏa
Bong vảy mịn, Khô da, Dày da",P2_OK,"{
  ""JSON_EXTRACTION"": {
    ""Category"": ""Venous eczema"",
    ""Lesion_Type"": [""Mảng hồng ban"", ""Dát tăng sắc tố""],
    ""Colour"": [""Đỏ nâu"", ""Nâu vàng""],
    ""Shape"": [""Bất quy tắc"", ""Ranh giới mờ""],
    ""Distribution"": [""Cẳng chân"", ""Hai bên"", ""Đối xứng"", ""Lan tỏa""],
    ""Characteristics"": [""Bong vảy mịn"", ""Khô da"", ""Dày da""]
  }
}",
Venous eczema/lds6.jpg,Venous eczema,Venous eczema,P2_OK,P1_OK,"Mảng hồng ban, Mảng tăng sắc tố
Đỏ nâu, Nâu vàng, Tím nhạt
Bất quy tắc, Ranh giới không rõ
Cẳng chân, Hai bên, Lan tỏa
Da khô, Bong vảy mịn, Dày da",P2_OK,"{
  ""JSON_EXTRACTION"": {
    ""Category"": ""Venous eczema"",
    ""Lesion_Type"": [""Mảng hồng ban"", ""Mảng tăng sắc tố""],
    ""Colour"": [""Đỏ nâu"", ""Nâu vàng"", ""Tím nhạt""],
    ""Shape"": [""Bất quy tắc"", ""Ranh giới mờ""],
    ""Distribution"": [""Cẳng chân"", ""Hai bên"", ""Lan tỏa""],
    ""Characteristics"": [""Da khô"", ""Bong vảy mịn"", ""Dày da""]
  }
}",
Venous eczema/lipodermat.jpg,Venous eczema,Venous eczema,P2_OK,P1_OK,"Mảng hồng ban, Mảng dày da
Đỏ nâu, Nâu sẫm, Trắng xám
Bất quy tắc, Ranh giới không rõ
Cẳng chân hai bên, Đối xứng, Lan tỏa
Bong vảy, Dày da, Phù nề",P2_OK,"{
  ""JSON_EXTRACTION"": {
    ""Category"": ""Venous eczema"",
    ""Lesion_Type"": [""Mảng hồng ban"", ""Mảng dày da""],
    ""Colour"": [""Đỏ nâu"", ""Nâu sẫm"", ""Trắng xám""],
    ""Shape"": [""Bất quy tắc"", ""Ranh giới mờ""],
    ""Distribution"": [""Cẳng chân"", ""Hai bên"", ""Đối xứng"", ""Lan tỏa""],
    ""Characteristics"": [""Bong vảy"", ""Dày da"", ""Phù nề""]
  }
}",
Venous eczema/lipodermatosclerosis.jpg,Venous eczema,Venous eczema,P2_OK,P1_OK,"Mảng hồng ban, Phù nề
Đỏ hồng, Đỏ tím, Nâu sẫm
Lan tỏa, Bất quy tắc, Ranh giới không rõ
Cẳng chân, Hai bên, Đối xứng
Da bóng, Sưng nề, Tăng sắc tố, Vết trợt nhỏ",P2_OK,"{
  ""JSON_EXTRACTION"": {
    ""Category"": ""Venous eczema"",
    ""Lesion_Type"": [""Mảng hồng ban"", ""Phù nề""],
    ""Colour"": [""Đỏ hồng"", ""Đỏ tím"", ""Nâu sẫm""],
    ""Shape"": [""Bất quy tắc""],
    ""Distribution"": [""Cẳng chân"", ""Hai bên"", ""Đối xứng"", ""Lan tỏa""],
    ""Characteristics"": [""Da bóng"", ""Sưng nề"", ""Tăng sắc tố"", ""Vết trợt nhỏ""]
  }
}",
Venous eczema/ulcer.jpg,Venous eczema,Venous eczema,P2_OK,P1_OK,"Vết loét nông, Mảng trợt da
Vàng cam, Đỏ tím, Nâu sẫm
Bầu dục, Bất quy tắc, Ranh giới rõ
Cẳng chân, Khu trú, Cụm
Nền ẩm, Bờ tím, Da bóng, Tăng sắc tố",P2_OK,"{
  ""JSON_EXTRACTION"": {
    ""Category"": ""Venous eczema"",
    ""Lesion_Type"": [""Vết loét nông"", ""Mảng trợt da""],
    ""Colour"": [""Vàng cam"", ""Đỏ tím"", ""Nâu sẫm""],
    ""Shape"": [""Bầu dục"", ""Bất quy tắc"", ""Ranh giới rõ""],
    ""Distribution"": [""Cẳng chân"", ""Khu trú"", ""Cụm""],
    ""Characteristics"": [""Nền ẩm"", ""Bờ tím"", ""Da bóng"", ""Tăng sắc tố""]
  }
}",
Venous lake/01.jpg,Venous lake,Venous lake,P2_OK,P1_OK,"Nốt, Sẩn dạng vòm
Xanh đen, Tím đen
Hình bầu dục, Ranh giới rõ
Vùng da hở, Đơn độc, Khu trú
Bề mặt bóng, Tăng sắc tố, Không vảy",P2_OK,"{
  ""JSON_EXTRACTION"": {
    ""Category"": ""Venous lake"",
    ""Lesion_Type"": [""Nốt"", ""Sẩn dạng vòm""],
    ""Colour"": [""Xanh đen"", ""Tím đen""],
    ""Shape"": [""Hình bầu dục"", ""Ranh giới rõ""],
    ""Distribution"": [""Vùng da hở"", ""Đơn độc"", ""Khu trú""],
    ""Characteristics"": [""Bề mặt bóng"", ""Tăng sắc tố""]
  }
}",
Venous lake/02.jpg,Venous lake,Venous lake,P2_OK,P1_OK,"Nốt gồ, Sẩn tím đỏ
Đỏ tím, Tím sẫm
Hình bầu dục, Ranh giới tương đối rõ
Vùng da có lông, Khu trú, Đơn độc
Bề mặt nhẵn, Trung tâm sẫm màu, Không bong vảy",P2_OK,"{
  ""JSON_EXTRACTION"": {
    ""Category"": ""Venous lake"",
    ""Lesion_Type"": [""Nốt gồ"", ""Sẩn tím đỏ""],
    ""Colour"": [""Đỏ tím"", ""Tím sẫm""],
    ""Shape"": [""Hình bầu dục"", ""Ranh giới rõ""],
    ""Distribution"": [""Da có lông"", ""Khu trú"", ""Đơn độc""],
    ""Characteristics"": [""Bề mặt nhẵn"", ""Trung tâm sẫm""]
  }
}",
Venous lake/03.jpg,Venous lake,Venous lake,P2_OK,P1_OK,"Nốt, Mảng loét
Đỏ tím, Tím sẫm
Hình bầu dục, Ranh giới rõ
Vùng da có lông, Đơn độc, Khu trú
Lõm trung tâm, Đóng mài, Bờ gồ cao",P2_OK,"{
  ""JSON_EXTRACTION"": {
    ""Category"": ""Venous lake"",
    ""Lesion_Type"": [""Nốt"", ""Mảng loét""],
    ""Colour"": [""Đỏ tím"", ""Tím sẫm""],
    ""Shape"": [""Hình bầu dục"", ""Ranh giới rõ""],
    ""Distribution"": [""Da có lông"", ""Đơn độc"", ""Khu trú""],
    ""Characteristics"": [""Lõm trung tâm"", ""Đóng mài"", ""Bờ gồ cao""]
  }
}",
Venous lake/04.jpg,Venous lake,Venous lake,P2_OK,P1_OK,"Nốt gồ, Bọng nước
Tím xanh, Tím hồng
Hình bầu dục, Ranh giới rõ
Môi dưới, Khu trú, Lệch bên
Bề mặt nhẵn, Căng bóng",P2_OK,"{
  ""JSON_EXTRACTION"": {
    ""Category"": ""Venous lake"",
    ""Lesion_Type"": [""Nốt gồ"", ""Bọng nước""],
    ""Colour"": [""Tím xanh"", ""Tím hồng""],
    ""Shape"": [""Hình bầu dục"", ""Ranh giới rõ""],
    ""Distribution"": [""Môi dưới"", ""Khu trú"", ""Lệch bên""],
    ""Characteristics"": [""Bề mặt nhẵn"", ""Căng bóng""]
  }
}",
Venous lake/05.jpg,Venous lake,Venous lake,P2_OK,P1_OK,"Nốt phồng, Khối gồ
Xanh tím, Hồng nhạt, Trắng bóng
Hình bầu dục, Ranh giới không rõ
Môi dưới, Khu trú, Đường giữa
Bề mặt bóng, Dạng trong mờ, Niêm mạc căng",P2_OK,"{
  ""JSON_EXTRACTION"": {
    ""Category"": ""Venous lake"",
    ""Lesion_Type"": [""Nốt phồng"", ""Khối gồ""],
    ""Colour"": [""Xanh tím"", ""Hồng nhạt"", ""Trắng bóng""],
    ""Shape"": [""Hình bầu dục"", ""Ranh giới mờ""],
    ""Distribution"": [""Môi dưới"", ""Khu trú"", ""Đường giữa""],
    ""Characteristics"": [""Bề mặt bóng"", ""Dạng trong mờ"", ""Niêm mạc căng""]
  }
}",
Venous lake/06.jpg,Venous lake,Venous lake,P2_OK,P1_OK,"Nốt, Sẩn gồ
Tím xanh, Tím sẫm
Hình bầu dục, Ranh giới rõ
Môi dưới, Đơn độc, Khu trú
Bề mặt nhẵn, Căng bóng",P2_OK,"{
  ""JSON_EXTRACTION"": {
    ""Category"": ""Venous lake"",
    ""Lesion_Type"": [""Nốt"", ""Sẩn gồ""],
    ""Colour"": [""Tím xanh"", ""Tím sẫm""],
    ""Shape"": [""Hình bầu dục"", ""Ranh giới rõ""],
    ""Distribution"": [""Môi dưới"", ""Đơn độc"", ""Khu trú""],
    ""Characteristics"": [""Bề mặt nhẵn"", ""Căng bóng""]
  }
}",
Venous lake/07.jpg,Venous lake,Venous lake,P2_OK,P1_OK,"Nốt, Bọng máu
Tím xanh, Đỏ hồng, Trắng xám
Hình tròn, Ranh giới rõ, Gồ cao
Môi dưới, Khu trú, Đơn độc
Bề mặt bóng, Trung tâm nhạt màu, Quầng tím sẫm",P2_OK,"{
  ""JSON_EXTRACTION"": {
    ""Category"": ""Venous lake"",
    ""Lesion_Type"": [""Nốt"", ""Bọng máu""],
    ""Colour"": [""Tím xanh"", ""Đỏ hồng"", ""Trắng xám""],
    ""Shape"": [""Hình tròn"", ""Ranh giới rõ"", ""Gồ cao""],
    ""Distribution"": [""Môi dưới"", ""Khu trú"", ""Đơn độc""],
    ""Characteristics"": [""Bề mặt bóng"", ""Trung tâm nhạt"", ""Quầng tím sẫm""]
  }
}",
Venous lake/08.jpg,Venous lake,Venous lake,P2_OK,P1_OK,"Bọng nước, Mụn nước
Đỏ hồng, Tím nâu, Trắng xám
Hình bầu dục, Ranh giới rõ, Gồ cao
Môi dưới, Niêm mạc môi, Khu trú
Bóng căng, Dịch trong, Nền hồng ban",P2_OK,"{
  ""JSON_EXTRACTION"": {
    ""Category"": ""Venous lake"",
    ""Lesion_Type"": [""Bọng nước"", ""Mụn nước""],
    ""Colour"": [""Đỏ hồng"", ""Tím nâu"", ""Trắng xám""],
    ""Shape"": [""Hình bầu dục"", ""Ranh giới rõ"", ""Gồ cao""],
    ""Distribution"": [""Môi dưới"", ""Niêm mạc môi"", ""Khu trú""],
    ""Characteristics"": [""Bóng căng"", ""Dịch trong"", ""Nền hồng ban""]
  }
}",
Venous lake/09.jpg,Venous lake,Venous lake,P2_OK,P1_OK,"Sẩn dạng nốt, Nốt gồ
Xanh tím, Trắng xanh
Hình tròn, Ranh giới rõ
Môi dưới, Khu trú
Bề mặt nhẵn, Gồ nhẹ",P2_OK,"{
  ""JSON_EXTRACTION"": {
    ""Category"": ""Venous lake"",
    ""Lesion_Type"": [""Sẩn dạng nốt"", ""Nốt gồ""],
    ""Colour"": [""Xanh tím"", ""Trắng xanh""],
    ""Shape"": [""Hình tròn"", ""Ranh giới rõ""],
    ""Distribution"": [""Môi dưới"", ""Khu trú""],
    ""Characteristics"": [""Bề mặt nhẵn"", ""Gồ nhẹ""]
  }
}",
Venous lake/10.jpg,Venous lake,Venous lake,P2_OK,P1_OK,"Nốt bọng máu, Sẩn tím
Tím đen, Xanh tím, Đỏ hồng
Hình tròn, Ranh giới rõ, Gồ cao
Môi dưới, Khu trú, Đơn độc
Bề mặt căng bóng, Không vảy",P2_OK,"{
  ""JSON_EXTRACTION"": {
    ""Category"": ""Venous lake"",
    ""Lesion_Type"": [""Nốt bọng máu"", ""Sẩn tím""],
    ""Colour"": [""Tím đen"", ""Xanh tím"", ""Đỏ hồng""],
    ""Shape"": [""Hình tròn"", ""Ranh giới rõ"", ""Gồ cao""],
    ""Distribution"": [""Môi dưới"", ""Khu trú"", ""Đơn độc""],
    ""Characteristics"": [""Căng bóng""]
  }
}",
Venous lake/11.jpg,Venous lake,Venous lake,P2_OK,P1_OK,"Nốt, Sẩn dạng vòm
Xanh tím, Tím đen
Hình tròn, Bờ rõ, Dạng vòm
Môi dưới, Đơn độc, Khu trú
Bề mặt nhẵn, Căng bóng",P2_OK,"{
  ""JSON_EXTRACTION"": {
    ""Category"": ""Venous lake"",
    ""Lesion_Type"": [""Nốt"", ""Sẩn dạng vòm""],
    ""Colour"": [""Xanh tím"", ""Tím đen""],
    ""Shape"": [""Hình tròn"", ""Bờ rõ"", ""Dạng vòm""],
    ""Distribution"": [""Môi dưới"", ""Đơn độc"", ""Khu trú""],
    ""Characteristics"": [""Bề mặt nhẵn"", ""Căng bóng""]
  }
}",
Venous lake/12.jpg,Venous lake,Venous lake,P2_OK,P1_OK,"Nốt loét, Mảng hồng ban
Đỏ hồng, Đỏ tím, Trắng xám
Hình tròn, Ranh giới khá rõ
Môi dưới, Trung tâm, Khu trú
Đóng mài, Trợt loét, Sưng nề",P2_OK,"{
  ""JSON_EXTRACTION"": {
    ""Category"": ""Venous lake"",
    ""Lesion_Type"": [""Nốt loét"", ""Mảng hồng ban""],
    ""Colour"": [""Đỏ hồng"", ""Đỏ tím"", ""Trắng xám""],
    ""Shape"": [""Hình tròn"", ""Ranh giới rõ""],
    ""Distribution"": [""Môi dưới"", ""Trung tâm"", ""Khu trú""],
    ""Characteristics"": [""Đóng mài"", ""Trợt loét"", ""Sưng nề""]
  }
}",
Venous lake/13.jpg,Venous lake,Venous lake,P2_OK,P1_OK,"Nốt, Sẩn
Xanh tím, Tím sẫm
Hình tròn, Bờ mờ
Môi dưới, Rải rác, Khu trú
Bề mặt nhẵn, Nếp nhăn da",P2_OK,"{
  ""JSON_EXTRACTION"": {
    ""Category"": ""Venous lake"",
    ""Lesion_Type"": [""Nốt"", ""Sẩn""],
    ""Colour"": [""Xanh tím"", ""Tím sẫm""],
    ""Shape"": [""Hình tròn"", ""Bờ mờ""],
    ""Distribution"": [""Môi dưới"", ""Rải rác"", ""Khu trú""],
    ""Characteristics"": [""Bề mặt nhẵn"", ""Nếp nhăn da""]
  }
}",
Venous lake/14.jpg,Venous lake,Venous lake,P2_OK,P1_OK,"Mảng sắc tố, Mảng hồng ban
Xanh xám, Nâu nhạt, Đỏ hồng
Bất quy tắc, Ranh giới không rõ, Không đối xứng
Vùng da, Khu trú, Trung tâm
Mạch máu nhỏ, Chấm đỏ, Vệt sắc tố, Nền hồng ban",P2_OK,"{
  ""JSON_EXTRACTION"": {
    ""Category"": ""Venous lake"",
    ""Lesion_Type"": [""Mảng sắc tố"", ""Mảng hồng ban""],
    ""Colour"": [""Xanh xám"", ""Nâu nhạt"", ""Đỏ hồng""],
    ""Shape"": [""Bất quy tắc""],
    ""Distribution"": [""Vùng da"", ""Khu trú"", ""Trung tâm""],
    ""Characteristics"": [""Mạch máu nhỏ"", ""Chấm đỏ"", ""Vệt sắc tố"", ""Nền hồng ban""]
  }
}",
Venous lake/15.jpg,Venous lake,Venous lake,P2_OK,P1_OK,"Nốt, Mảng nhỏ
Tím xanh, Đỏ tím
Bầu dục, Ranh giới không đều
Môi dưới, Khóe miệng, Khu trú
Bề mặt nhẵn, Bóng, Giãn mạch mờ",P2_OK,"{
  ""JSON_EXTRACTION"": {
    ""Category"": ""Venous lake"",
    ""Lesion_Type"": [""Nốt"", ""Mảng nhỏ""],
    ""Colour"": [""Tím xanh"", ""Đỏ tím""],
    ""Shape"": [""Bầu dục"", ""Không đều""],
    ""Distribution"": [""Môi dưới"", ""Khóe miệng"", ""Khu trú""],
    ""Characteristics"": [""Bề mặt nhẵn"", ""Bóng"", ""Giãn mạch mờ""]
  }
}",
Venous lake/16.jpg,Venous lake,Venous lake,P2_OK,P1_OK,"Nốt gồ, Sẩn tím
Tím xanh, Trắng xám
Hình tròn, Ranh giới rõ, Dạng vòm
Môi dưới, Đơn độc, Khu trú
Bề mặt nhẵn, Trung tâm trắng, Bóng nhẹ",P2_OK,"{
  ""JSON_EXTRACTION"": {
    ""Category"": ""Venous lake"",
    ""Lesion_Type"": [""Nốt gồ"", ""Sẩn tím""],
    ""Colour"": [""Tím xanh"", ""Trắng xám""],
    ""Shape"": [""Hình tròn"", ""Ranh giới rõ"", ""Dạng vòm""],
    ""Distribution"": [""Môi dưới"", ""Đơn độc"", ""Khu trú""],
    ""Characteristics"": [""Bề mặt nhẵn"", ""Trung tâm trắng"", ""Bóng nhẹ""]
  }
}",
Venous lake/17.jpg,Venous lake,Venous lake,P2_OK,P1_OK,"Mảng hồng ban, Mảng tím xanh, Sưng nề niêm mạc
Đỏ hồng, Tím xanh, Trắng nhạt
Bất quy tắc, Ranh giới không rõ, Dạng dải
Môi dưới, Niêm mạc môi, Khu trú
Bề mặt bóng, Phù nề, Chấm đỏ nhỏ",P2_OK,"{
  ""JSON_EXTRACTION"": {
    ""Category"": ""Venous lake"",
    ""Lesion_Type"": [""Mảng hồng ban"", ""Mảng tím xanh"", ""Sưng nề niêm mạc""],
    ""Colour"": [""Đỏ hồng"", ""Tím xanh"", ""Trắng nhạt""],
    ""Shape"": [""Bất quy tắc"", ""Ranh giới mờ"", ""Dạng dải""],
    ""Distribution"": [""Môi dưới"", ""Niêm mạc môi"", ""Khu trú""],
    ""Characteristics"": [""Bề mặt bóng"", ""Phù nề"", ""Chấm đỏ nhỏ""]
  }
}",
Venous lake/18.jpg,Venous lake,Venous lake,P2_OK,P1_OK,"Sẩn sắc tố, Nốt nhỏ
Xanh đen, Tím đen
Hình tròn, Ranh giới rõ, Gồ nhẹ
Môi trên, Đơn độc, Khu trú
Bề mặt nhẵn, Không vảy, Kích thước nhỏ",P2_OK,"{
  ""JSON_EXTRACTION"": {
    ""Category"": ""Venous lake"",
    ""Lesion_Type"": [""Sẩn sắc tố"", ""Nốt nhỏ""],
    ""Colour"": [""Xanh đen"", ""Tím đen""],
    ""Shape"": [""Hình tròn"", ""Ranh giới rõ"", ""Gồ nhẹ""],
    ""Distribution"": [""Môi trên"", ""Đơn độc"", ""Khu trú""],
    ""Characteristics"": [""Bề mặt nhẵn"", ""Kích thước nhỏ""]
  }
}",
Venous lake/19.jpg,Venous lake,Venous lake,P2_OK,P1_OK,"Nốt phồng, Bọng nước
Xanh tím, Đỏ hồng
Hình bầu dục, Ranh giới rõ
Niêm mạc môi, Khu trú
Bề mặt bóng, Trong mờ",P2_OK,"{
  ""JSON_EXTRACTION"": {
    ""Category"": ""Venous lake"",
    ""Lesion_Type"": [""Nốt phồng"", ""Bọng nước""],
    ""Colour"": [""Xanh tím"", ""Đỏ hồng""],
    ""Shape"": [""Hình bầu dục"", ""Ranh giới rõ""],
    ""Distribution"": [""Niêm mạc môi"", ""Khu trú""],
    ""Characteristics"": [""Bề mặt bóng"", ""Trong mờ""]
  }
}",
Venous lake/ven-lake.jpg,Venous lake,Venous lake,P2_OK,P1_OK,"Nốt
Tím xanh, Tím sẫm
Hình tròn, Ranh giới rõ
Môi dưới, Khu trú
Bề mặt nhẵn, Bóng, Đơn độc",P2_OK,"{
  ""JSON_EXTRACTION"": {
    ""Category"": ""Venous lake"",
    ""Lesion_Type"": [""Nốt""],
    ""Colour"": [""Tím xanh"", ""Tím sẫm""],
    ""Shape"": [""Hình tròn"", ""Ranh giới rõ""],
    ""Distribution"": [""Môi dưới"", ""Khu trú""],
    ""Characteristics"": [""Bề mặt nhẵn"", ""Bóng"", ""Đơn độc""]
  }
}",
Venous lake/ven-lake2.jpg,Venous lake,Venous lake,P2_OK,P1_OK,"Nốt phồng, Bọng máu
Tím xanh, Trắng xám, Đỏ hồng
Hình tròn, Ranh giới rõ, Vòm
Môi dưới, Khu trú, Đơn độc
Bề mặt bóng, Trung tâm nhạt, Quầng tím",P2_OK,"{
  ""JSON_EXTRACTION"": {
    ""Category"": ""Venous lake"",
    ""Lesion_Type"": [""Nốt phồng"", ""Bọng máu""],
    ""Colour"": [""Tím xanh"", ""Trắng xám"", ""Đỏ hồng""],
    ""Shape"": [""Hình tròn"", ""Ranh giới rõ"", ""Vòm""],
    ""Distribution"": [""Môi dưới"", ""Khu trú"", ""Đơn độc""],
    ""Characteristics"": [""Bề mặt bóng"", ""Trung tâm nhạt"", ""Quầng tím""]
  }
}",
Venous lake/ven-lake3.jpg,Venous lake,Venous lake,P2_OK,P1_OK,"Bọng nước, Mảng hồng ban
Tím đỏ, Đỏ hồng, Trắng bóng
Hình bầu dục, Dạng vòm, Ranh giới rõ
Môi dưới, Niêm mạc môi, Đơn độc, Khu trú
Căng bóng, Bề mặt nhẵn, Nền đỏ",P2_OK,"{
  ""JSON_EXTRACTION"": {
    ""Category"": ""Venous lake"",
    ""Lesion_Type"": [""Bọng nước"", ""Mảng hồng ban""],
    ""Colour"": [""Tím đỏ"", ""Đỏ hồng"", ""Trắng bóng""],
    ""Shape"": [""Hình bầu dục"", ""Dạng vòm"", ""Ranh giới rõ""],
    ""Distribution"": [""Môi dưới"", ""Niêm mạc môi"", ""Đơn độc"", ""Khu trú""],
    ""Characteristics"": [""Căng bóng"", ""Bề mặt nhẵn"", ""Nền đỏ""]
  }
}",
Venous lake/ven-lake4.jpg,Venous lake,Venous lake,P2_OK,P1_OK,"Sẩn dạng nốt, Nốt gồ
Xanh tím, Trắng ngà, Đỏ hồng
Hình tròn, Ranh giới rõ, Dạng vòm
Môi dưới, Khu trú, Đơn độc
Bề mặt nhẵn, Quầng đỏ, Sẹo lõm nhẹ",P2_OK,"{
  ""JSON_EXTRACTION"": {
    ""Category"": ""Venous lake"",
    ""Lesion_Type"": [""Sẩn dạng nốt"", ""Nốt gồ""],
    ""Colour"": [""Xanh tím"", ""Trắng ngà"", ""Đỏ hồng""],
    ""Shape"": [""Hình tròn"", ""Ranh giới rõ"", ""Dạng vòm""],
    ""Distribution"": [""Môi dưới"", ""Khu trú"", ""Đơn độc""],
    ""Characteristics"": [""Bề mặt nhẵn"", ""Quầng đỏ"", ""Sẹo lõm nhẹ""]
  }
}",
Venous lake/ven-lake5.jpg,Venous lake,Venous lake,P2_OK,P1_OK,"Nốt gồ, Bọng máu
Tím xanh, Đỏ tím
Hình tròn, Ranh giới rõ
Môi dưới, Đơn độc, Khu trú
Bề mặt nhẵn, Căng bóng",P2_OK,"{
  ""JSON_EXTRACTION"": {
    ""Category"": ""Venous lake"",
    ""Lesion_Type"": [""Nốt gồ"", ""Bọng máu""],
    ""Colour"": [""Tím xanh"", ""Đỏ tím""],
    ""Shape"": [""Hình tròn"", ""Ranh giới rõ""],
    ""Distribution"": [""Môi dưới"", ""Đơn độc"", ""Khu trú""],
    ""Characteristics"": [""Bề mặt nhẵn"", ""Căng bóng""]
  }
}",
Venous lake/ven-lake6.jpg,Venous lake,Venous lake,P2_OK,P1_OK,"Nốt, Sẩn dạng vòm
Xanh tím, Đen xanh
Hình tròn, Ranh giới rõ
Môi dưới, Khu trú
Bề mặt nhẵn, Đơn độc",P2_OK,"{
  ""JSON_EXTRACTION"": {
    ""Category"": ""Venous lake"",
    ""Lesion_Type"": [""Nốt"", ""Sẩn dạng vòm""],
    ""Colour"": [""Xanh tím"", ""Đen xanh""],
    ""Shape"": [""Hình tròn"", ""Ranh giới rõ""],
    ""Distribution"": [""Môi dưới"", ""Khu trú""],
    ""Characteristics"": [""Bề mặt nhẵn"", ""Đơn độc""]
  }
}",
Venous lake/ven-lake7.jpg,Venous lake,Venous lake,P2_OK,P1_OK,"Nốt niêm mạc, Trợt loét nông
Đỏ hồng, Tím sẫm, Trắng xám
Hình tròn, Ranh giới rõ, Gồ cao
Môi dưới, Trung tâm, Khu trú, Đơn độc
Đóng mài trung tâm, Bề mặt bóng, Sưng nề nhẹ",P2_OK,"{
  ""JSON_EXTRACTION"": {
    ""Category"": ""Venous lake"",
    ""Lesion_Type"": [""Nốt niêm mạc"", ""Trợt loét nông""],
    ""Colour"": [""Đỏ hồng"", ""Tím sẫm"", ""Trắng xám""],
    ""Shape"": [""Hình tròn"", ""Ranh giới rõ"", ""Gồ cao""],
    ""Distribution"": [""Môi dưới"", ""Trung tâm"", ""Khu trú"", ""Đơn độc""],
    ""Characteristics"": [""Đóng mài trung tâm"", ""Bề mặt bóng"", ""Sưng nề nhẹ""]
  }
}",
Venous lake/ven-lake8.jpg,Venous lake,Venous lake,P2_OK,P1_OK,"Nốt, Mảng đổi màu
Xanh tím, Tím đen, Trắng xanh
Bầu dục, Ranh giới không rõ
Môi dưới, Hai bên, Khu trú
Bề mặt trơn láng, Sưng nhẹ, Nếp nhăn da",P2_OK,"{
  ""JSON_EXTRACTION"": {
    ""Category"": ""Venous lake"",
    ""Lesion_Type"": [""Nốt"", ""Mảng đổi màu""],
    ""Colour"": [""Xanh tím"", ""Tím đen"", ""Trắng xanh""],
    ""Shape"": [""Bầu dục"", ""Ranh giới mờ""],
    ""Distribution"": [""Môi dưới"", ""Hai bên"", ""Khu trú""],
    ""Characteristics"": [""Trơn láng"", ""Sưng nhẹ"", ""Nếp nhăn da""]
  }
}",
Venous lake/venouslake01.jpg,Venous lake,Venous lake,P2_OK,P1_OK,"Sẩn, Mảng nhỏ
Tím xanh, Đỏ hồng
Bầu dục, Ranh giới không đều
Khóe môi, Môi dưới, Khu trú
Bề mặt trơn, Không vảy",P2_OK,"{
  ""JSON_EXTRACTION"": {
    ""Category"": ""Venous lake"",
    ""Lesion_Type"": [""Sẩn"", ""Mảng nhỏ""],
    ""Colour"": [""Tím xanh"", ""Đỏ hồng""],
    ""Shape"": [""Bầu dục"", ""Ranh giới không đều""],
    ""Distribution"": [""Khóe môi"", ""Môi dưới"", ""Khu trú""],
    ""Characteristics"": [""Bề mặt trơn""]
  }
}",
Venous lake/venouslake02.jpg,Venous lake,Venous lake,P2_OK,P1_OK,"Sẩn dạng vòm, Nốt
Tím đỏ, Trắng xám
Hình tròn, Ranh giới rõ
Môi dưới, Đơn độc, Khu trú
Bề mặt nhẵn, Trung tâm trắng, Gồ cao",P2_OK,"{
  ""JSON_EXTRACTION"": {
    ""Category"": ""Venous lake"",
    ""Lesion_Type"": [""Sẩn dạng vòm"", ""Nốt""],
    ""Colour"": [""Tím đỏ"", ""Trắng xám""],
    ""Shape"": [""Hình tròn"", ""Ranh giới rõ""],
    ""Distribution"": [""Môi dưới"", ""Đơn độc"", ""Khu trú""],
    ""Characteristics"": [""Bề mặt nhẵn"", ""Trung tâm trắng"", ""Gồ cao""]
  }
}",
Venous lake/venouslake03.jpg,Venous lake,Venous lake,P2_OK,P1_OK,"Mảng hồng ban, Dát tím xanh
Đỏ hồng, Tím xanh, Trắng nhạt
Bất quy tắc, Ranh giới không rõ
Môi dưới, Niêm mạc môi, Khu trú
Phù nề, Bề mặt bóng, Trợt nông",P2_OK,"{
  ""JSON_EXTRACTION"": {
    ""Category"": ""Venous lake"",
    ""Lesion_Type"": [""Mảng hồng ban"", ""Dát tím xanh""],
    ""Colour"": [""Đỏ hồng"", ""Tím xanh"", ""Trắng nhạt""],
    ""Shape"": [""Bất quy tắc"", ""Ranh giới mờ""],
    ""Distribution"": [""Môi dưới"", ""Niêm mạc môi"", ""Khu trú""],
    ""Characteristics"": [""Phù nề"", ""Bề mặt bóng"", ""Trợt nông""]
  }
}",
Venous lake/venouslake04.jpg,Venous lake,Venous lake,P2_OK,P1_OK,"Nốt sắc tố, Sẩn nhỏ
Xanh đen, Xám đen
Hình tròn, Ranh giới rõ, Bờ đều
Môi dưới, Đơn độc, Khu trú
Bề mặt nhẵn, Kích thước nhỏ",P2_OK,"{
  ""JSON_EXTRACTION"": {
    ""Category"": ""Venous lake"",
    ""Lesion_Type"": [""Nốt sắc tố"", ""Sẩn nhỏ""],
    ""Colour"": [""Xanh đen"", ""Xám đen""],
    ""Shape"": [""Hình tròn"", ""Ranh giới rõ"", ""Bờ đều""],
    ""Distribution"": [""Môi dưới"", ""Đơn độc"", ""Khu trú""],
    ""Characteristics"": [""Bề mặt nhẵn"", ""Kích thước nhỏ""]
  }
}",
Venous lake/venouslake05.jpg,Venous lake,Venous lake,P2_OK,P1_OK,"Nốt gồ, Nang niêm mạc
Xanh tím, Đỏ hồng
Hình bầu dục, Ranh giới rõ
Niêm mạc môi, Khu trú
Bề mặt căng bóng, Trong mờ",P2_OK,"{
  ""JSON_EXTRACTION"": {
    ""Category"": ""Venous lake"",
    ""Lesion_Type"": [""Nốt gồ"", ""Nang niêm mạc""],
    ""Colour"": [""Xanh tím"", ""Đỏ hồng""],
    ""Shape"": [""Hình bầu dục"", ""Ranh giới rõ""],
    ""Distribution"": [""Niêm mạc môi"", ""Khu trú""],
    ""Characteristics"": [""Căng bóng"", ""Trong mờ""]
  }
}",
Vitiligo/sunburn-vitiligo.jpg,Vitiligo,Vitiligo,P2_OK,P1_OK,"Mảng hồng ban, Mảng giảm sắc tố
Đỏ hồng, Hồng bóng, Nâu sẫm
Bất quy tắc, Ranh giới không đều, Lan rộng
Lưng trên, Gáy, Vai, Hợp lưu
Bong vảy mỏng, Bề mặt bóng, Tăng sắc tố nền",P2_OK,"{
  ""JSON_EXTRACTION"": {
    ""Category"": ""Vitiligo"",
    ""Lesion_Type"": [""Mảng hồng ban"", ""Mảng giảm sắc tố""],
    ""Colour"": [""Đỏ hồng"", ""Hồng bóng"", ""Nâu sẫm""],
    ""Shape"": [""Bất quy tắc"", ""Ranh giới không đều""],
    ""Distribution"": [""Lưng trên"", ""Gáy"", ""Vai"", ""Hợp lưu"", ""Lan rộng""],
    ""Characteristics"": [""Bong vảy mỏng"", ""Bề mặt bóng"", ""Tăng sắc tố nền""]
  }
}",
Vitiligo/vitiligo-02.jpg,Vitiligo,Vitiligo,P2_OK,P1_OK,"Mảng giảm sắc tố, Mảng trắng
Trắng ngà, Hồng nhạt
Bất quy tắc, Ranh giới không đều
Vùng quanh mắt, Vùng má, Khu trú
Bề mặt nhẵn, Teo da nhẹ",P2_OK,"{
  ""JSON_EXTRACTION"": {
    ""Category"": ""Vitiligo"",
    ""Lesion_Type"": [""Mảng giảm sắc tố"", ""Mảng trắng""],
    ""Colour"": [""Trắng ngà"", ""Hồng nhạt""],
    ""Shape"": [""Bất quy tắc"", ""Không đều""],
    ""Distribution"": [""Vùng quanh mắt"", ""Vùng má"", ""Khu trú""],
    ""Characteristics"": [""Bề mặt nhẵn"", ""Teo da nhẹ""]
  }
}",
Vitiligo/vitiligo-03.jpg,Vitiligo,Vitiligo,P2_OK,P1_OK,"Mảng mất sắc tố, Dát mất sắc tố
Trắng sữa, Trắng ngà
Bất quy tắc, Ranh giới rõ
Lưng trên, Vai phải, Khu trú
Bề mặt nhẵn, Không bong vảy",P2_OK,"{
  ""JSON_EXTRACTION"": {
    ""Category"": ""Vitiligo"",
    ""Lesion_Type"": [""Mảng"", ""Dát""],
    ""Colour"": [""Trắng sữa"", ""Trắng ngà""],
    ""Shape"": [""Bất quy tắc"", ""Ranh giới rõ""],
    ""Distribution"": [""Lưng trên"", ""Vai phải"", ""Khu trú""],
    ""Characteristics"": [""Bề mặt nhẵn""]
  }
}",
Vitiligo/vitiligo-04.jpg,Vitiligo,Vitiligo,P2_OK,P1_OK,"Mảng hồng ban, Mảng giảm sắc tố
Đỏ hồng, Trắng hồng
Bất quy tắc, Ranh giới rõ
Cổ tay, Cẳng tay, Hai bên
Bong vảy, Da khô, Nứt nẻ",P2_OK,"{
  ""JSON_EXTRACTION"": {
    ""Category"": ""Vitiligo"",
    ""Lesion_Type"": [""Mảng hồng ban"", ""Mảng giảm sắc tố""],
    ""Colour"": [""Đỏ hồng"", ""Trắng hồng""],
    ""Shape"": [""Bất quy tắc"", ""Ranh giới rõ""],
    ""Distribution"": [""Cổ tay"", ""Cẳng tay"", ""Hai bên""],
    ""Characteristics"": [""Bong vảy"", ""Da khô"", ""Nứt nẻ""]
  }
}",
Vitiligo/vitiligo-07.jpg,Vitiligo,Vitiligo,P2_OK,P1_OK,"Mảng giảm sắc tố, Mảng mất sắc tố
Trắng sữa, Trắng nhạt
Bất quy tắc, Ranh giới rõ
Vai, Lưng trên, Khu trú
Hợp lưu, Không vảy",P2_OK,"{
  ""JSON_EXTRACTION"": {
    ""Category"": ""Vitiligo"",
    ""Lesion_Type"": [""Mảng giảm sắc tố"", ""Mảng mất sắc tố""],
    ""Colour"": [""Trắng sữa"", ""Trắng nhạt""],
    ""Shape"": [""Bất quy tắc"", ""Ranh giới rõ""],
    ""Distribution"": [""Vai"", ""Lưng trên"", ""Khu trú""],
    ""Characteristics"": [""Hợp lưu""]
  }
}",
Vitiligo/vitiligo-09.jpg,Vitiligo,Vitiligo,P2_OK,P1_OK,"Mảng giảm sắc tố, Đốm giảm sắc tố
Trắng sữa, Trắng nhạt
Hình tròn, Hình bầu dục, Ranh giới rõ
Vùng da, Khu trú, Rải rác
Bề mặt nhẵn, Không bong vảy",P2_OK,"{
  ""JSON_EXTRACTION"": {
    ""Category"": ""Vitiligo"",
    ""Lesion_Type"": [""Mảng giảm sắc tố"", ""Đốm giảm sắc tố""],
    ""Colour"": [""Trắng sữa"", ""Trắng nhạt""],
    ""Shape"": [""Hình tròn"", ""Hình bầu dục"", ""Ranh giới rõ""],
    ""Distribution"": [""Vùng da"", ""Khu trú"", ""Rải rác""],
    ""Characteristics"": [""Bề mặt nhẵn""]
  }
}",
Vitiligo/vitiligo-10.jpg,Vitiligo,Vitiligo,P2_OK,P1_OK,"Mảng giảm sắc tố
Trắng nhạt, Hồng nhạt
Bất quy tắc, Ranh giới tương đối rõ
Trán, Đường chân tóc, Khu trú
Bề mặt nhẵn, Không bong vảy",P2_OK,"{
  ""JSON_EXTRACTION"": {
    ""Category"": ""Vitiligo"",
    ""Lesion_Type"": [""Mảng giảm sắc tố""],
    ""Colour"": [""Trắng nhạt"", ""Hồng nhạt""],
    ""Shape"": [""Bất quy tắc"", ""Ranh giới rõ""],
    ""Distribution"": [""Trán"", ""Đường chân tóc"", ""Khu trú""],
    ""Characteristics"": [""Bề mặt nhẵn""]
  }
}",
Vitiligo/vitiligo-11.jpg,Vitiligo,Vitiligo,P2_OK,P1_OK,"Sẩn sắc tố, Mảng giảm sắc tố
Nâu sẫm, Trắng hồng
Hình tròn, Ranh giới rõ
Vùng thân mình, Khu trú
Quầng giảm sắc tố, Bề mặt nhẵn",P2_OK,"{
  ""JSON_EXTRACTION"": {
    ""Category"": ""Vitiligo"",
    ""Lesion_Type"": [""Sẩn sắc tố"", ""Mảng giảm sắc tố""],
    ""Colour"": [""Nâu sẫm"", ""Trắng hồng""],
    ""Shape"": [""Hình tròn"", ""Ranh giới rõ""],
    ""Distribution"": [""Vùng thân mình"", ""Khu trú""],
    ""Characteristics"": [""Quầng giảm sắc tố"", ""Bề mặt nhẵn""]
  }
}",
Vitiligo/vitiligo-12.jpg,Vitiligo,Vitiligo,P2_OK,P1_OK,"Mảng giảm sắc tố, Mảng mất sắc tố
Trắng sữa, Hồng nhạt, Nâu nhạt
Bất quy tắc, Ranh giới rõ
Vùng sinh dục, Tầng sinh môn, Đối xứng
Không vảy, Loang lổ",P2_OK,"{
  ""JSON_EXTRACTION"": {
    ""Category"": ""Vitiligo"",
    ""Lesion_Type"": [""Mảng giảm sắc tố"", ""Mảng mất sắc tố""],
    ""Colour"": [""Trắng sữa"", ""Hồng nhạt"", ""Nâu nhạt""],
    ""Shape"": [""Bất quy tắc"", ""Ranh giới rõ""],
    ""Distribution"": [""Vùng sinh dục"", ""Tầng sinh môn"", ""Đối xứng""],
    ""Characteristics"": [""Loang lổ""]
  }
}",
Vitiligo/vitiligo-13.jpg,Vitiligo,Vitiligo,P2_OK,P1_OK,"Dát giảm sắc tố, Mảng giảm sắc tố
Trắng nhạt, Trắng sữa
Bất quy tắc, Bờ không rõ
Trán, Vùng chân tóc, Khu trú
Bề mặt nhẵn, Không bong vảy",P2_OK,"{
  ""JSON_EXTRACTION"": {
    ""Category"": ""Vitiligo"",
    ""Lesion_Type"": [""Dát giảm sắc tố"", ""Mảng giảm sắc tố""],
    ""Colour"": [""Trắng nhạt"", ""Trắng sữa""],
    ""Shape"": [""Bất quy tắc"", ""Bờ không rõ""],
    ""Distribution"": [""Trán"", ""Vùng chân tóc"", ""Khu trú""],
    ""Characteristics"": [""Bề mặt nhẵn""]
  }
}",
Vitiligo/vitiligo-14.jpg,Vitiligo,Vitiligo,P2_OK,P1_OK,"Mảng mất sắc tố, Dát mất sắc tố
Trắng sữa, Trắng nhạt
Bất quy tắc, Ranh giới rõ
Cẳng chân hai bên, Mặt trước, Rải rác
Không vảy, Bề mặt nhẵn",P2_OK,"{
  ""JSON_EXTRACTION"": {
    ""Category"": ""Vitiligo"",
    ""Lesion_Type"": [""Mảng mất sắc tố"", ""Dát mất sắc tố""],
    ""Colour"": [""Trắng sữa"", ""Trắng nhạt""],
    ""Shape"": [""Bất quy tắc"", ""Ranh giới rõ""],
    ""Distribution"": [""Cẳng chân hai bên"", ""Mặt trước"", ""Rải rác""],
    ""Characteristics"": [""Bề mặt nhẵn""]
  }
}",
Vitiligo/vitiligo-15.jpg,Vitiligo,Vitiligo,P2_OK,P1_OK,"Mảng mất sắc tố, Mảng hồng ban
Trắng sữa, Hồng đỏ, Nâu nhạt
Bất quy tắc, Ranh giới không đều, Hợp lưu
Cổ, Ngực trên, Hai bên, Lan tỏa
Loang lổ, Xen kẽ tăng sắc tố, Không vảy",P2_OK,"{
  ""JSON_EXTRACTION"": {
    ""Category"": ""Vitiligo"",
    ""Lesion_Type"": [""Mảng mất sắc tố"", ""Mảng hồng ban""],
    ""Colour"": [""Trắng sữa"", ""Hồng đỏ"", ""Nâu nhạt""],
    ""Shape"": [""Bất quy tắc"", ""Không đều"", ""Hợp lưu""],
    ""Distribution"": [""Cổ"", ""Ngực trên"", ""Hai bên"", ""Lan tỏa""],
    ""Characteristics"": [""Loang lổ"", ""Tăng sắc tố""]
  }
}",
Vitiligo/vitiligo-16.jpg,Vitiligo,Vitiligo,P2_OK,P1_OK,"Dát mất sắc tố, Mảng mất sắc tố
Trắng sữa, Nâu da
Bất quy tắc, Ranh giới rõ
Mi mắt trên, Quanh mắt, Khu trú
Không vảy, Không trợt, Nếp mi rõ",P2_OK,"{
  ""JSON_EXTRACTION"": {
    ""Category"": ""Vitiligo"",
    ""Lesion_Type"": [""Dát mất sắc tố"", ""Mảng mất sắc tố""],
    ""Colour"": [""Trắng sữa"", ""Nâu da""],
    ""Shape"": [""Bất quy tắc"", ""Ranh giới rõ""],
    ""Distribution"": [""Mi mắt trên"", ""Quanh mắt"", ""Khu trú""],
    ""Characteristics"": [""Nếp mi rõ""]
  }
}",
Vitiligo/vitiligo-17.jpg,Vitiligo,Vitiligo,P2_OK,P1_OK,"Dát giảm sắc tố, Mảng giảm sắc tố
Trắng ngà, Nâu sẫm
Hình vòng, Đa cung, Ranh giới rõ
Vùng da thân mình, Thành cụm, Khu trú
Bề mặt nhẵn, Trung tâm tăng sắc tố",P2_OK,"{
  ""JSON_EXTRACTION"": {
    ""Category"": ""Vitiligo"",
    ""Lesion_Type"": [""Dát giảm sắc tố"", ""Mảng giảm sắc tố""],
    ""Colour"": [""Trắng ngà"", ""Nâu sẫm""],
    ""Shape"": [""Hình vòng"", ""Đa cung"", ""Ranh giới rõ""],
    ""Distribution"": [""Thân mình"", ""Thành cụm"", ""Khu trú""],
    ""Characteristics"": [""Bề mặt nhẵn"", ""Tăng sắc tố""]
  }
}",
Vitiligo/vitiligo-18.jpg,Vitiligo,Vitiligo,P2_OK,P1_OK,"Sẩn đỏ, Mảng giảm sắc tố
Đỏ hồng, Trắng nhạt, Nâu da
Hình tròn, Ranh giới tương đối rõ
Vùng da thân mình, Khu trú, Đơn độc
Quầng trắng, Trung tâm đỏ, Bề mặt nhẵn",P2_OK,"{
  ""JSON_EXTRACTION"": {
    ""Category"": ""Vitiligo"",
    ""Lesion_Type"": [""Sẩn đỏ"", ""Mảng giảm sắc tố""],
    ""Colour"": [""Đỏ hồng"", ""Trắng nhạt"", ""Nâu da""],
    ""Shape"": [""Hình tròn"", ""Ranh giới rõ""],
    ""Distribution"": [""Thân mình"", ""Khu trú"", ""Đơn độc""],
    ""Characteristics"": [""Quầng trắng"", ""Trung tâm đỏ"", ""Bề mặt nhẵn""]
  }
}",
Vitiligo/vitiligo-19.jpg,Vitiligo,Vitiligo,P2_OK,P1_OK,"Mảng mất sắc tố, Dát giảm sắc tố
Trắng sữa, Hồng nhạt
Bất quy tắc, Ranh giới rõ
Quanh miệng, Mép miệng, Môi dưới, Khu trú
Bề mặt nhẵn, Khô môi",P2_OK,"{""JSON_EXTRACTION"":{""Category"":""Vitiligo"",""Lesion_Type"":[""Mảng mất sắc tố"",""Dát giảm sắc tố""],""Colour"":[""Trắng sữa"",""Hồng nhạt""],""Shape"":[""Bất quy tắc"",""Ranh giới rõ""],""Distribution"":[""Quanh miệng"",""Mép miệng"",""Môi dưới"",""Khu trú""],""Characteristics"":[""Bề mặt nhẵn"",""Khô môi""]}}",
Vitiligo/vitiligo-20.jpg,Vitiligo,Vitiligo,P2_OK,P1_OK,"Mảng giảm sắc tố, Mảng hồng ban
Trắng ngà, Hồng nhạt, Nâu vàng
Bất quy tắc, Ranh giới không rõ
Mu bàn tay, Hai bên, Đối xứng
Teo da, Da nhăn, Giãn mạch, Sẹo trắng",P2_OK,"{
  ""JSON_EXTRACTION"": {
    ""Category"": ""Vitiligo"",
    ""Lesion_Type"": [""Mảng giảm sắc tố"", ""Mảng hồng ban""],
    ""Colour"": [""Trắng ngà"", ""Hồng nhạt"", ""Nâu vàng""],
    ""Shape"": [""Bất quy tắc"", ""Ranh giới mờ""],
    ""Distribution"": [""Mu bàn tay"", ""Hai bên"", ""Đối xứng""],
    ""Characteristics"": [""Teo da"", ""Da nhăn"", ""Giãn mạch"", ""Sẹo trắng""]
  }
}",
Vitiligo/vitiligo-21.jpg,Vitiligo,Vitiligo,P2_OK,P1_OK,"Đốm tăng sắc tố, Mảng tăng sắc tố
Nâu nhạt, Nâu sẫm
Hình tròn, Bất quy tắc, Ranh giới rõ
Mu bàn tay, Ngón tay, Hai bên, Rải rác
Dày móng, Vàng móng, Tăng sừng dưới móng",P2_OK,"{
  ""JSON_EXTRACTION"": {
    ""Category"": ""Vitiligo"",
    ""Lesion_Type"": [""Đốm tăng sắc tố"", ""Mảng tăng sắc tố""],
    ""Colour"": [""Nâu nhạt"", ""Nâu sẫm""],
    ""Shape"": [""Hình tròn"", ""Bất quy tắc"", ""Ranh giới rõ""],
    ""Distribution"": [""Mu bàn tay"", ""Ngón tay"", ""Hai bên"", ""Rải rác""],
    ""Characteristics"": [""Dày móng"", ""Vàng móng"", ""Tăng sừng""]
  }
}",
Vitiligo/vitiligo-22.jpg,Vitiligo,Vitiligo,P2_OK,P1_OK,"Mảng giảm sắc tố, Dát giảm sắc tố
Trắng nhạt, Hồng nhạt
Bất quy tắc, Ranh giới mờ
Lòng bàn tay, Khu trú
Bề mặt nhẵn, Không bong vảy",P2_OK,"{
  ""JSON_EXTRACTION"": {
    ""Category"": ""Vitiligo"",
    ""Lesion_Type"": [""Mảng giảm sắc tố"", ""Dát giảm sắc tố""],
    ""Colour"": [""Trắng nhạt"", ""Hồng nhạt""],
    ""Shape"": [""Bất quy tắc"", ""Ranh giới mờ""],
    ""Distribution"": [""Lòng bàn tay"", ""Khu trú""],
    ""Characteristics"": [""Bề mặt nhẵn""]
  }
}",
Vitiligo/vitiligo-24.jpg,Vitiligo,Vitiligo,P2_OK,P1_OK,"Mảng giảm sắc tố, Đốm tăng sắc tố
Trắng nhạt, Nâu nhạt, Nâu sẫm
Bất quy tắc, Ranh giới không đều
Cằm, Quanh miệng, Hai bên mặt, Lan tỏa
Loang lổ, Lông râu thưa, Không vảy",P2_OK,"{
  ""JSON_EXTRACTION"": {
    ""Category"": ""Vitiligo"",
    ""Lesion_Type"": [""Mảng giảm sắc tố"", ""Đốm tăng sắc tố""],
    ""Colour"": [""Trắng nhạt"", ""Nâu nhạt"", ""Nâu sẫm""],
    ""Shape"": [""Bất quy tắc"", ""Không đều""],
    ""Distribution"": [""Cằm"", ""Quanh miệng"", ""Hai bên mặt"", ""Lan tỏa""],
    ""Characteristics"": [""Loang lổ"", ""Lông râu thưa""]
  }
}",
Vitiligo/vitiligo-25.jpg,Vitiligo,Vitiligo,P2_OK,P1_OK,"Sẩn nang lông, Dải hồng ban, Sẹo lõm
Đỏ hồng, Hồng nhạt, Màu da
Dạng đường, Bất quy tắc, Ranh giới không rõ
Nách, Khu trú, Dọc nếp gấp
Lông cạo ngắn, Lỗ nang lông, Teo da nhẹ",P2_OK,"{
  ""JSON_EXTRACTION"": {
    ""Category"": ""Vitiligo"",
    ""Lesion_Type"": [""Sẩn nang lông"", ""Dải hồng ban"", ""Sẹo lõm""],
    ""Colour"": [""Đỏ hồng"", ""Hồng nhạt"", ""Màu da""],
    ""Shape"": [""Dạng đường"", ""Bất quy tắc"", ""Ranh giới mờ""],
    ""Distribution"": [""Nách"", ""Khu trú"", ""Dọc nếp gấp""],
    ""Characteristics"": [""Lông cạo ngắn"", ""Lỗ nang lông"", ""Teo da nhẹ""]
  }
}",
Vitiligo/vitiligo-26.jpg,Vitiligo,Vitiligo,P2_OK,P1_OK,"Mảng hồng ban, Sẩn nhỏ
Đỏ hồng, Đỏ nhạt
Bất quy tắc, Ranh giới không rõ
Mí mắt, Quanh mắt, Hai bên, Đối xứng
Phù nhẹ, Da khô",P2_OK,"{
  ""JSON_EXTRACTION"": {
    ""Category"": ""Vitiligo"",
    ""Lesion_Type"": [""Mảng hồng ban"", ""Sẩn nhỏ""],
    ""Colour"": [""Đỏ hồng"", ""Đỏ nhạt""],
    ""Shape"": [""Bất quy tắc""],
    ""Distribution"": [""Mí mắt"", ""Quanh mắt"", ""Hai bên"", ""Đối xứng""],
    ""Characteristics"": [""Phù nhẹ"", ""Da khô""]
  }
}",
Vitiligo/vitiligo-27.jpg,Vitiligo,Vitiligo,P2_OK,P1_OK,"Mảng mất sắc tố, Dát trắng
Trắng sữa
Bất quy tắc, Ranh giới rõ
Vùng da, Khu trú
Bề mặt nhẵn, Không vảy",P2_OK,"{""JSON_EXTRACTION"":{""Category"":""Vitiligo"",""Lesion_Type"":[""Mảng mất sắc tố"",""Dát trắng""],""Colour"":[""Trắng sữa""],""Shape"":[""Bất quy tắc"",""Ranh giới rõ""],""Distribution"":[""Vùng da"",""Khu trú""],""Characteristics"":[""Bề mặt nhẵn""]}}",
Vitiligo/vitiligo-28.jpg,Vitiligo,Vitiligo,P2_OK,P1_OK,"Mảng giảm sắc tố, Đốm giảm sắc tố
Trắng sữa, Trắng hồng
Bất quy tắc, Ranh giới rõ
Cổ chân, Mu bàn chân, Khu trú
Mất sắc tố, Bề mặt nhẵn",P2_OK,"{
  ""JSON_EXTRACTION"": {
    ""Category"": ""Vitiligo"",
    ""Lesion_Type"": [""Mảng giảm sắc tố"", ""Đốm giảm sắc tố""],
    ""Colour"": [""Trắng sữa"", ""Trắng hồng""],
    ""Shape"": [""Bất quy tắc"", ""Ranh giới rõ""],
    ""Distribution"": [""Cổ chân"", ""Mu bàn chân"", ""Khu trú""],
    ""Characteristics"": [""Mất sắc tố"", ""Bề mặt nhẵn""]
  }
}",
Vitiligo/vitiligo-29.jpg,Vitiligo,Vitiligo,P2_OK,P1_OK,"Mảng giảm sắc tố, Dát giảm sắc tố
Trắng nhạt, Trắng ngà
Bất quy tắc, Ranh giới không rõ
Vùng thân mình, Khu trú, Thành cụm
Bề mặt nhẵn, Không bong vảy",P2_OK,"{
  ""JSON_EXTRACTION"": {
    ""Category"": ""Vitiligo"",
    ""Lesion_Type"": [""Mảng giảm sắc tố"", ""Dát giảm sắc tố""],
    ""Colour"": [""Trắng nhạt"", ""Trắng ngà""],
    ""Shape"": [""Bất quy tắc""],
    ""Distribution"": [""Vùng thân mình"", ""Khu trú"", ""Thành cụm""],
    ""Characteristics"": [""Bề mặt nhẵn""]
  }
}",
Vitiligo/vitiligo-30.jpg,Vitiligo,Vitiligo,P2_OK,P1_OK,"Dát giảm sắc tố, Mảng giảm sắc tố
Trắng nhạt, Nâu nhạt
Hình tròn, Hình bầu dục, Bất quy tắc
Lưng, Vai, Cánh tay trên, Rải rác, Lan tỏa
Bong vảy mịn, Hợp lưu, Nhiều kích thước",P2_OK,"{
  ""JSON_EXTRACTION"": {
    ""Category"": ""Vitiligo"",
    ""Lesion_Type"": [""Dát giảm sắc tố"", ""Mảng giảm sắc tố""],
    ""Colour"": [""Trắng nhạt"", ""Nâu nhạt""],
    ""Shape"": [""Hình tròn"", ""Hình bầu dục"", ""Bất quy tắc""],
    ""Distribution"": [""Lưng"", ""Vai"", ""Cánh tay trên"", ""Rải rác"", ""Lan tỏa""],
    ""Characteristics"": [""Bong vảy mịn"", ""Hợp lưu"", ""Nhiều kích thước""]
  }
}",
Vitiligo/vitiligo-31.jpg,Vitiligo,Vitiligo,P2_OK,P1_OK,"Mảng giảm sắc tố, Mảng mất sắc tố
Trắng sữa, Trắng nhạt
Bất quy tắc, Ranh giới rõ
Mặt, Quanh mắt, Sống mũi, Một bên
Không vảy, Không loét",P2_OK,"{
  ""JSON_EXTRACTION"": {
    ""Category"": ""Vitiligo"",
    ""Lesion_Type"": [
      ""Mảng giảm sắc tố"",
      ""Mảng mất sắc tố""
    ],
    ""Colour"": [
      ""Trắng sữa"",
      ""Trắng nhạt""
    ],
    ""Shape"": [
      ""Bất quy tắc"",
      ""Ranh giới rõ""
    ],
    ""Distribution"": [
      ""Mặt"",
      ""Quanh mắt"",
      ""Sống mũi"",
      ""Một bên""
    ],
    ""Characteristics"": []
  }
}",
Vitiligo/vitiligo-32.jpg,Vitiligo,Vitiligo,P2_OK,P1_OK,"Mảng mất sắc tố, Đốm mất sắc tố
Trắng sữa, Nâu da
Bất quy tắc, Ranh giới rõ
Vùng nách, Cánh tay, Khu trú
Không bong vảy, Bờ tăng sắc tố",P2_OK,"{
  ""JSON_EXTRACTION"": {
    ""Category"": ""Vitiligo"",
    ""Lesion_Type"": [""Mảng mất sắc tố"", ""Đốm mất sắc tố""],
    ""Colour"": [""Trắng sữa"", ""Nâu da""],
    ""Shape"": [""Bất quy tắc"", ""Ranh giới rõ""],
    ""Distribution"": [""Vùng nách"", ""Cánh tay"", ""Khu trú""],
    ""Characteristics"": [""Bờ tăng sắc tố""]
  }
}",
Vitiligo/vitiligo-33.jpg,Vitiligo,Vitiligo,P2_OK,P1_OK,"Mảng mất sắc tố, Đốm mất sắc tố
Trắng sữa, Hồng nhạt
Bất quy tắc, Ranh giới rõ
Cổ, Dưới cằm, Khu trú
Không vảy, Không loét",P2_OK,"{
  ""JSON_EXTRACTION"": {
    ""Category"": ""Vitiligo"",
    ""Lesion_Type"": [""Mảng mất sắc tố"", ""Đốm mất sắc tố""],
    ""Colour"": [""Trắng sữa"", ""Hồng nhạt""],
    ""Shape"": [""Bất quy tắc"", ""Ranh giới rõ""],
    ""Distribution"": [""Cổ"", ""Dưới cằm"", ""Khu trú""],
    ""Characteristics"": []
  }
}",
Vitiligo/vitiligo-34.jpg,Vitiligo,Vitiligo,P2_OK,P1_OK,"Mảng giảm sắc tố, Mảng hồng ban, Mảng vảy
Trắng hồng, Nâu đen, Đỏ hồng
Hình vòng, Đa cung, Ranh giới rõ, Bờ gồ
Vùng khuỷu tay, Mặt duỗi, Tập trung thành cụm
Bong vảy, Đóng vảy, Tăng sắc tố ngoại vi, Trung tâm nhạt màu",P2_OK,"{
  ""JSON_EXTRACTION"": {
    ""Category"": ""Vitiligo"",
    ""Lesion_Type"": [""Mảng giảm sắc tố"", ""Mảng hồng ban"", ""Mảng vảy""],
    ""Colour"": [""Trắng hồng"", ""Nâu đen"", ""Đỏ hồng""],
    ""Shape"": [""Hình vòng"", ""Đa cung"", ""Ranh giới rõ"", ""Bờ gồ""],
    ""Distribution"": [""Vùng khuỷu tay"", ""Mặt duỗi"", ""Thành cụm""],
    ""Characteristics"": [""Bong vảy"", ""Đóng vảy"", ""Tăng sắc tố"", ""Nhạt màu""]
  }
}",
Vitiligo/vitiligo-35.jpg,Vitiligo,Vitiligo,P2_OK,P1_OK,"Mảng giảm sắc tố, Dát giảm sắc tố
Trắng ngà, Nâu nhạt
Hình tròn, Hình bầu dục, Bất quy tắc, Ranh giới rõ
Thân mình, Vai, Cánh tay, Lan tỏa, Hai bên
Bong vảy, Vảy mịn, Rải rác",P2_OK,"{
  ""JSON_EXTRACTION"": {
    ""Category"": ""Vitiligo"",
    ""Lesion_Type"": [""Mảng giảm sắc tố"", ""Dát giảm sắc tố""],
    ""Colour"": [""Trắng ngà"", ""Nâu nhạt""],
    ""Shape"": [""Hình tròn"", ""Hình bầu dục"", ""Bất quy tắc"", ""Ranh giới rõ""],
    ""Distribution"": [""Thân mình"", ""Vai"", ""Cánh tay"", ""Lan tỏa"", ""Hai bên"", ""Rải rác""],
    ""Characteristics"": [""Bong vảy"", ""Vảy mịn""]
  }
}",
Vitiligo/vitiligo-36.jpg,Vitiligo,Vitiligo,P2_OK,P1_OK,"Mảng mất sắc tố, Mảng giảm sắc tố
Trắng sữa, Trắng ngà
Bất quy tắc, Ranh giới rõ
Vùng gối, Hai bên, Đối xứng
Da nhẵn, Không vảy",P2_OK,"{
  ""JSON_EXTRACTION"": {
    ""Category"": ""Vitiligo"",
    ""Lesion_Type"": [""Mảng mất sắc tố"", ""Mảng giảm sắc tố""],
    ""Colour"": [""Trắng sữa"", ""Trắng ngà""],
    ""Shape"": [""Bất quy tắc"", ""Ranh giới rõ""],
    ""Distribution"": [""Vùng gối"", ""Hai bên"", ""Đối xứng""],
    ""Characteristics"": [""Da nhẵn""]
  }
}",
Vitiligo/vitiligo-37.jpg,Vitiligo,Vitiligo,P2_OK,P1_OK,"Mảng giảm sắc tố
Trắng sữa, Da nâu đỏ
Bất quy tắc, Ranh giới khá rõ
Mu bàn chân, Hai bên, Rải rác
Không vảy, Bề mặt phẳng",P2_OK,"{
  ""JSON_EXTRACTION"": {
    ""Category"": ""Vitiligo"",
    ""Lesion_Type"": [""Mảng giảm sắc tố""],
    ""Colour"": [""Trắng sữa"", ""Da nâu đỏ""],
    ""Shape"": [""Bất quy tắc"", ""Ranh giới rõ""],
    ""Distribution"": [""Mu bàn chân"", ""Hai bên"", ""Rải rác""],
    ""Characteristics"": [""Bề mặt phẳng""]
  }
}",
Vitiligo/vitiligo-38.jpg,Vitiligo,Vitiligo,P2_OK,P1_OK,"Mảng giảm sắc tố, Mảng mất sắc tố
Trắng sữa, Trắng nhạt
Bất quy tắc, Ranh giới rõ
Cổ tay, Mặt gấp, Đối xứng
Bề mặt nhẵn, Không bong vảy",P2_OK,"{
  ""JSON_EXTRACTION"": {
    ""Category"": ""Vitiligo"",
    ""Lesion_Type"": [""Mảng giảm sắc tố"", ""Mảng mất sắc tố""],
    ""Colour"": [""Trắng sữa"", ""Trắng nhạt""],
    ""Shape"": [""Bất quy tắc"", ""Ranh giới rõ""],
    ""Distribution"": [""Cổ tay"", ""Mặt gấp"", ""Đối xứng""],
    ""Characteristics"": [""Bề mặt nhẵn""]
  }
}",
Vitiligo/vitiligo-40.jpg,Vitiligo,Vitiligo,P2_OK,P1_OK,"Mảng tăng sắc tố, Mảng bong vảy
Nâu vàng, Nâu sẫm
Bất quy tắc, Ranh giới rõ
Gáy, Lưng trên, Lưng dưới, Đối xứng
Bong vảy mịn, Dày da, Hợp lưu",P2_OK,"{
  ""JSON_EXTRACTION"": {
    ""Category"": ""Vitiligo"",
    ""Lesion_Type"": [""Mảng tăng sắc tố"", ""Mảng bong vảy""],
    ""Colour"": [""Nâu vàng"", ""Nâu sẫm""],
    ""Shape"": [""Bất quy tắc"", ""Ranh giới rõ""],
    ""Distribution"": [""Gáy"", ""Lưng trên"", ""Lưng dưới"", ""Đối xứng""],
    ""Characteristics"": [""Bong vảy mịn"", ""Dày da"", ""Hợp lưu""]
  }
}",
Vitiligo/vitiligo-41.jpg,Vitiligo,Vitiligo,P2_OK,P1_OK,"Mảng tăng sắc tố, Dát tăng sắc tố
Nâu vàng, Nâu sẫm, Trắng xám
Bất quy tắc, Ranh giới không đều, Dạng dải
Cánh tay, Cẳng tay, Mu bàn tay, Một bên
Dày sừng, Bong vảy, Da khô",P2_OK,"{
  ""JSON_EXTRACTION"": {
    ""Category"": ""Vitiligo"",
    ""Lesion_Type"": [""Mảng tăng sắc tố"", ""Dát tăng sắc tố""],
    ""Colour"": [""Nâu vàng"", ""Nâu sẫm"", ""Trắng xám""],
    ""Shape"": [""Bất quy tắc"", ""Ranh giới không đều"", ""Dạng dải""],
    ""Distribution"": [""Cánh tay"", ""Cẳng tay"", ""Mu bàn tay"", ""Một bên""],
    ""Characteristics"": [""Dày sừng"", ""Bong vảy"", ""Da khô""]
  }
}",
Vitiligo/vitiligo-42.jpg,Vitiligo,Vitiligo,P2_OK,P1_OK,"Mảng mất sắc tố, Mảng tăng sắc tố
Trắng ngà, Nâu nhạt, Nâu sẫm
Bất quy tắc, Ranh giới rõ
Mu bàn chân, Hai bên, Đối xứng
Loang lổ, Không vảy",P2_OK,"{
  ""JSON_EXTRACTION"": {
    ""Category"": ""Vitiligo"",
    ""Lesion_Type"": [""Mảng mất sắc tố"", ""Mảng tăng sắc tố""],
    ""Colour"": [""Trắng ngà"", ""Nâu nhạt"", ""Nâu sẫm""],
    ""Shape"": [""Bất quy tắc"", ""Ranh giới rõ""],
    ""Distribution"": [""Mu bàn chân"", ""Hai bên"", ""Đối xứng""],
    ""Characteristics"": [""Loang lổ""]
  }
}",
Vitiligo/vitiligo-43.jpg,Vitiligo,Vitiligo,P2_OK,P1_OK,"Dát giảm sắc tố, Mảng giảm sắc tố
Trắng nhạt, Trắng hồng
Hình tròn, Hình bầu dục, Bất quy tắc
Bụng dưới, Hông, Rải rác
Hợp lưu nhẹ, Ranh giới không rõ",P2_OK,"{
  ""JSON_EXTRACTION"": {
    ""Category"": ""Vitiligo"",
    ""Lesion_Type"": [""Dát giảm sắc tố"", ""Mảng giảm sắc tố""],
    ""Colour"": [""Trắng nhạt"", ""Trắng hồng""],
    ""Shape"": [""Hình tròn"", ""Hình bầu dục"", ""Bất quy tắc"", ""Ranh giới không rõ""],
    ""Distribution"": [""Bụng dưới"", ""Hông"", ""Rải rác""],
    ""Characteristics"": [""Hợp lưu nhẹ""]
  }
}",
Vitiligo/vitiligo-44.jpg,Vitiligo,Vitiligo,P2_OK,P1_OK,"Mảng giảm sắc tố, Đốm giảm sắc tố
Trắng nhạt, Trắng sữa
Bất quy tắc, Ranh giới không đều
Thân mình, Nách, Rải rác
Không vảy, Da nhẵn",P2_OK,"{
  ""JSON_EXTRACTION"": {
    ""Category"": ""Vitiligo"",
    ""Lesion_Type"": [""Mảng giảm sắc tố"", ""Đốm giảm sắc tố""],
    ""Colour"": [""Trắng nhạt"", ""Trắng sữa""],
    ""Shape"": [""Bất quy tắc"", ""Không đều""],
    ""Distribution"": [""Thân mình"", ""Nách"", ""Rải rác""],
    ""Characteristics"": [""Da nhẵn""]
  }
}",
Vitiligo/vitiligo-45.jpg,Vitiligo,Vitiligo,P2_OK,P1_OK,"Mảng giảm sắc tố, Đốm tăng sắc tố
Trắng hồng, Nâu nhạt, Nâu sẫm
Bất quy tắc, Ranh giới không đều
Mu bàn tay, Cẳng tay, Lan tỏa
Da nhăn, Teo da, Đốm sắc tố rải rác",P2_OK,"{
  ""JSON_EXTRACTION"": {
    ""Category"": ""Vitiligo"",
    ""Lesion_Type"": [
      ""Mảng giảm sắc tố"",
      ""Đốm tăng sắc tố""
    ],
    ""Colour"": [
      ""Trắng hồng"",
      ""Nâu nhạt"",
      ""Nâu sẫm""
    ],
    ""Shape"": [
      ""Bất quy tắc"",
      ""Không đều""
    ],
    ""Distribution"": [
      ""Mu bàn tay"",
      ""Cẳng tay"",
      ""Lan tỏa"",
      ""Rải rác""
    ],
    ""Characteristics"": [
      ""Da nhăn"",
      ""Teo da"",
      ""Đốm sắc tố""
    ]
  }
}",
Vitiligo/vitiligo-46.jpg,Vitiligo,Vitiligo,P2_OK,P1_OK,"Dát mất sắc tố, Mảng mất sắc tố
Trắng sữa, Trắng nhạt
Bất quy tắc, Ranh giới rõ
Cẳng tay, Khu trú, Rải rác
Bề mặt nhẵn, Không bong vảy",P2_OK,"{
  ""JSON_EXTRACTION"": {
    ""Category"": ""Vitiligo"",
    ""Lesion_Type"": [""Dát mất sắc tố"", ""Mảng mất sắc tố""],
    ""Colour"": [""Trắng sữa"", ""Trắng nhạt""],
    ""Shape"": [""Bất quy tắc"", ""Ranh giới rõ""],
    ""Distribution"": [""Cẳng tay"", ""Khu trú"", ""Rải rác""],
    ""Characteristics"": [""Bề mặt nhẵn""]
  }
}",
Vitiligo/vitiligo-47.jpg,Vitiligo,Vitiligo,P2_OK,P1_OK,"Dát giảm sắc tố, Mảng giảm sắc tố
Trắng nhạt, Hồng nhạt
Bất quy tắc, Ranh giới không rõ
Má, Vùng trước tai, Khu trú
Bề mặt nhẵn, Không vảy",P2_OK,"{
  ""JSON_EXTRACTION"": {
    ""Category"": ""Vitiligo"",
    ""Lesion_Type"": [""Dát giảm sắc tố"", ""Mảng giảm sắc tố""],
    ""Colour"": [""Trắng nhạt"", ""Hồng nhạt""],
    ""Shape"": [""Bất quy tắc"", ""Ranh giới không rõ""],
    ""Distribution"": [""Má"", ""Vùng trước tai"", ""Khu trú""],
    ""Characteristics"": [""Bề mặt nhẵn""]
  }
}",
Vitiligo/vitiligo-50.jpg,Vitiligo,Vitiligo,P2_OK,P1_OK,"Đốm giảm sắc tố, Mảng giảm sắc tố
Trắng nhạt, Nâu nền
Hình bầu dục, Bất quy tắc, Bờ mờ
Vùng thân mình, Rải rác, Khu trú
Bề mặt phẳng, Không vảy",P2_OK,"{
  ""JSON_EXTRACTION"": {
    ""Category"": ""Vitiligo"",
    ""Lesion_Type"": [""Đốm giảm sắc tố"", ""Mảng giảm sắc tố""],
    ""Colour"": [""Trắng nhạt"", ""Nâu nền""],
    ""Shape"": [""Hình bầu dục"", ""Bất quy tắc"", ""Bờ mờ""],
    ""Distribution"": [""Vùng thân mình"", ""Rải rác"", ""Khu trú""],
    ""Characteristics"": [""Bề mặt phẳng""]
  }
}",
Vitiligo/vitiligo-51.jpg,Vitiligo,Vitiligo,P2_OK,P1_OK,"Mảng mất sắc tố
Trắng sữa, Trắng hồng
Bất quy tắc, Ranh giới rõ
Mí mắt trên, Quanh mắt, Hai bên, Đối xứng
Bề mặt nhẵn, Không vảy",P2_OK,"{
  ""JSON_EXTRACTION"": {
    ""Category"": ""Vitiligo"",
    ""Lesion_Type"": [""Mảng mất sắc tố""],
    ""Colour"": [""Trắng sữa"", ""Trắng hồng""],
    ""Shape"": [""Bất quy tắc"", ""Ranh giới rõ""],
    ""Distribution"": [""Mí mắt trên"", ""Quanh mắt"", ""Hai bên"", ""Đối xứng""],
    ""Characteristics"": [""Bề mặt nhẵn""]
  }
}",
Vitiligo/vitiligo-52.jpg,Vitiligo,Vitiligo,P2_OK,P1_OK,"Mảng giảm sắc tố, Mảng mất sắc tố
Trắng hồng, Trắng nhạt
Bất quy tắc, Ranh giới không đều
Hai gối, Đối xứng, Khu trú
Da trơn, Không vảy",P2_OK,"{
  ""JSON_EXTRACTION"": {
    ""Category"": ""Vitiligo"",
    ""Lesion_Type"": [""Mảng giảm sắc tố"", ""Mảng mất sắc tố""],
    ""Colour"": [""Trắng hồng"", ""Trắng nhạt""],
    ""Shape"": [""Bất quy tắc"", ""Không đều""],
    ""Distribution"": [""Hai gối"", ""Đối xứng"", ""Khu trú""],
    ""Characteristics"": [""Da trơn""]
  }
}",
Vitiligo/vitiligo-53.jpg,Vitiligo,Vitiligo,P2_OK,P1_OK,"Dát giảm sắc tố, Mảng giảm sắc tố
Trắng nhạt, Trắng sữa
Bất quy tắc, Ranh giới mờ
Nếp khoeo, Hai bên, Đối xứng
Không vảy, Nếp da rõ",P2_OK,"{
  ""JSON_EXTRACTION"": {
    ""Category"": ""Vitiligo"",
    ""Lesion_Type"": [""Dát giảm sắc tố"", ""Mảng giảm sắc tố""],
    ""Colour"": [""Trắng nhạt"", ""Trắng sữa""],
    ""Shape"": [""Bất quy tắc"", ""Ranh giới mờ""],
    ""Distribution"": [""Nếp khoeo"", ""Hai bên"", ""Đối xứng""],
    ""Characteristics"": [""Nếp da rõ""]
  }
}",
Vitiligo/vitiligo-54.jpg,Vitiligo,Vitiligo,P2_OK,P1_OK,"Dát mất sắc tố, Mảng mất sắc tố
Trắng sữa, Trắng hồng
Bất quy tắc, Ranh giới rõ
Mu bàn chân, Cổ chân, Hai bên, Đối xứng
Không bong vảy, Hợp nhất nhẹ",P2_OK,"{
  ""JSON_EXTRACTION"": {
    ""Category"": ""Vitiligo"",
    ""Lesion_Type"": [""Dát mất sắc tố"", ""Mảng mất sắc tố""],
    ""Colour"": [""Trắng sữa"", ""Trắng hồng""],
    ""Shape"": [""Bất quy tắc"", ""Ranh giới rõ""],
    ""Distribution"": [""Mu bàn chân"", ""Cổ chân"", ""Hai bên"", ""Đối xứng""],
    ""Characteristics"": [""Hợp nhất nhẹ""]
  }
}",
Vitiligo/vitiligo-55.jpg,Vitiligo,Vitiligo,P2_OK,P1_OK,"Mảng mất sắc tố, Mảng giảm sắc tố
Trắng sữa, Trắng ngà, Nâu nhạt
Bất quy tắc, Ranh giới rõ
Quanh mắt, Mi mắt, Lông mày, Khu trú
Lông trắng, Không bong vảy",P2_OK,"{
  ""JSON_EXTRACTION"": {
    ""Category"": ""Vitiligo"",
    ""Lesion_Type"": [""Mảng mất sắc tố"", ""Mảng giảm sắc tố""],
    ""Colour"": [""Trắng sữa"", ""Trắng ngà"", ""Nâu nhạt""],
    ""Shape"": [""Bất quy tắc"", ""Ranh giới rõ""],
    ""Distribution"": [""Quanh mắt"", ""Mi mắt"", ""Lông mày"", ""Khu trú""],
    ""Characteristics"": [""Lông trắng""]
  }
}",
Vitiligo/vitiligo-56.jpg,Vitiligo,Vitiligo,P2_OK,P1_OK,"Dát giảm sắc tố, Mảng giảm sắc tố
Trắng nhạt, Hồng nhạt
Bất quy tắc, Ranh giới không rõ
Lưng, Thân mình, Rải rác
Vảy mịn, Bề mặt phẳng",P2_OK,"{
  ""JSON_EXTRACTION"": {
    ""Category"": ""Vitiligo"",
    ""Lesion_Type"": [
      ""Dát giảm sắc tố"",
      ""Mảng giảm sắc tố""
    ],
    ""Colour"": [
      ""Trắng nhạt"",
      ""Hồng nhạt""
    ],
    ""Shape"": [
      ""Bất quy tắc"",
      ""Ranh giới mờ""
    ],
    ""Distribution"": [
      ""Lưng"",
      ""Thân mình"",
      ""Rải rác""
    ],
    ""Characteristics"": [
      ""Vảy mịn"",
      ""Bề mặt phẳng""
    ]
  }
}",
Vitiligo/vitiligo-57.jpg,Vitiligo,Vitiligo,P2_OK,P1_OK,"Mảng giảm sắc tố, Mảng thưa tóc
Trắng nhạt, Màu da nhạt
Bất quy tắc, Ranh giới tương đối rõ
Đường chân tóc, Da đầu trước, Khu trú
Thưa tóc, Bề mặt trơn láng, Không vảy",P2_OK,"{
  ""JSON_EXTRACTION"": {
    ""Category"": ""Vitiligo"",
    ""Lesion_Type"": [""Mảng giảm sắc tố"", ""Mảng thưa tóc""],
    ""Colour"": [""Trắng nhạt"", ""Màu da nhạt""],
    ""Shape"": [""Bất quy tắc"", ""Ranh giới rõ""],
    ""Distribution"": [""Đường chân tóc"", ""Da đầu trước"", ""Khu trú""],
    ""Characteristics"": [""Thưa tóc"", ""Bề mặt trơn láng""]
  }
}",
Vitiligo/vitiligo-58.jpg,Vitiligo,Vitiligo,P2_OK,P1_OK,"Mảng giảm sắc tố, Đốm giảm sắc tố
Trắng sữa, Trắng nhạt
Bất quy tắc, Ranh giới không đều
Mu bàn tay, Cẳng tay, Khu trú một bên
Hợp lưu, Không vảy",P2_OK,"{
  ""JSON_EXTRACTION"": {
    ""Category"": ""Vitiligo"",
    ""Lesion_Type"": [""Mảng giảm sắc tố"", ""Đốm giảm sắc tố""],
    ""Colour"": [""Trắng sữa"", ""Trắng nhạt""],
    ""Shape"": [""Bất quy tắc"", ""Ranh giới không đều""],
    ""Distribution"": [""Mu bàn tay"", ""Cẳng tay"", ""Khu trú một bên""],
    ""Characteristics"": [""Hợp lưu""]
  }
}",
Vitiligo/vitiligo-60.jpg,Vitiligo,Vitiligo,P2_OK,P1_OK,"Mảng giảm sắc tố, Đốm tăng sắc tố
Trắng hồng, Nâu nhạt, Đỏ hồng
Bất quy tắc, Ranh giới không rõ
Mu bàn tay, Rải rác, Khu trú
Da khô, Bề mặt phẳng, Không vảy",P2_OK,"{
  ""JSON_EXTRACTION"": {
    ""Category"": ""Vitiligo"",
    ""Lesion_Type"": [""Mảng giảm sắc tố"", ""Đốm tăng sắc tố""],
    ""Colour"": [""Trắng hồng"", ""Nâu nhạt"", ""Đỏ hồng""],
    ""Shape"": [""Bất quy tắc""],
    ""Distribution"": [""Mu bàn tay"", ""Rải rác"", ""Khu trú""],
    ""Characteristics"": [""Da khô"", ""Bề mặt phẳng""]
  }
}",
Vitiligo/vitiligo-61.jpg,Vitiligo,Vitiligo,P2_OK,P1_OK,"Mảng mất sắc tố, Mảng giảm sắc tố
Trắng sữa, Trắng hồng
Bất quy tắc, Ranh giới rõ
Mu bàn tay, Khu trú, Hợp lưu
Bề mặt nhẵn, Không vảy",P2_OK,"{
  ""JSON_EXTRACTION"": {
    ""Category"": ""Vitiligo"",
    ""Lesion_Type"": [""Mất sắc tố"", ""Giảm sắc tố""],
    ""Colour"": [""Trắng sữa"", ""Trắng hồng""],
    ""Shape"": [""Bất quy tắc"", ""Ranh giới rõ""],
    ""Distribution"": [""Mu bàn tay"", ""Khu trú"", ""Hợp lưu""],
    ""Characteristics"": [""Bề mặt nhẵn""]
  }
}",
Vitiligo/vitiligo-62.jpg,Vitiligo,Vitiligo,P2_OK,P1_OK,"Mảng mất sắc tố, Mảng giảm sắc tố
Trắng sữa, Trắng hồng
Bất quy tắc, Ranh giới rõ
Vùng cổ, Sau tai, Khu trú
Bề mặt nhẵn, Không vảy",P2_OK,"{
  ""JSON_EXTRACTION"": {
    ""Category"": ""Vitiligo"",
    ""Lesion_Type"": [""Mảng mất sắc tố"", ""Mảng giảm sắc tố""],
    ""Colour"": [""Trắng sữa"", ""Trắng hồng""],
    ""Shape"": [""Bất quy tắc"", ""Ranh giới rõ""],
    ""Distribution"": [""Vùng cổ"", ""Sau tai"", ""Khu trú""],
    ""Characteristics"": [""Bề mặt nhẵn""]
  }
}",
Vitiligo/vitiligo-63.jpg,Vitiligo,Vitiligo,P2_OK,P1_OK,"Mảng mất sắc tố, Đốm mất sắc tố
Trắng hồng, Trắng sữa
Bất quy tắc, Ranh giới rõ, Dạng bản đồ
Cẳng chân, Khu trú, Rải rác
Bề mặt nhẵn, Không vảy",P2_OK,"{
  ""JSON_EXTRACTION"": {
    ""Category"": ""Vitiligo"",
    ""Lesion_Type"": [""Mảng mất sắc tố"", ""Đốm mất sắc tố""],
    ""Colour"": [""Trắng hồng"", ""Trắng sữa""],
    ""Shape"": [""Bất quy tắc"", ""Ranh giới rõ"", ""Dạng bản đồ""],
    ""Distribution"": [""Cẳng chân"", ""Khu trú"", ""Rải rác""],
    ""Characteristics"": [""Bề mặt nhẵn""]
  }
}",
Vitiligo/vitiligo-64.jpg,Vitiligo,Vitiligo,P2_OK,P1_OK,"Mảng mất sắc tố, Mảng giảm sắc tố
Trắng sữa, Trắng nhạt
Bất quy tắc, Ranh giới rõ
Cẳng tay, Khu trú, Rải rác
Bề mặt nhẵn, Không bong vảy",P2_OK,"{
  ""JSON_EXTRACTION"": {
    ""Category"": ""Vitiligo"",
    ""Lesion_Type"": [""Mảng mất sắc tố"", ""Mảng giảm sắc tố""],
    ""Colour"": [""Trắng sữa"", ""Trắng nhạt""],
    ""Shape"": [""Bất quy tắc"", ""Ranh giới rõ""],
    ""Distribution"": [""Cẳng tay"", ""Khu trú"", ""Rải rác""],
    ""Characteristics"": [""Bề mặt nhẵn""]
  }
}",
Vitiligo/vitiligo-65.jpg,Vitiligo,Vitiligo,P2_OK,P1_OK,"Mảng giảm sắc tố, Mảng mất sắc tố
Trắng nhạt, Nâu nhạt
Bất quy tắc, Ranh giới không đều
Nách, Cánh tay trên, Khu trú
Không vảy, Bề mặt trơn",P2_OK,"{
  ""JSON_EXTRACTION"": {
    ""Category"": ""Vitiligo"",
    ""Lesion_Type"": [""Mảng giảm sắc tố"", ""Mảng mất sắc tố""],
    ""Colour"": [""Trắng nhạt"", ""Nâu nhạt""],
    ""Shape"": [""Bất quy tắc"", ""Ranh giới không đều""],
    ""Distribution"": [""Nách"", ""Cánh tay trên"", ""Khu trú""],
    ""Characteristics"": [""Bề mặt trơn""]
  }
}",
Vitiligo/vitiligo-66.jpg,Vitiligo,Vitiligo,P2_OK,P1_OK,"Mảng giảm sắc tố, Mảng mất sắc tố
Trắng sữa, Nâu da
Bất quy tắc, Ranh giới rõ
Hai cẳng chân, Đối xứng, Mặt trước
Loang lổ, Không vảy",P2_OK,"{
  ""JSON_EXTRACTION"": {
    ""Category"": ""Vitiligo"",
    ""Lesion_Type"": [""Mảng giảm sắc tố"", ""Mảng mất sắc tố""],
    ""Colour"": [""Trắng sữa"", ""Nâu da""],
    ""Shape"": [""Bất quy tắc"", ""Ranh giới rõ""],
    ""Distribution"": [""Hai cẳng chân"", ""Đối xứng"", ""Mặt trước""],
    ""Characteristics"": [""Loang lổ""]
  }
}",
Vitiligo/vitiligo1.jpg,Vitiligo,Vitiligo,P2_OK,P1_OK,"Mảng giảm sắc tố, Mảng mất sắc tố
Trắng nhạt, Trắng sữa
Bất quy tắc, Ranh giới không đều
Mu bàn chân, Hai bên, Gần đối xứng
Không bong vảy, Bề mặt nhẵn",P2_OK,"{
  ""JSON_EXTRACTION"": {
    ""Category"": ""Vitiligo"",
    ""Lesion_Type"": [""Mảng giảm sắc tố"", ""Mảng mất sắc tố""],
    ""Colour"": [""Trắng nhạt"", ""Trắng sữa""],
    ""Shape"": [""Bất quy tắc"", ""Ranh giới không đều""],
    ""Distribution"": [""Mu bàn chân"", ""Hai bên"", ""Gần đối xứng""],
    ""Characteristics"": [""Bề mặt nhẵn""]
  }
}",
Vitiligo/vitiligo2.jpg,Vitiligo,Vitiligo,P2_OK,P1_OK,"Mảng mất sắc tố, Đốm mất sắc tố
Trắng hồng, Trắng nhạt
Bất quy tắc, Ranh giới rõ
Sau tai, Cổ bên, Khu trú
Không vảy, Lông trắng, Nhiều ổ",P2_OK,"{
  ""JSON_EXTRACTION"": {
    ""Category"": ""Vitiligo"",
    ""Lesion_Type"": [""Mảng mất sắc tố"", ""Đốm mất sắc tố""],
    ""Colour"": [""Trắng hồng"", ""Trắng nhạt""],
    ""Shape"": [""Bất quy tắc"", ""Ranh giới rõ""],
    ""Distribution"": [""Sau tai"", ""Cổ bên"", ""Khu trú""],
    ""Characteristics"": [""Lông trắng"", ""Nhiều ổ""]
  }
}",
Vitiligo/vitiligo3.jpg,Vitiligo,Vitiligo,P2_OK,P1_OK,"Mảng hồng ban, Mảng vòng
Đỏ hồng, Nâu hồng
Hình vòng, Bờ gồ, Ranh giới rõ
Mu bàn tay, Ngón tay, Khu trú
Bong vảy mịn, Da khô",P2_OK,"{
  ""JSON_EXTRACTION"": {
    ""Category"": ""Vitiligo"",
    ""Lesion_Type"": [
      ""Mảng hồng ban"",
      ""Mảng vòng""
    ],
    ""Colour"": [
      ""Đỏ hồng"",
      ""Nâu hồng""
    ],
    ""Shape"": [
      ""Hình vòng"",
      ""Bờ gồ"",
      ""Ranh giới rõ""
    ],
    ""Distribution"": [
      ""Mu bàn tay"",
      ""Ngón tay"",
      ""Khu trú""
    ],
    ""Characteristics"": [
      ""Bong vảy mịn"",
      ""Da khô""
    ]
  }
}",
Vitiligo/vitiligo4.jpg,Vitiligo,Vitiligo,P2_OK,P1_OK,"Mảng giảm sắc tố, Mảng mất sắc tố
Trắng sữa, Nâu hồng
Bất quy tắc, Ranh giới rõ
Quanh miệng, Môi, Khu trú
Loang lổ, Đối xứng nhẹ",P2_OK,"{
  ""JSON_EXTRACTION"": {
    ""Category"": ""Vitiligo"",
    ""Lesion_Type"": [""Mảng giảm sắc tố"", ""Mảng mất sắc tố""],
    ""Colour"": [""Trắng sữa"", ""Nâu hồng""],
    ""Shape"": [""Bất quy tắc"", ""Ranh giới rõ""],
    ""Distribution"": [""Quanh miệng"", ""Môi"", ""Khu trú"", ""Đối xứng nhẹ""],
    ""Characteristics"": [""Loang lổ""]
  }
}",
Vulval intraepithelial neoplasia/01.jpg,Vulval intraepithelial neoplasia,Vulval intraepithelial neoplasia,P2_OK,P1_OK,"Sẩn viêm, Mụn mủ nhỏ, Dát tăng sắc tố
Nâu sẫm, Đỏ nâu, Vàng nhạt
Hình tròn, Rải rác, Ranh giới không đều
Mặt, Má, Quanh miệng, Hai bên
Tăng sắc tố sau viêm, Tổn thương nang lông, Bề mặt bóng",P2_OK,"{
  ""JSON_EXTRACTION"": {
    ""Category"": ""Vulval intraepithelial neoplasia"",
    ""Lesion_Type"": [""Sẩn viêm"", ""Mụn mủ nhỏ"", ""Dát tăng sắc tố""],
    ""Colour"": [""Nâu sẫm"", ""Đỏ nâu"", ""Vàng nhạt""],
    ""Shape"": [""Hình tròn"", ""Ranh giới không đều""],
    ""Distribution"": [""Mặt"", ""Má"", ""Quanh miệng"", ""Hai bên"", ""Rải rác""],
    ""Characteristics"": [""Tăng sắc tố"", ""Nang lông"", ""Bề mặt bóng""]
  }
}",
Vulval intraepithelial neoplasia/02.jpg,Vulval intraepithelial neoplasia,Vulval intraepithelial neoplasia,P2_OK,P1_OK,"Sẩn hồng ban, Dát hồng ban
Đỏ hồng, Hồng nhạt
Chấm nhỏ, Bất quy tắc, Ranh giới mờ
Lưng, Vùng dưới áo ngực, Rải rác
Không bong vảy, Tổn thương nhỏ, Thưa thớt",P2_OK,"{
  ""JSON_EXTRACTION"": {
    ""Category"": ""Vulval intraepithelial neoplasia"",
    ""Lesion_Type"": [""Sẩn hồng ban"", ""Dát hồng ban""],
    ""Colour"": [""Đỏ hồng"", ""Hồng nhạt""],
    ""Shape"": [""Chấm nhỏ"", ""Bất quy tắc"", ""Ranh giới mờ""],
    ""Distribution"": [""Lưng"", ""Vùng dưới áo ngực"", ""Rải rác""],
    ""Characteristics"": [""Tổn thương nhỏ"", ""Thưa thớt""]
  }
}",
Vulval intraepithelial neoplasia/03.jpg,Vulval intraepithelial neoplasia,Vulval intraepithelial neoplasia,P2_OK,P1_OK,"Không thấy tổn thương rõ
Màu da bình thường
Không xác định
Vùng bụng, Khu trú
Không bong vảy, Không loét",P2_OK,"{
  ""JSON_EXTRACTION"": {
    ""Category"": ""Vulval intraepithelial neoplasia"",
    ""Lesion_Type"": [],
    ""Colour"": [""Màu da bình thường""],
    ""Shape"": [],
    ""Distribution"": [""Vùng bụng"", ""Khu trú""],
    ""Characteristics"": []
  }
}",
Vulval intraepithelial neoplasia/04.jpg,Vulval intraepithelial neoplasia,Vulval intraepithelial neoplasia,P2_OK,P1_OK,"Không thấy tổn thương da rõ
Màu da bình thường
Không xác định
Bàn tay, Ngón tay, Hai bên
Không bong vảy, Không mụn nước",P2_OK,"{
  ""JSON_EXTRACTION"": {
    ""Category"": ""Vulval intraepithelial neoplasia"",
    ""Lesion_Type"": [],
    ""Colour"": [""Bình thường""],
    ""Shape"": [],
    ""Distribution"": [""Bàn tay"", ""Ngón tay"", ""Hai bên""],
    ""Characteristics"": []
  }
}",
Vulval intraepithelial neoplasia/05.jpg,Vulval intraepithelial neoplasia,Vulval intraepithelial neoplasia,P2_OK,P1_OK,"Mảng sắc tố, Sẩn dẹt
Nâu sẫm, Nâu đen
Hình tròn, Bầu dục, Ranh giới rõ
Chi dưới, Rải rác, Khu trú
Bề mặt khô, Dày sừng nhẹ, Tăng sắc tố",P2_OK,"{
  ""JSON_EXTRACTION"": {
    ""Category"": ""Vulval intraepithelial neoplasia"",
    ""Lesion_Type"": [""Mảng sắc tố"", ""Sẩn dẹt""],
    ""Colour"": [""Nâu sẫm"", ""Nâu đen""],
    ""Shape"": [""Hình tròn"", ""Bầu dục"", ""Ranh giới rõ""],
    ""Distribution"": [""Chi dưới"", ""Rải rác"", ""Khu trú""],
    ""Characteristics"": [""Bề mặt khô"", ""Dày sừng nhẹ"", ""Tăng sắc tố""]
  }
}",
Vulval intraepithelial neoplasia/06.jpg,Vulval intraepithelial neoplasia,Vulval intraepithelial neoplasia,P2_OK,P1_OK,"Mảng hồng ban, Mảng bong vảy
Đỏ hồng, Trắng xám, Vàng nhạt
Bất quy tắc, Ranh giới không rõ
Lòng bàn tay, Ngón tay, Khu trú
Bong vảy, Khô da, Nứt kẽ",P2_OK,"{
  ""JSON_EXTRACTION"": {
    ""Category"": ""Vulval intraepithelial neoplasia"",
    ""Lesion_Type"": [""Mảng hồng ban"", ""Mảng bong vảy""],
    ""Colour"": [""Đỏ hồng"", ""Trắng xám"", ""Vàng nhạt""],
    ""Shape"": [""Bất quy tắc"", ""Ranh giới mờ""],
    ""Distribution"": [""Lòng bàn tay"", ""Ngón tay"", ""Khu trú""],
    ""Characteristics"": [""Bong vảy"", ""Khô da"", ""Nứt kẽ""]
  }
}",
Vulval intraepithelial neoplasia/07.jpg,Vulval intraepithelial neoplasia,Vulval intraepithelial neoplasia,P2_OK,P1_OK,"Mảng hồng ban, Sẩn đỏ
Đỏ hồng, Đỏ nhạt
Hình vòng, Bất quy tắc, Ranh giới rõ
Lòng bàn tay, Cổ tay, Rải rác
Bong vảy mịn, Bờ gồ nhẹ",P2_OK,"{
  ""JSON_EXTRACTION"": {
    ""Category"": ""Vulval intraepithelial neoplasia"",
    ""Lesion_Type"": [""Mảng hồng ban"", ""Sẩn đỏ""],
    ""Colour"": [""Đỏ hồng"", ""Đỏ nhạt""],
    ""Shape"": [""Hình vòng"", ""Bất quy tắc"", ""Ranh giới rõ""],
    ""Distribution"": [""Lòng bàn tay"", ""Cổ tay"", ""Rải rác""],
    ""Characteristics"": [""Bong vảy mịn"", ""Bờ gồ nhẹ""]
  }
}",
Vulval intraepithelial neoplasia/08.jpg,Vulval intraepithelial neoplasia,Vulval intraepithelial neoplasia,P2_OK,P1_OK,"Mảng hồng ban, Sẩn đỏ, Trợt da
Đỏ hồng, Trắng xám, Vàng nâu
Bất quy tắc, Ranh giới không rõ
Cẳng chân, Khu trú
Bong vảy, Vảy dày, Mài tiết, Nứt nẻ",P2_OK,"{
  ""JSON_EXTRACTION"": {
    ""Category"": ""Vulval intraepithelial neoplasia"",
    ""Lesion_Type"": [""Mảng hồng ban"", ""Sẩn đỏ"", ""Trợt da""],
    ""Colour"": [""Đỏ hồng"", ""Trắng xám"", ""Vàng nâu""],
    ""Shape"": [""Bất quy tắc"", ""Ranh giới mờ""],
    ""Distribution"": [""Cẳng chân"", ""Khu trú""],
    ""Characteristics"": [""Bong vảy"", ""Vảy dày"", ""Mài tiết"", ""Nứt nẻ""]
  }
}",
Vulval intraepithelial neoplasia/09.jpg,Vulval intraepithelial neoplasia,Vulval intraepithelial neoplasia,P2_OK,P1_OK,"Mảng hồng ban, Vảy tiết
Đỏ hồng, Vàng nâu
Bất quy tắc, Ranh giới không rõ
Da đầu, Khu trú
Vảy tiết vàng, Tóc thưa nhẹ",P2_OK,"{
  ""JSON_EXTRACTION"": {
    ""Category"": ""Vulval intraepithelial neoplasia"",
    ""Lesion_Type"": [""Mảng hồng ban"", ""Vảy tiết""],
    ""Colour"": [""Đỏ hồng"", ""Vàng nâu""],
    ""Shape"": [""Bất quy tắc"", ""Ranh giới mờ""],
    ""Distribution"": [""Da đầu"", ""Khu trú""],
    ""Characteristics"": [""Vảy tiết vàng"", ""Tóc thưa nhẹ""]
  }
}",
Vulval intraepithelial neoplasia/10.jpg,Vulval intraepithelial neoplasia,Vulval intraepithelial neoplasia,P2_OK,P1_OK,"Sẩn đỏ, Nốt đỏ, Loét nhỏ
Đỏ hồng, Đỏ sẫm, Trung tâm nâu đen
Hình tròn, Ranh giới rõ, Rốn lõm trung tâm
Chi dưới, Rải rác, Tách biệt
Vảy tiết, Loét trung tâm, Lông da xung quanh",P2_OK,"{
  ""JSON_EXTRACTION"": {
    ""Category"": ""Vulval intraepithelial neoplasia"",
    ""Lesion_Type"": [""Sẩn đỏ"", ""Nốt đỏ"", ""Loét nhỏ""],
    ""Colour"": [""Đỏ hồng"", ""Đỏ sẫm"", ""Nâu đen""],
    ""Shape"": [""Hình tròn"", ""Ranh giới rõ"", ""Rốn lõm""],
    ""Distribution"": [""Chi dưới"", ""Rải rác"", ""Tách biệt""],
    ""Characteristics"": [""Vảy tiết"", ""Loét trung tâm"", ""Lông xung quanh""]
  }
}",
Vulval intraepithelial neoplasia/11.jpg,Vulval intraepithelial neoplasia,Vulval intraepithelial neoplasia,P2_OK,P1_OK,"Bọng nước, Mụn nước, Trợt da
Đỏ hồng, Đỏ sẫm, Vàng cam
Hình tròn, Bầu dục, Ranh giới rõ
Vùng bẹn, Cụm, Rải rác
Dịch trong, Đóng mài, Nền hồng ban",P2_OK,"{
  ""JSON_EXTRACTION"": {
    ""Category"": ""Vulval intraepithelial neoplasia"",
    ""Lesion_Type"": [""Bọng nước"", ""Mụn nước"", ""Trợt da""],
    ""Colour"": [""Đỏ hồng"", ""Đỏ sẫm"", ""Vàng cam""],
    ""Shape"": [""Hình tròn"", ""Bầu dục"", ""Ranh giới rõ""],
    ""Distribution"": [""Vùng bẹn"", ""Cụm"", ""Rải rác""],
    ""Characteristics"": [""Dịch trong"", ""Đóng mài"", ""Nền hồng ban""]
  }
}",
Vulval intraepithelial neoplasia/12.jpg,Vulval intraepithelial neoplasia,Vulval intraepithelial neoplasia,P2_OK,P1_OK,"Bọng nước, Mụn nước, Trợt da
Đỏ tươi, Đỏ sẫm, Vàng cam
Hình tròn, Ranh giới rõ, Kích thước không đều
Vùng bẹn, Đùi trong, Tập trung thành cụm
Dịch trong, Đóng vảy tiết, Xuất huyết nhỏ",P2_OK,"{
  ""JSON_EXTRACTION"": {
    ""Category"": ""Vulval intraepithelial neoplasia"",
    ""Lesion_Type"": [""Bọng nước"", ""Mụn nước"", ""Trợt da""],
    ""Colour"": [""Đỏ tươi"", ""Đỏ sẫm"", ""Vàng cam""],
    ""Shape"": [""Hình tròn"", ""Ranh giới rõ"", ""Không đều""],
    ""Distribution"": [""Vùng bẹn"", ""Đùi trong"", ""Thành cụm""],
    ""Characteristics"": [""Dịch trong"", ""Đóng vảy tiết"", ""Xuất huyết nhỏ""]
  }
}",
Vulval intraepithelial neoplasia/13.jpg,Vulval intraepithelial neoplasia,Vulval intraepithelial neoplasia,P2_OK,P1_OK,"Bọng nước, Mụn nước, Sẩn đỏ
Đỏ hồng, Đỏ nâu, Vàng trong
Hình tròn, Hình bầu dục, Ranh giới rõ
Vùng nếp gấp, Rải rác, Thành cụm
Căng bóng, Dịch trong, Chấm xuất huyết",P2_OK,"{
  ""JSON_EXTRACTION"": {
    ""Category"": ""Vulval intraepithelial neoplasia"",
    ""Lesion_Type"": [""Bọng nước"", ""Mụn nước"", ""Sẩn đỏ""],
    ""Colour"": [""Đỏ hồng"", ""Đỏ nâu"", ""Vàng trong""],
    ""Shape"": [""Hình tròn"", ""Hình bầu dục"", ""Ranh giới rõ""],
    ""Distribution"": [""Vùng nếp gấp"", ""Rải rác"", ""Thành cụm""],
    ""Characteristics"": [""Căng bóng"", ""Dịch trong"", ""Chấm xuất huyết""]
  }
}",
Vulval intraepithelial neoplasia/14.jpg,Vulval intraepithelial neoplasia,Vulval intraepithelial neoplasia,P2_OK,P1_OK,"Mảng hồng ban, Bọng nước, Trợt da
Đỏ hồng, Vàng nâu, Trắng bóng
Bất quy tắc, Ranh giới không rõ
Chi dưới, Cẳng chân, Khu trú
Da bóng, Dịch vàng, Tróc thượng bì",P2_OK,"{
  ""JSON_EXTRACTION"": {
    ""Category"": ""Vulval intraepithelial neoplasia"",
    ""Lesion_Type"": [""Mảng hồng ban"", ""Bọng nước"", ""Trợt da""],
    ""Colour"": [""Đỏ hồng"", ""Vàng nâu"", ""Trắng bóng""],
    ""Shape"": [""Bất quy tắc"", ""Ranh giới mờ""],
    ""Distribution"": [""Chi dưới"", ""Cẳng chân"", ""Khu trú""],
    ""Characteristics"": [""Da bóng"", ""Dịch vàng"", ""Tróc thượng bì""]
  }
}",
Vulval intraepithelial neoplasia/15.jpg,Vulval intraepithelial neoplasia,Vulval intraepithelial neoplasia,P2_OK,P1_OK,"Mảng tăng sắc tố
Nâu sẫm, Nâu xám
Bất quy tắc, Ranh giới không rõ
Má, Khu trú
Bong vảy mịn, Da khô",P2_OK,"{
  ""JSON_EXTRACTION"": {
    ""Category"": ""Vulval intraepithelial neoplasia"",
    ""Lesion_Type"": [""Mảng tăng sắc tố""],
    ""Colour"": [""Nâu sẫm"", ""Nâu xám""],
    ""Shape"": [""Bất quy tắc"", ""Ranh giới mờ""],
    ""Distribution"": [""Má"", ""Khu trú""],
    ""Characteristics"": [""Bong vảy mịn"", ""Da khô""]
  }
}",
Vulval intraepithelial neoplasia/16.jpg,Vulval intraepithelial neoplasia,Vulval intraepithelial neoplasia,P2_OK,P1_OK,"Sẩn tăng sừng, Hố lõm
Hồng nhạt, Trắng vàng
Hình tròn, Ranh giới rõ, Nhỏ
Đầu ngón tay, Khu trú, Rải rác
Tăng sừng, Bong vảy, Nứt nẻ, Lõm trung tâm",P2_OK,"{
  ""JSON_EXTRACTION"": {
    ""Category"": ""Vulval intraepithelial neoplasia"",
    ""Lesion_Type"": [""Sẩn tăng sừng"", ""Hố lõm""],
    ""Colour"": [""Hồng nhạt"", ""Trắng vàng""],
    ""Shape"": [""Hình tròn"", ""Ranh giới rõ"", ""Nhỏ""],
    ""Distribution"": [""Đầu ngón tay"", ""Khu trú"", ""Rải rác""],
    ""Characteristics"": [""Tăng sừng"", ""Bong vảy"", ""Nứt nẻ"", ""Lõm trung tâm""]
  }
}",
Vulval intraepithelial neoplasia/17.jpg,Vulval intraepithelial neoplasia,Vulval intraepithelial neoplasia,P2_OK,P1_OK,"Mảng trợt, Mảng hồng ban
Đỏ tươi, Đỏ hồng, Vàng nâu
Bất quy tắc, Ranh giới không đều
Da đầu, Vùng thái dương, Khu trú
Đóng mài, Vảy tiết, Chảy dịch, Chấm xuất huyết",P2_OK,"{
  ""JSON_EXTRACTION"": {
    ""Category"": ""Vulval intraepithelial neoplasia"",
    ""Lesion_Type"": [""Mảng trợt"", ""Mảng hồng ban""],
    ""Colour"": [""Đỏ tươi"", ""Đỏ hồng"", ""Vàng nâu""],
    ""Shape"": [""Bất quy tắc"", ""Không đều""],
    ""Distribution"": [""Da đầu"", ""Vùng thái dương"", ""Khu trú""],
    ""Characteristics"": [""Đóng mài"", ""Vảy tiết"", ""Chảy dịch"", ""Chấm xuất huyết""]
  }
}",
Vulval intraepithelial neoplasia/18.jpg,Vulval intraepithelial neoplasia,Vulval intraepithelial neoplasia,P2_OK,P1_OK,"Mảng sắc tố, Dát hồng nâu
Nâu nhạt, Hồng nhạt
Bất quy tắc, Ranh giới mờ
Vùng da có lông, Khu trú
Bề mặt khô, Vảy mịn",P2_OK,"{
  ""JSON_EXTRACTION"": {
    ""Category"": ""Vulval intraepithelial neoplasia"",
    ""Lesion_Type"": [""Mảng sắc tố"", ""Dát hồng nâu""],
    ""Colour"": [""Nâu nhạt"", ""Hồng nhạt""],
    ""Shape"": [""Bất quy tắc"", ""Ranh giới mờ""],
    ""Distribution"": [""Da có lông"", ""Khu trú""],
    ""Characteristics"": [""Bề mặt khô"", ""Vảy mịn""]
  }
}",
Vulval intraepithelial neoplasia/19.jpg,Vulval intraepithelial neoplasia,Vulval intraepithelial neoplasia,P2_OK,P1_OK,"Mảng sắc tố
Nâu nhạt, Nâu vàng
Bất quy tắc, Ranh giới không rõ
Vùng da có lông, Khu trú
Bề mặt nhẵn, Lông xuyên qua",P2_OK,"{
  ""JSON_EXTRACTION"": {
    ""Category"": ""Vulval intraepithelial neoplasia"",
    ""Lesion_Type"": [""Mảng sắc tố""],
    ""Colour"": [""Nâu nhạt"", ""Nâu vàng""],
    ""Shape"": [""Bất quy tắc"", ""Ranh giới mờ""],
    ""Distribution"": [""Da có lông"", ""Khu trú""],
    ""Characteristics"": [""Bề mặt nhẵn"", ""Lông xuyên qua""]
  }
}",
Vulval intraepithelial neoplasia/20.jpg,Vulval intraepithelial neoplasia,Vulval intraepithelial neoplasia,P2_OK,P1_OK,"Mảng hồng ban
Đỏ hồng, Đỏ nhạt
Bất quy tắc, Ranh giới mờ
Lòng bàn tay, Khu trú
Bề mặt nhẵn, Không vảy",P2_OK,"{
  ""JSON_EXTRACTION"": {
    ""Category"": ""Vulval intraepithelial neoplasia"",
    ""Lesion_Type"": [""Mảng hồng ban""],
    ""Colour"": [""Đỏ hồng"", ""Đỏ nhạt""],
    ""Shape"": [""Bất quy tắc"", ""Ranh giới mờ""],
    ""Distribution"": [""Lòng bàn tay"", ""Khu trú""],
    ""Characteristics"": [""Bề mặt nhẵn""]
  }
}",
Vulval intraepithelial neoplasia/21.jpg,Vulval intraepithelial neoplasia,Vulval intraepithelial neoplasia,P2_OK,P1_OK,"Mảng hồng ban, Sẩn phù
Đỏ tím, Đỏ hồng
Hình tròn, Ranh giới mờ
Vùng thân mình, Khu trú, Đơn độc
Trung tâm sẫm màu, Không vảy",P2_OK,"{
  ""JSON_EXTRACTION"": {
    ""Category"": ""Vulval intraepithelial neoplasia"",
    ""Lesion_Type"": [""Mảng hồng ban"", ""Sẩn phù""],
    ""Colour"": [""Đỏ tím"", ""Đỏ hồng""],
    ""Shape"": [""Hình tròn"", ""Ranh giới mờ""],
    ""Distribution"": [""Vùng thân mình"", ""Khu trú"", ""Đơn độc""],
    ""Characteristics"": [""Trung tâm sẫm""]
  }
}",
Vulval intraepithelial neoplasia/22.jpg,Vulval intraepithelial neoplasia,Vulval intraepithelial neoplasia,P2_OK,P1_OK,"Mảng hồng ban, Dải hồng ban
Hồng nhạt, Đỏ nhạt
Hình vòng, Hình cung, Ranh giới rõ
Lưng, Vai, Rải rác
Bong vảy mịn, Bờ viền nhạt",P2_OK,"{
  ""JSON_EXTRACTION"": {
    ""Category"": ""Vulval intraepithelial neoplasia"",
    ""Lesion_Type"": [""Mảng hồng ban"", ""Dải hồng ban""],
    ""Colour"": [""Hồng nhạt"", ""Đỏ nhạt""],
    ""Shape"": [""Hình vòng"", ""Hình cung"", ""Ranh giới rõ""],
    ""Distribution"": [""Lưng"", ""Vai"", ""Rải rác""],
    ""Characteristics"": [""Bong vảy mịn"", ""Bờ viền nhạt""]
  }
}",
Vulval intraepithelial neoplasia/23.jpg,Vulval intraepithelial neoplasia,Vulval intraepithelial neoplasia,P2_OK,P1_OK,"Mảng giảm sắc tố, Đốm giảm sắc tố
Nâu nhạt, Hồng nhạt
Bất quy tắc, Ranh giới mờ
Vùng thân mình, Rải rác
Vảy mịn, Bề mặt nhẵn",P2_OK,"{
  ""JSON_EXTRACTION"": {
    ""Category"": ""Vulval intraepithelial neoplasia"",
    ""Lesion_Type"": [""Mảng giảm sắc tố"", ""Đốm giảm sắc tố""],
    ""Colour"": [""Nâu nhạt"", ""Hồng nhạt""],
    ""Shape"": [""Bất quy tắc"", ""Ranh giới mờ""],
    ""Distribution"": [""Vùng thân mình"", ""Rải rác""],
    ""Characteristics"": [""Vảy mịn"", ""Bề mặt nhẵn""]
  }
}",
Vulval intraepithelial neoplasia/24.jpg,Vulval intraepithelial neoplasia,Vulval intraepithelial neoplasia,P2_OK,P1_OK,"Mụn nước, Vết trợt đóng mài, Mảng hồng ban
Đỏ hồng, Nâu đen, Trắng ngà
Hình tròn, Bất quy tắc, Ranh giới rõ
Ngón tay, Quanh móng, Khu trú
Sưng nề, Đóng mài, Trợt da",P2_OK,"{
  ""JSON_EXTRACTION"": {
    ""Category"": ""Vulval intraepithelial neoplasia"",
    ""Lesion_Type"": [""Mụn nước"", ""Vết trợt"", ""Mảng hồng ban""],
    ""Colour"": [""Đỏ hồng"", ""Nâu đen"", ""Trắng ngà""],
    ""Shape"": [""Hình tròn"", ""Bất quy tắc"", ""Ranh giới rõ""],
    ""Distribution"": [""Ngón tay"", ""Quanh móng"", ""Khu trú""],
    ""Characteristics"": [""Sưng nề"", ""Đóng mài"", ""Trợt da""]
  }
}",
Vulval intraepithelial neoplasia/25.jpg,Vulval intraepithelial neoplasia,Vulval intraepithelial neoplasia,P2_OK,P1_OK,"Dát sắc tố, Sẩn nhỏ
Nâu, Đỏ hồng nhạt
Hình tròn, Ranh giới rõ
Vùng chi, Khu trú
Da sần nhẹ, Lỗ chân lông rõ, Không bong vảy",P2_OK,"{
  ""JSON_EXTRACTION"": {
    ""Category"": ""Vulval intraepithelial neoplasia"",
    ""Lesion_Type"": [""Dát sắc tố"", ""Sẩn nhỏ""],
    ""Colour"": [""Nâu"", ""Đỏ hồng nhạt""],
    ""Shape"": [""Hình tròn"", ""Ranh giới rõ""],
    ""Distribution"": [""Vùng chi"", ""Khu trú""],
    ""Characteristics"": [""Da sần nhẹ"", ""Lỗ chân lông""]
  }
}",
Vulval intraepithelial neoplasia/26.jpg,Vulval intraepithelial neoplasia,Vulval intraepithelial neoplasia,P2_OK,P1_OK,"Sẩn hình vòm, Nốt nhỏ, Sẩn lõm giữa
Màu da, Hồng nhạt, Đỏ nâu, Đen nâu
Hình tròn, Bán cầu, Ranh giới rõ
Mặt, Má, Quanh miệng, Rải rác, Tụ cụm
Lõm giữa, Bề mặt bóng, Đóng mài, Trợt nông",P2_OK,"{
  ""JSON_EXTRACTION"": {
    ""Category"": ""Vulval intraepithelial neoplasia"",
    ""Lesion_Type"": [""Sẩn hình vòm"", ""Nốt nhỏ"", ""Sẩn lõm giữa""],
    ""Colour"": [""Màu da"", ""Hồng nhạt"", ""Đỏ nâu"", ""Đen nâu""],
    ""Shape"": [""Hình tròn"", ""Bán cầu"", ""Ranh giới rõ""],
    ""Distribution"": [""Mặt"", ""Má"", ""Quanh miệng"", ""Rải rác"", ""Tụ cụm""],
    ""Characteristics"": [""Lõm giữa"", ""Bề mặt bóng"", ""Đóng mài"", ""Trợt nông""]
  }
}",
Vulval intraepithelial neoplasia/27.jpg,Vulval intraepithelial neoplasia,Vulval intraepithelial neoplasia,P2_OK,P1_OK,"Sẩn, Nốt nhỏ
Nâu tím, Trắng ngà trung tâm
Hình tròn, Ranh giới rõ, Lõm giữa
Vùng râu, Má, Khu trú, Đơn độc
Nút sừng trung tâm, Vảy tiết, Bề mặt bóng",P2_OK,"{
  ""JSON_EXTRACTION"": {
    ""Category"": ""Vulval intraepithelial neoplasia"",
    ""Lesion_Type"": [""Sẩn"", ""Nốt nhỏ""],
    ""Colour"": [""Nâu tím"", ""Trắng ngà trung tâm""],
    ""Shape"": [""Hình tròn"", ""Ranh giới rõ"", ""Lõm giữa""],
    ""Distribution"": [""Vùng râu"", ""Má"", ""Khu trú"", ""Đơn độc""],
    ""Characteristics"": [""Nút sừng trung tâm"", ""Vảy tiết"", ""Bề mặt bóng""]
  }
}",
Vulval intraepithelial neoplasia/28.jpg,Vulval intraepithelial neoplasia,Vulval intraepithelial neoplasia,P2_OK,P1_OK,"Đốm tăng sắc tố, Mảng sắc tố
Nâu tím, Nâu sẫm
Hình tròn, Hình bầu dục, Ranh giới rõ
Ngực, Vai, Rải rác
Kích thước nhỏ, Bề mặt phẳng",P2_OK,"{
  ""JSON_EXTRACTION"": {
    ""Category"": ""Vulval intraepithelial neoplasia"",
    ""Lesion_Type"": [""Đốm tăng sắc tố"", ""Mảng sắc tố""],
    ""Colour"": [""Nâu tím"", ""Nâu sẫm""],
    ""Shape"": [""Hình tròn"", ""Hình bầu dục"", ""Ranh giới rõ""],
    ""Distribution"": [""Ngực"", ""Vai"", ""Rải rác""],
    ""Characteristics"": [""Kích thước nhỏ"", ""Bề mặt phẳng""]
  }
}",
Vulval intraepithelial neoplasia/29.jpg,Vulval intraepithelial neoplasia,Vulval intraepithelial neoplasia,P2_OK,P1_OK,"Sẩn bóng, Nốt nhỏ
Trắng ngà, Hồng nhạt
Hình tròn, Dạng vòm, Ranh giới rõ
Vùng sinh dục, Bìu, Rải rác
Lõm trung tâm, Bề mặt nhẵn",P2_OK,"{
  ""JSON_EXTRACTION"": {
    ""Category"": ""Vulval intraepithelial neoplasia"",
    ""Lesion_Type"": [""Sẩn bóng"", ""Nốt nhỏ""],
    ""Colour"": [""Trắng ngà"", ""Hồng nhạt""],
    ""Shape"": [""Hình tròn"", ""Dạng vòm"", ""Ranh giới rõ""],
    ""Distribution"": [""Vùng sinh dục"", ""Bìu"", ""Rải rác""],
    ""Characteristics"": [""Lõm trung tâm"", ""Bề mặt nhẵn""]
  }
}",
Vulval intraepithelial neoplasia/30.jpg,Vulval intraepithelial neoplasia,Vulval intraepithelial neoplasia,P2_OK,P1_OK,"Dát sắc tố
Nâu đỏ, Nâu nhạt
Hình tròn, Ranh giới rõ
Đầu ngón tay, Đơn độc, Khu trú
Bề mặt nhẵn, Vân da còn giữ",P2_OK,"{
  ""JSON_EXTRACTION"": {
    ""Category"": ""Vulval intraepithelial neoplasia"",
    ""Lesion_Type"": [""Dát sắc tố""],
    ""Colour"": [""Nâu đỏ"", ""Nâu nhạt""],
    ""Shape"": [""Hình tròn"", ""Ranh giới rõ""],
    ""Distribution"": [""Đầu ngón tay"", ""Đơn độc"", ""Khu trú""],
    ""Characteristics"": [""Bề mặt nhẵn"", ""Vân da""]
  }
}",
Vulval intraepithelial neoplasia/31.jpg,Vulval intraepithelial neoplasia,Vulval intraepithelial neoplasia,P2_OK,P1_OK,"Sẩn sừng, Nốt nhỏ
Nâu vàng, Nâu sẫm
Hình tròn, Ranh giới rõ
Đầu ngón tay, Đơn độc, Khu trú
Bề mặt sần, Tăng sừng, Vảy tiết mỏng",P2_OK,"{
  ""JSON_EXTRACTION"": {
    ""Category"": ""Vulval intraepithelial neoplasia"",
    ""Lesion_Type"": [""Sẩn sừng"", ""Nốt nhỏ""],
    ""Colour"": [""Nâu vàng"", ""Nâu sẫm""],
    ""Shape"": [""Hình tròn"", ""Ranh giới rõ""],
    ""Distribution"": [""Đầu ngón tay"", ""Đơn độc"", ""Khu trú""],
    ""Characteristics"": [""Bề mặt sần"", ""Tăng sừng"", ""Vảy tiết mỏng""]
  }
}",
Vulval intraepithelial neoplasia/32.jpg,Vulval intraepithelial neoplasia,Vulval intraepithelial neoplasia,P2_OK,P1_OK,"Sẩn sắc tố, Dát sắc tố
Nâu nhạt, Nâu sẫm
Hình bầu dục, Ranh giới rõ
Đầu ngón tay, Khu trú
Bề mặt nhẵn, Trung tâm sẫm màu",P2_OK,"{
  ""JSON_EXTRACTION"": {
    ""Category"": ""Vulval intraepithelial neoplasia"",
    ""Lesion_Type"": [""Sẩn sắc tố"", ""Dát sắc tố""],
    ""Colour"": [""Nâu nhạt"", ""Nâu sẫm""],
    ""Shape"": [""Hình bầu dục"", ""Ranh giới rõ""],
    ""Distribution"": [""Đầu ngón tay"", ""Khu trú""],
    ""Characteristics"": [""Bề mặt nhẵn"", ""Trung tâm sẫm""]
  }
}",
Vulval intraepithelial neoplasia/33.jpg,Vulval intraepithelial neoplasia,Vulval intraepithelial neoplasia,P2_OK,P1_OK,"Mụn nước, Mụn mủ nhỏ, Sẩn nhỏ
Đỏ hồng, Vàng nhạt, Nâu vàng
Hình tròn nhỏ, Ranh giới rõ, Rải rác
Lòng bàn tay, Ngón tay, Lan tỏa
Vảy tiết, Trợt nông, Bong vảy nhẹ",P2_OK,"{
  ""JSON_EXTRACTION"": {
    ""Category"": ""Vulval intraepithelial neoplasia"",
    ""Lesion_Type"": [""Mụn nước"", ""Mụn mủ nhỏ"", ""Sẩn nhỏ""],
    ""Colour"": [""Đỏ hồng"", ""Vàng nhạt"", ""Nâu vàng""],
    ""Shape"": [""Hình tròn nhỏ"", ""Ranh giới rõ""],
    ""Distribution"": [""Rải rác"", ""Lòng bàn tay"", ""Ngón tay"", ""Lan tỏa""],
    ""Characteristics"": [""Vảy tiết"", ""Trợt nông"", ""Bong vảy nhẹ""]
  }
}",
Vulval intraepithelial neoplasia/34.jpg,Vulval intraepithelial neoplasia,Vulval intraepithelial neoplasia,P2_OK,P1_OK,"Mảng tăng sắc tố, Sẩn nhỏ
Nâu sẫm, Hồng nhạt
Bất quy tắc, Ranh giới không đều
Vùng nếp gấp, Khu trú
Dày da, Nếp da nổi rõ, Sẩn quanh nang lông",P2_OK,"{
  ""JSON_EXTRACTION"": {
    ""Category"": ""Vulval intraepithelial neoplasia"",
    ""Lesion_Type"": [""Mảng tăng sắc tố"", ""Sẩn nhỏ""],
    ""Colour"": [""Nâu sẫm"", ""Hồng nhạt""],
    ""Shape"": [""Bất quy tắc"", ""Không đều""],
    ""Distribution"": [""Vùng nếp gấp"", ""Khu trú""],
    ""Characteristics"": [""Dày da"", ""Nếp da nổi rõ"", ""Sẩn quanh nang lông""]
  }
}",
Vulval intraepithelial neoplasia/35.jpg,Vulval intraepithelial neoplasia,Vulval intraepithelial neoplasia,P2_OK,P1_OK,"Mảng tăng sắc tố, Mảng hồng ban
Nâu tím, Đỏ hồng
Bất quy tắc, Ranh giới không rõ
Nếp gấp nách, Khu trú
Da dày, Vảy mịn, Trầy xước",P2_OK,"{
  ""JSON_EXTRACTION"": {
    ""Category"": ""Vulval intraepithelial neoplasia"",
    ""Lesion_Type"": [""Mảng tăng sắc tố"", ""Mảng hồng ban""],
    ""Colour"": [""Nâu tím"", ""Đỏ hồng""],
    ""Shape"": [""Bất quy tắc"", ""Ranh giới mờ""],
    ""Distribution"": [""Nếp gấp nách"", ""Khu trú""],
    ""Characteristics"": [""Da dày"", ""Vảy mịn"", ""Trầy xước""]
  }
}",
Vulval intraepithelial neoplasia/36.jpg,Vulval intraepithelial neoplasia,Vulval intraepithelial neoplasia,P2_OK,P1_OK,"Sẩn đỏ, Sẩn lõm giữa
Đỏ hồng, Đỏ nâu
Hình tròn, Ranh giới rõ
Cẳng tay, Rải rác, Khu trú
Vảy tiết, Lõm trung tâm, Trợt nhỏ",P2_OK,"{
  ""JSON_EXTRACTION"": {
    ""Category"": ""Vulval intraepithelial neoplasia"",
    ""Lesion_Type"": [""Sẩn đỏ"", ""Sẩn lõm giữa""],
    ""Colour"": [""Đỏ hồng"", ""Đỏ nâu""],
    ""Shape"": [""Hình tròn"", ""Ranh giới rõ""],
    ""Distribution"": [""Cẳng tay"", ""Rải rác"", ""Khu trú""],
    ""Characteristics"": [""Vảy tiết"", ""Lõm trung tâm"", ""Trợt nhỏ""]
  }
}",
Vulval intraepithelial neoplasia/37.jpg,Vulval intraepithelial neoplasia,Vulval intraepithelial neoplasia,P2_OK,P1_OK,"Sẩn nang lông, Mụn mủ nhỏ, Mảng tăng sắc tố
Nâu đen, Đỏ nâu, Trắng vàng
Bất quy tắc, Ranh giới không rõ
Vùng râu, Cằm, Cổ, Lan tỏa
Vảy tiết, Sẩn gồ, Tăng sắc tố, Lông mọc ngược",P2_OK,"{
  ""JSON_EXTRACTION"": {
    ""Category"": ""Vulval intraepithelial neoplasia"",
    ""Lesion_Type"": [""Sẩn nang lông"", ""Mụn mủ nhỏ"", ""Mảng tăng sắc tố""],
    ""Colour"": [""Nâu đen"", ""Đỏ nâu"", ""Trắng vàng""],
    ""Shape"": [""Bất quy tắc"", ""Ranh giới mờ""],
    ""Distribution"": [""Vùng râu"", ""Cằm"", ""Cổ"", ""Lan tỏa""],
    ""Characteristics"": [""Vảy tiết"", ""Sẩn gồ"", ""Tăng sắc tố"", ""Lông mọc ngược""]
  }
}",
Vulval intraepithelial neoplasia/38.jpg,Vulval intraepithelial neoplasia,Vulval intraepithelial neoplasia,P2_OK,P1_OK,"Sẩn đỏ, Dát hồng ban
Đỏ hồng, Đỏ nâu nhạt
Hình tròn nhỏ, Ranh giới không rõ
Cẳng chân hai bên, Rải rác, Đối xứng
Chấm xuất huyết nhỏ, Vết gãi, Đóng mài mỏng",P2_OK,"{
  ""JSON_EXTRACTION"": {
    ""Category"": ""Vulval intraepithelial neoplasia"",
    ""Lesion_Type"": [""Sẩn đỏ"", ""Dát hồng ban""],
    ""Colour"": [""Đỏ hồng"", ""Đỏ nâu nhạt""],
    ""Shape"": [""Hình tròn nhỏ"", ""Ranh giới mờ""],
    ""Distribution"": [""Cẳng chân"", ""Hai bên"", ""Rải rác"", ""Đối xứng""],
    ""Characteristics"": [""Chấm xuất huyết nhỏ"", ""Vết gãi"", ""Đóng mài mỏng""]
  }
}",
Vulval intraepithelial neoplasia/39.jpg,Vulval intraepithelial neoplasia,Vulval intraepithelial neoplasia,P2_OK,P1_OK,"Chấm xuất huyết, Sẩn đỏ, Vết trợt
Đỏ tươi, Đỏ sẫm, Nâu đen
Dạng chấm, Đường rạch ngắn, Ranh giới rõ
Vùng bụng, Rải rác, Quanh vết mổ
Mài máu, Chảy máu khô, Băng dán trong suốt",P2_OK,"{
  ""JSON_EXTRACTION"": {
    ""Category"": ""Vulval intraepithelial neoplasia"",
    ""Lesion_Type"": [""Chấm xuất huyết"", ""Sẩn đỏ"", ""Vết trợt""],
    ""Colour"": [""Đỏ tươi"", ""Đỏ sẫm"", ""Nâu đen""],
    ""Shape"": [""Dạng chấm"", ""Đường rạch ngắn"", ""Ranh giới rõ""],
    ""Distribution"": [""Vùng bụng"", ""Rải rác"", ""Quanh vết mổ""],
    ""Characteristics"": [""Mài máu"", ""Chảy máu khô"", ""Băng dán""]
  }
}",
Vulval intraepithelial neoplasia/40.jpg,Vulval intraepithelial neoplasia,Vulval intraepithelial neoplasia,P2_OK,P1_OK,"Sẩn đỏ, Sẩn đóng mài
Đỏ hồng, Đỏ nâu
Hình tròn, Ranh giới rõ
Vùng da có lông, Rải rác
Đóng mài trung tâm, Lõm giữa, Quầng đỏ nhẹ",P2_OK,"{
  ""JSON_EXTRACTION"": {
    ""Category"": ""Vulval intraepithelial neoplasia"",
    ""Lesion_Type"": [""Sẩn đỏ"", ""Sẩn đóng mài""],
    ""Colour"": [""Đỏ hồng"", ""Đỏ nâu""],
    ""Shape"": [""Hình tròn"", ""Ranh giới rõ""],
    ""Distribution"": [""Da có lông"", ""Rải rác""],
    ""Characteristics"": [""Đóng mài trung tâm"", ""Lõm giữa"", ""Quầng đỏ nhẹ""]
  }
}",
Vulval intraepithelial neoplasia/41.jpg,Vulval intraepithelial neoplasia,Vulval intraepithelial neoplasia,P2_OK,P1_OK,"Mảng rụng tóc, Đốm đen
Nâu da, Đen, Xám nhạt
Bất quy tắc, Ranh giới không rõ
Da đầu, Vùng thái dương, Khu trú
Tóc gãy, Thưa tóc, Vảy mịn",P2_OK,"{
  ""JSON_EXTRACTION"": {
    ""Category"": ""Vulval intraepithelial neoplasia"",
    ""Lesion_Type"": [""Mảng rụng tóc"", ""Đốm đen""],
    ""Colour"": [""Nâu da"", ""Đen"", ""Xám nhạt""],
    ""Shape"": [""Bất quy tắc"", ""Ranh giới mờ""],
    ""Distribution"": [""Da đầu"", ""Vùng thái dương"", ""Khu trú""],
    ""Characteristics"": [""Tóc gãy"", ""Thưa tóc"", ""Vảy mịn""]
  }
}",
Vulval intraepithelial neoplasia/42.jpg,Vulval intraepithelial neoplasia,Vulval intraepithelial neoplasia,P2_OK,P1_OK,"Mảng rụng tóc, Mảng giảm tóc
Nâu da, Đen, Trắng xám
Bất quy tắc, Ranh giới không rõ
Da đầu, Nhiều ổ, Rải rác
Tóc gãy, Chấm đen, Vảy mịn",P2_OK,"{
  ""JSON_EXTRACTION"": {
    ""Category"": ""Vulval intraepithelial neoplasia"",
    ""Lesion_Type"": [""Mảng rụng tóc"", ""Mảng giảm tóc""],
    ""Colour"": [""Nâu da"", ""Đen"", ""Trắng xám""],
    ""Shape"": [""Bất quy tắc"", ""Ranh giới mờ""],
    ""Distribution"": [""Da đầu"", ""Nhiều ổ"", ""Rải rác""],
    ""Characteristics"": [""Tóc gãy"", ""Chấm đen"", ""Vảy mịn""]
  }
}",
Vulval intraepithelial neoplasia/43.jpg,Vulval intraepithelial neoplasia,Vulval intraepithelial neoplasia,P2_OK,P1_OK,"Mảng hồng ban, Trợt da, Vết loét nông
Đỏ tươi, Đỏ hồng, Trắng ngà
Bất quy tắc, Ranh giới không rõ
Vùng quanh hậu môn, Khu trú
Ẩm ướt, Rỉ dịch, Giả mạc trắng, Nứt kẽ",P2_OK,"{
  ""JSON_EXTRACTION"": {
    ""Category"": ""Vulval intraepithelial neoplasia"",
    ""Lesion_Type"": [""Mảng hồng ban"", ""Trợt da"", ""Vết loét nông""],
    ""Colour"": [""Đỏ tươi"", ""Đỏ hồng"", ""Trắng ngà""],
    ""Shape"": [""Bất quy tắc"", ""Ranh giới mờ""],
    ""Distribution"": [""Vùng quanh hậu môn"", ""Khu trú""],
    ""Characteristics"": [""Ẩm ướt"", ""Rỉ dịch"", ""Giả mạc trắng"", ""Nứt kẽ""]
  }
}",
Vulval intraepithelial neoplasia/44.jpg,Vulval intraepithelial neoplasia,Vulval intraepithelial neoplasia,P2_OK,P1_OK,"Mảng trợt, Vết nứt, Mảng hồng ban
Đỏ tươi, Đỏ hồng, Trắng vàng
Bất quy tắc, Ranh giới không rõ
Ống tai ngoài, Vành tai, Khu trú
Rỉ dịch, Đóng vảy tiết, Trợt ướt",P2_OK,"{
  ""JSON_EXTRACTION"": {
    ""Category"": ""Vulval intraepithelial neoplasia"",
    ""Lesion_Type"": [""Mảng trợt"", ""Vết nứt"", ""Mảng hồng ban""],
    ""Colour"": [""Đỏ tươi"", ""Đỏ hồng"", ""Trắng vàng""],
    ""Shape"": [""Bất quy tắc"", ""Ranh giới mờ""],
    ""Distribution"": [""Ống tai ngoài"", ""Vành tai"", ""Khu trú""],
    ""Characteristics"": [""Rỉ dịch"", ""Đóng vảy tiết"", ""Trợt ướt""]
  }
}",
Vulval intraepithelial neoplasia/45.jpg,Vulval intraepithelial neoplasia,Vulval intraepithelial neoplasia,P2_OK,P1_OK,"Mảng hồng ban, Mảng trợt
Đỏ hồng, Tím đỏ, Trắng nhạt
Bất quy tắc, Ranh giới không rõ
Âm hộ, Môi bé, Đối xứng
Bề mặt bóng, Trợt nông, Teo niêm mạc",P2_OK,"{
  ""JSON_EXTRACTION"": {
    ""Category"": ""Vulval intraepithelial neoplasia"",
    ""Lesion_Type"": [""Mảng hồng ban"", ""Mảng trợt""],
    ""Colour"": [""Đỏ hồng"", ""Tím đỏ"", ""Trắng nhạt""],
    ""Shape"": [""Bất quy tắc"", ""Ranh giới mờ""],
    ""Distribution"": [""Âm hộ"", ""Môi bé"", ""Đối xứng""],
    ""Characteristics"": [""Bề mặt bóng"", ""Trợt nông"", ""Teo niêm mạc""]
  }
}",
Vulval intraepithelial neoplasia/46.jpg,Vulval intraepithelial neoplasia,Vulval intraepithelial neoplasia,P2_OK,P1_OK,"Mảng trợt, Loét nông, Hồng ban
Đỏ hồng, Tím sẫm, Trắng xám
Bất quy tắc, Ranh giới không rõ
Vùng sinh dục, Nếp gấp, Khu trú
Ẩm ướt, Bề mặt bóng, Trợt da",P2_OK,"{
  ""JSON_EXTRACTION"": {
    ""Category"": ""Vulval intraepithelial neoplasia"",
    ""Lesion_Type"": [""Mảng trợt"", ""Loét nông"", ""Hồng ban""],
    ""Colour"": [""Đỏ hồng"", ""Tím sẫm"", ""Trắng xám""],
    ""Shape"": [""Bất quy tắc""],
    ""Distribution"": [""Vùng sinh dục"", ""Nếp gấp"", ""Khu trú""],
    ""Characteristics"": [""Ẩm ướt"", ""Bề mặt bóng"", ""Trợt da""]
  }
}",
Vulval intraepithelial neoplasia/47.jpg,Vulval intraepithelial neoplasia,Vulval intraepithelial neoplasia,P2_OK,P1_OK,"Mảng trắng, Mảng trợt
Trắng đục, Hồng đỏ
Dạng đường cong, Bờ gồ, Ranh giới rõ
Kẽ ngón chân, Khu trú
Da ẩm, Bợt trắng, Trợt nông",P2_OK,"{
  ""JSON_EXTRACTION"": {
    ""Category"": ""Vulval intraepithelial neoplasia"",
    ""Lesion_Type"": [""Mảng trắng"", ""Mảng trợt""],
    ""Colour"": [""Trắng đục"", ""Hồng đỏ""],
    ""Shape"": [""Dạng đường cong"", ""Bờ gồ"", ""Ranh giới rõ""],
    ""Distribution"": [""Kẽ ngón chân"", ""Khu trú""],
    ""Characteristics"": [""Da ẩm"", ""Bợt trắng"", ""Trợt nông""]
  }
}",
Vulval intraepithelial neoplasia/48.jpg,Vulval intraepithelial neoplasia,Vulval intraepithelial neoplasia,P2_OK,P1_OK,"Mảng trắng ẩm, Mảng trợt
Trắng ngà, Hồng đỏ
Bất quy tắc, Ranh giới rõ
Kẽ ngón chân, Khu trú
Da ngâm nước, Nứt kẽ, Bóng ướt",P2_OK,"{
  ""JSON_EXTRACTION"": {
    ""Category"": ""Vulval intraepithelial neoplasia"",
    ""Lesion_Type"": [""Mảng trắng ẩm"", ""Mảng trợt""],
    ""Colour"": [""Trắng ngà"", ""Hồng đỏ""],
    ""Shape"": [""Bất quy tắc"", ""Ranh giới rõ""],
    ""Distribution"": [""Kẽ ngón chân"", ""Khu trú""],
    ""Characteristics"": [""Da ngâm nước"", ""Nứt kẽ"", ""Bóng ướt""]
  }
}",
Vulval intraepithelial neoplasia/49.jpg,Vulval intraepithelial neoplasia,Vulval intraepithelial neoplasia,P2_OK,P1_OK,"Sẩn sùi, Mảng sùi
Trắng hồng, Hồng nhạt
Dạng súp lơ, Bờ không đều
Âm hộ, Niêm mạc sinh dục, Tập trung thành cụm
Bề mặt nhú, Ẩm bóng, Khe nứt nhỏ",P2_OK,"{
  ""JSON_EXTRACTION"": {
    ""Category"": ""Vulval intraepithelial neoplasia"",
    ""Lesion_Type"": [""Sẩn sùi"", ""Mảng sùi""],
    ""Colour"": [""Trắng hồng"", ""Hồng nhạt""],
    ""Shape"": [""Dạng súp lơ"", ""Bờ không đều""],
    ""Distribution"": [""Âm hộ"", ""Niêm mạc sinh dục"", ""Thành cụm""],
    ""Characteristics"": [""Bề mặt nhú"", ""Ẩm bóng"", ""Khe nứt nhỏ""]
  }
}",
Vulval intraepithelial neoplasia/50.jpg,Vulval intraepithelial neoplasia,Vulval intraepithelial neoplasia,P2_OK,P1_OK,"Mảng trắng, Mảng hồng ban
Trắng ngà, Đỏ hồng
Bất quy tắc, Ranh giới rõ
Niêm mạc âm hộ, Tiền đình âm đạo, Khu trú
Bề mặt ẩm, Mảng dày, Trợt nông",P2_OK,"{
  ""JSON_EXTRACTION"": {
    ""Category"": ""Vulval intraepithelial neoplasia"",
    ""Lesion_Type"": [""Mảng trắng"", ""Mảng hồng ban""],
    ""Colour"": [""Trắng ngà"", ""Đỏ hồng""],
    ""Shape"": [""Bất quy tắc"", ""Ranh giới rõ""],
    ""Distribution"": [""Niêm mạc âm hộ"", ""Tiền đình âm đạo"", ""Khu trú""],
    ""Characteristics"": [""Bề mặt ẩm"", ""Mảng dày"", ""Trợt nông""]
  }
}",
Vulval intraepithelial neoplasia/51.jpg,Vulval intraepithelial neoplasia,Vulval intraepithelial neoplasia,P2_OK,P1_OK,"Sẩn dạng nhú, Mảng sùi, Trợt nông
Hồng nâu, Đỏ hồng, Trắng ngà
Dạng thùy, Có cuống, Bất quy tắc
Vùng sinh dục, Nếp kẽ, Khu trú thành cụm
Bề mặt ẩm, Nứt kẽ, Dịch trắng",P2_OK,"{""JSON_EXTRACTION"":{""Category"":""Vulval intraepithelial neoplasia"",""Lesion_Type"":[""Sẩn dạng nhú"",""Mảng sùi"",""Trợt nông""],""Colour"":[""Hồng nâu"",""Đỏ hồng"",""Trắng ngà""],""Shape"":[""Dạng thùy"",""Có cuống"",""Bất quy tắc""],""Distribution"":[""Vùng sinh dục"",""Nếp kẽ"",""Khu trú"",""Thành cụm""],""Characteristics"":[""Bề mặt ẩm"",""Nứt kẽ"",""Dịch trắng""]}}",
Vulval intraepithelial neoplasia/52.jpg,Vulval intraepithelial neoplasia,Vulval intraepithelial neoplasia,P2_OK,P1_OK,"Mảng hồng ban, Sẩn cuống
Đỏ hồng, Nâu da
Bất quy tắc, Ranh giới không rõ
Vùng nếp kẽ, Khu trú
Ẩm ướt, Trợt nông, Nứt kẽ",P2_OK,"{
  ""JSON_EXTRACTION"": {
    ""Category"": ""Vulval intraepithelial neoplasia"",
    ""Lesion_Type"": [""Mảng hồng ban"", ""Sẩn cuống""],
    ""Colour"": [""Đỏ hồng"", ""Nâu da""],
    ""Shape"": [""Bất quy tắc"", ""Ranh giới mờ""],
    ""Distribution"": [""Vùng nếp kẽ"", ""Khu trú""],
    ""Characteristics"": [""Ẩm ướt"", ""Trợt nông"", ""Nứt kẽ""]
  }
}",
Vulval intraepithelial neoplasia/53.jpg,Vulval intraepithelial neoplasia,Vulval intraepithelial neoplasia,P2_OK,P1_OK,"Mảng hồng ban, Trợt nông
Đỏ hồng, Đỏ tươi, Trắng ngà
Bất quy tắc, Ranh giới không rõ, Nếp gấp
Âm hộ, Quanh hậu môn, Khu trú
Ẩm ướt, Bóng, Nứt kẽ, Sưng nề",P2_OK,"{
  ""JSON_EXTRACTION"": {
    ""Category"": ""Vulval intraepithelial neoplasia"",
    ""Lesion_Type"": [""Mảng hồng ban"", ""Trợt nông""],
    ""Colour"": [""Đỏ hồng"", ""Đỏ tươi"", ""Trắng ngà""],
    ""Shape"": [""Bất quy tắc"", ""Ranh giới"", ""Nếp gấp""],
    ""Distribution"": [""Âm hộ"", ""Quanh hậu môn"", ""Khu trú""],
    ""Characteristics"": [""Ẩm ướt"", ""Bóng"", ""Nứt kẽ"", ""Sưng nề""]
  }
}",
Vulval intraepithelial neoplasia/54.jpg,Vulval intraepithelial neoplasia,Vulval intraepithelial neoplasia,P2_OK,P1_OK,"Sẩn sùi, Mảng hồng ban, Mảng trợt
Hồng nhạt, Đỏ hồng, Trắng nhạt
Bất quy tắc, Dạng nhú, Ranh giới không rõ
Quanh hậu môn, Niêm mạc hậu môn, Khu trú
Bề mặt ẩm, Sùi nhú, Trợt nông, Nếp gấp da",P2_OK,"{
  ""JSON_EXTRACTION"": {
    ""Category"": ""Vulval intraepithelial neoplasia"",
    ""Lesion_Type"": [""Sẩn sùi"", ""Mảng hồng ban"", ""Mảng trợt""],
    ""Colour"": [""Hồng nhạt"", ""Đỏ hồng"", ""Trắng nhạt""],
    ""Shape"": [""Bất quy tắc"", ""Dạng nhú""],
    ""Distribution"": [""Quanh hậu môn"", ""Niêm mạc hậu môn"", ""Khu trú""],
    ""Characteristics"": [""Bề mặt ẩm"", ""Sùi nhú"", ""Trợt nông"", ""Nếp gấp da""]
  }
}",
Vulval intraepithelial neoplasia/55.jpg,Vulval intraepithelial neoplasia,Vulval intraepithelial neoplasia,P2_OK,P1_OK,"Không thấy tổn thương da
Trắng đục
Hình găng tay, Nhăn nheo
Vật rời, Nền đen, Khu trú
Mỏng, Trong mờ, Nếp gấp",P2_OK,"{
  ""JSON_EXTRACTION"": {
    ""Category"": ""Vulval intraepithelial neoplasia"",
    ""Lesion_Type"": [],
    ""Colour"": [""Trắng đục""],
    ""Shape"": [""Hình găng tay"", ""Nhăn nheo""],
    ""Distribution"": [""Vật rời"", ""Nền đen"", ""Khu trú""],
    ""Characteristics"": [""Mỏng"", ""Trong mờ"", ""Nếp gấp""]
  }
}",
Vulval intraepithelial neoplasia/56.jpg,Vulval intraepithelial neoplasia,Vulval intraepithelial neoplasia,P2_OK,P1_OK,"Mảng hồng ban, Nốt đỏ, Mảng trợt
Đỏ tươi, Đỏ hồng
Hình tròn, Bất quy tắc, Ranh giới rõ
Vùng sinh dục, Nếp bẹn, Khu trú
Bề mặt ẩm, Trợt da, Vảy tiết, Loét nông",P2_OK,"{
  ""JSON_EXTRACTION"": {
    ""Category"": ""Vulval intraepithelial neoplasia"",
    ""Lesion_Type"": [""Mảng hồng ban"", ""Nốt đỏ"", ""Mảng trợt""],
    ""Colour"": [""Đỏ tươi"", ""Đỏ hồng""],
    ""Shape"": [""Hình tròn"", ""Bất quy tắc"", ""Ranh giới rõ""],
    ""Distribution"": [""Vùng sinh dục"", ""Nếp bẹn"", ""Khu trú""],
    ""Characteristics"": [""Bề mặt ẩm"", ""Trợt da"", ""Vảy tiết"", ""Loét nông""]
  }
}",
Vulval intraepithelial neoplasia/57.jpg,Vulval intraepithelial neoplasia,Vulval intraepithelial neoplasia,P2_OK,P1_OK,"Sẩn nang lông, Nốt nhỏ
Nâu sẫm, Tím nâu
Hình tròn, Gồ cao
Vùng râu, Má, Cằm, Rải rác
Tăng sắc tố, Lông cạo ngắn, Sẹo nhỏ",P2_OK,"{
  ""JSON_EXTRACTION"": {
    ""Category"": ""Vulval intraepithelial neoplasia"",
    ""Lesion_Type"": [""Sẩn nang lông"", ""Nốt nhỏ""],
    ""Colour"": [""Nâu sẫm"", ""Tím nâu""],
    ""Shape"": [""Hình tròn"", ""Gồ cao""],
    ""Distribution"": [""Vùng râu"", ""Má"", ""Cằm"", ""Rải rác""],
    ""Characteristics"": [""Tăng sắc tố"", ""Lông cạo ngắn"", ""Sẹo nhỏ""]
  }
}",
Vulval intraepithelial neoplasia/vin1-s.jpg,Vulval intraepithelial neoplasia,Vulval intraepithelial neoplasia,P2_OK,P1_OK,"Mảng trợt, Vết nứt, Hồng ban
Đỏ tươi, Đỏ hồng, Trắng xám
Bất quy tắc, Ranh giới không đều
Vùng quanh hậu môn, Khu trú, Nếp gấp
Ẩm ướt, Trợt loét, Giả mạc trắng",P2_OK,"{
  ""JSON_EXTRACTION"": {
    ""Category"": ""Vulval intraepithelial neoplasia"",
    ""Lesion_Type"": [""Mảng trợt"", ""Vết nứt"", ""Hồng ban""],
    ""Colour"": [""Đỏ tươi"", ""Đỏ hồng"", ""Trắng xám""],
    ""Shape"": [""Bất quy tắc"", ""Ranh giới không đều""],
    ""Distribution"": [""Quanh hậu môn"", ""Khu trú"", ""Nếp gấp""],
    ""Characteristics"": [""Ẩm ướt"", ""Trợt loét"", ""Giả mạc trắng""]
  }
}",
Vulval intraepithelial neoplasia/vin2-s.jpg,Vulval intraepithelial neoplasia,Vulval intraepithelial neoplasia,P2_OK,P1_OK,"Mảng hồng ban, Mảng trắng
Đỏ hồng, Trắng ngà, Tím nâu
Bất quy tắc, Ranh giới không rõ
Âm hộ, Môi bé, Đối xứng
Bóng ẩm, Teo da, Trợt nông",P2_OK,"{
  ""JSON_EXTRACTION"": {
    ""Category"": ""Vulval intraepithelial neoplasia"",
    ""Lesion_Type"": [""Mảng hồng ban"", ""Mảng trắng""],
    ""Colour"": [""Đỏ hồng"", ""Trắng ngà"", ""Tím nâu""],
    ""Shape"": [""Bất quy tắc"", ""Ranh giới mờ""],
    ""Distribution"": [""Âm hộ"", ""Môi bé"", ""Đối xứng""],
    ""Characteristics"": [""Bóng ẩm"", ""Teo da"", ""Trợt nông""]
  }
}",
Vulval intraepithelial neoplasia/vin3-s.jpg,Vulval intraepithelial neoplasia,Vulval intraepithelial neoplasia,P2_OK,P1_OK,"Đường hầm, Dải gồ, Mảng trắng
Trắng ngà, Hồng đỏ
Ngoằn ngoèo, Dạng đường cong, Ranh giới rõ
Kẽ ngón chân, Khu trú
Da ẩm, Bề mặt bóng, Trợt nông",P2_OK,"{
  ""JSON_EXTRACTION"": {
    ""Category"": ""Vulval intraepithelial neoplasia"",
    ""Lesion_Type"": [""Đường hầm"", ""Dải gồ"", ""Mảng trắng""],
    ""Colour"": [""Trắng ngà"", ""Hồng đỏ""],
    ""Shape"": [""Ngoằn ngoèo"", ""Dạng đường cong"", ""Ranh giới rõ""],
    ""Distribution"": [""Kẽ ngón chân"", ""Khu trú""],
    ""Characteristics"": [""Da ẩm"", ""Bề mặt bóng"", ""Trợt nông""]
  }
}",
Vulval intraepithelial neoplasia/vin4-s.jpg,Vulval intraepithelial neoplasia,Vulval intraepithelial neoplasia,P2_OK,P1_OK,"Sẩn sùi, Mảng sùi
Trắng hồng, Hồng nhạt
Dạng súp lơ, Bất quy tắc, Bờ gồ
Âm hộ, Tiền đình âm hộ, Tập trung
Bề mặt nhú, Ẩm bóng, Khe nứt",P2_OK,"{
  ""JSON_EXTRACTION"": {
    ""Category"": ""Vulval intraepithelial neoplasia"",
    ""Lesion_Type"": [""Sẩn sùi"", ""Mảng sùi""],
    ""Colour"": [""Trắng hồng"", ""Hồng nhạt""],
    ""Shape"": [""Dạng súp lơ"", ""Bất quy tắc"", ""Bờ gồ""],
    ""Distribution"": [""Âm hộ"", ""Tiền đình âm hộ"", ""Tập trung""],
    ""Characteristics"": [""Bề mặt nhú"", ""Ẩm bóng"", ""Khe nứt""]
  }
}",
Vulval intraepithelial neoplasia/vin5-s.jpg,Vulval intraepithelial neoplasia,Vulval intraepithelial neoplasia,P2_OK,P1_OK,"Sẩn nhú, Khối sùi, Trợt đỏ
Hồng nâu, Đỏ hồng, Trắng vàng
Dạng nhú, Có cuống, Bất quy tắc
Vùng sinh dục, Nếp kẽ, Tập trung
Ẩm ướt, Nứt kẽ, Dịch trắng vàng",P2_OK,"{
  ""JSON_EXTRACTION"": {
    ""Category"": ""Vulval intraepithelial neoplasia"",
    ""Lesion_Type"": [""Sẩn nhú"", ""Khối sùi"", ""Trợt đỏ""],
    ""Colour"": [""Hồng nâu"", ""Đỏ hồng"", ""Trắng vàng""],
    ""Shape"": [""Dạng nhú"", ""Có cuống"", ""Bất quy tắc""],
    ""Distribution"": [""Vùng sinh dục"", ""Nếp kẽ"", ""Tập trung""],
    ""Characteristics"": [""Ẩm ướt"", ""Nứt kẽ"", ""Dịch trắng vàng""]
  }
}",
Vulval intraepithelial neoplasia/vin6-s.jpg,Vulval intraepithelial neoplasia,Vulval intraepithelial neoplasia,P2_OK,P1_OK,"Mảng hồng ban, Mảng trợt
Đỏ hồng, Hồng nhạt, Trắng xám
Bất quy tắc, Ranh giới không rõ
Âm hộ, Quanh hậu môn, Nếp gấp, Khu trú
Bề mặt ẩm, Bóng, Trợt nông, Nứt kẽ",P2_OK,"{
  ""JSON_EXTRACTION"": {
    ""Category"": ""Vulval intraepithelial neoplasia"",
    ""Lesion_Type"": [""Mảng hồng ban"", ""Mảng trợt""],
    ""Colour"": [""Đỏ hồng"", ""Hồng nhạt"", ""Trắng xám""],
    ""Shape"": [""Bất quy tắc"", ""Ranh giới không rõ""],
    ""Distribution"": [""Âm hộ"", ""Quanh hậu môn"", ""Nếp gấp"", ""Khu trú""],
    ""Characteristics"": [""Bề mặt ẩm"", ""Bóng"", ""Trợt nông"", ""Nứt kẽ""]
  }
}",
Vulvovaginal candidiasis/1266-small.jpg,Vulvovaginal candidiasis,Vulvovaginal candidiasis,P2_OK,P1_OK,"Mảng hồng ban, Vết nứt
Đỏ hồng, Đỏ sẫm
Dạng dải, Bất quy tắc
Nếp kẽ da, Khu trú
Nứt da, Trợt nông, Ẩm đỏ",P2_OK,"{
  ""JSON_EXTRACTION"": {
    ""Category"": ""Vulvovaginal candidiasis"",
    ""Lesion_Type"": [""Mảng hồng ban"", ""Vết nứt""],
    ""Colour"": [""Đỏ hồng"", ""Đỏ sẫm""],
    ""Shape"": [""Dạng dải"", ""Bất quy tắc""],
    ""Distribution"": [""Nếp kẽ da"", ""Khu trú""],
    ""Characteristics"": [""Nứt da"", ""Trợt nông"", ""Ẩm đỏ""]
  }
}",
Vulvovaginal candidiasis/1268-small.jpg,Vulvovaginal candidiasis,Vulvovaginal candidiasis,P2_OK,P1_OK,"Mảng hồng ban, Vết nứt
Đỏ hồng, Đỏ sẫm
Dạng dải, Ranh giới không rõ
Nếp gấp da, Khu trú
Ẩm, Trợt da, Nứt kẽ",P2_OK,"{
  ""JSON_EXTRACTION"": {
    ""Category"": ""Vulvovaginal candidiasis"",
    ""Lesion_Type"": [""Mảng hồng ban"", ""Vết nứt""],
    ""Colour"": [""Đỏ hồng"", ""Đỏ sẫm""],
    ""Shape"": [""Dạng dải"", ""Ranh giới mờ""],
    ""Distribution"": [""Nếp gấp da"", ""Khu trú""],
    ""Characteristics"": [""Ẩm"", ""Trợt da"", ""Nứt kẽ""]
  }
}",
Vulvovaginal candidiasis/1284-small.jpg,Vulvovaginal candidiasis,Vulvovaginal candidiasis,P2_OK,P1_OK,"Sẩn mềm, U nhú nhỏ, Mảng hồng ban
Hồng nhạt, Đỏ hồng, Màu da
Thon dài, Có cuống, Bất quy tắc
Vùng hậu môn, Nếp kẽ mông, Khu trú
Bề mặt trơn, Ẩm, Nếp gấp da",P2_OK,"{""JSON_EXTRACTION"":{""Category"":""Vulvovaginal candidiasis"",""Lesion_Type"":[""Sẩn mềm"",""U nhú nhỏ"",""Mảng hồng ban""],""Colour"":[""Hồng nhạt"",""Đỏ hồng"",""Màu da""],""Shape"":[""Thon dài"",""Có cuống"",""Bất quy tắc""],""Distribution"":[""Vùng hậu môn"",""Nếp kẽ mông"",""Khu trú""],""Characteristics"":[""Bề mặt trơn"",""Ẩm"",""Nếp gấp da""]}}",
Vulvovaginal candidiasis/1285-small.jpg,Vulvovaginal candidiasis,Vulvovaginal candidiasis,P2_OK,P1_OK,"Sẩn đỏ, Mảng trợt
Đỏ hồng, Đỏ tươi
Bất quy tắc, Ranh giới mờ
Nếp gấp da, Rải rác, Cụm nhỏ
Trợt da, Ẩm, Tổn thương vệ tinh",P2_OK,"{
  ""JSON_EXTRACTION"": {
    ""Category"": ""Vulvovaginal candidiasis"",
    ""Lesion_Type"": [""Sẩn đỏ"", ""Mảng trợt""],
    ""Colour"": [""Đỏ hồng"", ""Đỏ tươi""],
    ""Shape"": [""Bất quy tắc"", ""Ranh giới mờ""],
    ""Distribution"": [""Nếp gấp da"", ""Rải rác"", ""Cụm nhỏ""],
    ""Characteristics"": [""Trợt da"", ""Ẩm"", ""Tổn thương vệ tinh""]
  }
}",
Vulvovaginal candidiasis/1289-small.jpg,Vulvovaginal candidiasis,Vulvovaginal candidiasis,P2_OK,P1_OK,"Mảng hồng ban, Mảng trợt
Đỏ tươi, Đỏ sẫm
Bất quy tắc, Dọc nếp gấp, Ranh giới tương đối rõ
Nếp bẹn, Vùng sinh dục, Hai bên, Đối xứng
Ẩm ướt, Bóng nhẹ, Không vảy rõ",P2_OK,"{
  ""JSON_EXTRACTION"": {
    ""Category"": ""Vulvovaginal candidiasis"",
    ""Lesion_Type"": [""Mảng hồng ban"", ""Mảng trợt""],
    ""Colour"": [""Đỏ tươi"", ""Đỏ sẫm""],
    ""Shape"": [""Bất quy tắc"", ""Dọc nếp gấp"", ""Ranh giới rõ""],
    ""Distribution"": [""Nếp bẹn"", ""Vùng sinh dục"", ""Hai bên"", ""Đối xứng""],
    ""Characteristics"": [""Ẩm ướt"", ""Bóng nhẹ""]
  }
}",
Vulvovaginal candidiasis/1295-small.jpg,Vulvovaginal candidiasis,Vulvovaginal candidiasis,P2_OK,P1_OK,"Mảng hồng ban, Vết nứt
Đỏ hồng, Nâu sẫm
Dạng đường, Ranh giới không rõ
Nếp gấp da, Khu trú
Trợt da, Ẩm ướt, Tăng sắc tố",P2_OK,"{
  ""JSON_EXTRACTION"": {
    ""Category"": ""Vulvovaginal candidiasis"",
    ""Lesion_Type"": [""Mảng hồng ban"", ""Vết nứt""],
    ""Colour"": [""Đỏ hồng"", ""Nâu sẫm""],
    ""Shape"": [""Dạng đường"", ""Ranh giới mờ""],
    ""Distribution"": [""Nếp gấp da"", ""Khu trú""],
    ""Characteristics"": [""Trợt da"", ""Ẩm ướt"", ""Tăng sắc tố""]
  }
}",
Vulvovaginal candidiasis/1302-small.jpg,Vulvovaginal candidiasis,Vulvovaginal candidiasis,P2_OK,P1_OK,"Mảng hồng ban
Đỏ tươi, Đỏ hồng
Bất quy tắc, Ranh giới không rõ
Nếp gấp da, Khu trú
Ẩm ướt, Trợt da, Vệ tinh nhỏ",P2_OK,"{
  ""JSON_EXTRACTION"": {
    ""Category"": ""Vulvovaginal candidiasis"",
    ""Lesion_Type"": [""Mảng hồng ban""],
    ""Colour"": [""Đỏ tươi"", ""Đỏ hồng""],
    ""Shape"": [""Bất quy tắc"", ""Ranh giới mờ""],
    ""Distribution"": [""Nếp gấp da"", ""Khu trú""],
    ""Characteristics"": [""Ẩm ướt"", ""Trợt da"", ""Vệ tinh nhỏ""]
  }
}",
Vulvovaginal candidiasis/1305-small.jpg,Vulvovaginal candidiasis,Vulvovaginal candidiasis,P2_OK,P1_OK,"Mảng hồng ban, Sẩn đỏ
Đỏ hồng, Đỏ tươi
Bất quy tắc, Ranh giới tương đối rõ
Nếp gấp da, Khu trú, Rải rác
Bong vảy, Vảy trắng mịn, Vết trợt nhỏ",P2_OK,"{
  ""JSON_EXTRACTION"": {
    ""Category"": ""Vulvovaginal candidiasis"",
    ""Lesion_Type"": [""Mảng hồng ban"", ""Sẩn đỏ""],
    ""Colour"": [""Đỏ hồng"", ""Đỏ tươi""],
    ""Shape"": [""Bất quy tắc"", ""Ranh giới rõ""],
    ""Distribution"": [""Nếp gấp da"", ""Khu trú"", ""Rải rác""],
    ""Characteristics"": [""Bong vảy"", ""Vảy trắng mịn"", ""Vết trợt nhỏ""]
  }
}",
Vulvovaginal candidiasis/1311.jpg,Vulvovaginal candidiasis,Vulvovaginal candidiasis,P2_OK,P1_OK,"Mảng hồng ban, Dát hồng ban
Đỏ hồng, Nâu nhạt
Hình vòng cung, Ranh giới rõ, Trung tâm nhạt
Vùng bẹn, Vùng mu, Hai bên
Bong vảy mịn, Bờ gồ nhẹ",P2_OK,"{
  ""JSON_EXTRACTION"": {
    ""Category"": ""Vulvovaginal candidiasis"",
    ""Lesion_Type"": [""Mảng hồng ban"", ""Dát hồng ban""],
    ""Colour"": [""Đỏ hồng"", ""Nâu nhạt""],
    ""Shape"": [""Hình vòng cung"", ""Ranh giới rõ"", ""Trung tâm nhạt""],
    ""Distribution"": [""Vùng bẹn"", ""Vùng mu"", ""Hai bên""],
    ""Characteristics"": [""Bong vảy mịn"", ""Bờ gồ nhẹ""]
  }
}",
Vulvovaginal candidiasis/cand-vulvitis.jpg,Vulvovaginal candidiasis,Vulvovaginal candidiasis,P2_OK,P1_OK,"Mảng hồng ban, Vết trợt
Đỏ hồng, Trắng xám
Bất quy tắc, Ranh giới không rõ
Vùng sinh dục, Nếp gấp, Khu trú
Bong vảy, Nứt kẽ, Ẩm ướt",P2_OK,"{
  ""JSON_EXTRACTION"": {
    ""Category"": ""Vulvovaginal candidiasis"",
    ""Lesion_Type"": [""Mảng hồng ban"", ""Vết trợt""],
    ""Colour"": [""Đỏ hồng"", ""Trắng xám""],
    ""Shape"": [""Bất quy tắc"", ""Ranh giới mờ""],
    ""Distribution"": [""Vùng sinh dục"", ""Nếp gấp"", ""Khu trú""],
    ""Characteristics"": [""Bong vảy"", ""Nứt kẽ"", ""Ẩm ướt""]
  }
}",
Vulvovaginal candidiasis/candida1-s.jpg,Vulvovaginal candidiasis,Vulvovaginal candidiasis,P2_OK,P1_OK,"Mảng hồng ban, Sẩn đỏ
Đỏ tươi, Đỏ hồng
Bất quy tắc, Ranh giới không rõ
Nếp bẹn, Vùng sinh dục, Đối xứng
Ẩm ướt, Trợt da, Nứt kẽ, Sẩn vệ tinh",P2_OK,"{
  ""JSON_EXTRACTION"": {
    ""Category"": ""Vulvovaginal candidiasis"",
    ""Lesion_Type"": [""Mảng hồng ban"", ""Sẩn đỏ""],
    ""Colour"": [""Đỏ tươi"", ""Đỏ hồng""],
    ""Shape"": [""Bất quy tắc"", ""Ranh giới mờ""],
    ""Distribution"": [""Nếp bẹn"", ""Vùng sinh dục"", ""Đối xứng""],
    ""Characteristics"": [""Ẩm ướt"", ""Trợt da"", ""Nứt kẽ"", ""Sẩn vệ tinh""]
  }
}",
Vulvovaginal candidiasis/candida3-s.jpg,Vulvovaginal candidiasis,Vulvovaginal candidiasis,P2_OK,P1_OK,"Sẩn hồng, Mảng hồng ban
Đỏ hồng, Đỏ nhạt
Hình vòm, Bất quy tắc
Khóe miệng, Môi, Khu trú
Bong vảy, Nứt kẽ, Trợt nông",P2_OK,"{
  ""JSON_EXTRACTION"": {
    ""Category"": ""Vulvovaginal candidiasis"",
    ""Lesion_Type"": [""Sẩn hồng"", ""Mảng hồng ban""],
    ""Colour"": [""Đỏ hồng"", ""Đỏ nhạt""],
    ""Shape"": [""Hình vòm"", ""Bất quy tắc""],
    ""Distribution"": [""Khóe miệng"", ""Môi"", ""Khu trú""],
    ""Characteristics"": [""Bong vảy"", ""Nứt kẽ"", ""Trợt nông""]
  }
}",
Vulvovaginal candidiasis/candida4-s.jpg,Vulvovaginal candidiasis,Vulvovaginal candidiasis,P2_OK,P1_OK,"Mảng trắng, Mảng hồng ban
Trắng ngà, Đỏ hồng
Bất quy tắc, Ranh giới không rõ
Niêm mạc sinh dục, Nếp gấp, Khu trú
Bề mặt ẩm, Trợt nông, Bóng ướt",P2_OK,"{
  ""JSON_EXTRACTION"": {
    ""Category"": ""Vulvovaginal candidiasis"",
    ""Lesion_Type"": [""Mảng trắng"", ""Mảng hồng ban""],
    ""Colour"": [""Trắng ngà"", ""Đỏ hồng""],
    ""Shape"": [""Bất quy tắc"", ""Ranh giới mờ""],
    ""Distribution"": [""Niêm mạc sinh dục"", ""Nếp gấp"", ""Khu trú""],
    ""Characteristics"": [""Bề mặt ẩm"", ""Trợt nông"", ""Bóng ướt""]
  }
}",
Vulvovaginal candidiasis/cangrs.jpg,Vulvovaginal candidiasis,Vulvovaginal candidiasis,P2_OK,P1_OK,"Vết loét, Nứt kẽ, Mảng trợt
Đỏ tươi, Đỏ tím, Hồng đỏ
Dạng khe, Bất quy tắc, Ranh giới rõ
Kẽ mông, Vùng quanh hậu môn, Khu trú
Bề mặt ướt, Rỉ dịch, Mô hạt, Bờ trợt",P2_OK,"{
  ""JSON_EXTRACTION"": {
    ""Category"": ""Vulvovaginal candidiasis"",
    ""Lesion_Type"": [""Vết loét"", ""Nứt kẽ"", ""Mảng trợt""],
    ""Colour"": [""Đỏ tươi"", ""Đỏ tím"", ""Hồng đỏ""],
    ""Shape"": [""Dạng khe"", ""Bất quy tắc"", ""Ranh giới rõ""],
    ""Distribution"": [""Kẽ mông"", ""Quanh hậu môn"", ""Khu trú""],
    ""Characteristics"": [""Bề mặt ướt"", ""Rỉ dịch"", ""Mô hạt"", ""Bờ trợt""]
  }
}",
Vulvovaginal candidiasis/canvuls.jpg,Vulvovaginal candidiasis,Vulvovaginal candidiasis,P2_OK,P1_OK,"Mảng hồng ban, Trợt da, Nứt kẽ
Đỏ hồng, Đỏ nâu
Bất quy tắc, Ranh giới không rõ
Kẽ mông, Quanh hậu môn, Khu trú
Ẩm ướt, Bóng da, Nếp nứt, Lông vùng kẽ",P2_OK,"{
  ""JSON_EXTRACTION"": {
    ""Category"": ""Vulvovaginal candidiasis"",
    ""Lesion_Type"": [""Mảng hồng ban"", ""Trợt da"", ""Nứt kẽ""],
    ""Colour"": [""Đỏ hồng"", ""Đỏ nâu""],
    ""Shape"": [""Bất quy tắc"", ""Ranh giới mờ""],
    ""Distribution"": [""Kẽ mông"", ""Quanh hậu môn"", ""Khu trú""],
    ""Characteristics"": [""Ẩm ướt"", ""Bóng da"", ""Nếp nứt"", ""Lông vùng kẽ""]
  }
}",
Whipple disease/01.jpg,Whipple disease,Whipple disease,P2_OK,P1_OK,"Dát giảm sắc tố, Mảng giảm sắc tố
Trắng nhạt, Trắng sữa
Hình tròn, Bất quy tắc, Ranh giới rõ
Mu bàn tay, Hai bên, Rải rác
Không vảy, Da mỏng, Nhăn da",P2_OK,"{
  ""JSON_EXTRACTION"": {
    ""Category"": ""Whipple disease"",
    ""Lesion_Type"": [""Dát giảm sắc tố"", ""Mảng giảm sắc tố""],
    ""Colour"": [""Trắng nhạt"", ""Trắng sữa""],
    ""Shape"": [""Hình tròn"", ""Bất quy tắc"", ""Ranh giới rõ""],
    ""Distribution"": [""Mu bàn tay"", ""Hai bên"", ""Rải rác""],
    ""Characteristics"": [""Da mỏng"", ""Nhăn da""]
  }
}",
Whipple disease/02.jpg,Whipple disease,Whipple disease,P2_OK,P1_OK,"Mảng hồng ban, Sẩn đỏ
Đỏ hồng, Đỏ nhạt
Hình vòng, Bất quy tắc, Ranh giới rõ
Gáy, Chân tóc, Rải rác
Bong vảy, Vảy mịn, Bờ gồ nhẹ",P2_OK,"{
  ""JSON_EXTRACTION"": {
    ""Category"": ""Whipple disease"",
    ""Lesion_Type"": [""Mảng hồng ban"", ""Sẩn đỏ""],
    ""Colour"": [""Đỏ hồng"", ""Đỏ nhạt""],
    ""Shape"": [""Hình vòng"", ""Bất quy tắc"", ""Ranh giới rõ""],
    ""Distribution"": [""Gáy"", ""Chân tóc"", ""Rải rác""],
    ""Characteristics"": [""Bong vảy"", ""Vảy mịn"", ""Bờ gồ nhẹ""]
  }
}",
Whipple disease/03.jpg,Whipple disease,Whipple disease,P2_OK,P1_OK,"Mảng tăng sắc tố, Dát tăng sắc tố
Nâu sẫm, Nâu đen
Lốm đốm, Bất quy tắc, Ranh giới không rõ
Cẳng chân, Hai bên, Lan tỏa
Khô da, Vảy mịn, Lông thưa",P2_OK,"{
  ""JSON_EXTRACTION"": {
    ""Category"": ""Whipple disease"",
    ""Lesion_Type"": [""Mảng tăng sắc tố"", ""Dát tăng sắc tố""],
    ""Colour"": [""Nâu sẫm"", ""Nâu đen""],
    ""Shape"": [""Lốm đốm"", ""Bất quy tắc""],
    ""Distribution"": [""Cẳng chân"", ""Hai bên"", ""Lan tỏa""],
    ""Characteristics"": [""Khô da"", ""Vảy mịn"", ""Lông thưa""]
  }
}",
Whipple disease/whipple1.jpg,Whipple disease,Whipple disease,P2_OK,P1_OK,"Dát mất sắc tố, Mảng giảm sắc tố
Trắng ngà, Trắng hồng, Nâu da
Bất quy tắc, Ranh giới rõ
Mu bàn tay, Hai bên, Đối xứng
Không bong vảy, Da nhăn, Đốm nâu nhỏ",P2_OK,"{
  ""JSON_EXTRACTION"": {
    ""Category"": ""Whipple disease"",
    ""Lesion_Type"": [""Dát mất sắc tố"", ""Mảng giảm sắc tố""],
    ""Colour"": [""Trắng ngà"", ""Trắng hồng"", ""Nâu da""],
    ""Shape"": [""Bất quy tắc"", ""Ranh giới rõ""],
    ""Distribution"": [""Mu bàn tay"", ""Hai bên"", ""Đối xứng""],
    ""Characteristics"": [""Da nhăn"", ""Đốm nâu nhỏ""]
  }
}",
Whipple disease/whipple2.jpg,Whipple disease,Whipple disease,P2_OK,P1_OK,"Mảng hồng ban, Sẩn đỏ, Mảng vòng
Đỏ hồng, Đỏ nhạt
Hình tròn, Hình bầu dục, Ranh giới rõ
Gáy, Đường chân tóc, Rải rác, Khu trú
Bong vảy, Bờ gồ, Trung tâm nhạt màu",P2_OK,"{
  ""JSON_EXTRACTION"": {
    ""Category"": ""Whipple disease"",
    ""Lesion_Type"": [""Mảng hồng ban"", ""Sẩn đỏ"", ""Mảng vòng""],
    ""Colour"": [""Đỏ hồng"", ""Đỏ nhạt""],
    ""Shape"": [""Hình tròn"", ""Hình bầu dục"", ""Ranh giới rõ""],
    ""Distribution"": [""Gáy"", ""Đường chân tóc"", ""Rải rác"", ""Khu trú""],
    ""Characteristics"": [""Bong vảy"", ""Bờ gồ"", ""Trung tâm nhạt""]
  }
}",
Whipple disease/whipple3.jpg,Whipple disease,Whipple disease,P2_OK,P1_OK,"Dát tăng sắc tố, Chấm xuất huyết
Nâu đỏ, Nâu sẫm
Dạng chấm nhỏ, Bất quy tắc, Ranh giới không rõ
Cẳng chân, Hai bên, Đối xứng, Lan tỏa
Tăng sắc tố, Không bong vảy",P2_OK,"{
  ""JSON_EXTRACTION"": {
    ""Category"": ""Whipple disease"",
    ""Lesion_Type"": [""Dát tăng sắc tố"", ""Chấm xuất huyết""],
    ""Colour"": [""Nâu đỏ"", ""Nâu sẫm""],
    ""Shape"": [""Dạng chấm nhỏ"", ""Bất quy tắc""],
    ""Distribution"": [""Cẳng chân"", ""Hai bên"", ""Đối xứng"", ""Lan tỏa""],
    ""Characteristics"": [""Tăng sắc tố""]
  }
}",
Winter itch/01.jpg,Winter itch,Winter itch,P2_OK,P1_OK,"Sẩn đỏ, Dát hồng ban
Đỏ hồng, Nâu nhạt
Nhỏ, Rải rác, Không đều
Cẳng chân, Hai bên, Đối xứng
Trầy xước, Khô da, Chấm sắc tố",P2_OK,"{
  ""JSON_EXTRACTION"": {
    ""Category"": ""Winter itch"",
    ""Lesion_Type"": [""Sẩn đỏ"", ""Dát hồng ban""],
    ""Colour"": [""Đỏ hồng"", ""Nâu nhạt""],
    ""Shape"": [""Nhỏ"", ""Không đều""],
    ""Distribution"": [""Cẳng chân"", ""Hai bên"", ""Đối xứng"", ""Rải rác""],
    ""Characteristics"": [""Trầy xước"", ""Khô da"", ""Chấm sắc tố""]
  }
}",
Winter itch/winter-itch-1.jpg,Winter itch,Winter itch,P2_OK,P1_OK,"Sẩn đỏ, Dát đỏ
Đỏ hồng, Nâu nhạt
Hình chấm, Nhỏ, Ranh giới không rõ
Cẳng chân hai bên, Đối xứng, Rải rác
Vết gãi, Khô da, Tăng sắc tố nhẹ",P2_OK,"{
  ""JSON_EXTRACTION"": {
    ""Category"": ""Winter itch"",
    ""Lesion_Type"": [""Sẩn đỏ"", ""Dát đỏ""],
    ""Colour"": [""Đỏ hồng"", ""Nâu nhạt""],
    ""Shape"": [""Hình chấm"", ""Nhỏ"", ""Ranh giới mờ""],
    ""Distribution"": [""Cẳng chân"", ""Hai bên"", ""Đối xứng"", ""Rải rác""],
    ""Characteristics"": [""Vết gãi"", ""Khô da"", ""Tăng sắc tố""]
  }
}",
Winter itch/winter-itch-2.jpg,Winter itch,Winter itch,P2_OK,P1_OK,"Sẩn đỏ, Chấm xuất huyết
Đỏ nâu, Đỏ hồng
Chấm nhỏ, Rải rác
Cẳng chân, Hai bên, Rải rác
Vết trợt nhỏ, Đóng mài, Trầy xước",P2_OK,"{
  ""JSON_EXTRACTION"": {
    ""Category"": ""Winter itch"",
    ""Lesion_Type"": [""Sẩn đỏ"", ""Chấm xuất huyết""],
    ""Colour"": [""Đỏ nâu"", ""Đỏ hồng""],
    ""Shape"": [""Chấm nhỏ""],
    ""Distribution"": [""Cẳng chân"", ""Hai bên"", ""Rải rác""],
    ""Characteristics"": [""Vết trợt nhỏ"", ""Đóng mài"", ""Trầy xước""]
  }
}",
Winter itch/winter-itch-3.jpg,Winter itch,Winter itch,P2_OK,P1_OK,"Phù nề, Mảng hồng ban
Đỏ cam, Đỏ hồng
Lan tỏa, Bờ không rõ
Cẳng chân, Hai bên, Đối xứng
Sưng to, Nếp gấp cổ chân, Da căng",P2_OK,"{
  ""JSON_EXTRACTION"": {
    ""Category"": ""Winter itch"",
    ""Lesion_Type"": [""Phù nề"", ""Mảng hồng ban""],
    ""Colour"": [""Đỏ cam"", ""Đỏ hồng""],
    ""Shape"": [""Lan tỏa"", ""Bờ mờ""],
    ""Distribution"": [""Cẳng chân"", ""Hai bên"", ""Đối xứng"", ""Nếp gấp cổ chân""],
    ""Characteristics"": [""Sưng to"", ""Da căng""]
  }
}",
Wound infection/01.jpg,Wound infection,Wound infection,P2_OK,P1_OK,"Mảng hồng ban, Bọng nước, Trợt da
Đỏ hồng, Tím đỏ, Vàng nâu, Trắng vàng
Bất quy tắc, Ranh giới không rõ
Lòng bàn chân, Gót chân, Khu trú
Sưng nề, Căng bóng, Đóng mài, Dịch vàng",P2_OK,"{
  ""JSON_EXTRACTION"": {
    ""Category"": ""Wound infection"",
    ""Lesion_Type"": [""Mảng hồng ban"", ""Bọng nước"", ""Trợt da""],
    ""Colour"": [""Đỏ hồng"", ""Tím đỏ"", ""Vàng nâu"", ""Trắng vàng""],
    ""Shape"": [""Bất quy tắc"", ""Ranh giới mờ""],
    ""Distribution"": [""Lòng bàn chân"", ""Gót chân"", ""Khu trú""],
    ""Characteristics"": [""Sưng nề"", ""Căng bóng"", ""Đóng mài"", ""Dịch vàng""]
  }
}",
Wound infection/02.jpg,Wound infection,Wound infection,P2_OK,P1_OK,"Nốt gồ, Mảng hồng ban
Đỏ hồng, Trắng vàng
Hình tròn, Ranh giới rõ, Dạng vòm
Mũi, Khu trú, Đơn độc
Nút sừng trung tâm, Loét nông, Vảy tiết",P2_OK,"{
  ""JSON_EXTRACTION"": {
    ""Category"": ""Wound infection"",
    ""Lesion_Type"": [""Nốt gồ"", ""Mảng hồng ban""],
    ""Colour"": [""Đỏ hồng"", ""Trắng vàng""],
    ""Shape"": [""Hình tròn"", ""Ranh giới rõ"", ""Dạng vòm""],
    ""Distribution"": [""Mũi"", ""Khu trú"", ""Đơn độc""],
    ""Characteristics"": [""Nút sừng"", ""Loét nông"", ""Vảy tiết""]
  }
}",
Wound infection/03.jpg,Wound infection,Wound infection,P2_OK,P1_OK,"Mảng hồng ban, Mảng thâm nhiễm, Trợt loét nông
Đỏ tím, Đỏ hồng, Trắng xám
Bất quy tắc, Ranh giới không rõ, Dạng bầu dục
Vùng thân mình, Khu trú
Vảy trắng, Vảy tiết, Bề mặt bóng, Trợt da",P2_OK,"{""JSON_EXTRACTION"":{""Category"":""Wound infection"",""Lesion_Type"":[""Mảng hồng ban"",""Mảng thâm nhiễm"",""Trợt loét nông""],""Colour"":[""Đỏ tím"",""Đỏ hồng"",""Trắng xám""],""Shape"":[""Bất quy tắc"",""Ranh giới không rõ"",""Dạng bầu dục""],""Distribution"":[""Vùng thân mình"",""Khu trú""],""Characteristics"":[""Vảy trắng"",""Vảy tiết"",""Bề mặt bóng"",""Trợt da""]}}",
Wound infection/04.jpg,Wound infection,Wound infection,P2_OK,P1_OK,"Nốt, Sẩn cục, Mảng hồng ban
Đỏ hồng, Trắng vàng, Vàng nâu
Hình vòm, Hình tròn, Ranh giới rõ
Khuỷu tay, Khu trú, Đơn độc
Nút sừng trung tâm, Đóng vảy, Da khô",P2_OK,"{
  ""JSON_EXTRACTION"": {
    ""Category"": ""Wound infection"",
    ""Lesion_Type"": [""Nốt"", ""Sẩn cục"", ""Mảng hồng ban""],
    ""Colour"": [""Đỏ hồng"", ""Trắng vàng"", ""Vàng nâu""],
    ""Shape"": [""Hình vòm"", ""Hình tròn"", ""Ranh giới rõ""],
    ""Distribution"": [""Khuỷu tay"", ""Khu trú"", ""Đơn độc""],
    ""Characteristics"": [""Nút sừng trung tâm"", ""Đóng vảy"", ""Da khô""]
  }
}",
Wound infection/05.jpg,Wound infection,Wound infection,P2_OK,P1_OK,"Trợt da, Vết loét nông, Mảng đóng mày
Đỏ hồng, Đỏ sẫm, Vàng nâu, Đen
Bất quy tắc, Ranh giới không đều
Vùng da đầu, Khu trú, Rải rác
Đóng mày máu, Mày tiết, Rỉ dịch, Chảy máu vi thể",P2_OK,"{
  ""JSON_EXTRACTION"": {
    ""Category"": ""Wound infection"",
    ""Lesion_Type"": [""Trợt da"", ""Vết loét nông"", ""Mảng đóng mày""],
    ""Colour"": [""Đỏ hồng"", ""Đỏ sẫm"", ""Vàng nâu"", ""Đen""],
    ""Shape"": [""Bất quy tắc"", ""Không đều""],
    ""Distribution"": [""Vùng da đầu"", ""Khu trú"", ""Rải rác""],
    ""Characteristics"": [""Đóng mày máu"", ""Mày tiết"", ""Rỉ dịch"", ""Chảy máu""]
  }
}",
Wound infection/06.jpg,Wound infection,Wound infection,P2_OK,P1_OK,"Mảng hồng ban, Mảng trợt loét
Đỏ hồng, Vàng trắng, Nâu vàng
Bất quy tắc, Ranh giới rõ
Chi dưới, Khu trú
Đóng mài, Giả mạc, Rỉ dịch",P2_OK,"{
  ""JSON_EXTRACTION"": {
    ""Category"": ""Wound infection"",
    ""Lesion_Type"": [""Mảng hồng ban"", ""Mảng trợt loét""],
    ""Colour"": [""Đỏ hồng"", ""Vàng trắng"", ""Nâu vàng""],
    ""Shape"": [""Bất quy tắc"", ""Ranh giới rõ""],
    ""Distribution"": [""Chi dưới"", ""Khu trú""],
    ""Characteristics"": [""Đóng mài"", ""Giả mạc"", ""Rỉ dịch""]
  }
}",
Wound infection/07.jpg,Wound infection,Wound infection,P2_OK,P1_OK,"Vết loét, Mảng hồng ban, Hoại tử trung tâm
Đỏ hồng, Đỏ tím, Nâu đen, Vàng nhạt
Hình tròn, Ranh giới rõ, Bờ gồ
Cẳng chân, Khu trú, Đơn độc
Đóng mài, Sưng nề, Bóng da, Chỉ khâu",P2_OK,"{
  ""JSON_EXTRACTION"": {
    ""Category"": ""Wound infection"",
    ""Lesion_Type"": [""Vết loét"", ""Mảng hồng ban""],
    ""Colour"": [""Đỏ hồng"", ""Đỏ tím"", ""Nâu đen"", ""Vàng nhạt""],
    ""Shape"": [""Hình tròn"", ""Ranh giới rõ"", ""Bờ gồ""],
    ""Distribution"": [""Cẳng chân"", ""Khu trú"", ""Đơn độc""],
    ""Characteristics"": [""Hoại tử trung tâm"", ""Đóng mài"", ""Sưng nề"", ""Bóng da"", ""Chỉ khâu""]
  }
}",
Wound infection/08.jpg,Wound infection,Wound infection,P2_OK,P1_OK,"Mảng gồ, Nốt gồ
Đỏ tím, Hồng bóng
Hình thoi, Ranh giới rõ
Vùng da, Khu trú
Bề mặt bóng, Căng, Nhẵn",P2_OK,"{
  ""JSON_EXTRACTION"": {
    ""Category"": ""Wound infection"",
    ""Lesion_Type"": [""Mảng gồ"", ""Nốt gồ""],
    ""Colour"": [""Đỏ tím"", ""Hồng bóng""],
    ""Shape"": [""Hình thoi"", ""Ranh giới rõ""],
    ""Distribution"": [""Vùng da"", ""Khu trú""],
    ""Characteristics"": [""Bề mặt bóng"", ""Căng"", ""Nhẵn""]
  }
}",
Wound infection/09.jpg,Wound infection,Wound infection,P2_OK,P1_OK,"Mảng hồng ban, Trợt da
Đỏ hồng, Đỏ tươi, Trắng
Bất quy tắc, Ranh giới không rõ
Mông, Nếp kẽ mông, Lan tỏa
Bong da, Vảy mỏng, Bề mặt bóng",P2_OK,"{
  ""JSON_EXTRACTION"": {
    ""Category"": ""Wound infection"",
    ""Lesion_Type"": [""Mảng hồng ban"", ""Trợt da""],
    ""Colour"": [""Đỏ hồng"", ""Đỏ tươi"", ""Trắng""],
    ""Shape"": [""Bất quy tắc"", ""Ranh giới mờ""],
    ""Distribution"": [""Mông"", ""Nếp kẽ mông"", ""Lan tỏa""],
    ""Characteristics"": [""Bong da"", ""Vảy mỏng"", ""Bề mặt bóng""]
  }
}",
Wound infection/10.jpg,Wound infection,Wound infection,P2_OK,P1_OK,"Mảng hồng ban, Loét trung tâm, Nốt sừng hóa
Đỏ hồng, Trắng xám, Nâu đen
Hình tròn, Ranh giới không đều, Trung tâm lõm
Khuỷu tay, Mặt duỗi, Khu trú
Bong vảy, Vảy dày, Đóng mài, Tăng sừng",P2_OK,"{
  ""JSON_EXTRACTION"": {
    ""Category"": ""Wound infection"",
    ""Lesion_Type"": [""Mảng hồng ban"", ""Loét trung tâm"", ""Nốt sừng hóa""],
    ""Colour"": [""Đỏ hồng"", ""Trắng xám"", ""Nâu đen""],
    ""Shape"": [""Hình tròn"", ""Không đều"", ""Trung tâm lõm""],
    ""Distribution"": [""Khuỷu tay"", ""Mặt duỗi"", ""Khu trú""],
    ""Characteristics"": [""Bong vảy"", ""Vảy dày"", ""Đóng mài"", ""Tăng sừng""]
  }
}",
Wound infection/11.jpg,Wound infection,Wound infection,P2_OK,P1_OK,"Mảng hồng ban, Sẩn sừng
Đỏ hồng, Vàng nâu, Trắng vàng
Bất quy tắc, Ranh giới không rõ
Da đầu, Khu trú
Vảy tiết, Đóng mày, Sừng hóa, Trợt nông",P2_OK,"{
  ""JSON_EXTRACTION"": {
    ""Category"": ""Wound infection"",
    ""Lesion_Type"": [""Mảng hồng ban"", ""Sẩn sừng""],
    ""Colour"": [""Đỏ hồng"", ""Vàng nâu"", ""Trắng vàng""],
    ""Shape"": [""Bất quy tắc""],
    ""Distribution"": [""Da đầu"", ""Khu trú""],
    ""Characteristics"": [""Vảy tiết"", ""Đóng mày"", ""Sừng hóa"", ""Trợt nông""]
  }
}",
Wound infection/12.jpg,Wound infection,Wound infection,P2_OK,P1_OK,"Nốt sẩn, Loét trung tâm, Mảng hồng ban
Đỏ hồng, Vàng trắng, Nâu vàng
Hình tròn, Ranh giới không đều, Gồ cao
Má, Vùng mặt, Đơn độc
Đóng mài, Vảy tiết, Lõm trung tâm",P2_OK,"{
  ""JSON_EXTRACTION"": {
    ""Category"": ""Wound infection"",
    ""Lesion_Type"": [""Nốt sẩn"", ""Loét trung tâm"", ""Mảng hồng ban""],
    ""Colour"": [""Đỏ hồng"", ""Vàng trắng"", ""Nâu vàng""],
    ""Shape"": [""Hình tròn"", ""Không đều"", ""Gồ cao""],
    ""Distribution"": [""Má"", ""Vùng mặt"", ""Đơn độc""],
    ""Characteristics"": [""Đóng mài"", ""Vảy tiết"", ""Lõm trung tâm""]
  }
}",
Wound infection/13.jpg,Wound infection,Wound infection,P2_OK,P1_OK,"Mảng hồng ban, Loét trợt
Đỏ tím, Vàng nâu, Trắng ngà
Bất quy tắc, Ranh giới không rõ
Gót chân, Khu trú
Đóng mài, Hoại tử nông, Da bóng",P2_OK,"{
  ""JSON_EXTRACTION"": {
    ""Category"": ""Wound infection"",
    ""Lesion_Type"": [""Mảng hồng ban"", ""Loét trợt""],
    ""Colour"": [""Đỏ tím"", ""Vàng nâu"", ""Trắng ngà""],
    ""Shape"": [""Bất quy tắc"", ""Ranh giới mờ""],
    ""Distribution"": [""Gót chân"", ""Khu trú""],
    ""Characteristics"": [""Đóng mài"", ""Hoại tử nông"", ""Da bóng""]
  }
}",
Wound infection/14.jpg,Wound infection,Wound infection,P2_OK,P1_OK,"Nốt dạng u, Mảng hồng ban
Hồng đỏ, Trắng vàng
Hình tròn, Hình vòm, Ranh giới rõ
Khuỷu tay, Khu trú, Đơn độc
Nút sừng trung tâm, Loét nông, Vảy tiết",P2_OK,"{
  ""JSON_EXTRACTION"": {
    ""Category"": ""Wound infection"",
    ""Lesion_Type"": [""Nốt dạng u"", ""Mảng hồng ban""],
    ""Colour"": [""Hồng đỏ"", ""Trắng vàng""],
    ""Shape"": [""Hình tròn"", ""Hình vòm"", ""Ranh giới rõ""],
    ""Distribution"": [""Khuỷu tay"", ""Khu trú"", ""Đơn độc""],
    ""Characteristics"": [""Nút sừng trung tâm"", ""Loét nông"", ""Vảy tiết""]
  }
}",
Wound infection/15.jpg,Wound infection,Wound infection,P2_OK,P1_OK,"Vết loét, Mảng hồng ban
Đỏ hồng, Vàng nâu, Trắng xám
Hình tròn, Bất quy tắc, Ranh giới không rõ
Cẳng chân, Khu trú, Đơn độc
Vảy tiết, Trợt loét, Quầng đỏ, Sưng nề",P2_OK,"{
  ""JSON_EXTRACTION"": {
    ""Category"": ""Wound infection"",
    ""Lesion_Type"": [""Vết loét"", ""Mảng hồng ban""],
    ""Colour"": [""Đỏ hồng"", ""Vàng nâu"", ""Trắng xám""],
    ""Shape"": [""Hình tròn"", ""Bất quy tắc""],
    ""Distribution"": [""Cẳng chân"", ""Khu trú"", ""Đơn độc""],
    ""Characteristics"": [""Vảy tiết"", ""Trợt loét"", ""Quầng đỏ"", ""Sưng nề""]
  }
}",
Wound infection/wound-infection1.jpg,Wound infection,Wound infection,P2_OK,P1_OK,"Nốt sẩn dạng vòm, Mảng hồng ban
Đỏ hồng, Trắng vàng, Trắng ngà
Hình tròn, Ranh giới rõ, Trung tâm lõm
Khuỷu tay, Khu trú, Đơn độc
Nút sừng, Loét nông, Da khô, Vảy mịn",P2_OK,"{
  ""JSON_EXTRACTION"": {
    ""Category"": ""Wound infection"",
    ""Lesion_Type"": [""Nốt sẩn"", ""Mảng hồng ban""],
    ""Colour"": [""Đỏ hồng"", ""Trắng vàng"", ""Trắng ngà""],
    ""Shape"": [""Hình tròn"", ""Ranh giới rõ"", ""Trung tâm lõm""],
    ""Distribution"": [""Khuỷu tay"", ""Khu trú"", ""Đơn độc""],
    ""Characteristics"": [""Nút sừng"", ""Loét nông"", ""Da khô"", ""Vảy mịn""]
  }
}",
Wound infection/wound-infection2.jpg,Wound infection,Wound infection,P2_OK,P1_OK,"Vết loét, Mảng hồng ban
Đỏ hồng, Vàng nâu, Trắng xám
Bất quy tắc, Ranh giới tương đối rõ
Cẳng chân, Khu trú
Đóng mài, Hoại tử trung tâm, Quầng đỏ xung quanh",P2_OK,"{
  ""JSON_EXTRACTION"": {
    ""Category"": ""Wound infection"",
    ""Lesion_Type"": [""Vết loét"", ""Mảng hồng ban""],
    ""Colour"": [""Đỏ hồng"", ""Vàng nâu"", ""Trắng xám""],
    ""Shape"": [""Bất quy tắc"", ""Ranh giới rõ""],
    ""Distribution"": [""Cẳng chân"", ""Khu trú""],
    ""Characteristics"": [""Đóng mài"", ""Hoại tử trung tâm"", ""Quầng đỏ xung quanh""]
  }
}",
Wound infection/wound-infection3.jpg,Wound infection,Wound infection,P2_OK,P1_OK,"Mảng hồng ban, Mảng xơ cứng
Đỏ hồng, Tím đỏ, Trắng ngà
Bất quy tắc, Ranh giới không rõ
Vùng ngực, Khu trú
Bề mặt bóng, Vảy mỏng, Đóng mài mỏng",P2_OK,"{
  ""JSON_EXTRACTION"": {
    ""Category"": ""Wound infection"",
    ""Lesion_Type"": [""Mảng hồng ban"", ""Mảng xơ cứng""],
    ""Colour"": [""Đỏ hồng"", ""Tím đỏ"", ""Trắng ngà""],
    ""Shape"": [""Bất quy tắc"", ""Ranh giới không rõ""],
    ""Distribution"": [""Vùng ngực"", ""Khu trú""],
    ""Characteristics"": [""Bề mặt bóng"", ""Vảy mỏng"", ""Đóng mài mỏng""]
  }
}",
X linked ichthyosis/01.jpg,X linked ichthyosis,X linked ichthyosis,P2_OK,P1_OK,"Mảng tăng sừng, Vảy da
Nâu sẫm, Trắng xám
Bất quy tắc, Ranh giới không rõ
Cẳng chân, Lan tỏa
Da khô, Bong vảy, Vảy mỏng",P2_OK,"{
  ""JSON_EXTRACTION"": {
    ""Category"": ""Ichthyosis"",
    ""Lesion_Type"": [""Mảng tăng sừng"", ""Vảy da""],
    ""Colour"": [""Nâu sẫm"", ""Trắng xám""],
    ""Shape"": [""Bất quy tắc"", ""Ranh giới mờ""],
    ""Distribution"": [""Cẳng chân"", ""Lan tỏa""],
    ""Characteristics"": [""Da khô"", ""Bong vảy"", ""Vảy mỏng""]
  }
}",
X linked ichthyosis/02.jpg,X linked ichthyosis,X linked ichthyosis,P2_OK,P1_OK,"Mảng khô da, Nứt da
Hồng nhạt, Trắng xám, Nâu nhạt
Bất quy tắc, Ranh giới không rõ, Dạng mạng lưới
Vùng da chi, Lan tỏa
Bong vảy, Vảy mịn, Nứt nẻ, Rãnh da sâu",P2_OK,"{
  ""JSON_EXTRACTION"": {
    ""Category"": ""Ichthyosis"",
    ""Lesion_Type"": [""Mảng khô da"", ""Nứt da""],
    ""Colour"": [""Hồng nhạt"", ""Trắng xám"", ""Nâu nhạt""],
    ""Shape"": [""Bất quy tắc"", ""Ranh giới mờ"", ""Dạng mạng lưới""],
    ""Distribution"": [""Vùng da chi"", ""Lan tỏa""],
    ""Characteristics"": [""Bong vảy"", ""Vảy mịn"", ""Nứt nẻ"", ""Rãnh da sâu""]
  }
}",
X linked ichthyosis/03.jpg,X linked ichthyosis,X linked ichthyosis,P2_OK,P1_OK,"Mảng bong vảy, Da khô
Nâu da, Trắng xám
Bất quy tắc, Ranh giới không rõ, Dạng mạng lưới
Vùng da không xác định, Lan tỏa
Bong vảy mịn, Vảy trắng, Nứt nẻ nông",P2_OK,"{
  ""JSON_EXTRACTION"": {
    ""Category"": ""Ichthyosis"",
    ""Lesion_Type"": [""Mảng bong vảy"", ""Da khô""],
    ""Colour"": [""Nâu da"", ""Trắng xám""],
    ""Shape"": [""Bất quy tắc"", ""Ranh giới mờ"", ""Dạng mạng lưới""],
    ""Distribution"": [""Vùng da"", ""Lan tỏa""],
    ""Characteristics"": [""Bong vảy mịn"", ""Vảy trắng"", ""Nứt nẻ nông""]
  }
}",
X linked ichthyosis/04.jpg,X linked ichthyosis,X linked ichthyosis,P2_OK,P1_OK,"Mảng tăng sừng, Mảng khô da
Nâu hồng, Trắng xám
Đa giác, Dạng mạng lưới, Ranh giới không rõ
Vùng da, Lan tỏa
Bong vảy dày, Nứt nẻ, Vảy phiến",P2_OK,"{
  ""JSON_EXTRACTION"": {
    ""Category"": ""Ichthyosis"",
    ""Lesion_Type"": [""Mảng tăng sừng"", ""Mảng khô da""],
    ""Colour"": [""Nâu hồng"", ""Trắng xám""],
    ""Shape"": [""Đa giác"", ""Dạng mạng lưới"", ""Ranh giới mờ""],
    ""Distribution"": [""Vùng da"", ""Lan tỏa""],
    ""Characteristics"": [""Bong vảy dày"", ""Nứt nẻ"", ""Vảy phiến""]
  }
}",
X linked ichthyosis/05.jpg,X linked ichthyosis,X linked ichthyosis,P2_OK,P1_OK,"Mảng dày sừng, Mảng hồng ban
Vàng nâu, Hồng nhạt, Trắng xám
Đa giác, Dạng ô lưới, Ranh giới không đều
Cẳng chân, Lan tỏa, Khu trú vùng duỗi
Vảy dày, Nứt nẻ, Da khô",P2_OK,"{
  ""JSON_EXTRACTION"": {
    ""Category"": ""Ichthyosis"",
    ""Lesion_Type"": [""Mảng dày sừng"", ""Mảng hồng ban""],
    ""Colour"": [""Vàng nâu"", ""Hồng nhạt"", ""Trắng xám""],
    ""Shape"": [""Đa giác"", ""Dạng ô lưới"", ""Không đều""],
    ""Distribution"": [""Cẳng chân"", ""Lan tỏa"", ""Khu trú"", ""Vùng duỗi""],
    ""Characteristics"": [""Vảy dày"", ""Nứt nẻ"", ""Da khô""]
  }
}",
X linked ichthyosis/06.jpg,X linked ichthyosis,X linked ichthyosis,P2_OK,P1_OK,"Mảng bong vảy, Mảng tăng sừng
Hồng nhạt, Trắng xám, Nâu nhạt
Bất quy tắc, Dạng mạng lưới, Ranh giới không rõ
Vùng chi dưới, Lan tỏa
Vảy dày, Nứt nẻ, Da khô",P2_OK,"{
  ""JSON_EXTRACTION"": {
    ""Category"": ""Ichthyosis"",
    ""Lesion_Type"": [""Mảng bong vảy"", ""Mảng tăng sừng""],
    ""Colour"": [""Hồng nhạt"", ""Trắng xám"", ""Nâu nhạt""],
    ""Shape"": [""Bất quy tắc"", ""Dạng mạng lưới"", ""Ranh giới mờ""],
    ""Distribution"": [""Vùng chi dưới"", ""Lan tỏa""],
    ""Characteristics"": [""Vảy dày"", ""Nứt nẻ"", ""Da khô""]
  }
}",
X linked ichthyosis/07.jpg,X linked ichthyosis,X linked ichthyosis,P2_OK,P1_OK,"Mảng hồng ban, Mảng dày sừng
Đỏ hồng, Trắng vàng, Nâu xám
Bất quy tắc, Ranh giới không rõ, Hợp lưu
Cẳng chân, Cổ chân, Lan tỏa
Vảy dày, Bong vảy, Nứt nẻ, Dày da",P2_OK,"{
  ""JSON_EXTRACTION"": {
    ""Category"": ""Ichthyosis"",
    ""Lesion_Type"": [""Mảng hồng ban"", ""Mảng dày sừng""],
    ""Colour"": [""Đỏ hồng"", ""Trắng vàng"", ""Nâu xám""],
    ""Shape"": [""Bất quy tắc"", ""Ranh giới mờ"", ""Hợp lưu""],
    ""Distribution"": [""Cẳng chân"", ""Cổ chân"", ""Lan tỏa""],
    ""Characteristics"": [""Vảy dày"", ""Bong vảy"", ""Nứt nẻ"", ""Dày da""]
  }
}",
X linked ichthyosis/08.jpg,X linked ichthyosis,X linked ichthyosis,P2_OK,P1_OK,"Mảng khô da, Vảy da
Nâu hồng, Trắng xám
Lan tỏa, Ranh giới không rõ
Cẳng chân, Cổ chân, Khu trú
Bong vảy, Vảy dày, Nứt nẻ, Da khô",P2_OK,"{
  ""JSON_EXTRACTION"": {
    ""Category"": ""Ichthyosis"",
    ""Lesion_Type"": [""Mảng khô da"", ""Vảy da""],
    ""Colour"": [""Nâu hồng"", ""Trắng xám""],
    ""Shape"": [""Ranh giới mờ""],
    ""Distribution"": [""Lan tỏa"", ""Cẳng chân"", ""Cổ chân"", ""Khu trú""],
    ""Characteristics"": [""Bong vảy"", ""Vảy dày"", ""Nứt nẻ"", ""Da khô""]
  }
}",
X linked ichthyosis/09.jpg,X linked ichthyosis,X linked ichthyosis,P2_OK,P1_OK,"Mảng hồng ban, Mảng dày sừng
Đỏ hồng, Trắng bạc, Nâu xám
Bất quy tắc, Ranh giới không rõ, Lan tỏa
Cẳng chân, Mặt duỗi, Khu trú
Bong vảy dày, Vảy khô, Nứt nẻ",P2_OK,"{
  ""JSON_EXTRACTION"": {
    ""Category"": ""Ichthyosis"",
    ""Lesion_Type"": [""Mảng hồng ban"", ""Mảng dày sừng""],
    ""Colour"": [""Đỏ hồng"", ""Trắng bạc"", ""Nâu xám""],
    ""Shape"": [""Bất quy tắc"", ""Ranh giới mờ""],
    ""Distribution"": [""Lan tỏa"", ""Cẳng chân"", ""Mặt duỗi"", ""Khu trú""],
    ""Characteristics"": [""Bong vảy dày"", ""Vảy khô"", ""Nứt nẻ""]
  }
}",
X linked ichthyosis/10.jpg,X linked ichthyosis,X linked ichthyosis,P2_OK,P1_OK,"Mảng dày da, Mảng tăng sừng
Nâu sẫm, Nâu đỏ, Trắng xám
Bất quy tắc, Ranh giới không rõ, Vân da nổi rõ
Vùng da không xác định, Lan tỏa
Dày da, Khô da, Bong vảy mịn, Tăng nếp da",P2_OK,"{
  ""JSON_EXTRACTION"": {
    ""Category"": ""Ichthyosis"",
    ""Lesion_Type"": [""Mảng dày da"", ""Mảng tăng sừng""],
    ""Colour"": [""Nâu sẫm"", ""Nâu đỏ"", ""Trắng xám""],
    ""Shape"": [""Bất quy tắc"", ""Vân da rõ""],
    ""Distribution"": [""Vùng da"", ""Lan tỏa""],
    ""Characteristics"": [""Dày da"", ""Khô da"", ""Bong vảy mịn"", ""Tăng nếp da""]
  }
}",
X linked ichthyosis/11.jpg,X linked ichthyosis,X linked ichthyosis,P2_OK,P1_OK,"Mảng dày sừng, Da khô
Nâu xám, Trắng xám
Đa giác, Dạng lưới, Ranh giới không rõ
Cẳng chân, Lan tỏa
Bong vảy, Vảy trắng, Nứt nẻ, Tăng đường da",P2_OK,"{
  ""JSON_EXTRACTION"": {
    ""Category"": ""Ichthyosis"",
    ""Lesion_Type"": [""Mảng dày sừng"", ""Da khô""],
    ""Colour"": [""Nâu xám"", ""Trắng xám""],
    ""Shape"": [""Đa giác"", ""Dạng lưới"", ""Ranh giới mờ""],
    ""Distribution"": [""Cẳng chân"", ""Lan tỏa""],
    ""Characteristics"": [""Bong vảy"", ""Vảy trắng"", ""Nứt nẻ"", ""Tăng đường da""]
  }
}",
X linked ichthyosis/12.jpg,X linked ichthyosis,X linked ichthyosis,P2_OK,P1_OK,"Mảng dày sừng, Mảng hồng ban
Đỏ hồng, Vàng nâu, Trắng xám
Bất quy tắc, Ranh giới không rõ
Cẳng chân, Lan tỏa, Khu trú
Bong vảy dày, Nứt nẻ, Dày da",P2_OK,"{
  ""JSON_EXTRACTION"": {
    ""Category"": ""Ichthyosis"",
    ""Lesion_Type"": [""Mảng dày sừng"", ""Mảng hồng ban""],
    ""Colour"": [""Đỏ hồng"", ""Vàng nâu"", ""Trắng xám""],
    ""Shape"": [""Bất quy tắc"", ""Ranh giới mờ""],
    ""Distribution"": [""Cẳng chân"", ""Lan tỏa"", ""Khu trú""],
    ""Characteristics"": [""Bong vảy dày"", ""Nứt nẻ"", ""Dày da""]
  }
}",
X linked ichthyosis/13.jpg,X linked ichthyosis,X linked ichthyosis,P2_OK,P1_OK,"Sẩn dày sừng, Mảng dày sừng
Nâu nhạt, Vàng xám, Hồng nhạt
Hình vòng, Hình bầu dục, Ranh giới rõ
Cổ chân, Mu bàn chân, Rải rác
Bong vảy, Viền dày sừng, Lõm trung tâm",P2_OK,"{
  ""JSON_EXTRACTION"": {
    ""Category"": ""Ichthyosis"",
    ""Lesion_Type"": [""Sẩn dày sừng"", ""Mảng dày sừng""],
    ""Colour"": [""Nâu nhạt"", ""Vàng xám"", ""Hồng nhạt""],
    ""Shape"": [""Hình vòng"", ""Hình bầu dục"", ""Ranh giới rõ""],
    ""Distribution"": [""Cổ chân"", ""Mu bàn chân"", ""Rải rác""],
    ""Characteristics"": [""Bong vảy"", ""Viền dày sừng"", ""Lõm trung tâm""]
  }
}",
X linked ichthyosis/14.jpg,X linked ichthyosis,X linked ichthyosis,P2_OK,P1_OK,"Sẩn dày sừng, Mảng dày sừng
Nâu nhạt, Vàng nâu, Hồng nhạt
Hình tròn, Hình bầu dục, Ranh giới rõ
Cẳng chân, Rải rác, Tập trung thành cụm
Vảy dày, Bề mặt sần, Da khô",P2_OK,"{
  ""JSON_EXTRACTION"": {
    ""Category"": ""Ichthyosis"",
    ""Lesion_Type"": [""Sẩn dày sừng"", ""Mảng dày sừng""],
    ""Colour"": [""Nâu nhạt"", ""Vàng nâu"", ""Hồng nhạt""],
    ""Shape"": [""Hình tròn"", ""Hình bầu dục"", ""Ranh giới rõ""],
    ""Distribution"": [""Cẳng chân"", ""Rải rác"", ""Tập trung cụm""],
    ""Characteristics"": [""Vảy dày"", ""Bề mặt sần"", ""Da khô""]
  }
}",
X linked ichthyosis/15.jpg,X linked ichthyosis,X linked ichthyosis,P2_OK,P1_OK,"Mảng khô, Bong vảy
Nâu hồng, Trắng xám
Đa giác, Dạng mạng lưới, Ranh giới không rõ
Vùng chi, Lan tỏa
Vảy mỏng, Nứt nẻ nông, Da khô",P2_OK,"{
  ""JSON_EXTRACTION"": {
    ""Category"": ""Ichthyosis"",
    ""Lesion_Type"": [""Mảng khô"", ""Bong vảy""],
    ""Colour"": [""Nâu hồng"", ""Trắng xám""],
    ""Shape"": [""Đa giác"", ""Dạng mạng lưới"", ""Ranh giới mờ""],
    ""Distribution"": [""Vùng chi"", ""Lan tỏa""],
    ""Characteristics"": [""Vảy mỏng"", ""Nứt nẻ nông"", ""Da khô""]
  }
}",
X linked ichthyosis/16.jpg,X linked ichthyosis,X linked ichthyosis,P2_OK,P1_OK,"Không tổn thương da
Xanh lam, Xanh lục, Vàng nhạt
Hình que, Hình bầu dục
Sơ đồ di truyền, Hai cụm, Đối xứng
Chữ chú thích, Ký hiệu nhiễm sắc thể",P2_OK,"{
  ""JSON_EXTRACTION"": {
    ""Category"": ""Ichthyosis"",
    ""Lesion_Type"": [],
    ""Colour"": [""Xanh lam"", ""Xanh lục"", ""Vàng nhạt""],
    ""Shape"": [""Hình que"", ""Hình bầu dục""],
    ""Distribution"": [""Sơ đồ"", ""Hai cụm"", ""Đối xứng""],
    ""Characteristics"": [""Chữ chú thích"", ""Nhiễm sắc thể""]
  }
}",
X linked ichthyosis/x-linked-ichthyosis-1.jpg,X linked ichthyosis,X linked ichthyosis,P2_OK,P1_OK,"Mảng dày da, Mảng tăng sắc tố
Nâu sẫm, Nâu đỏ
Bất quy tắc, Ranh giới không rõ
Vùng da thân mình, Lan tỏa
Dày da, Hằn da, Bong vảy mịn",P2_OK,"{
  ""JSON_EXTRACTION"": {
    ""Category"": ""Ichthyosis"",
    ""Lesion_Type"": [""Mảng dày da"", ""Mảng tăng sắc tố""],
    ""Colour"": [""Nâu sẫm"", ""Nâu đỏ""],
    ""Shape"": [""Bất quy tắc"", ""Ranh giới mờ""],
    ""Distribution"": [""Thân mình"", ""Lan tỏa""],
    ""Characteristics"": [""Dày da"", ""Hằn da"", ""Bong vảy mịn""]
  }
}",
X linked ichthyosis/x-linked-ichthyosis-2.jpg,X linked ichthyosis,X linked ichthyosis,P2_OK,P1_OK,"Mảng da dày, Bong vảy lan tỏa
Nâu xám, Trắng xám
Dạng lưới, Đa giác, Ranh giới không rõ
Cẳng chân, Lan tỏa
Vảy khô, Nứt nẻ, Tăng đường da",P2_OK,"{
  ""JSON_EXTRACTION"": {
    ""Category"": ""Ichthyosis"",
    ""Lesion_Type"": [""Mảng da dày"", ""Bong vảy""],
    ""Colour"": [""Nâu xám"", ""Trắng xám""],
    ""Shape"": [""Dạng lưới"", ""Đa giác"", ""Ranh giới mờ""],
    ""Distribution"": [""Cẳng chân"", ""Lan tỏa""],
    ""Characteristics"": [""Vảy khô"", ""Nứt nẻ"", ""Tăng đường da""]
  }
}",
X linked ichthyosis/x-linked-ichthyosis-3.jpg,X linked ichthyosis,X linked ichthyosis,P2_OK,P1_OK,"Sẩn tăng sừng, Mảng tăng sừng
Vàng nâu, Trắng ngà, Hồng nhạt
Hình vòng, Bờ nổi, Ranh giới rõ
Cổ chân, Mu bàn chân, Rải rác
Bong vảy, Vảy dày, Lõm trung tâm",P2_OK,"{
  ""JSON_EXTRACTION"": {
    ""Category"": ""Ichthyosis"",
    ""Lesion_Type"": [""Sẩn tăng sừng"", ""Mảng tăng sừng""],
    ""Colour"": [""Vàng nâu"", ""Trắng ngà"", ""Hồng nhạt""],
    ""Shape"": [""Hình vòng"", ""Bờ nổi"", ""Ranh giới rõ""],
    ""Distribution"": [""Cổ chân"", ""Mu bàn chân"", ""Rải rác""],
    ""Characteristics"": [""Bong vảy"", ""Vảy dày"", ""Lõm trung tâm""]
  }
}",
X linked ichthyosis/x-linked-ichthyosis-4.jpg,X linked ichthyosis,X linked ichthyosis,P2_OK,P1_OK,"Sẩn tăng sừng, Mảng dày sừng
Nâu vàng, Nâu xám, Hồng nhạt
Hình tròn, Hình bầu dục, Ranh giới rõ
Cẳng chân, Rải rác, Thành cụm
Vảy sừng, Bề mặt sần sùi, Da khô",P2_OK,"{
  ""JSON_EXTRACTION"": {
    ""Category"": ""Ichthyosis"",
    ""Lesion_Type"": [""Sẩn tăng sừng"", ""Mảng dày sừng""],
    ""Colour"": [""Nâu vàng"", ""Nâu xám"", ""Hồng nhạt""],
    ""Shape"": [""Hình tròn"", ""Hình bầu dục"", ""Ranh giới rõ""],
    ""Distribution"": [""Cẳng chân"", ""Rải rác"", ""Thành cụm""],
    ""Characteristics"": [""Vảy sừng"", ""Bề mặt sần sùi"", ""Da khô""]
  }
}",
Xanthoma/tca-after.jpg,Xanthoma,Xanthoma,P2_OK,P1_OK,"Mảng hồng ban, Phù nề
Tím hồng, Đỏ tím
Bất quy tắc, Ranh giới mờ
Quanh mắt, Mí trên, Đối xứng
Bóng nhẹ, Không vảy",P2_OK,"{
  ""JSON_EXTRACTION"": {
    ""Category"": ""Atypical fibroxanthoma"",
    ""Lesion_Type"": [""Mảng hồng ban"", ""Phù nề""],
    ""Colour"": [""Tím hồng"", ""Đỏ tím""],
    ""Shape"": [""Bất quy tắc"", ""Ranh giới mờ""],
    ""Distribution"": [""Quanh mắt"", ""Mí trên"", ""Đối xứng""],
    ""Characteristics"": [""Bóng nhẹ""]
  }
}",
Xanthoma/tca-before.jpg,Xanthoma,Xanthoma,P2_OK,P1_OK,"Mảng vàng, Mảng phẳng
Vàng nhạt, Vàng cam
Bất quy tắc, Ranh giới tương đối rõ
Mi mắt, Quanh mắt, Hai bên
Bề mặt nhẵn, Không bong vảy",P2_OK,"{
  ""JSON_EXTRACTION"": {
    ""Category"": ""Atypical fibroxanthoma"",
    ""Lesion_Type"": [""Mảng vàng"", ""Mảng phẳng""],
    ""Colour"": [""Vàng nhạt"", ""Vàng cam""],
    ""Shape"": [""Bất quy tắc"", ""Ranh giới rõ""],
    ""Distribution"": [""Mi mắt"", ""Quanh mắt"", ""Hai bên""],
    ""Characteristics"": [""Bề mặt nhẵn""]
  }
}",
Xanthoma/tca-during.jpg,Xanthoma,Xanthoma,P2_OK,P1_OK,"Mảng trắng, Sẩn trắng
Trắng ngà, Trắng vàng
Bất quy tắc, Ranh giới rõ
Mi mắt, Góc mắt trong, Hai bên, Thành cụm
Vảy dày, Tăng sừng, Bề mặt gồ",P2_OK,"{
  ""JSON_EXTRACTION"": {
    ""Category"": ""Atypical fibroxanthoma"",
    ""Lesion_Type"": [""Mảng trắng"", ""Sẩn trắng""],
    ""Colour"": [""Trắng ngà"", ""Trắng vàng""],
    ""Shape"": [""Bất quy tắc"", ""Ranh giới rõ""],
    ""Distribution"": [""Mi mắt"", ""Góc mắt trong"", ""Hai bên"", ""Thành cụm""],
    ""Characteristics"": [""Vảy dày"", ""Tăng sừng"", ""Bề mặt gồ""]
  }
}",
Xanthoma/xanth-tend.jpg,Xanthoma,Xanthoma,P2_OK,P1_OK,"Mảng hồng ban, Sẩn đỏ
Đỏ hồng, Đỏ nhạt
Bất quy tắc, Ranh giới không rõ
Cổ chân, Gót chân, Khu trú
Bong vảy, Vảy mịn, Da khô",P2_OK,"{
  ""JSON_EXTRACTION"": {
    ""Category"": ""Atypical fibroxanthoma"",
    ""Lesion_Type"": [""Mảng hồng ban"", ""Sẩn đỏ""],
    ""Colour"": [""Đỏ hồng"", ""Đỏ nhạt""],
    ""Shape"": [""Bất quy tắc""],
    ""Distribution"": [""Cổ chân"", ""Gót chân"", ""Khu trú""],
    ""Characteristics"": [""Bong vảy"", ""Vảy mịn"", ""Da khô""]
  }
}",
Xanthoma/xanth-tub1.jpg,Xanthoma,Xanthoma,P2_OK,P1_OK,"Nốt, U cục có cuống
Hồng tím, Nâu nhạt
Hình vòm, Hình tròn, Ranh giới rõ
Vùng cổ, Đơn độc, Khu trú
Bề mặt nhẵn, Căng bóng, Không vảy",P2_OK,"{
  ""JSON_EXTRACTION"": {
    ""Category"": ""Atypical fibroxanthoma"",
    ""Lesion_Type"": [""Nốt"", ""U cục""],
    ""Colour"": [""Hồng tím"", ""Nâu nhạt""],
    ""Shape"": [""Hình vòm"", ""Hình tròn"", ""Ranh giới rõ""],
    ""Distribution"": [""Vùng cổ"", ""Đơn độc"", ""Khu trú""],
    ""Characteristics"": [""Có cuống"", ""Bề mặt nhẵn"", ""Căng bóng""]
  }
}",
Xanthoma/xanth-tub3.jpg,Xanthoma,Xanthoma,P2_OK,P1_OK,"Nốt dưới da, U cục
Màu da, Hồng nhạt
Hình vòm, Hình tròn, Thùy múi, Ranh giới rõ
Khuỷu tay, Hai bên, Đối xứng, Mặt duỗi
Bề mặt nhẵn, Gồ cao, Không loét",P2_OK,"{
  ""JSON_EXTRACTION"": {
    ""Category"": ""Atypical fibroxanthoma"",
    ""Lesion_Type"": [""Nốt dưới da"", ""U cục""],
    ""Colour"": [""Màu da"", ""Hồng nhạt""],
    ""Shape"": [""Hình vòm"", ""Hình tròn"", ""Thùy múi"", ""Ranh giới rõ""],
    ""Distribution"": [""Khuỷu tay"", ""Hai bên"", ""Đối xứng"", ""Mặt duỗi""],
    ""Characteristics"": [""Bề mặt nhẵn"", ""Gồ cao""]
  }
}",
Xanthoma/xanthelas1.jpg,Xanthoma,Xanthoma,P2_OK,P1_OK,"Mảng vàng, Sẩn vàng
Vàng nhạt, Vàng cam
Bầu dục, Bất quy tắc, Ranh giới rõ
Mi mắt, Quanh mắt, Nhiều ổ
Bề mặt nhẵn, Gồ nhẹ, Không vảy",P2_OK,"{
  ""JSON_EXTRACTION"": {
    ""Category"": ""Atypical fibroxanthoma"",
    ""Lesion_Type"": [""Mảng vàng"", ""Sẩn vàng""],
    ""Colour"": [""Vàng nhạt"", ""Vàng cam""],
    ""Shape"": [""Bầu dục"", ""Bất quy tắc"", ""Ranh giới rõ""],
    ""Distribution"": [""Mi mắt"", ""Quanh mắt"", ""Nhiều ổ""],
    ""Characteristics"": [""Bề mặt nhẵn"", ""Gồ nhẹ""]
  }
}",
Xanthoma/xanthelas2.jpg,Xanthoma,Xanthoma,P2_OK,P1_OK,"Mảng vàng, Sẩn phẳng
Vàng nhạt, Vàng cam, Màu da
Dẹt, Thuôn dài, Ranh giới rõ
Mi trên, Quanh mắt, Khu trú
Bề mặt trơn, Không bong vảy, Nếp da rõ",P2_OK,"{
  ""JSON_EXTRACTION"": {
    ""Category"": ""Atypical fibroxanthoma"",
    ""Lesion_Type"": [""Mảng vàng"", ""Sẩn phẳng""],
    ""Colour"": [""Vàng nhạt"", ""Vàng cam"", ""Màu da""],
    ""Shape"": [""Dẹt"", ""Thuôn dài"", ""Ranh giới rõ""],
    ""Distribution"": [""Mi trên"", ""Quanh mắt"", ""Khu trú""],
    ""Characteristics"": [""Bề mặt trơn"", ""Nếp da rõ""]
  }
}",
Xanthoma/xanthelas3.jpg,Xanthoma,Xanthoma,P2_OK,P1_OK,"Mảng vàng, Mảng gồ nhẹ
Vàng nhạt, Vàng cam
Bầu dục, Ranh giới tương đối rõ
Mi dưới, Quanh mắt, Khu trú
Bề mặt nhẵn, Không bong vảy",P2_OK,"{
  ""JSON_EXTRACTION"": {
    ""Category"": ""Atypical fibroxanthoma"",
    ""Lesion_Type"": [""Mảng vàng"", ""Mảng gồ nhẹ""],
    ""Colour"": [""Vàng nhạt"", ""Vàng cam""],
    ""Shape"": [""Bầu dục"", ""Ranh giới rõ""],
    ""Distribution"": [""Mi dưới"", ""Quanh mắt"", ""Khu trú""],
    ""Characteristics"": [""Bề mặt nhẵn""]
  }
}",
Xanthoma/xanthelasma01.jpg,Xanthoma,Xanthoma,P2_OK,P1_OK,"Mảng phẳng, Mảng vàng
Vàng nhạt, Vàng cam
Bầu dục, Ranh giới rõ, Hơi gồ
Mi dưới, Quanh mắt, Khu trú
Bề mặt trơn, Không vảy, Nhiều mảng",P2_OK,"{
  ""JSON_EXTRACTION"": {
    ""Category"": ""Atypical fibroxanthoma"",
    ""Lesion_Type"": [""Mảng phẳng"", ""Mảng vàng""],
    ""Colour"": [""Vàng nhạt"", ""Vàng cam""],
    ""Shape"": [""Bầu dục"", ""Ranh giới rõ"", ""Hơi gồ""],
    ""Distribution"": [""Mi dưới"", ""Quanh mắt"", ""Khu trú""],
    ""Characteristics"": [""Bề mặt trơn"", ""Nhiều mảng""]
  }
}",
Xanthoma/xanthelasma02.jpg,Xanthoma,Xanthoma,P2_OK,P1_OK,"Mảng, Mảng gồ nhẹ
Vàng nhạt, Vàng cam
Bầu dục, Ranh giới rõ
Mi trên, Góc mắt trong, Khu trú
Bề mặt nhẵn, Không vảy",P2_OK,"{
  ""JSON_EXTRACTION"": {
    ""Category"": ""Atypical fibroxanthoma"",
    ""Lesion_Type"": [""Mảng"", ""Mảng gồ nhẹ""],
    ""Colour"": [""Vàng nhạt"", ""Vàng cam""],
    ""Shape"": [""Bầu dục"", ""Ranh giới rõ""],
    ""Distribution"": [""Mi trên"", ""Góc mắt trong"", ""Khu trú""],
    ""Characteristics"": [""Bề mặt nhẵn""]
  }
}",
Xanthoma/xanthelasma03.jpg,Xanthoma,Xanthoma,P2_OK,P1_OK,"Mảng vàng, Dát vàng
Vàng nhạt, Vàng nâu
Bất quy tắc, Ranh giới rõ
Quanh mắt, Mi dưới, Góc mắt trong, Khu trú
Bề mặt nhẵn, Không bong vảy",P2_OK,"{
  ""JSON_EXTRACTION"": {
    ""Category"": ""Atypical fibroxanthoma"",
    ""Lesion_Type"": [""Mảng vàng"", ""Dát vàng""],
    ""Colour"": [""Vàng nhạt"", ""Vàng nâu""],
    ""Shape"": [""Bất quy tắc"", ""Ranh giới rõ""],
    ""Distribution"": [""Quanh mắt"", ""Mi dưới"", ""Góc mắt trong"", ""Khu trú""],
    ""Characteristics"": [""Bề mặt nhẵn""]
  }
}",
Xanthoma/xanthelasma04.jpg,Xanthoma,Xanthoma,P2_OK,P1_OK,"Mảng tăng sắc tố
Nâu sẫm, Nâu xám
Bất quy tắc, Ranh giới mờ
Quanh mắt, Mi dưới, Đối xứng
Da mịn, Không bong vảy",P2_OK,"{
  ""JSON_EXTRACTION"": {
    ""Category"": ""Atypical fibroxanthoma"",
    ""Lesion_Type"": [""Mảng tăng sắc tố""],
    ""Colour"": [""Nâu sẫm"", ""Nâu xám""],
    ""Shape"": [""Bất quy tắc"", ""Ranh giới mờ""],
    ""Distribution"": [""Quanh mắt"", ""Mi dưới"", ""Đối xứng""],
    ""Characteristics"": [""Da mịn""]
  }
}",
Xanthoma/xanthelasma05.jpg,Xanthoma,Xanthoma,P2_OK,P1_OK,"Sẩn hình vòm, Nốt nhỏ
Màu da, Vàng nhạt
Hình tròn, Ranh giới rõ
Mi trên, Quanh mắt, Đơn độc
Bề mặt nhẵn, Lõm trung tâm",P2_OK,"{
  ""JSON_EXTRACTION"": {
    ""Category"": ""Atypical fibroxanthoma"",
    ""Lesion_Type"": [""Sẩn hình vòm"", ""Nốt nhỏ""],
    ""Colour"": [""Màu da"", ""Vàng nhạt""],
    ""Shape"": [""Hình tròn"", ""Ranh giới rõ""],
    ""Distribution"": [""Mi trên"", ""Quanh mắt"", ""Đơn độc""],
    ""Characteristics"": [""Bề mặt nhẵn"", ""Lõm trung tâm""]
  }
}",
Xanthoma/xanthelasma06.jpg,Xanthoma,Xanthoma,P2_OK,P1_OK,"Mảng vàng, Sẩn vàng
Vàng nhạt, Vàng kem
Bầu dục, Ranh giới rõ, Hơi gồ
Mi trên, Góc mắt trong, Hai bên, Đối xứng
Bề mặt nhẵn, Không vảy, Khu trú",P2_OK,"{
  ""JSON_EXTRACTION"": {
    ""Category"": ""Atypical fibroxanthoma"",
    ""Lesion_Type"": [""Mảng vàng"", ""Sẩn vàng""],
    ""Colour"": [""Vàng nhạt"", ""Vàng kem""],
    ""Shape"": [""Bầu dục"", ""Ranh giới rõ"", ""Hơi gồ""],
    ""Distribution"": [""Mi trên"", ""Góc mắt trong"", ""Hai bên"", ""Đối xứng"", ""Khu trú""],
    ""Characteristics"": [""Bề mặt nhẵn""]
  }
}",
Xanthoma/xanthelasma07.jpg,Xanthoma,Xanthoma,P2_OK,P1_OK,"Sẩn, Nốt nhỏ
Vàng nhạt, Vàng da
Hình vòm, Tròn, Ranh giới rõ
Mi mắt, Quanh mắt, Thành cụm
Bề mặt nhẵn, Kích thước không đều",P2_OK,"{
  ""JSON_EXTRACTION"": {
    ""Category"": ""Atypical fibroxanthoma"",
    ""Lesion_Type"": [""Sẩn"", ""Nốt nhỏ""],
    ""Colour"": [""Vàng nhạt"", ""Vàng da""],
    ""Shape"": [""Hình vòm"", ""Tròn"", ""Ranh giới rõ""],
    ""Distribution"": [""Mi mắt"", ""Quanh mắt"", ""Thành cụm""],
    ""Characteristics"": [""Bề mặt nhẵn"", ""Kích thước không đều""]
  }
}",
Xanthoma/xanthelasma08.jpg,Xanthoma,Xanthoma,P2_OK,P1_OK,"Mảng phẳng, Mảng vàng
Vàng nhạt, Vàng cam
Bầu dục, Ranh giới tương đối rõ
Mi mắt trên, Hai bên, Đối xứng
Bề mặt nhẵn, Không bong vảy",P2_OK,"{
  ""JSON_EXTRACTION"": {
    ""Category"": ""Atypical fibroxanthoma"",
    ""Lesion_Type"": [""Mảng phẳng"", ""Mảng vàng""],
    ""Colour"": [""Vàng nhạt"", ""Vàng cam""],
    ""Shape"": [""Bầu dục"", ""Ranh giới rõ""],
    ""Distribution"": [""Mi mắt trên"", ""Hai bên"", ""Đối xứng""],
    ""Characteristics"": [""Bề mặt nhẵn""]
  }
}",
Xanthoma/xanthelasma09.jpg,Xanthoma,Xanthoma,P2_OK,P1_OK,"Mảng phẳng, Mảng vàng
Vàng nhạt, Vàng cam
Hình bầu dục, Ranh giới rõ
Mí mắt trên, Mí mắt dưới, Hai bên, Đối xứng
Bề mặt nhẵn, Hơi gồ",P2_OK,"{
  ""JSON_EXTRACTION"": {
    ""Category"": ""Atypical fibroxanthoma"",
    ""Lesion_Type"": [""Mảng phẳng"", ""Mảng vàng""],
    ""Colour"": [""Vàng nhạt"", ""Vàng cam""],
    ""Shape"": [""Hình bầu dục"", ""Ranh giới rõ""],
    ""Distribution"": [""Mí mắt trên"", ""Mí mắt dưới"", ""Hai bên"", ""Đối xứng""],
    ""Characteristics"": [""Bề mặt nhẵn"", ""Hơi gồ""]
  }
}",
Xanthoma/xanthelasma10.jpg,Xanthoma,Xanthoma,P2_OK,P1_OK,"Mảng vàng, Sẩn vàng
Vàng nhạt, Trắng vàng
Bầu dục, Bất quy tắc, Ranh giới rõ
Mí mắt, Quanh mắt, Hai bên, Đối xứng
Bề mặt nhẵn, Hơi gồ, Không vảy",P2_OK,"{
  ""JSON_EXTRACTION"": {
    ""Category"": ""Atypical fibroxanthoma"",
    ""Lesion_Type"": [""Mảng vàng"", ""Sẩn vàng""],
    ""Colour"": [""Vàng nhạt"", ""Trắng vàng""],
    ""Shape"": [""Bầu dục"", ""Bất quy tắc"", ""Ranh giới rõ""],
    ""Distribution"": [""Mí mắt"", ""Quanh mắt"", ""Hai bên"", ""Đối xứng""],
    ""Characteristics"": [""Bề mặt nhẵn"", ""Hơi gồ""]
  }
}",
Xanthoma/xanthelasma11.jpg,Xanthoma,Xanthoma,P2_OK,P1_OK,"Mảng hồng ban, Phù nề
Đỏ hồng, Hồng nhạt
Bầu dục, Ranh giới không rõ
Mí mắt trên, Quanh mắt, Khu trú
Bề mặt bóng, Sưng nề, Nếp da mờ",P2_OK,"{
  ""JSON_EXTRACTION"": {
    ""Category"": ""Atypical fibroxanthoma"",
    ""Lesion_Type"": [""Mảng hồng ban""],
    ""Colour"": [""Đỏ hồng"", ""Hồng nhạt""],
    ""Shape"": [""Bầu dục"", ""Ranh giới mờ""],
    ""Distribution"": [""Mí mắt trên"", ""Quanh mắt"", ""Khu trú""],
    ""Characteristics"": [""Phù nề"", ""Bề mặt bóng"", ""Sưng nề"", ""Nếp da mờ""]
  }
}",
Xanthoma/xanthelasma12.jpg,Xanthoma,Xanthoma,P2_OK,P1_OK,"Mảng vàng, Mảng phẳng
Vàng nhạt, Vàng cam
Bầu dục, Ranh giới tương đối rõ
Mi dưới, Quanh mắt, Hai bên
Bề mặt nhẵn, Không bong vảy",P2_OK,"{
  ""JSON_EXTRACTION"": {
    ""Category"": ""Atypical fibroxanthoma"",
    ""Lesion_Type"": [""Mảng vàng"", ""Mảng phẳng""],
    ""Colour"": [""Vàng nhạt"", ""Vàng cam""],
    ""Shape"": [""Bầu dục"", ""Ranh giới rõ""],
    ""Distribution"": [""Mi dưới"", ""Quanh mắt"", ""Hai bên""],
    ""Characteristics"": [""Bề mặt nhẵn""]
  }
}",
Xanthoma/xanthelasma13.jpg,Xanthoma,Xanthoma,P2_OK,P1_OK,"Mảng vàng, Mảng phẳng
Vàng nhạt, Vàng nâu
Bất quy tắc, Ranh giới tương đối rõ
Mi mắt trên, Quanh mắt, Khu trú
Bề mặt nhẵn, Không bong vảy, Nếp nhăn da",P2_OK,"{
  ""JSON_EXTRACTION"": {
    ""Category"": ""Atypical fibroxanthoma"",
    ""Lesion_Type"": [""Mảng vàng"", ""Mảng phẳng""],
    ""Colour"": [""Vàng nhạt"", ""Vàng nâu""],
    ""Shape"": [""Bất quy tắc"", ""Ranh giới rõ""],
    ""Distribution"": [""Mi mắt trên"", ""Quanh mắt"", ""Khu trú""],
    ""Characteristics"": [""Bề mặt nhẵn"", ""Nếp nhăn da""]
  }
}",
Xanthoma/xanthelasma14.jpg,Xanthoma,Xanthoma,P2_OK,P1_OK,"Mảng phẳng, Mảng vàng
Vàng nhạt, Vàng kem
Bầu dục, Ranh giới rõ
Mi mắt trên, Mi mắt dưới, Quanh mắt, Khu trú
Bề mặt nhẵn, Không bong vảy",P2_OK,"{
  ""JSON_EXTRACTION"": {
    ""Category"": ""Atypical fibroxanthoma"",
    ""Lesion_Type"": [""Mảng phẳng"", ""Mảng vàng""],
    ""Colour"": [""Vàng nhạt"", ""Vàng kem""],
    ""Shape"": [""Bầu dục"", ""Ranh giới rõ""],
    ""Distribution"": [""Mi mắt trên"", ""Mi mắt dưới"", ""Quanh mắt"", ""Khu trú""],
    ""Characteristics"": [""Bề mặt nhẵn""]
  }
}",
Xanthoma/xanthelasma15.jpg,Xanthoma,Xanthoma,P2_OK,P1_OK,"Sẩn nhỏ, Sẩn phẳng
Vàng nhạt, Màu da
Hình tròn, Ranh giới rõ
Mi dưới, Quanh mắt, Đối xứng
Bề mặt nhẵn, Cụm nhỏ",P2_OK,"{
  ""JSON_EXTRACTION"": {
    ""Category"": ""Atypical fibroxanthoma"",
    ""Lesion_Type"": [""Sẩn nhỏ"", ""Sẩn phẳng""],
    ""Colour"": [""Vàng nhạt"", ""Màu da""],
    ""Shape"": [""Hình tròn"", ""Ranh giới rõ""],
    ""Distribution"": [""Mi dưới"", ""Quanh mắt"", ""Đối xứng""],
    ""Characteristics"": [""Bề mặt nhẵn"", ""Cụm nhỏ""]
  }
}",
Xanthoma/xanthelasma16.jpg,Xanthoma,Xanthoma,P2_OK,P1_OK,"Mảng vàng, Mảng phẳng
Vàng nhạt, Vàng cam
Bất quy tắc, Ranh giới rõ
Mi mắt, Quanh mắt, Đối xứng
Bề mặt nhẵn, Nếp da, Không bong vảy",P2_OK,"{
  ""JSON_EXTRACTION"": {
    ""Category"": ""Atypical fibroxanthoma"",
    ""Lesion_Type"": [""Mảng vàng"", ""Mảng phẳng""],
    ""Colour"": [""Vàng nhạt"", ""Vàng cam""],
    ""Shape"": [""Bất quy tắc"", ""Ranh giới rõ""],
    ""Distribution"": [""Mi mắt"", ""Quanh mắt"", ""Đối xứng""],
    ""Characteristics"": [""Bề mặt nhẵn"", ""Nếp da""]
  }
}",
Xanthoma/xanthelasma17.jpg,Xanthoma,Xanthoma,P2_OK,P1_OK,"Mảng tím, Mảng vàng
Tím xám, Vàng nhạt
Bất quy tắc, Ranh giới mờ
Quanh mắt, Mi mắt trên, Hai bên, Đối xứng
Phù nhẹ, Bề mặt nhẵn",P2_OK,"{
  ""JSON_EXTRACTION"": {
    ""Category"": ""Atypical fibroxanthoma"",
    ""Lesion_Type"": [""Mảng tím"", ""Mảng vàng""],
    ""Colour"": [""Tím xám"", ""Vàng nhạt""],
    ""Shape"": [""Bất quy tắc"", ""Ranh giới mờ""],
    ""Distribution"": [""Quanh mắt"", ""Mi mắt trên"", ""Hai bên"", ""Đối xứng""],
    ""Characteristics"": [""Phù nhẹ"", ""Bề mặt nhẵn""]
  }
}",
Xanthoma/xanthelasma18.jpg,Xanthoma,Xanthoma,P2_OK,P1_OK,"Sẩn trợt, Mảng đóng mày
Vàng mật ong, Đỏ hồng
Nhỏ, Bất quy tắc, Ranh giới rõ
Mi mắt trên, Hai bên, Khu trú
Đóng mày, Trợt da, Sưng nhẹ",P2_OK,"{
  ""JSON_EXTRACTION"": {
    ""Category"": ""Atypical fibroxanthoma"",
    ""Lesion_Type"": [""Sẩn trợt"", ""Mảng đóng mày""],
    ""Colour"": [""Vàng mật ong"", ""Đỏ hồng""],
    ""Shape"": [""Nhỏ"", ""Bất quy tắc"", ""Ranh giới rõ""],
    ""Distribution"": [""Mi mắt trên"", ""Hai bên"", ""Khu trú""],
    ""Characteristics"": [""Đóng mày"", ""Trợt da"", ""Sưng nhẹ""]
  }
}",
Xanthoma/xanthelasma19.jpg,Xanthoma,Xanthoma,P2_OK,P1_OK,"Mảng vàng, Sẩn dẹt
Vàng nhạt, Vàng cam, Đỏ hồng
Bất quy tắc, Dẹt, Ranh giới rõ
Mí mắt trên, Mí mắt dưới, Quanh mắt, Hai bên
Bề mặt nhẵn, Không vảy, Nhiều mảng nhỏ",P2_OK,"{
  ""JSON_EXTRACTION"": {
    ""Category"": ""Atypical fibroxanthoma"",
    ""Lesion_Type"": [""Mảng vàng"", ""Sẩn dẹt""],
    ""Colour"": [""Vàng nhạt"", ""Vàng cam"", ""Đỏ hồng""],
    ""Shape"": [""Bất quy tắc"", ""Dẹt"", ""Ranh giới rõ""],
    ""Distribution"": [""Mí mắt trên"", ""Mí mắt dưới"", ""Quanh mắt"", ""Hai bên""],
    ""Characteristics"": [""Bề mặt nhẵn"", ""Nhiều mảng nhỏ""]
  }
}",
Xanthoma/xanthelasma20.jpg,Xanthoma,Xanthoma,P2_OK,P1_OK,"Dát mất sắc tố
Trắng ngà, Da nền bình thường
Hình bầu dục, Ranh giới rõ
Mi mắt trên, Hai bên, Đối xứng
Không vảy, Bề mặt phẳng",P2_OK,"{
  ""JSON_EXTRACTION"": {
    ""Category"": ""Atypical fibroxanthoma"",
    ""Lesion_Type"": [""Dát""],
    ""Colour"": [""Mất sắc tố"", ""Trắng ngà"", ""Da bình thường""],
    ""Shape"": [""Hình bầu dục"", ""Ranh giới rõ""],
    ""Distribution"": [""Mi mắt trên"", ""Hai bên"", ""Đối xứng""],
    ""Characteristics"": [""Bề mặt phẳng""]
  }
}",
Xanthoma/xanthelasma21.jpg,Xanthoma,Xanthoma,P2_OK,P1_OK,"Mảng vàng, Dát vàng
Vàng nhạt, Vàng kem
Bầu dục, Bất quy tắc, Ranh giới rõ
Mi mắt trên, Mi mắt dưới, Quanh mắt, Hai bên, Đối xứng
Bề mặt nhẵn, Không vảy, Hơi gồ",P2_OK,"{
  ""JSON_EXTRACTION"": {
    ""Category"": ""Atypical fibroxanthoma"",
    ""Lesion_Type"": [""Mảng vàng"", ""Dát vàng""],
    ""Colour"": [""Vàng nhạt"", ""Vàng kem""],
    ""Shape"": [""Bầu dục"", ""Bất quy tắc"", ""Ranh giới rõ""],
    ""Distribution"": [""Mi mắt trên"", ""Mi mắt dưới"", ""Quanh mắt"", ""Hai bên"", ""Đối xứng""],
    ""Characteristics"": [""Bề mặt nhẵn"", ""Hơi gồ""]
  }
}",
Xanthoma/xanthelasma22.jpg,Xanthoma,Xanthoma,P2_OK,P1_OK,"Mảng phẳng, Mảng gồ nhẹ
Vàng nhạt, Vàng kem
Bầu dục, Ranh giới rõ
Mí mắt trên, Hai bên, Đối xứng
Bề mặt nhẵn, Không bong vảy",P2_OK,"{
  ""JSON_EXTRACTION"": {
    ""Category"": ""Atypical fibroxanthoma"",
    ""Lesion_Type"": [""Mảng phẳng"", ""Mảng gồ nhẹ""],
    ""Colour"": [""Vàng nhạt"", ""Vàng kem""],
    ""Shape"": [""Bầu dục"", ""Ranh giới rõ""],
    ""Distribution"": [""Mí mắt trên"", ""Hai bên"", ""Đối xứng""],
    ""Characteristics"": [""Bề mặt nhẵn""]
  }
}",
Xanthoma/xanthelasma23.jpg,Xanthoma,Xanthoma,P2_OK,P1_OK,"Mảng vàng, Sẩn vàng
Vàng nhạt, Nâu đỏ
Bầu dục, Ranh giới rõ
Mi mắt trên, Góc mắt trong, Hai bên
Bề mặt nhẵn, Không vảy",P2_OK,"{
  ""JSON_EXTRACTION"": {
    ""Category"": ""Atypical fibroxanthoma"",
    ""Lesion_Type"": [""Mảng vàng"", ""Sẩn vàng""],
    ""Colour"": [""Vàng nhạt"", ""Nâu đỏ""],
    ""Shape"": [""Bầu dục"", ""Ranh giới rõ""],
    ""Distribution"": [""Mi mắt trên"", ""Góc mắt trong"", ""Hai bên""],
    ""Characteristics"": [""Bề mặt nhẵn""]
  }
}",
Xanthoma/xanthelasma24.jpg,Xanthoma,Xanthoma,P2_OK,P1_OK,"Mảng vàng, Mảng phẳng
Vàng nhạt, Vàng cam
Bầu dục, Ranh giới rõ
Mi mắt trên, Quanh mắt, Khu trú
Bề mặt nhẵn, Không bong vảy",P2_OK,"{
  ""JSON_EXTRACTION"": {
    ""Category"": ""Atypical fibroxanthoma"",
    ""Lesion_Type"": [""Mảng vàng"", ""Mảng phẳng""],
    ""Colour"": [""Vàng nhạt"", ""Vàng cam""],
    ""Shape"": [""Bầu dục"", ""Ranh giới rõ""],
    ""Distribution"": [""Mi mắt trên"", ""Quanh mắt"", ""Khu trú""],
    ""Characteristics"": [""Bề mặt nhẵn""]
  }
}",
Xanthoma/xanthelasma25.jpg,Xanthoma,Xanthoma,P2_OK,P1_OK,"Mảng, Dát phẳng
Vàng nhạt, Vàng cam
Bầu dục, Ranh giới rõ
Mi dưới, Góc mắt trong, Khu trú
Bề mặt nhẵn, Hơi gồ nhẹ",P2_OK,"{
  ""JSON_EXTRACTION"": {
    ""Category"": ""Atypical fibroxanthoma"",
    ""Lesion_Type"": [""Mảng"", ""Dát phẳng""],
    ""Colour"": [""Vàng nhạt"", ""Vàng cam""],
    ""Shape"": [""Bầu dục"", ""Ranh giới rõ""],
    ""Distribution"": [""Mi dưới"", ""Góc mắt trong"", ""Khu trú""],
    ""Characteristics"": [""Bề mặt nhẵn"", ""Hơi gồ nhẹ""]
  }
}",
Xanthoma/xanthelasma26.jpg,Xanthoma,Xanthoma,P2_OK,P1_OK,"Mảng phẳng, Mảng vàng
Vàng nhạt, Vàng cam
Bầu dục, Ranh giới khá rõ
Mi dưới, Góc mắt trong, Khu trú
Bề mặt nhẵn, Không bong vảy",P2_OK,"{
  ""JSON_EXTRACTION"": {
    ""Category"": ""Atypical fibroxanthoma"",
    ""Lesion_Type"": [""Mảng phẳng"", ""Mảng vàng""],
    ""Colour"": [""Vàng nhạt"", ""Vàng cam""],
    ""Shape"": [""Bầu dục"", ""Ranh giới rõ""],
    ""Distribution"": [""Mi dưới"", ""Góc mắt trong"", ""Khu trú""],
    ""Characteristics"": [""Bề mặt nhẵn""]
  }
}",
Xanthoma/xanthelasma27.jpg,Xanthoma,Xanthoma,P2_OK,P1_OK,"Mảng vàng, Sẩn phẳng
Vàng nhạt, Vàng kem
Hình bầu dục, Ranh giới rõ
Mi trên, Góc trong mắt, Khu trú
Bề mặt nhẵn, Không bong vảy",P2_OK,"{
  ""JSON_EXTRACTION"": {
    ""Category"": ""Atypical fibroxanthoma"",
    ""Lesion_Type"": [""Mảng vàng"", ""Sẩn phẳng""],
    ""Colour"": [""Vàng nhạt"", ""Vàng kem""],
    ""Shape"": [""Hình bầu dục"", ""Ranh giới rõ""],
    ""Distribution"": [""Mi trên"", ""Góc trong mắt"", ""Khu trú""],
    ""Characteristics"": [""Bề mặt nhẵn""]
  }
}",
Xanthoma/xanthelasma28.jpg,Xanthoma,Xanthoma,P2_OK,P1_OK,"Mảng vàng, Sẩn vàng
Vàng nhạt, Vàng kem
Hình bầu dục, Ranh giới rõ
Mi mắt trên, Góc mắt trong, Hai bên, Đối xứng
Bề mặt nhẵn, Hơi gồ, Không bong vảy",P2_OK,"{
  ""JSON_EXTRACTION"": {
    ""Category"": ""Atypical fibroxanthoma"",
    ""Lesion_Type"": [""Mảng vàng"", ""Sẩn vàng""],
    ""Colour"": [""Vàng nhạt"", ""Vàng kem""],
    ""Shape"": [""Hình bầu dục"", ""Ranh giới rõ""],
    ""Distribution"": [""Mi mắt trên"", ""Góc mắt trong"", ""Hai bên"", ""Đối xứng""],
    ""Characteristics"": [""Bề mặt nhẵn"", ""Hơi gồ""]
  }
}",
Xanthoma/xanthelasma29.jpg,Xanthoma,Xanthoma,P2_OK,P1_OK,"Sẩn vàng, Mảng nhỏ
Vàng nhạt, Vàng kem
Hình bầu dục, Ranh giới rõ
Mí mắt trên, Góc mắt trong, Khu trú
Bề mặt trơn, Gồ nhẹ, Không vảy",P2_OK,"{
  ""JSON_EXTRACTION"": {
    ""Category"": ""Atypical fibroxanthoma"",
    ""Lesion_Type"": [""Sẩn vàng"", ""Mảng nhỏ""],
    ""Colour"": [""Vàng nhạt"", ""Vàng kem""],
    ""Shape"": [""Hình bầu dục"", ""Ranh giới rõ""],
    ""Distribution"": [""Mí mắt trên"", ""Góc mắt trong"", ""Khu trú""],
    ""Characteristics"": [""Bề mặt trơn"", ""Gồ nhẹ""]
  }
}",
Xanthoma/xanthelasma30.jpg,Xanthoma,Xanthoma,P2_OK,P1_OK,"Mảng vàng, Mảng phẳng
Vàng nhạt, Đỏ hồng
Hình bầu dục, Ranh giới rõ
Mí mắt trên, Quanh mắt, Hai bên
Bề mặt nhẵn, Hơi gồ, Phù nề nhẹ",P2_OK,"{
  ""JSON_EXTRACTION"": {
    ""Category"": ""Atypical fibroxanthoma"",
    ""Lesion_Type"": [""Mảng vàng"", ""Mảng phẳng""],
    ""Colour"": [""Vàng nhạt"", ""Đỏ hồng""],
    ""Shape"": [""Hình bầu dục"", ""Ranh giới rõ""],
    ""Distribution"": [""Mí mắt trên"", ""Quanh mắt"", ""Hai bên""],
    ""Characteristics"": [""Bề mặt nhẵn"", ""Hơi gồ"", ""Phù nề nhẹ""]
  }
}",
Xanthoma/xanthelasma31.jpg,Xanthoma,Xanthoma,P2_OK,P1_OK,"Mảng phẳng, Mảng gồ nhẹ
Vàng nhạt, Trắng ngà
Bầu dục, Bất quy tắc, Ranh giới rõ
Mi mắt trên, Mi mắt dưới, Hai bên, Góc mắt trong
Bề mặt nhẵn, Không bong vảy, Nhiều ổ",P2_OK,"{
  ""JSON_EXTRACTION"": {
    ""Category"": ""Atypical fibroxanthoma"",
    ""Lesion_Type"": [""Mảng phẳng"", ""Mảng gồ nhẹ""],
    ""Colour"": [""Vàng nhạt"", ""Trắng ngà""],
    ""Shape"": [""Bầu dục"", ""Bất quy tắc"", ""Ranh giới rõ""],
    ""Distribution"": [""Mi mắt trên"", ""Mi mắt dưới"", ""Hai bên"", ""Góc mắt trong""],
    ""Characteristics"": [""Bề mặt nhẵn"", ""Nhiều ổ""]
  }
}",
Xanthoma/xanthelasma32.jpg,Xanthoma,Xanthoma,P2_OK,P1_OK,"Mảng hồng ban, Sẩn đỏ nhỏ
Đỏ hồng, Đỏ nhạt
Không đều, Ranh giới không rõ
Vùng giữa mặt, Sống mũi, Hai bên má, Đối xứng
Giãn mạch nhỏ, Bóng da, Không bong vảy",P2_OK,"{
  ""JSON_EXTRACTION"": {
    ""Category"": ""Atypical fibroxanthoma"",
    ""Lesion_Type"": [""Mảng hồng ban"", ""Sẩn đỏ nhỏ""],
    ""Colour"": [""Đỏ hồng"", ""Đỏ nhạt""],
    ""Shape"": [""Không đều"", ""Ranh giới không rõ""],
    ""Distribution"": [""Vùng giữa mặt"", ""Sống mũi"", ""Hai bên má"", ""Đối xứng""],
    ""Characteristics"": [""Giãn mạch nhỏ"", ""Bóng da""]
  }
}",
Xanthoma/xanthelasma33.jpg,Xanthoma,Xanthoma,P2_OK,P1_OK,"Mảng hồng ban, Phù nề mí mắt
Đỏ hồng, Đỏ tím
Lan tỏa, Ranh giới không rõ
Quanh mắt, Mí trên, Hai bên, Đối xứng
Da bóng, Sưng nề, Nếp da mờ",P2_OK,"{
  ""JSON_EXTRACTION"": {
    ""Category"": ""Atypical fibroxanthoma"",
    ""Lesion_Type"": [""Mảng hồng ban"", ""Phù nề""],
    ""Colour"": [""Đỏ hồng"", ""Đỏ tím""],
    ""Shape"": [""Ranh giới mờ""],
    ""Distribution"": [""Lan tỏa"", ""Quanh mắt"", ""Mí trên"", ""Hai bên"", ""Đối xứng""],
    ""Characteristics"": [""Da bóng"", ""Sưng nề"", ""Nếp da mờ""]
  }
}",
Xanthoma/xanthelasma34.jpg,Xanthoma,Xanthoma,P2_OK,P1_OK,"Mảng hồng ban, Sẩn trợt, Tiết dịch đóng mài
Đỏ hồng, Vàng nâu, Trắng nhạt
Bất quy tắc, Ranh giới không rõ
Mi mắt, Quanh mắt, Hai bên
Đóng mài vàng, Phù nề nhẹ, Trợt nông",P2_OK,"{
  ""JSON_EXTRACTION"": {
    ""Category"": ""Atypical fibroxanthoma"",
    ""Lesion_Type"": [""Mảng hồng ban"", ""Sẩn trợt"", ""Tiết dịch đóng mài""],
    ""Colour"": [""Đỏ hồng"", ""Vàng nâu"", ""Trắng nhạt""],
    ""Shape"": [""Bất quy tắc"", ""Ranh giới mờ""],
    ""Distribution"": [""Mi mắt"", ""Quanh mắt"", ""Hai bên""],
    ""Characteristics"": [""Đóng mài vàng"", ""Phù nề nhẹ"", ""Trợt nông""]
  }
}",
Xanthoma/xanthelasma35.jpg,Xanthoma,Xanthoma,P2_OK,P1_OK,"Mảng hồng ban, Phù nề mí mắt
Hồng nhạt, Vàng nhạt
Bất quy tắc, Ranh giới không rõ
Mí mắt trên, Góc mắt trong, Khu trú
Bong vảy mịn, Vảy tiết, Sưng nề",P2_OK,"{
  ""JSON_EXTRACTION"": {
    ""Category"": ""Atypical fibroxanthoma"",
    ""Lesion_Type"": [""Mảng hồng ban"", ""Phù nề mí mắt""],
    ""Colour"": [""Hồng nhạt"", ""Vàng nhạt""],
    ""Shape"": [""Bất quy tắc"", ""Ranh giới mờ""],
    ""Distribution"": [""Mí mắt trên"", ""Góc mắt trong"", ""Khu trú""],
    ""Characteristics"": [""Bong vảy mịn"", ""Vảy tiết"", ""Sưng nề""]
  }
}",
Xanthoma/xanthelasma36.jpg,Xanthoma,Xanthoma,P2_OK,P1_OK,"Mảng hồng ban
Đỏ hồng, Đỏ nâu
Bất quy tắc, Ranh giới không rõ
Mi trên, Quanh mắt, Khu trú
Phù nhẹ, Da khô",P2_OK,"{
  ""JSON_EXTRACTION"": {
    ""Category"": ""Atypical fibroxanthoma"",
    ""Lesion_Type"": [""Mảng hồng ban""],
    ""Colour"": [""Đỏ hồng"", ""Đỏ nâu""],
    ""Shape"": [""Bất quy tắc"", ""Ranh giới mờ""],
    ""Distribution"": [""Mi trên"", ""Quanh mắt"", ""Khu trú""],
    ""Characteristics"": [""Phù nhẹ"", ""Da khô""]
  }
}",
Xanthoma/xantherupt.jpg,Xanthoma,Xanthoma,P2_OK,P1_OK,"Sẩn vòm, Nốt gồ
Đỏ nâu, Hồng bóng
Hình tròn, Ranh giới rõ
Da chi, Khu trú, Cụm nhỏ
Bề mặt nhẵn, Bóng, Lõm giữa nhẹ",P2_OK,"{
  ""JSON_EXTRACTION"": {
    ""Category"": ""Atypical fibroxanthoma"",
    ""Lesion_Type"": [""Sẩn vòm"", ""Nốt gồ""],
    ""Colour"": [""Đỏ nâu"", ""Hồng bóng""],
    ""Shape"": [""Hình tròn"", ""Ranh giới rõ""],
    ""Distribution"": [""Da chi"", ""Khu trú"", ""Cụm nhỏ""],
    ""Characteristics"": [""Bề mặt nhẵn"", ""Bóng"", ""Lõm giữa nhẹ""]
  }
}",
Xanthoma/xantherupt2.jpg,Xanthoma,Xanthoma,P2_OK,P1_OK,"Sẩn hình vòm, Sẩn lõm giữa
Hồng nhạt, Màu da, Trắng ngọc
Hình tròn, Ranh giới rõ
Thân mình, Rải rác, Tập trung thành cụm
Lõm rốn giữa, Bề mặt bóng, Nhiều tổn thương",P2_OK,"{
  ""JSON_EXTRACTION"": {
    ""Category"": ""Atypical fibroxanthoma"",
    ""Lesion_Type"": [""Sẩn hình vòm"", ""Sẩn lõm giữa""],
    ""Colour"": [""Hồng nhạt"", ""Màu da"", ""Trắng ngọc""],
    ""Shape"": [""Hình tròn"", ""Ranh giới rõ""],
    ""Distribution"": [""Thân mình"", ""Rải rác"", ""Thành cụm""],
    ""Characteristics"": [""Lõm rốn giữa"", ""Bề mặt bóng"", ""Nhiều tổn thương""]
  }
}",
Xanthoma/xantherupt3.jpg,Xanthoma,Xanthoma,P2_OK,P1_OK,"Sẩn nhỏ, Sẩn lõm giữa
Hồng nhạt, Màu da, Nâu đỏ
Hình tròn, Ranh giới rõ, Đồng dạng
Cẳng tay, Rải rác, Tập trung thành cụm
Lõm giữa, Đóng mài, Bề mặt nhẵn",P2_OK,"{
  ""JSON_EXTRACTION"": {
    ""Category"": ""Atypical fibroxanthoma"",
    ""Lesion_Type"": [""Sẩn nhỏ"", ""Sẩn lõm giữa""],
    ""Colour"": [""Hồng nhạt"", ""Màu da"", ""Nâu đỏ""],
    ""Shape"": [""Hình tròn"", ""Ranh giới rõ"", ""Đồng dạng""],
    ""Distribution"": [""Cẳng tay"", ""Rải rác"", ""Thành cụm""],
    ""Characteristics"": [""Lõm giữa"", ""Đóng mài"", ""Bề mặt nhẵn""]
  }
}",
Xeroderma pigmentosum/01.jpg,Xeroderma pigmentosum,Xeroderma pigmentosum,P2_OK,P1_OK,"Mảng hoại tử, Trợt loét, Mảng hồng ban
Nâu đen, Đỏ hồng, Vàng xám
Bất quy tắc, Ranh giới không rõ
Mặt, Quanh mắt, Má, Lan tỏa
Vảy tiết dày, Hoại tử, Loét, Phù nề",P2_OK,"{
  ""JSON_EXTRACTION"": {
    ""Category"": ""Xeroderma pigmentosum"",
    ""Lesion_Type"": [""Mảng hoại tử"", ""Trợt loét"", ""Mảng hồng ban""],
    ""Colour"": [""Nâu đen"", ""Đỏ hồng"", ""Vàng xám""],
    ""Shape"": [""Bất quy tắc"", ""Ranh giới mờ""],
    ""Distribution"": [""Mặt"", ""Quanh mắt"", ""Má"", ""Lan tỏa""],
    ""Characteristics"": [""Vảy tiết dày"", ""Hoại tử"", ""Loét"", ""Phù nề""]
  }
}",
Xeroderma pigmentosum/02.jpg,Xeroderma pigmentosum,Xeroderma pigmentosum,P2_OK,P1_OK,"Sẩn, Nốt, Khối sùi niêm mạc
Nâu đen, Hồng nhạt, Đỏ hồng
Bất quy tắc, Dạng thùy, Ranh giới không rõ
Mặt, Quanh miệng, Môi dưới, Lan tỏa
Bề mặt sần sùi, Tăng sắc tố, Đóng vảy, Trợt loét",P2_OK,"{
  ""JSON_EXTRACTION"": {
    ""Category"": ""Xeroderma pigmentosum"",
    ""Lesion_Type"": [""Sẩn"", ""Nốt"", ""Khối sùi""],
    ""Colour"": [""Nâu đen"", ""Hồng nhạt"", ""Đỏ hồng""],
    ""Shape"": [""Bất quy tắc"", ""Dạng thùy""],
    ""Distribution"": [""Mặt"", ""Quanh miệng"", ""Môi dưới"", ""Niêm mạc"", ""Lan tỏa""],
    ""Characteristics"": [""Sần sùi"", ""Tăng sắc tố"", ""Đóng vảy"", ""Trợt loét""]
  }
}",
Xeroderma pigmentosum/03.jpg,Xeroderma pigmentosum,Xeroderma pigmentosum,P2_OK,P1_OK,"Khối sùi, Nốt loét
Đỏ nâu, Vàng nâu, Đen
Bất quy tắc, Dạng vòm, Ranh giới rõ
Môi trên, Vùng dưới mũi, Khu trú
Loét, Đóng vảy, Dịch tiết, Xuất huyết",P2_OK,"{
  ""JSON_EXTRACTION"": {
    ""Category"": ""Xeroderma pigmentosum"",
    ""Lesion_Type"": [""Khối sùi"", ""Nốt loét""],
    ""Colour"": [""Đỏ nâu"", ""Vàng nâu"", ""Đen""],
    ""Shape"": [""Bất quy tắc"", ""Dạng vòm"", ""Ranh giới rõ""],
    ""Distribution"": [""Môi trên"", ""Vùng dưới mũi"", ""Khu trú""],
    ""Characteristics"": [""Loét"", ""Đóng vảy"", ""Dịch tiết"", ""Xuất huyết""]
  }
}",
Xeroderma pigmentosum/04.jpg,Xeroderma pigmentosum,Xeroderma pigmentosum,P2_OK,P1_OK,"Mảng tăng sắc tố, Vảy da lan tỏa, Sẩn nhỏ
Nâu sẫm, Đỏ nâu, Trắng xám
Bất quy tắc, Ranh giới không rõ
Mặt, Da đầu, Thân mình, Hai tay, Lan tỏa
Bong vảy, Vảy mịn, Khô da, Thưa tóc",P2_OK,"{
  ""JSON_EXTRACTION"": {
    ""Category"": ""Xeroderma pigmentosum"",
    ""Lesion_Type"": [""Mảng"", ""Vảy da"", ""Sẩn nhỏ""],
    ""Colour"": [""Nâu sẫm"", ""Đỏ nâu"", ""Trắng xám""],
    ""Shape"": [""Bất quy tắc"", ""Ranh giới không rõ""],
    ""Distribution"": [""Mặt"", ""Da đầu"", ""Thân mình"", ""Hai tay"", ""Lan tỏa""],
    ""Characteristics"": [""Bong vảy"", ""Vảy mịn"", ""Khô da"", ""Thưa tóc""]
  }
}",
Xeroderma pigmentosum/05.jpg,Xeroderma pigmentosum,Xeroderma pigmentosum,P2_OK,P1_OK,"Sẩn nhỏ, Mảng khô da
Nâu xám, Trắng xám
Lan tỏa, Ranh giới không rõ
Lưng trên, Gáy, Vai, Đối xứng
Da khô, Bong vảy mịn, Dày sừng nang lông",P2_OK,"{
  ""JSON_EXTRACTION"": {
    ""Category"": ""Xeroderma pigmentosum"",
    ""Lesion_Type"": [""Sẩn nhỏ"", ""Mảng khô da""],
    ""Colour"": [""Nâu xám"", ""Trắng xám""],
    ""Shape"": [""Ranh giới mờ""],
    ""Distribution"": [""Lan tỏa"", ""Lưng trên"", ""Gáy"", ""Vai"", ""Đối xứng""],
    ""Characteristics"": [""Da khô"", ""Bong vảy mịn"", ""Dày sừng nang lông""]
  }
}",
Xeroderma pigmentosum/06.jpg,Xeroderma pigmentosum,Xeroderma pigmentosum,P2_OK,P1_OK,"Mảng tăng sắc tố, Mảng dày da, Sẩn nhỏ
Nâu sẫm, Xám đen
Bất quy tắc, Ranh giới không rõ
Mặt, Vùng quanh mắt, Hai bên, Lan tỏa
Phù nề mi mắt, Bong vảy, Da khô",P2_OK,"{
  ""JSON_EXTRACTION"": {
    ""Category"": ""Xeroderma pigmentosum"",
    ""Lesion_Type"": [""Mảng tăng sắc tố"", ""Mảng dày da"", ""Sẩn nhỏ""],
    ""Colour"": [""Nâu sẫm"", ""Xám đen""],
    ""Shape"": [""Bất quy tắc"", ""Ranh giới mờ""],
    ""Distribution"": [""Mặt"", ""Vùng quanh mắt"", ""Hai bên"", ""Lan tỏa""],
    ""Characteristics"": [""Phù nề mi mắt"", ""Bong vảy"", ""Da khô""]
  }
}",
Xeroderma pigmentosum/07.jpg,Xeroderma pigmentosum,Xeroderma pigmentosum,P2_OK,P1_OK,"Phù nề mặt, Mảng hồng ban, Trợt da
Đỏ nâu, Nâu sẫm, Trắng xám
Bất quy tắc, Lan tỏa, Ranh giới không rõ
Mặt, Quanh mắt, Mũi, Má, Đối xứng
Phù nề mi mắt, Đóng mài, Bong vảy, Bề mặt bóng",P2_OK,"{
  ""JSON_EXTRACTION"": {
    ""Category"": ""Xeroderma pigmentosum"",
    ""Lesion_Type"": [""Phù nề mặt"", ""Mảng hồng ban"", ""Trợt da""],
    ""Colour"": [""Đỏ nâu"", ""Nâu sẫm"", ""Trắng xám""],
    ""Shape"": [""Bất quy tắc"", ""Ranh giới không rõ""],
    ""Distribution"": [""Mặt"", ""Quanh mắt"", ""Mũi"", ""Má"", ""Đối xứng"", ""Lan tỏa""],
    ""Characteristics"": [""Phù nề mi mắt"", ""Đóng mài"", ""Bong vảy"", ""Bề mặt bóng""]
  }
}",
Xeroderma pigmentosum/08.jpg,Xeroderma pigmentosum,Xeroderma pigmentosum,P2_OK,P1_OK,"Khối gồ, Mảng thâm nhiễm, Nốt sần
Nâu đen, Vàng xám, Đỏ tím
Hình vòm, Bất quy tắc, Ranh giới rõ
Da đầu, Vùng thái dương, Khu trú
Đóng vảy tiết, Loét trợt, Rụng tóc",P2_OK,"{
  ""JSON_EXTRACTION"": {
    ""Category"": ""Xeroderma pigmentosum"",
    ""Lesion_Type"": [""Khối gồ"", ""Mảng thâm nhiễm"", ""Nốt sần""],
    ""Colour"": [""Nâu đen"", ""Vàng xám"", ""Đỏ tím""],
    ""Shape"": [""Hình vòm"", ""Bất quy tắc"", ""Ranh giới rõ""],
    ""Distribution"": [""Da đầu"", ""Vùng thái dương"", ""Khu trú""],
    ""Characteristics"": [""Đóng vảy tiết"", ""Loét trợt"", ""Rụng tóc""]
  }
}",
Xeroderma pigmentosum/09.jpg,Xeroderma pigmentosum,Xeroderma pigmentosum,P2_OK,P1_OK,"Mảng trợt, Sẩn đóng mày, Loét nông
Nâu đen, Vàng nâu, Đỏ hồng
Bất quy tắc, Ranh giới không rõ
Mặt, Da đầu, Lan tỏa
Đóng mày dày, Vảy tiết, Rụng tóc, Sưng mi mắt",P2_OK,"{
  ""JSON_EXTRACTION"": {
    ""Category"": ""Xeroderma pigmentosum"",
    ""Lesion_Type"": [""Mảng trợt"", ""Sẩn đóng mày"", ""Loét nông""],
    ""Colour"": [""Nâu đen"", ""Vàng nâu"", ""Đỏ hồng""],
    ""Shape"": [""Bất quy tắc"", ""Ranh giới không rõ""],
    ""Distribution"": [""Mặt"", ""Da đầu"", ""Lan tỏa""],
    ""Characteristics"": [""Đóng mày dày"", ""Vảy tiết"", ""Rụng tóc"", ""Sưng mi mắt""]
  }
}",
Xeroderma pigmentosum/10.jpg,Xeroderma pigmentosum,Xeroderma pigmentosum,P2_OK,P1_OK,"Mảng tăng sắc tố, Vết loét, Trợt da
Nâu đen, Đỏ hồng, Trắng xám
Bất quy tắc, Ranh giới không rõ
Mặt, Quanh miệng, Lan tỏa
Đóng mài, Hoại tử, Sẹo, Bong vảy",P2_OK,"{
  ""JSON_EXTRACTION"": {
    ""Category"": ""Xeroderma pigmentosum"",
    ""Lesion_Type"": [""Mảng tăng sắc tố"", ""Vết loét"", ""Trợt da""],
    ""Colour"": [""Nâu đen"", ""Đỏ hồng"", ""Trắng xám""],
    ""Shape"": [""Bất quy tắc"", ""Ranh giới mờ""],
    ""Distribution"": [""Mặt"", ""Quanh miệng"", ""Lan tỏa""],
    ""Characteristics"": [""Đóng mài"", ""Hoại tử"", ""Sẹo"", ""Bong vảy""]
  }
}",
Xeroderma pigmentosum/xeroderma-pigmentosum-07.jpg,Xeroderma pigmentosum,Xeroderma pigmentosum,P2_OK,P1_OK,"Mảng tăng sắc tố, Mảng giảm sắc tố, Trợt loét, Đóng mày
Nâu đen, Trắng hồng, Đỏ hồng, Vàng nâu
Bất quy tắc, Ranh giới không rõ, Lan tỏa
Mặt, Quanh mắt, Má, Mũi, Lan tỏa
Vảy tiết, Trợt da, Loét nông, Sẹo teo",P2_OK,"{
  ""JSON_EXTRACTION"": {
    ""Category"": ""Xeroderma pigmentosum"",
    ""Lesion_Type"": [""Tăng sắc tố"", ""Giảm sắc tố"", ""Trợt loét"", ""Đóng mày""],
    ""Colour"": [""Nâu đen"", ""Trắng hồng"", ""Đỏ hồng"", ""Vàng nâu""],
    ""Shape"": [""Bất quy tắc"", ""Ranh giới không rõ"", ""Lan tỏa""],
    ""Distribution"": [""Mặt"", ""Quanh mắt"", ""Má"", ""Mũi"", ""Lan tỏa""],
    ""Characteristics"": [""Vảy tiết"", ""Trợt da"", ""Loét nông"", ""Sẹo teo""]
  }
}",
Xeroderma pigmentosum/xeroderma-pigmentosum-10.jpg,Xeroderma pigmentosum,Xeroderma pigmentosum,P2_OK,P1_OK,"Sẩn tăng sắc tố, Nốt sần, Khối niêm mạc
Nâu đen, Hồng nhạt, Đỏ hồng
Bất quy tắc, Dạng thùy, Ranh giới không đều
Mặt, Quanh miệng, Niêm mạc miệng, Lan tỏa
Bề mặt sần sùi, Tăng sắc tố, Trợt ướt",P2_OK,"{
  ""JSON_EXTRACTION"": {
    ""Category"": ""Xeroderma pigmentosum"",
    ""Lesion_Type"": [""Sẩn tăng sắc tố"", ""Nốt sần"", ""Khối niêm mạc""],
    ""Colour"": [""Nâu đen"", ""Hồng nhạt"", ""Đỏ hồng""],
    ""Shape"": [""Bất quy tắc"", ""Dạng thùy"", ""Không đều""],
    ""Distribution"": [""Mặt"", ""Quanh miệng"", ""Niêm mạc miệng"", ""Lan tỏa""],
    ""Characteristics"": [""Sần sùi"", ""Tăng sắc tố"", ""Trợt ướt""]
  }
}",
Xeroderma pigmentosum/xeroderma-pigmentosum-11.jpg,Xeroderma pigmentosum,Xeroderma pigmentosum,P2_OK,P1_OK,"Khối u sùi, Loét
Đỏ hồng, Nâu đen, Vàng xám
Dạng cục, Bất quy tắc, Ranh giới rõ
Mũi, Khu trú
Đóng mài, Rỉ dịch, Hoại tử, Bề mặt sùi",P2_OK,"{
  ""JSON_EXTRACTION"": {
    ""Category"": ""Xeroderma pigmentosum"",
    ""Lesion_Type"": [""Khối u sùi"", ""Loét""],
    ""Colour"": [""Đỏ hồng"", ""Nâu đen"", ""Vàng xám""],
    ""Shape"": [""Dạng cục"", ""Bất quy tắc"", ""Ranh giới rõ""],
    ""Distribution"": [""Mũi"", ""Khu trú""],
    ""Characteristics"": [""Đóng mài"", ""Rỉ dịch"", ""Hoại tử"", ""Bề mặt sùi""]
  }
}",
Xeroderma pigmentosum/xeroderma-pigmentosum-12.jpg,Xeroderma pigmentosum,Xeroderma pigmentosum,P2_OK,P1_OK,"Mảng dày da, Sẩn nhỏ, Mảng tăng sắc tố
Nâu sẫm, Đỏ nâu, Trắng xám
Bất quy tắc, Ranh giới không rõ, Hợp lưu
Mặt, Da đầu, Thân trên, Hai tay, Lan tỏa
Bong vảy, Vảy khô, Dày da, Rụng tóc",P2_OK,"{
  ""JSON_EXTRACTION"": {
    ""Category"": ""Xeroderma pigmentosum"",
    ""Lesion_Type"": [""Mảng dày da"", ""Sẩn nhỏ"", ""Mảng tăng sắc tố""],
    ""Colour"": [""Nâu sẫm"", ""Đỏ nâu"", ""Trắng xám""],
    ""Shape"": [""Bất quy tắc"", ""Ranh giới"", ""Hợp lưu""],
    ""Distribution"": [""Mặt"", ""Da đầu"", ""Thân trên"", ""Hai tay"", ""Lan tỏa""],
    ""Characteristics"": [""Bong vảy"", ""Vảy khô"", ""Dày da"", ""Rụng tóc""]
  }
}",
Xeroderma pigmentosum/xeroderma-pigmentosum-13.jpg,Xeroderma pigmentosum,Xeroderma pigmentosum,P2_OK,P1_OK,"dát giảm sắc tố, Mảng giảm sắc tố
Nâu nhạt, Trắng xám
Bất quy tắc, Ranh giới không rõ
Lưng trên, Cổ, Vai, Lan tỏa
Bong vảy mịn, Khô da",P2_OK,"{""JSON_EXTRACTION"":{""Category"":""Xeroderma pigmentosum"",""Lesion_Type"":[""Dát"",""Mảng""],""Colour"":[""Giảm sắc tố"",""Nâu nhạt"",""Trắng xám""],""Shape"":[""Bất quy tắc"",""Ranh giới mờ""],""Distribution"":[""Lưng trên"",""Cổ"",""Vai"",""Lan tỏa""],""Characteristics"":[""Bong vảy mịn"",""Khô da""]}}",
Xeroderma pigmentosum/xeroderma-pigmentosum-14.jpg,Xeroderma pigmentosum,Xeroderma pigmentosum,P2_OK,P1_OK,"Mảng tăng sắc tố, Phù nề
Nâu đen, Tím sẫm
Lan tỏa, Bất quy tắc
Mặt, Quanh mắt, Đối xứng
Bong vảy mịn, Sưng mí mắt",P2_OK,"{
  ""JSON_EXTRACTION"": {
    ""Category"": ""Xeroderma pigmentosum"",
    ""Lesion_Type"": [""Mảng tăng sắc tố""],
    ""Colour"": [""Nâu đen"", ""Tím sẫm""],
    ""Shape"": [""Bất quy tắc""],
    ""Distribution"": [""Lan tỏa"", ""Mặt"", ""Quanh mắt"", ""Đối xứng""],
    ""Characteristics"": [""Phù nề"", ""Bong vảy mịn"", ""Sưng mí mắt""]
  }
}",
Xeroderma pigmentosum/xeroderma-pigmentosum-15.jpg,Xeroderma pigmentosum,Xeroderma pigmentosum,P2_OK,P1_OK,"Mảng hồng ban, Phù nề, Vết trợt
Nâu đỏ, Đỏ hồng, Trắng xám
Bất quy tắc, Lan tỏa, Ranh giới không rõ
Mặt, Quanh mắt, Quanh miệng
Bong vảy, Đóng mài, Sưng nề",P2_OK,"{
  ""JSON_EXTRACTION"": {
    ""Category"": ""Xeroderma pigmentosum"",
    ""Lesion_Type"": [""Mảng hồng ban"", ""Phù nề"", ""Vết trợt""],
    ""Colour"": [""Nâu đỏ"", ""Đỏ hồng"", ""Trắng xám""],
    ""Shape"": [""Bất quy tắc"", ""Ranh giới mờ""],
    ""Distribution"": [""Mặt"", ""Quanh mắt"", ""Quanh miệng"", ""Lan tỏa""],
    ""Characteristics"": [""Bong vảy"", ""Đóng mài"", ""Sưng nề""]
  }
}",
Xeroderma pigmentosum/xeroderma-pigmentosum-16.jpg,Xeroderma pigmentosum,Xeroderma pigmentosum,P2_OK,P1_OK,"Khối gồ, Mảng loét, Sẩn đóng vảy
Nâu đen, Vàng xám, Đỏ hồng
Hình vòm, Bất quy tắc, Ranh giới rõ
Da đầu, Mặt, Khu trú
Đóng mài, Loét, Rụng tóc, Vảy dày",P2_OK,"{
  ""JSON_EXTRACTION"": {
    ""Category"": ""Xeroderma pigmentosum"",
    ""Lesion_Type"": [""Khối gồ"", ""Mảng loét"", ""Sẩn đóng vảy""],
    ""Colour"": [""Nâu đen"", ""Vàng xám"", ""Đỏ hồng""],
    ""Shape"": [""Hình vòm"", ""Bất quy tắc"", ""Ranh giới rõ""],
    ""Distribution"": [""Da đầu"", ""Mặt"", ""Khu trú""],
    ""Characteristics"": [""Đóng mài"", ""Loét"", ""Rụng tóc"", ""Vảy dày""]
  }
}",
Xeroderma pigmentosum/xeroderma-pigmentosum-17.jpg,Xeroderma pigmentosum,Xeroderma pigmentosum,P2_OK,P1_OK,"Mảng trợt loét, Sẩn đóng mày, Mảng vảy tiết
Nâu đen, Vàng nâu, Đỏ hồng
Bất quy tắc, Ranh giới không rõ, Hợp lưu
Da đầu, Mặt, Quanh mắt, Lan tỏa
Vảy tiết dày, Đóng mày, Rụng tóc, Phù mi mắt",P2_OK,"{
  ""JSON_EXTRACTION"": {
    ""Category"": ""Xeroderma pigmentosum"",
    ""Lesion_Type"": [""Mảng trợt loét"", ""Sẩn đóng mày"", ""Mảng vảy tiết""],
    ""Colour"": [""Nâu đen"", ""Vàng nâu"", ""Đỏ hồng""],
    ""Shape"": [""Bất quy tắc"", ""Ranh giới mờ"", ""Hợp lưu""],
    ""Distribution"": [""Da đầu"", ""Mặt"", ""Quanh mắt"", ""Lan tỏa""],
    ""Characteristics"": [""Vảy tiết dày"", ""Đóng mày"", ""Rụng tóc"", ""Phù mi mắt""]
  }
}",
Xeroderma pigmentosum/xeroderma-pigmentosum-8.jpg,Xeroderma pigmentosum,Xeroderma pigmentosum,P2_OK,P1_OK,"Mảng sắc tố, Vết loét, Vết trợt
Nâu đen, Đỏ hồng, Trắng nhạt, Vàng nâu
Bất quy tắc, Ranh giới không rõ
Mặt, Quanh mắt, Quanh mũi, Quanh miệng, Lan tỏa
Đóng mày, Rỉ dịch, Vảy tiết, Sẹo lõm",P2_OK,"{
  ""JSON_EXTRACTION"": {
    ""Category"": ""Xeroderma pigmentosum"",
    ""Lesion_Type"": [""Mảng sắc tố"", ""Vết loét"", ""Vết trợt""],
    ""Colour"": [""Nâu đen"", ""Đỏ hồng"", ""Trắng nhạt"", ""Vàng nâu""],
    ""Shape"": [""Bất quy tắc"", ""Ranh giới mờ""],
    ""Distribution"": [""Mặt"", ""Quanh mắt"", ""Quanh mũi"", ""Quanh miệng"", ""Lan tỏa""],
    ""Characteristics"": [""Đóng mày"", ""Rỉ dịch"", ""Vảy tiết"", ""Sẹo lõm""]
  }
}",
Zygomycosis/01.jpg,Zygomycosis,Zygomycosis,P2_OK,P1_OK,"Vết loét sâu, Mảng hoại tử, Vết trợt rộng
Đỏ tươi, Đỏ sẫm, Vàng xám, Đen
Bất quy tắc, Ranh giới rõ, Bờ nham nhở
Cẳng chân, Khu trú, Đơn độc
Hoại tử, Giả mạc, Dịch tiết, Chảy máu, Mô hạt",P2_OK,"{
  ""JSON_EXTRACTION"": {
    ""Category"": ""Zygomycosis"",
    ""Lesion_Type"": [""Vết loét sâu"", ""Mảng hoại tử"", ""Vết trợt rộng""],
    ""Colour"": [""Đỏ tươi"", ""Đỏ sẫm"", ""Vàng xám"", ""Đen""],
    ""Shape"": [""Bất quy tắc"", ""Ranh giới rõ"", ""Bờ nham nhở""],
    ""Distribution"": [""Cẳng chân"", ""Khu trú"", ""Đơn độc""],
    ""Characteristics"": [""Hoại tử"", ""Giả mạc"", ""Dịch tiết"", ""Chảy máu"", ""Mô hạt""]
  }
}",
Zygomycosis/02.jpg,Zygomycosis,Zygomycosis,P2_OK,P1_OK,"Mảng hồng ban, Sẩn dẹt
Đỏ hồng, Tím hồng, Nâu nhạt
Bất quy tắc, Ranh giới không rõ
Vùng má, Quanh mũi, Khu trú
Bề mặt bóng, Gồ nhẹ, Da dày nhẹ",P2_OK,"{
  ""JSON_EXTRACTION"": {
    ""Category"": ""Zygomycosis"",
    ""Lesion_Type"": [""Mảng hồng ban"", ""Sẩn dẹt""],
    ""Colour"": [""Đỏ hồng"", ""Tím hồng"", ""Nâu nhạt""],
    ""Shape"": [""Bất quy tắc"", ""Ranh giới mờ""],
    ""Distribution"": [""Vùng má"", ""Quanh mũi"", ""Khu trú""],
    ""Characteristics"": [""Bề mặt bóng"", ""Gồ nhẹ"", ""Da dày nhẹ""]
  }
}",
Zygomycosis/03.jpg,Zygomycosis,Zygomycosis,P2_OK,P1_OK,"Sẩn nhỏ, Mụn mủ nhỏ, Dát tăng sắc tố
Đỏ hồng, Nâu sẫm, Màu da
Hình tròn, Ranh giới rõ, Kích thước nhỏ
Mặt, Trán, Má, Rải rác
Nhân mụn, Tăng sắc tố sau viêm, Bề mặt nhẵn",P2_OK,"{
  ""JSON_EXTRACTION"": {
    ""Category"": ""Zygomycosis"",
    ""Lesion_Type"": [""Sẩn nhỏ"", ""Mụn mủ nhỏ"", ""Dát tăng sắc tố""],
    ""Colour"": [""Đỏ hồng"", ""Nâu sẫm"", ""Màu da""],
    ""Shape"": [""Hình tròn"", ""Ranh giới rõ"", ""Kích thước nhỏ""],
    ""Distribution"": [""Mặt"", ""Trán"", ""Má"", ""Rải rác""],
    ""Characteristics"": [""Nhân mụn"", ""Tăng sắc tố"", ""Bề mặt nhẵn""]
  }
}",
Zygomycosis/zygomycosis1.jpg,Zygomycosis,Zygomycosis,P2_OK,P1_OK,"Mảng hồng ban, Mảng thâm nhiễm
Đỏ hồng, Tím đỏ, Nâu nhạt
Bất quy tắc, Ranh giới không rõ
Mặt, Má, Quanh mũi, Khu trú
Bề mặt bóng, Da dày, Sưng nề",P2_OK,"{""JSON_EXTRACTION"":{""Category"":""Zygomycosis"",""Lesion_Type"":[""Mảng hồng ban"",""Mảng thâm nhiễm""],""Colour"":[""Đỏ hồng"",""Tím đỏ"",""Nâu nhạt""],""Shape"":[""Bất quy tắc"",""Ranh giới mờ""],""Distribution"":[""Mặt"",""Má"",""Quanh mũi"",""Khu trú""],""Characteristics"":[""Bề mặt bóng"",""Da dày"",""Sưng nề""]}}",Lỗi gọi API P1
Zygomycosis/zygomycosis2.jpg,Zygomycosis,Zygomycosis,P2_OK,P1_OK,"Sẩn đỏ, Mụn mủ nhỏ, Nốt nhỏ
Đỏ hồng, Nâu đen, Màu da
Hình tròn, Nhỏ, Ranh giới rõ
Mặt, Trán, Má, Rải rác
Tăng sắc tố, Sẹo lõm, Bóng nhờn",P2_OK,"{
  ""JSON_EXTRACTION"": {
    ""Category"": ""Zygomycosis"",
    ""Lesion_Type"": [""Sẩn đỏ"", ""Mụn mủ nhỏ"", ""Nốt nhỏ""],
    ""Colour"": [""Đỏ hồng"", ""Nâu đen"", ""Màu da""],
    ""Shape"": [""Hình tròn"", ""Nhỏ"", ""Ranh giới rõ""],
    ""Distribution"": [""Mặt"", ""Trán"", ""Má"", ""Rải rác""],
    ""Characteristics"": [""Tăng sắc tố"", ""Sẹo lõm"", ""Bóng nhờn""]
  }
}",Lỗi gọi API P1
Zygomycosis/ZZ.jpg,Zygomycosis,Zygomycosis,P2_OK,P1_OK,"Không tổn thương da
Xanh lá, Vàng xanh
Uốn lượn, Gợn sóng
Cánh đồng, Đồi cỏ, Lan tỏa
Không bong vảy, Không mụn nước, Không mụn mủ",P2_OK,"{
  ""JSON_EXTRACTION"": {
    ""Category"": ""Zygomycosis"",
    ""Lesion_Type"": [],
    ""Colour"": [""Xanh lá"", ""Vàng xanh""],
    ""Shape"": [""Uốn lượn"", ""Gợn sóng""],
    ""Distribution"": [""Cánh đồng"", ""Đồi cỏ"", ""Lan tỏa""],
    ""Characteristics"": []
  }
}",
